ISO-10303-21;
HEADER;
FILE_DESCRIPTION( ( 'Unknown' ), '1' );
FILE_NAME( 'C:/Documents and Settings/qlaidebeur/Bureau/Parts recr\X2\00E900E9\X0\s/691/691321300002.stp', 'Unknown', ( 'Unknown' ), ( 'Unknown' ), 'PSStep 14.0', 'Unknown', '  ' );
FILE_SCHEMA( ( 'AUTOMOTIVE_DESIGN { 1 0 10303 214 1 1 1 1 }' ) );
ENDSEC;
DATA;
#1 = PRODUCT_DEFINITION_CONTEXT( '', #19, 'design' );
#2 = APPLICATION_PROTOCOL_DEFINITION( 'international standard', 'automotive_design', 2001, #19 );
#3 = PRODUCT_CATEGORY_RELATIONSHIP( 'NONE', 'NONE', #20, #21 );
#4 = SHAPE_DEFINITION_REPRESENTATION( #22, #23 );
#5 = PRODUCT_CATEGORY_RELATIONSHIP( 'NONE', 'NONE', #20, #24 );
#6 = CONTEXT_DEPENDENT_SHAPE_REPRESENTATION( #25, #26 );
#7 = SHAPE_DEFINITION_REPRESENTATION( #27, #28 );
#8 = SHAPE_REPRESENTATION_RELATIONSHIP( 'NONE', 'NONE', #28, #29 );
#9 = PRODUCT_CATEGORY_RELATIONSHIP( 'NONE', 'NONE', #20, #30 );
#10 = CONTEXT_DEPENDENT_SHAPE_REPRESENTATION( #31, #32 );
#11 = SHAPE_DEFINITION_REPRESENTATION( #33, #34 );
#12 = SHAPE_REPRESENTATION_RELATIONSHIP( 'NONE', 'NONE', #34, #35 );
#13 = CONTEXT_DEPENDENT_SHAPE_REPRESENTATION( #36, #37 );
#14 = MECHANICAL_DESIGN_GEOMETRIC_PRESENTATION_REPRESENTATION( ' ', ( #38, #39, #40, #41, #42, #43, #44, #45, #46, #47, #48, #49, #50, #51, #52, #53, #54, #55, #56, #57, #58, #59, #60, #61, #62, #63, #64, #65, #66, #67, #68, #69, #70, #71, #72, #73, #74, #75, #76, #77, #78, #79, #80, #81, #82, #83, #84, #85, #86, #87, #88, #89, #90, #91, #92, #93, #94, #95, #96, #97, #98, #99, #100, #101, #102, #103, #104, #105, #106, #107, #108, #109, #110, #111, #112, #113, #114, #115, #116, #117, #118, #119, #120, #121, #122, #123, #124, #125, #126, #127, #128, #129, #130, #131, #132, #133, #134, #135, #136, #137, #138, #139, #140, #141, #142, #143, #144, #145, #146, #147, #148, #149, #150, #151, #152, #153, #154, #155, #156, #157, #158, #159, #160, #161 ), #15 );
#15 =  ( GEOMETRIC_REPRESENTATION_CONTEXT( 3 )GLOBAL_UNCERTAINTY_ASSIGNED_CONTEXT( ( #164 ) )GLOBAL_UNIT_ASSIGNED_CONTEXT( ( #166, #167, #168 ) )REPRESENTATION_CONTEXT( 'NONE', 'WORKSPACE' ) );
#19 = APPLICATION_CONTEXT( 'core data for automotive mechanical design processes' );
#20 = PRODUCT_CATEGORY( 'part', 'NONE' );
#21 = PRODUCT_RELATED_PRODUCT_CATEGORY( 'detail', ' ', ( #170 ) );
#22 = PRODUCT_DEFINITION_SHAPE( 'NONE', 'NONE', #171 );
#23 = SHAPE_REPRESENTATION( 'Assem1', ( #172, #173, #174, #175 ), #176 );
#24 = PRODUCT_RELATED_PRODUCT_CATEGORY( 'detail', ' ', ( #177 ) );
#25 = ( REPRESENTATION_RELATIONSHIP( '', '', #28, #23 )REPRESENTATION_RELATIONSHIP_WITH_TRANSFORMATION( #180 )SHAPE_REPRESENTATION_RELATIONSHIP(  ) );
#26 = PRODUCT_DEFINITION_SHAPE( 'NAUO-PROD-DEF', 'NAUO-PROD-DEF', #182 );
#27 = PRODUCT_DEFINITION_SHAPE( 'NONE', 'NONE', #183 );
#28 = SHAPE_REPRESENTATION( '691321300002', ( #172 ), #176 );
#29 = ADVANCED_BREP_SHAPE_REPRESENTATION( '691321300002', ( #184 ), #15 );
#30 = PRODUCT_RELATED_PRODUCT_CATEGORY( 'detail', ' ', ( #185 ) );
#31 = ( REPRESENTATION_RELATIONSHIP( '', '', #34, #23 )REPRESENTATION_RELATIONSHIP_WITH_TRANSFORMATION( #188 )SHAPE_REPRESENTATION_RELATIONSHIP(  ) );
#32 = PRODUCT_DEFINITION_SHAPE( 'NAUO-PROD-DEF', 'NAUO-PROD-DEF', #190 );
#33 = PRODUCT_DEFINITION_SHAPE( 'NONE', 'NONE', #191 );
#34 = SHAPE_REPRESENTATION( '6913213000xx_PIN', ( #172 ), #176 );
#35 = ADVANCED_BREP_SHAPE_REPRESENTATION( '6913213000xx_PIN', ( #192 ), #15 );
#36 = ( REPRESENTATION_RELATIONSHIP( '', '', #34, #23 )REPRESENTATION_RELATIONSHIP_WITH_TRANSFORMATION( #195 )SHAPE_REPRESENTATION_RELATIONSHIP(  ) );
#37 = PRODUCT_DEFINITION_SHAPE( 'NAUO-PROD-DEF', 'NAUO-PROD-DEF', #197 );
#38 = STYLED_ITEM( '', ( #198 ), #199 );
#39 = STYLED_ITEM( '', ( #200 ), #201 );
#40 = STYLED_ITEM( '', ( #202 ), #203 );
#41 = STYLED_ITEM( '', ( #204 ), #205 );
#42 = STYLED_ITEM( '', ( #206 ), #207 );
#43 = STYLED_ITEM( '', ( #208 ), #209 );
#44 = STYLED_ITEM( '', ( #210 ), #211 );
#45 = STYLED_ITEM( '', ( #212 ), #213 );
#46 = STYLED_ITEM( '', ( #214 ), #215 );
#47 = STYLED_ITEM( '', ( #216 ), #217 );
#48 = STYLED_ITEM( '', ( #218 ), #219 );
#49 = STYLED_ITEM( '', ( #220 ), #221 );
#50 = STYLED_ITEM( '', ( #222 ), #223 );
#51 = STYLED_ITEM( '', ( #224 ), #225 );
#52 = STYLED_ITEM( '', ( #226 ), #227 );
#53 = STYLED_ITEM( '', ( #228 ), #229 );
#54 = STYLED_ITEM( '', ( #230 ), #231 );
#55 = STYLED_ITEM( '', ( #232 ), #233 );
#56 = STYLED_ITEM( '', ( #234 ), #235 );
#57 = STYLED_ITEM( '', ( #236 ), #237 );
#58 = STYLED_ITEM( '', ( #238 ), #239 );
#59 = STYLED_ITEM( '', ( #240 ), #241 );
#60 = STYLED_ITEM( '', ( #242 ), #243 );
#61 = STYLED_ITEM( '', ( #244 ), #245 );
#62 = STYLED_ITEM( '', ( #246 ), #247 );
#63 = STYLED_ITEM( '', ( #248 ), #249 );
#64 = STYLED_ITEM( '', ( #250 ), #251 );
#65 = STYLED_ITEM( '', ( #252 ), #253 );
#66 = STYLED_ITEM( '', ( #254 ), #255 );
#67 = STYLED_ITEM( '', ( #256 ), #257 );
#68 = STYLED_ITEM( '', ( #258 ), #259 );
#69 = STYLED_ITEM( '', ( #260 ), #261 );
#70 = STYLED_ITEM( '', ( #262 ), #263 );
#71 = STYLED_ITEM( '', ( #264 ), #265 );
#72 = STYLED_ITEM( '', ( #266 ), #267 );
#73 = STYLED_ITEM( '', ( #268 ), #269 );
#74 = STYLED_ITEM( '', ( #270 ), #271 );
#75 = STYLED_ITEM( '', ( #272 ), #273 );
#76 = STYLED_ITEM( '', ( #274 ), #275 );
#77 = STYLED_ITEM( '', ( #276 ), #277 );
#78 = STYLED_ITEM( '', ( #278 ), #279 );
#79 = STYLED_ITEM( '', ( #280 ), #281 );
#80 = STYLED_ITEM( '', ( #282 ), #283 );
#81 = STYLED_ITEM( '', ( #284 ), #285 );
#82 = STYLED_ITEM( '', ( #286 ), #287 );
#83 = STYLED_ITEM( '', ( #288 ), #289 );
#84 = STYLED_ITEM( '', ( #290 ), #291 );
#85 = STYLED_ITEM( '', ( #292 ), #293 );
#86 = STYLED_ITEM( '', ( #294 ), #295 );
#87 = STYLED_ITEM( '', ( #296 ), #297 );
#88 = STYLED_ITEM( '', ( #298 ), #299 );
#89 = STYLED_ITEM( '', ( #300 ), #301 );
#90 = STYLED_ITEM( '', ( #302 ), #303 );
#91 = STYLED_ITEM( '', ( #304 ), #305 );
#92 = STYLED_ITEM( '', ( #306 ), #307 );
#93 = STYLED_ITEM( '', ( #308 ), #309 );
#94 = STYLED_ITEM( '', ( #310 ), #311 );
#95 = STYLED_ITEM( '', ( #312 ), #313 );
#96 = STYLED_ITEM( '', ( #314 ), #315 );
#97 = STYLED_ITEM( '', ( #316 ), #317 );
#98 = STYLED_ITEM( '', ( #318 ), #319 );
#99 = STYLED_ITEM( '', ( #320 ), #321 );
#100 = STYLED_ITEM( '', ( #322 ), #323 );
#101 = STYLED_ITEM( '', ( #324 ), #325 );
#102 = STYLED_ITEM( '', ( #326 ), #327 );
#103 = STYLED_ITEM( '', ( #328 ), #329 );
#104 = STYLED_ITEM( '', ( #330 ), #331 );
#105 = STYLED_ITEM( '', ( #332 ), #333 );
#106 = STYLED_ITEM( '', ( #334 ), #335 );
#107 = STYLED_ITEM( '', ( #336 ), #337 );
#108 = STYLED_ITEM( '', ( #338 ), #339 );
#109 = STYLED_ITEM( '', ( #340 ), #341 );
#110 = STYLED_ITEM( '', ( #342 ), #343 );
#111 = STYLED_ITEM( '', ( #344 ), #345 );
#112 = STYLED_ITEM( '', ( #346 ), #347 );
#113 = STYLED_ITEM( '', ( #348 ), #349 );
#114 = STYLED_ITEM( '', ( #350 ), #351 );
#115 = STYLED_ITEM( '', ( #352 ), #353 );
#116 = STYLED_ITEM( '', ( #354 ), #355 );
#117 = STYLED_ITEM( '', ( #356 ), #357 );
#118 = STYLED_ITEM( '', ( #358 ), #359 );
#119 = STYLED_ITEM( '', ( #360 ), #361 );
#120 = STYLED_ITEM( '', ( #362 ), #363 );
#121 = STYLED_ITEM( '', ( #364 ), #365 );
#122 = STYLED_ITEM( '', ( #366 ), #367 );
#123 = STYLED_ITEM( '', ( #368 ), #369 );
#124 = STYLED_ITEM( '', ( #370 ), #371 );
#125 = STYLED_ITEM( '', ( #372 ), #373 );
#126 = STYLED_ITEM( '', ( #374 ), #375 );
#127 = STYLED_ITEM( '', ( #376 ), #377 );
#128 = STYLED_ITEM( '', ( #378 ), #379 );
#129 = STYLED_ITEM( '', ( #380 ), #381 );
#130 = STYLED_ITEM( '', ( #382 ), #383 );
#131 = STYLED_ITEM( '', ( #384 ), #385 );
#132 = STYLED_ITEM( '', ( #386 ), #387 );
#133 = STYLED_ITEM( '', ( #388 ), #389 );
#134 = STYLED_ITEM( '', ( #390 ), #391 );
#135 = STYLED_ITEM( '', ( #392 ), #393 );
#136 = STYLED_ITEM( '', ( #394 ), #395 );
#137 = STYLED_ITEM( '', ( #396 ), #397 );
#138 = STYLED_ITEM( '', ( #398 ), #399 );
#139 = STYLED_ITEM( '', ( #400 ), #401 );
#140 = STYLED_ITEM( '', ( #402 ), #403 );
#141 = STYLED_ITEM( '', ( #404 ), #405 );
#142 = STYLED_ITEM( '', ( #406 ), #407 );
#143 = STYLED_ITEM( '', ( #408 ), #409 );
#144 = STYLED_ITEM( '', ( #410 ), #411 );
#145 = STYLED_ITEM( '', ( #412 ), #413 );
#146 = STYLED_ITEM( '', ( #414 ), #415 );
#147 = STYLED_ITEM( '', ( #416 ), #417 );
#148 = STYLED_ITEM( '', ( #418 ), #419 );
#149 = STYLED_ITEM( '', ( #420 ), #421 );
#150 = STYLED_ITEM( '', ( #422 ), #423 );
#151 = STYLED_ITEM( '', ( #424 ), #425 );
#152 = STYLED_ITEM( '', ( #426 ), #427 );
#153 = STYLED_ITEM( '', ( #428 ), #429 );
#154 = STYLED_ITEM( '', ( #430 ), #431 );
#155 = STYLED_ITEM( '', ( #432 ), #433 );
#156 = STYLED_ITEM( '', ( #434 ), #435 );
#157 = STYLED_ITEM( '', ( #436 ), #437 );
#158 = STYLED_ITEM( '', ( #438 ), #439 );
#159 = STYLED_ITEM( '', ( #440 ), #441 );
#160 = STYLED_ITEM( '', ( #442 ), #443 );
#161 = STYLED_ITEM( '', ( #444 ), #445 );
#164 = UNCERTAINTY_MEASURE_WITH_UNIT( LENGTH_MEASURE( 0.00100000000000000 ), #166, '', '' );
#166 =  ( CONVERSION_BASED_UNIT( 'MILLIMETRE', #448 )LENGTH_UNIT(  )NAMED_UNIT( #451 ) );
#167 =  ( NAMED_UNIT( #453 )PLANE_ANGLE_UNIT(  )SI_UNIT( $, .RADIAN. ) );
#168 =  ( NAMED_UNIT( #453 )SI_UNIT( $, .STERADIAN. )SOLID_ANGLE_UNIT(  ) );
#170 = PRODUCT( 'Assem1', 'Assem1', 'PART-Assem1-DESC', ( #459 ) );
#171 = PRODUCT_DEFINITION( 'NONE', 'NONE', #460, #1 );
#172 = AXIS2_PLACEMENT_3D( '', #461, #462, #463 );
#173 = AXIS2_PLACEMENT_3D( '', #464, #465, #466 );
#174 = AXIS2_PLACEMENT_3D( '', #467, #468, #469 );
#175 = AXIS2_PLACEMENT_3D( '', #470, #471, #472 );
#176 =  ( GEOMETRIC_REPRESENTATION_CONTEXT( 3 )GLOBAL_UNCERTAINTY_ASSIGNED_CONTEXT( ( #475 ) )GLOBAL_UNIT_ASSIGNED_CONTEXT( ( #477, #478, #479 ) )REPRESENTATION_CONTEXT( 'NONE', 'WORKSPACE' ) );
#177 = PRODUCT( '691321300002', '691321300002', 'PART-691321300002-DESC', ( #459 ) );
#180 = ITEM_DEFINED_TRANSFORMATION( '', '', #172, #173 );
#182 = NEXT_ASSEMBLY_USAGE_OCCURRENCE( 'NAUO1', 'NAUO1', 'NAUO1', #171, #183, $ );
#183 = PRODUCT_DEFINITION( '691321300002', '691321300002', #481, #1 );
#184 = MANIFOLD_SOLID_BREP( '691321300002', #482 );
#185 = PRODUCT( '6913213000xx_PIN', '6913213000xx_PIN', 'PART-6913213000xx_PIN-DESC', ( #459 ) );
#188 = ITEM_DEFINED_TRANSFORMATION( '', '', #172, #174 );
#190 = NEXT_ASSEMBLY_USAGE_OCCURRENCE( 'NAUO2', 'NAUO2', 'NAUO2', #171, #191, $ );
#191 = PRODUCT_DEFINITION( '6913213000xx_PIN', '6913213000xx_PIN', #483, #1 );
#192 = MANIFOLD_SOLID_BREP( '6913213000xx_PIN', #484 );
#195 = ITEM_DEFINED_TRANSFORMATION( '', '', #172, #175 );
#197 = NEXT_ASSEMBLY_USAGE_OCCURRENCE( 'NAUO3', 'NAUO3', 'NAUO3', #171, #191, $ );
#198 = PRESENTATION_STYLE_ASSIGNMENT( ( #485 ) );
#199 = ADVANCED_FACE( '', ( #486 ), #487, .T. );
#200 = PRESENTATION_STYLE_ASSIGNMENT( ( #488 ) );
#201 = ADVANCED_FACE( '', ( #489 ), #490, .T. );
#202 = PRESENTATION_STYLE_ASSIGNMENT( ( #491 ) );
#203 = ADVANCED_FACE( '', ( #492 ), #493, .T. );
#204 = PRESENTATION_STYLE_ASSIGNMENT( ( #494 ) );
#205 = ADVANCED_FACE( '', ( #495 ), #496, .T. );
#206 = PRESENTATION_STYLE_ASSIGNMENT( ( #497 ) );
#207 = ADVANCED_FACE( '', ( #498 ), #499, .T. );
#208 = PRESENTATION_STYLE_ASSIGNMENT( ( #500 ) );
#209 = ADVANCED_FACE( '', ( #501 ), #502, .T. );
#210 = PRESENTATION_STYLE_ASSIGNMENT( ( #503 ) );
#211 = ADVANCED_FACE( '', ( #504 ), #505, .T. );
#212 = PRESENTATION_STYLE_ASSIGNMENT( ( #506 ) );
#213 = ADVANCED_FACE( '', ( #507 ), #508, .F. );
#214 = PRESENTATION_STYLE_ASSIGNMENT( ( #509 ) );
#215 = ADVANCED_FACE( '', ( #510 ), #511, .T. );
#216 = PRESENTATION_STYLE_ASSIGNMENT( ( #512 ) );
#217 = ADVANCED_FACE( '', ( #513, #514 ), #515, .T. );
#218 = PRESENTATION_STYLE_ASSIGNMENT( ( #516 ) );
#219 = ADVANCED_FACE( '', ( #517 ), #518, .T. );
#220 = PRESENTATION_STYLE_ASSIGNMENT( ( #519 ) );
#221 = ADVANCED_FACE( '', ( #520 ), #521, .T. );
#222 = PRESENTATION_STYLE_ASSIGNMENT( ( #522 ) );
#223 = ADVANCED_FACE( '', ( #523 ), #524, .T. );
#224 = PRESENTATION_STYLE_ASSIGNMENT( ( #525 ) );
#225 = ADVANCED_FACE( '', ( #526 ), #527, .T. );
#226 = PRESENTATION_STYLE_ASSIGNMENT( ( #528 ) );
#227 = ADVANCED_FACE( '', ( #529 ), #530, .T. );
#228 = PRESENTATION_STYLE_ASSIGNMENT( ( #531 ) );
#229 = ADVANCED_FACE( '', ( #532 ), #533, .F. );
#230 = PRESENTATION_STYLE_ASSIGNMENT( ( #534 ) );
#231 = ADVANCED_FACE( '', ( #535 ), #536, .F. );
#232 = PRESENTATION_STYLE_ASSIGNMENT( ( #537 ) );
#233 = ADVANCED_FACE( '', ( #538, #539 ), #540, .T. );
#234 = PRESENTATION_STYLE_ASSIGNMENT( ( #541 ) );
#235 = ADVANCED_FACE( '', ( #542 ), #543, .T. );
#236 = PRESENTATION_STYLE_ASSIGNMENT( ( #544 ) );
#237 = ADVANCED_FACE( '', ( #545 ), #546, .F. );
#238 = PRESENTATION_STYLE_ASSIGNMENT( ( #547 ) );
#239 = ADVANCED_FACE( '', ( #548 ), #549, .F. );
#240 = PRESENTATION_STYLE_ASSIGNMENT( ( #550 ) );
#241 = ADVANCED_FACE( '', ( #551, #552 ), #553, .T. );
#242 = PRESENTATION_STYLE_ASSIGNMENT( ( #554 ) );
#243 = ADVANCED_FACE( '', ( #555 ), #556, .T. );
#244 = PRESENTATION_STYLE_ASSIGNMENT( ( #557 ) );
#245 = ADVANCED_FACE( '', ( #558 ), #559, .T. );
#246 = PRESENTATION_STYLE_ASSIGNMENT( ( #560 ) );
#247 = ADVANCED_FACE( '', ( #561 ), #562, .T. );
#248 = PRESENTATION_STYLE_ASSIGNMENT( ( #563 ) );
#249 = ADVANCED_FACE( '', ( #564 ), #565, .T. );
#250 = PRESENTATION_STYLE_ASSIGNMENT( ( #566 ) );
#251 = ADVANCED_FACE( '', ( #567, #568 ), #569, .T. );
#252 = PRESENTATION_STYLE_ASSIGNMENT( ( #570 ) );
#253 = ADVANCED_FACE( '', ( #571 ), #572, .T. );
#254 = PRESENTATION_STYLE_ASSIGNMENT( ( #573 ) );
#255 = ADVANCED_FACE( '', ( #574, #575, #576 ), #577, .T. );
#256 = PRESENTATION_STYLE_ASSIGNMENT( ( #578 ) );
#257 = ADVANCED_FACE( '', ( #579 ), #580, .T. );
#258 = PRESENTATION_STYLE_ASSIGNMENT( ( #581 ) );
#259 = ADVANCED_FACE( '', ( #582, #583 ), #584, .F. );
#260 = PRESENTATION_STYLE_ASSIGNMENT( ( #585 ) );
#261 = ADVANCED_FACE( '', ( #586 ), #587, .T. );
#262 = PRESENTATION_STYLE_ASSIGNMENT( ( #588 ) );
#263 = ADVANCED_FACE( '', ( #589 ), #590, .F. );
#264 = PRESENTATION_STYLE_ASSIGNMENT( ( #591 ) );
#265 = ADVANCED_FACE( '', ( #592 ), #593, .T. );
#266 = PRESENTATION_STYLE_ASSIGNMENT( ( #594 ) );
#267 = ADVANCED_FACE( '', ( #595 ), #596, .F. );
#268 = PRESENTATION_STYLE_ASSIGNMENT( ( #597 ) );
#269 = ADVANCED_FACE( '', ( #598 ), #599, .T. );
#270 = PRESENTATION_STYLE_ASSIGNMENT( ( #600 ) );
#271 = ADVANCED_FACE( '', ( #601 ), #602, .T. );
#272 = PRESENTATION_STYLE_ASSIGNMENT( ( #603 ) );
#273 = ADVANCED_FACE( '', ( #604 ), #605, .F. );
#274 = PRESENTATION_STYLE_ASSIGNMENT( ( #606 ) );
#275 = ADVANCED_FACE( '', ( #607 ), #608, .T. );
#276 = PRESENTATION_STYLE_ASSIGNMENT( ( #609 ) );
#277 = ADVANCED_FACE( '', ( #610, #611 ), #612, .T. );
#278 = PRESENTATION_STYLE_ASSIGNMENT( ( #613 ) );
#279 = ADVANCED_FACE( '', ( #614 ), #615, .T. );
#280 = PRESENTATION_STYLE_ASSIGNMENT( ( #616 ) );
#281 = ADVANCED_FACE( '', ( #617 ), #618, .F. );
#282 = PRESENTATION_STYLE_ASSIGNMENT( ( #619 ) );
#283 = ADVANCED_FACE( '', ( #620 ), #621, .T. );
#284 = PRESENTATION_STYLE_ASSIGNMENT( ( #622 ) );
#285 = ADVANCED_FACE( '', ( #623 ), #624, .T. );
#286 = PRESENTATION_STYLE_ASSIGNMENT( ( #625 ) );
#287 = ADVANCED_FACE( '', ( #626 ), #627, .T. );
#288 = PRESENTATION_STYLE_ASSIGNMENT( ( #628 ) );
#289 = ADVANCED_FACE( '', ( #629 ), #630, .T. );
#290 = PRESENTATION_STYLE_ASSIGNMENT( ( #631 ) );
#291 = ADVANCED_FACE( '', ( #632 ), #633, .F. );
#292 = PRESENTATION_STYLE_ASSIGNMENT( ( #634 ) );
#293 = ADVANCED_FACE( '', ( #635 ), #636, .F. );
#294 = PRESENTATION_STYLE_ASSIGNMENT( ( #637 ) );
#295 = ADVANCED_FACE( '', ( #638 ), #639, .F. );
#296 = PRESENTATION_STYLE_ASSIGNMENT( ( #640 ) );
#297 = ADVANCED_FACE( '', ( #641 ), #642, .T. );
#298 = PRESENTATION_STYLE_ASSIGNMENT( ( #643 ) );
#299 = ADVANCED_FACE( '', ( #644 ), #645, .T. );
#300 = PRESENTATION_STYLE_ASSIGNMENT( ( #646 ) );
#301 = ADVANCED_FACE( '', ( #647 ), #648, .T. );
#302 = PRESENTATION_STYLE_ASSIGNMENT( ( #649 ) );
#303 = ADVANCED_FACE( '', ( #650, #651 ), #652, .T. );
#304 = PRESENTATION_STYLE_ASSIGNMENT( ( #653 ) );
#305 = ADVANCED_FACE( '', ( #654 ), #655, .T. );
#306 = PRESENTATION_STYLE_ASSIGNMENT( ( #656 ) );
#307 = ADVANCED_FACE( '', ( #657 ), #658, .F. );
#308 = PRESENTATION_STYLE_ASSIGNMENT( ( #659 ) );
#309 = ADVANCED_FACE( '', ( #660 ), #661, .T. );
#310 = PRESENTATION_STYLE_ASSIGNMENT( ( #662 ) );
#311 = ADVANCED_FACE( '', ( #663 ), #664, .T. );
#312 = PRESENTATION_STYLE_ASSIGNMENT( ( #665 ) );
#313 = ADVANCED_FACE( '', ( #666 ), #667, .T. );
#314 = PRESENTATION_STYLE_ASSIGNMENT( ( #668 ) );
#315 = ADVANCED_FACE( '', ( #669 ), #670, .T. );
#316 = PRESENTATION_STYLE_ASSIGNMENT( ( #671 ) );
#317 = ADVANCED_FACE( '', ( #672 ), #673, .T. );
#318 = PRESENTATION_STYLE_ASSIGNMENT( ( #674 ) );
#319 = ADVANCED_FACE( '', ( #675 ), #676, .F. );
#320 = PRESENTATION_STYLE_ASSIGNMENT( ( #677 ) );
#321 = ADVANCED_FACE( '', ( #678 ), #679, .T. );
#322 = PRESENTATION_STYLE_ASSIGNMENT( ( #680 ) );
#323 = ADVANCED_FACE( '', ( #681 ), #682, .T. );
#324 = PRESENTATION_STYLE_ASSIGNMENT( ( #683 ) );
#325 = ADVANCED_FACE( '', ( #684 ), #685, .F. );
#326 = PRESENTATION_STYLE_ASSIGNMENT( ( #686 ) );
#327 = ADVANCED_FACE( '', ( #687 ), #688, .F. );
#328 = PRESENTATION_STYLE_ASSIGNMENT( ( #689 ) );
#329 = ADVANCED_FACE( '', ( #690 ), #691, .T. );
#330 = PRESENTATION_STYLE_ASSIGNMENT( ( #692 ) );
#331 = ADVANCED_FACE( '', ( #693 ), #694, .T. );
#332 = PRESENTATION_STYLE_ASSIGNMENT( ( #695 ) );
#333 = ADVANCED_FACE( '', ( #696 ), #697, .T. );
#334 = PRESENTATION_STYLE_ASSIGNMENT( ( #698 ) );
#335 = ADVANCED_FACE( '', ( #699 ), #700, .F. );
#336 = PRESENTATION_STYLE_ASSIGNMENT( ( #701 ) );
#337 = ADVANCED_FACE( '', ( #702 ), #703, .T. );
#338 = PRESENTATION_STYLE_ASSIGNMENT( ( #704 ) );
#339 = ADVANCED_FACE( '', ( #705 ), #706, .T. );
#340 = PRESENTATION_STYLE_ASSIGNMENT( ( #707 ) );
#341 = ADVANCED_FACE( '', ( #708 ), #709, .T. );
#342 = PRESENTATION_STYLE_ASSIGNMENT( ( #710 ) );
#343 = ADVANCED_FACE( '', ( #711 ), #712, .T. );
#344 = PRESENTATION_STYLE_ASSIGNMENT( ( #713 ) );
#345 = ADVANCED_FACE( '', ( #714 ), #715, .T. );
#346 = PRESENTATION_STYLE_ASSIGNMENT( ( #716 ) );
#347 = ADVANCED_FACE( '', ( #717 ), #718, .T. );
#348 = PRESENTATION_STYLE_ASSIGNMENT( ( #719 ) );
#349 = ADVANCED_FACE( '', ( #720 ), #721, .T. );
#350 = PRESENTATION_STYLE_ASSIGNMENT( ( #722 ) );
#351 = ADVANCED_FACE( '', ( #723 ), #724, .T. );
#352 = PRESENTATION_STYLE_ASSIGNMENT( ( #725 ) );
#353 = ADVANCED_FACE( '', ( #726 ), #727, .T. );
#354 = PRESENTATION_STYLE_ASSIGNMENT( ( #728 ) );
#355 = ADVANCED_FACE( '', ( #729 ), #730, .T. );
#356 = PRESENTATION_STYLE_ASSIGNMENT( ( #731 ) );
#357 = ADVANCED_FACE( '', ( #732 ), #733, .F. );
#358 = PRESENTATION_STYLE_ASSIGNMENT( ( #734 ) );
#359 = ADVANCED_FACE( '', ( #735 ), #736, .F. );
#360 = PRESENTATION_STYLE_ASSIGNMENT( ( #737 ) );
#361 = ADVANCED_FACE( '', ( #738 ), #739, .T. );
#362 = PRESENTATION_STYLE_ASSIGNMENT( ( #740 ) );
#363 = ADVANCED_FACE( '', ( #741 ), #742, .T. );
#364 = PRESENTATION_STYLE_ASSIGNMENT( ( #743 ) );
#365 = ADVANCED_FACE( '', ( #744 ), #745, .F. );
#366 = PRESENTATION_STYLE_ASSIGNMENT( ( #746 ) );
#367 = ADVANCED_FACE( '', ( #747 ), #748, .T. );
#368 = PRESENTATION_STYLE_ASSIGNMENT( ( #749 ) );
#369 = ADVANCED_FACE( '', ( #750 ), #751, .T. );
#370 = PRESENTATION_STYLE_ASSIGNMENT( ( #752 ) );
#371 = ADVANCED_FACE( '', ( #753 ), #754, .T. );
#372 = PRESENTATION_STYLE_ASSIGNMENT( ( #755 ) );
#373 = ADVANCED_FACE( '', ( #756 ), #757, .T. );
#374 = PRESENTATION_STYLE_ASSIGNMENT( ( #758 ) );
#375 = ADVANCED_FACE( '', ( #759 ), #760, .T. );
#376 = PRESENTATION_STYLE_ASSIGNMENT( ( #761 ) );
#377 = ADVANCED_FACE( '', ( #762 ), #763, .T. );
#378 = PRESENTATION_STYLE_ASSIGNMENT( ( #764 ) );
#379 = ADVANCED_FACE( '', ( #765 ), #766, .T. );
#380 = PRESENTATION_STYLE_ASSIGNMENT( ( #767 ) );
#381 = ADVANCED_FACE( '', ( #768 ), #769, .F. );
#382 = PRESENTATION_STYLE_ASSIGNMENT( ( #770 ) );
#383 = ADVANCED_FACE( '', ( #771 ), #772, .T. );
#384 = PRESENTATION_STYLE_ASSIGNMENT( ( #773 ) );
#385 = ADVANCED_FACE( '', ( #774 ), #775, .T. );
#386 = PRESENTATION_STYLE_ASSIGNMENT( ( #776 ) );
#387 = ADVANCED_FACE( '', ( #777 ), #778, .T. );
#388 = PRESENTATION_STYLE_ASSIGNMENT( ( #779 ) );
#389 = ADVANCED_FACE( '', ( #780 ), #781, .T. );
#390 = PRESENTATION_STYLE_ASSIGNMENT( ( #782 ) );
#391 = ADVANCED_FACE( '', ( #783 ), #784, .F. );
#392 = PRESENTATION_STYLE_ASSIGNMENT( ( #785 ) );
#393 = ADVANCED_FACE( '', ( #786 ), #787, .T. );
#394 = PRESENTATION_STYLE_ASSIGNMENT( ( #788 ) );
#395 = ADVANCED_FACE( '', ( #789 ), #790, .T. );
#396 = PRESENTATION_STYLE_ASSIGNMENT( ( #791 ) );
#397 = ADVANCED_FACE( '', ( #792 ), #793, .T. );
#398 = PRESENTATION_STYLE_ASSIGNMENT( ( #794 ) );
#399 = ADVANCED_FACE( '', ( #795 ), #796, .T. );
#400 = PRESENTATION_STYLE_ASSIGNMENT( ( #797 ) );
#401 = ADVANCED_FACE( '', ( #798 ), #799, .T. );
#402 = PRESENTATION_STYLE_ASSIGNMENT( ( #800 ) );
#403 = ADVANCED_FACE( '', ( #801 ), #802, .T. );
#404 = PRESENTATION_STYLE_ASSIGNMENT( ( #803 ) );
#405 = ADVANCED_FACE( '', ( #804 ), #805, .T. );
#406 = PRESENTATION_STYLE_ASSIGNMENT( ( #806 ) );
#407 = ADVANCED_FACE( '', ( #807 ), #808, .F. );
#408 = PRESENTATION_STYLE_ASSIGNMENT( ( #809 ) );
#409 = ADVANCED_FACE( '', ( #810 ), #811, .T. );
#410 = PRESENTATION_STYLE_ASSIGNMENT( ( #812 ) );
#411 = ADVANCED_FACE( '', ( #813 ), #814, .T. );
#412 = PRESENTATION_STYLE_ASSIGNMENT( ( #815 ) );
#413 = ADVANCED_FACE( '', ( #816 ), #817, .T. );
#414 = PRESENTATION_STYLE_ASSIGNMENT( ( #818 ) );
#415 = ADVANCED_FACE( '', ( #819 ), #820, .T. );
#416 = PRESENTATION_STYLE_ASSIGNMENT( ( #821 ) );
#417 = ADVANCED_FACE( '', ( #822 ), #823, .T. );
#418 = PRESENTATION_STYLE_ASSIGNMENT( ( #824 ) );
#419 = ADVANCED_FACE( '', ( #825 ), #826, .T. );
#420 = PRESENTATION_STYLE_ASSIGNMENT( ( #827 ) );
#421 = ADVANCED_FACE( '', ( #828 ), #829, .T. );
#422 = PRESENTATION_STYLE_ASSIGNMENT( ( #830 ) );
#423 = ADVANCED_FACE( '', ( #831 ), #832, .T. );
#424 = PRESENTATION_STYLE_ASSIGNMENT( ( #833 ) );
#425 = ADVANCED_FACE( '', ( #834, #835 ), #836, .F. );
#426 = PRESENTATION_STYLE_ASSIGNMENT( ( #837 ) );
#427 = ADVANCED_FACE( '', ( #838 ), #839, .T. );
#428 = PRESENTATION_STYLE_ASSIGNMENT( ( #840 ) );
#429 = ADVANCED_FACE( '', ( #841 ), #842, .T. );
#430 = PRESENTATION_STYLE_ASSIGNMENT( ( #843 ) );
#431 = ADVANCED_FACE( '', ( #844 ), #845, .T. );
#432 = PRESENTATION_STYLE_ASSIGNMENT( ( #846 ) );
#433 = ADVANCED_FACE( '', ( #847 ), #848, .F. );
#434 = PRESENTATION_STYLE_ASSIGNMENT( ( #849 ) );
#435 = ADVANCED_FACE( '', ( #850 ), #851, .F. );
#436 = PRESENTATION_STYLE_ASSIGNMENT( ( #852 ) );
#437 = ADVANCED_FACE( '', ( #853 ), #854, .F. );
#438 = PRESENTATION_STYLE_ASSIGNMENT( ( #855 ) );
#439 = ADVANCED_FACE( '', ( #856 ), #857, .T. );
#440 = PRESENTATION_STYLE_ASSIGNMENT( ( #858 ) );
#441 = ADVANCED_FACE( '', ( #859 ), #860, .T. );
#442 = PRESENTATION_STYLE_ASSIGNMENT( ( #861 ) );
#443 = ADVANCED_FACE( '', ( #862 ), #863, .T. );
#444 = PRESENTATION_STYLE_ASSIGNMENT( ( #864 ) );
#445 = ADVANCED_FACE( '', ( #865 ), #866, .T. );
#448 = LENGTH_MEASURE_WITH_UNIT( LENGTH_MEASURE( 1.00000000000000 ), #867 );
#451 = DIMENSIONAL_EXPONENTS( 1.00000000000000, 0.000000000000000, 0.000000000000000, 0.000000000000000, 0.000000000000000, 0.000000000000000, 0.000000000000000 );
#453 = DIMENSIONAL_EXPONENTS( 0.000000000000000, 0.000000000000000, 0.000000000000000, 0.000000000000000, 0.000000000000000, 0.000000000000000, 0.000000000000000 );
#459 = PRODUCT_CONTEXT( '', #19, 'mechanical' );
#460 = PRODUCT_DEFINITION_FORMATION_WITH_SPECIFIED_SOURCE( ' ', 'NONE', #170, .NOT_KNOWN. );
#461 = CARTESIAN_POINT( '', ( 0.000000000000000, 0.000000000000000, 0.000000000000000 ) );
#462 = DIRECTION( '', ( 0.000000000000000, 0.000000000000000, 1.00000000000000 ) );
#463 = DIRECTION( '', ( 1.00000000000000, 0.000000000000000, 0.000000000000000 ) );
#464 = CARTESIAN_POINT( '', ( 0.000000000000000, 0.000000000000000, 0.000000000000000 ) );
#465 = DIRECTION( '', ( 0.000000000000000, 0.000000000000000, 1.00000000000000 ) );
#466 = DIRECTION( '', ( 1.00000000000000, 0.000000000000000, 0.000000000000000 ) );
#467 = CARTESIAN_POINT( '', ( 1.90500000000000, 0.700000000000000, -2.40000000000000 ) );
#468 = DIRECTION( '', ( 0.000000000000000, 0.000000000000000, 1.00000000000000 ) );
#469 = DIRECTION( '', ( 1.00000000000000, 0.000000000000000, 0.000000000000000 ) );
#470 = CARTESIAN_POINT( '', ( -1.90500000000000, 0.700000000000000, -2.40000000000000 ) );
#471 = DIRECTION( '', ( 0.000000000000000, 0.000000000000000, 1.00000000000000 ) );
#472 = DIRECTION( '', ( 1.00000000000000, 0.000000000000000, 0.000000000000000 ) );
#475 = UNCERTAINTY_MEASURE_WITH_UNIT( LENGTH_MEASURE( 0.00100000000000000 ), #477, '', '' );
#477 =  ( CONVERSION_BASED_UNIT( 'MILLIMETRE', #870 )LENGTH_UNIT(  )NAMED_UNIT( #873 ) );
#478 =  ( NAMED_UNIT( #875 )PLANE_ANGLE_UNIT(  )SI_UNIT( $, .RADIAN. ) );
#479 =  ( NAMED_UNIT( #875 )SI_UNIT( $, .STERADIAN. )SOLID_ANGLE_UNIT(  ) );
#481 = PRODUCT_DEFINITION_FORMATION_WITH_SPECIFIED_SOURCE( ' ', 'NONE', #177, .NOT_KNOWN. );
#482 = CLOSED_SHELL( '', ( #247, #233, #357, #365, #255, #221, #227, #311, #337, #257, #391, #445, #283, #367, #325, #393, #355, #333, #363, #207, #385, #405, #431, #425, #429, #375, #395, #397, #205, #217, #303, #297, #231, #241, #219, #305, #199, #259, #377, #361, #415, #383, #343, #275, #313, #317, #285, #341, #371, #419, #369, #261, #399, #301, #347, #211, #351, #315, #421, #417, #201, #249, #331, #269, #239, #287, #381, #291, #437, #335, #215, #435, #237, #273, #407, #327, #263, #441, #293, #319, #235, #359, #409, #387, #321, #277, #251, #439, #389, #243, #411, #373, #443, #265, #309, #423, #253, #225, #353, #299, #339, #323, #329, #279, #271, #349, #403, #379, #203, #223 ) );
#483 = PRODUCT_DEFINITION_FORMATION_WITH_SPECIFIED_SOURCE( ' ', 'NONE', #185, .NOT_KNOWN. );
#484 = CLOSED_SHELL( '', ( #209, #229, #345, #307, #267, #245, #427, #413, #295, #281, #401, #289, #213, #433 ) );
#485 = SURFACE_STYLE_USAGE( .BOTH., #881 );
#486 = FACE_OUTER_BOUND( '', #882, .T. );
#487 = PLANE( '', #883 );
#488 = SURFACE_STYLE_USAGE( .BOTH., #884 );
#489 = FACE_OUTER_BOUND( '', #885, .T. );
#490 = PLANE( '', #886 );
#491 = SURFACE_STYLE_USAGE( .BOTH., #887 );
#492 = FACE_OUTER_BOUND( '', #888, .T. );
#493 = PLANE( '', #889 );
#494 = SURFACE_STYLE_USAGE( .BOTH., #890 );
#495 = FACE_OUTER_BOUND( '', #891, .T. );
#496 = PLANE( '', #892 );
#497 = SURFACE_STYLE_USAGE( .BOTH., #893 );
#498 = FACE_OUTER_BOUND( '', #894, .T. );
#499 = PLANE( '', #895 );
#500 = SURFACE_STYLE_USAGE( .BOTH., #896 );
#501 = FACE_OUTER_BOUND( '', #897, .T. );
#502 = PLANE( '', #898 );
#503 = SURFACE_STYLE_USAGE( .BOTH., #899 );
#504 = FACE_OUTER_BOUND( '', #900, .T. );
#505 = PLANE( '', #901 );
#506 = SURFACE_STYLE_USAGE( .BOTH., #902 );
#507 = FACE_OUTER_BOUND( '', #903, .T. );
#508 = PLANE( '', #904 );
#509 = SURFACE_STYLE_USAGE( .BOTH., #905 );
#510 = FACE_OUTER_BOUND( '', #906, .T. );
#511 = CYLINDRICAL_SURFACE( '', #907, 0.275000000000000 );
#512 = SURFACE_STYLE_USAGE( .BOTH., #908 );
#513 = FACE_OUTER_BOUND( '', #909, .T. );
#514 = FACE_OUTER_BOUND( '', #910, .T. );
#515 = TOROIDAL_SURFACE( '', #911, 0.700000000000000, 0.250000000000000 );
#516 = SURFACE_STYLE_USAGE( .BOTH., #912 );
#517 = FACE_OUTER_BOUND( '', #913, .T. );
#518 = PLANE( '', #914 );
#519 = SURFACE_STYLE_USAGE( .BOTH., #915 );
#520 = FACE_OUTER_BOUND( '', #916, .T. );
#521 = PLANE( '', #917 );
#522 = SURFACE_STYLE_USAGE( .BOTH., #918 );
#523 = FACE_OUTER_BOUND( '', #919, .T. );
#524 = PLANE( '', #920 );
#525 = SURFACE_STYLE_USAGE( .BOTH., #921 );
#526 = FACE_OUTER_BOUND( '', #922, .T. );
#527 = PLANE( '', #923 );
#528 = SURFACE_STYLE_USAGE( .BOTH., #924 );
#529 = FACE_OUTER_BOUND( '', #925, .T. );
#530 = PLANE( '', #926 );
#531 = SURFACE_STYLE_USAGE( .BOTH., #927 );
#532 = FACE_OUTER_BOUND( '', #928, .T. );
#533 = PLANE( '', #929 );
#534 = SURFACE_STYLE_USAGE( .BOTH., #930 );
#535 = FACE_OUTER_BOUND( '', #931, .T. );
#536 = CYLINDRICAL_SURFACE( '', #932, 4.68058823529425 );
#537 = SURFACE_STYLE_USAGE( .BOTH., #933 );
#538 = FACE_OUTER_BOUND( '', #934, .T. );
#539 = FACE_OUTER_BOUND( '', #935, .T. );
#540 = TOROIDAL_SURFACE( '', #936, 0.700000000000000, 0.250000000000000 );
#541 = SURFACE_STYLE_USAGE( .BOTH., #937 );
#542 = FACE_OUTER_BOUND( '', #938, .T. );
#543 = PLANE( '', #939 );
#544 = SURFACE_STYLE_USAGE( .BOTH., #940 );
#545 = FACE_OUTER_BOUND( '', #941, .T. );
#546 = PLANE( '', #942 );
#547 = SURFACE_STYLE_USAGE( .BOTH., #943 );
#548 = FACE_OUTER_BOUND( '', #944, .T. );
#549 = PLANE( '', #945 );
#550 = SURFACE_STYLE_USAGE( .BOTH., #946 );
#551 = FACE_BOUND( '', #947, .T. );
#552 = FACE_OUTER_BOUND( '', #948, .T. );
#553 = PLANE( '', #949 );
#554 = SURFACE_STYLE_USAGE( .BOTH., #950 );
#555 = FACE_OUTER_BOUND( '', #951, .T. );
#556 = PLANE( '', #952 );
#557 = SURFACE_STYLE_USAGE( .BOTH., #953 );
#558 = FACE_OUTER_BOUND( '', #954, .T. );
#559 = PLANE( '', #955 );
#560 = SURFACE_STYLE_USAGE( .BOTH., #956 );
#561 = FACE_OUTER_BOUND( '', #957, .T. );
#562 = PLANE( '', #958 );
#563 = SURFACE_STYLE_USAGE( .BOTH., #959 );
#564 = FACE_OUTER_BOUND( '', #960, .T. );
#565 = PLANE( '', #961 );
#566 = SURFACE_STYLE_USAGE( .BOTH., #962 );
#567 = FACE_BOUND( '', #963, .T. );
#568 = FACE_OUTER_BOUND( '', #964, .T. );
#569 = PLANE( '', #965 );
#570 = SURFACE_STYLE_USAGE( .BOTH., #966 );
#571 = FACE_OUTER_BOUND( '', #967, .T. );
#572 = PLANE( '', #968 );
#573 = SURFACE_STYLE_USAGE( .BOTH., #969 );
#574 = FACE_OUTER_BOUND( '', #970, .T. );
#575 = FACE_BOUND( '', #971, .T. );
#576 = FACE_BOUND( '', #972, .T. );
#577 = PLANE( '', #973 );
#578 = SURFACE_STYLE_USAGE( .BOTH., #974 );
#579 = FACE_OUTER_BOUND( '', #975, .T. );
#580 = PLANE( '', #976 );
#581 = SURFACE_STYLE_USAGE( .BOTH., #977 );
#582 = FACE_OUTER_BOUND( '', #978, .T. );
#583 = FACE_BOUND( '', #979, .T. );
#584 = PLANE( '', #980 );
#585 = SURFACE_STYLE_USAGE( .BOTH., #981 );
#586 = FACE_OUTER_BOUND( '', #982, .T. );
#587 = PLANE( '', #983 );
#588 = SURFACE_STYLE_USAGE( .BOTH., #984 );
#589 = FACE_OUTER_BOUND( '', #985, .T. );
#590 = PLANE( '', #986 );
#591 = SURFACE_STYLE_USAGE( .BOTH., #987 );
#592 = FACE_OUTER_BOUND( '', #988, .T. );
#593 = PLANE( '', #989 );
#594 = SURFACE_STYLE_USAGE( .BOTH., #990 );
#595 = FACE_OUTER_BOUND( '', #991, .T. );
#596 = PLANE( '', #992 );
#597 = SURFACE_STYLE_USAGE( .BOTH., #993 );
#598 = FACE_OUTER_BOUND( '', #994, .T. );
#599 = PLANE( '', #995 );
#600 = SURFACE_STYLE_USAGE( .BOTH., #996 );
#601 = FACE_OUTER_BOUND( '', #997, .T. );
#602 = PLANE( '', #998 );
#603 = SURFACE_STYLE_USAGE( .BOTH., #999 );
#604 = FACE_OUTER_BOUND( '', #1000, .T. );
#605 = PLANE( '', #1001 );
#606 = SURFACE_STYLE_USAGE( .BOTH., #1002 );
#607 = FACE_OUTER_BOUND( '', #1003, .T. );
#608 = PLANE( '', #1004 );
#609 = SURFACE_STYLE_USAGE( .BOTH., #1005 );
#610 = FACE_OUTER_BOUND( '', #1006, .T. );
#611 = FACE_OUTER_BOUND( '', #1007, .T. );
#612 = CYLINDRICAL_SURFACE( '', #1008, 0.950000000000000 );
#613 = SURFACE_STYLE_USAGE( .BOTH., #1009 );
#614 = FACE_OUTER_BOUND( '', #1010, .T. );
#615 = PLANE( '', #1011 );
#616 = SURFACE_STYLE_USAGE( .BOTH., #1012 );
#617 = FACE_OUTER_BOUND( '', #1013, .T. );
#618 = PLANE( '', #1014 );
#619 = SURFACE_STYLE_USAGE( .BOTH., #1015 );
#620 = FACE_OUTER_BOUND( '', #1016, .T. );
#621 = PLANE( '', #1017 );
#622 = SURFACE_STYLE_USAGE( .BOTH., #1018 );
#623 = FACE_OUTER_BOUND( '', #1019, .T. );
#624 = PLANE( '', #1020 );
#625 = SURFACE_STYLE_USAGE( .BOTH., #1021 );
#626 = FACE_OUTER_BOUND( '', #1022, .T. );
#627 = CYLINDRICAL_SURFACE( '', #1023, 0.200000000000000 );
#628 = SURFACE_STYLE_USAGE( .BOTH., #1024 );
#629 = FACE_OUTER_BOUND( '', #1025, .T. );
#630 = PLANE( '', #1026 );
#631 = SURFACE_STYLE_USAGE( .BOTH., #1027 );
#632 = FACE_OUTER_BOUND( '', #1028, .T. );
#633 = PLANE( '', #1029 );
#634 = SURFACE_STYLE_USAGE( .BOTH., #1030 );
#635 = FACE_OUTER_BOUND( '', #1031, .T. );
#636 = PLANE( '', #1032 );
#637 = SURFACE_STYLE_USAGE( .BOTH., #1033 );
#638 = FACE_OUTER_BOUND( '', #1034, .T. );
#639 = PLANE( '', #1035 );
#640 = SURFACE_STYLE_USAGE( .BOTH., #1036 );
#641 = FACE_OUTER_BOUND( '', #1037, .T. );
#642 = PLANE( '', #1038 );
#643 = SURFACE_STYLE_USAGE( .BOTH., #1039 );
#644 = FACE_OUTER_BOUND( '', #1040, .T. );
#645 = PLANE( '', #1041 );
#646 = SURFACE_STYLE_USAGE( .BOTH., #1042 );
#647 = FACE_OUTER_BOUND( '', #1043, .T. );
#648 = PLANE( '', #1044 );
#649 = SURFACE_STYLE_USAGE( .BOTH., #1045 );
#650 = FACE_OUTER_BOUND( '', #1046, .T. );
#651 = FACE_OUTER_BOUND( '', #1047, .T. );
#652 = CYLINDRICAL_SURFACE( '', #1048, 0.950000000000000 );
#653 = SURFACE_STYLE_USAGE( .BOTH., #1049 );
#654 = FACE_OUTER_BOUND( '', #1050, .T. );
#655 = PLANE( '', #1051 );
#656 = SURFACE_STYLE_USAGE( .BOTH., #1052 );
#657 = FACE_OUTER_BOUND( '', #1053, .T. );
#658 = PLANE( '', #1054 );
#659 = SURFACE_STYLE_USAGE( .BOTH., #1055 );
#660 = FACE_OUTER_BOUND( '', #1056, .T. );
#661 = PLANE( '', #1057 );
#662 = SURFACE_STYLE_USAGE( .BOTH., #1058 );
#663 = FACE_OUTER_BOUND( '', #1059, .T. );
#664 = PLANE( '', #1060 );
#665 = SURFACE_STYLE_USAGE( .BOTH., #1061 );
#666 = FACE_OUTER_BOUND( '', #1062, .T. );
#667 = PLANE( '', #1063 );
#668 = SURFACE_STYLE_USAGE( .BOTH., #1064 );
#669 = FACE_OUTER_BOUND( '', #1065, .T. );
#670 = PLANE( '', #1066 );
#671 = SURFACE_STYLE_USAGE( .BOTH., #1067 );
#672 = FACE_OUTER_BOUND( '', #1068, .T. );
#673 = PLANE( '', #1069 );
#674 = SURFACE_STYLE_USAGE( .BOTH., #1070 );
#675 = FACE_OUTER_BOUND( '', #1071, .T. );
#676 = PLANE( '', #1072 );
#677 = SURFACE_STYLE_USAGE( .BOTH., #1073 );
#678 = FACE_OUTER_BOUND( '', #1074, .T. );
#679 = PLANE( '', #1075 );
#680 = SURFACE_STYLE_USAGE( .BOTH., #1076 );
#681 = FACE_OUTER_BOUND( '', #1077, .T. );
#682 = CYLINDRICAL_SURFACE( '', #1078, 4.10833333333327 );
#683 = SURFACE_STYLE_USAGE( .BOTH., #1079 );
#684 = FACE_OUTER_BOUND( '', #1080, .T. );
#685 = PLANE( '', #1081 );
#686 = SURFACE_STYLE_USAGE( .BOTH., #1082 );
#687 = FACE_OUTER_BOUND( '', #1083, .T. );
#688 = PLANE( '', #1084 );
#689 = SURFACE_STYLE_USAGE( .BOTH., #1085 );
#690 = FACE_OUTER_BOUND( '', #1086, .T. );
#691 = PLANE( '', #1087 );
#692 = SURFACE_STYLE_USAGE( .BOTH., #1088 );
#693 = FACE_OUTER_BOUND( '', #1089, .T. );
#694 = PLANE( '', #1090 );
#695 = SURFACE_STYLE_USAGE( .BOTH., #1091 );
#696 = FACE_OUTER_BOUND( '', #1092, .T. );
#697 = PLANE( '', #1093 );
#698 = SURFACE_STYLE_USAGE( .BOTH., #1094 );
#699 = FACE_OUTER_BOUND( '', #1095, .T. );
#700 = PLANE( '', #1096 );
#701 = SURFACE_STYLE_USAGE( .BOTH., #1097 );
#702 = FACE_OUTER_BOUND( '', #1098, .T. );
#703 = PLANE( '', #1099 );
#704 = SURFACE_STYLE_USAGE( .BOTH., #1100 );
#705 = FACE_OUTER_BOUND( '', #1101, .T. );
#706 = PLANE( '', #1102 );
#707 = SURFACE_STYLE_USAGE( .BOTH., #1103 );
#708 = FACE_OUTER_BOUND( '', #1104, .T. );
#709 = PLANE( '', #1105 );
#710 = SURFACE_STYLE_USAGE( .BOTH., #1106 );
#711 = FACE_OUTER_BOUND( '', #1107, .T. );
#712 = PLANE( '', #1108 );
#713 = SURFACE_STYLE_USAGE( .BOTH., #1109 );
#714 = FACE_OUTER_BOUND( '', #1110, .T. );
#715 = PLANE( '', #1111 );
#716 = SURFACE_STYLE_USAGE( .BOTH., #1112 );
#717 = FACE_OUTER_BOUND( '', #1113, .T. );
#718 = CYLINDRICAL_SURFACE( '', #1114, 4.10833333333327 );
#719 = SURFACE_STYLE_USAGE( .BOTH., #1115 );
#720 = FACE_OUTER_BOUND( '', #1116, .T. );
#721 = PLANE( '', #1117 );
#722 = SURFACE_STYLE_USAGE( .BOTH., #1118 );
#723 = FACE_OUTER_BOUND( '', #1119, .T. );
#724 = PLANE( '', #1120 );
#725 = SURFACE_STYLE_USAGE( .BOTH., #1121 );
#726 = FACE_OUTER_BOUND( '', #1122, .T. );
#727 = PLANE( '', #1123 );
#728 = SURFACE_STYLE_USAGE( .BOTH., #1124 );
#729 = FACE_OUTER_BOUND( '', #1125, .T. );
#730 = PLANE( '', #1126 );
#731 = SURFACE_STYLE_USAGE( .BOTH., #1127 );
#732 = FACE_OUTER_BOUND( '', #1128, .T. );
#733 = PLANE( '', #1129 );
#734 = SURFACE_STYLE_USAGE( .BOTH., #1130 );
#735 = FACE_OUTER_BOUND( '', #1131, .T. );
#736 = CYLINDRICAL_SURFACE( '', #1132, 4.68058823529425 );
#737 = SURFACE_STYLE_USAGE( .BOTH., #1133 );
#738 = FACE_OUTER_BOUND( '', #1134, .T. );
#739 = PLANE( '', #1135 );
#740 = SURFACE_STYLE_USAGE( .BOTH., #1136 );
#741 = FACE_OUTER_BOUND( '', #1137, .T. );
#742 = PLANE( '', #1138 );
#743 = SURFACE_STYLE_USAGE( .BOTH., #1139 );
#744 = FACE_OUTER_BOUND( '', #1140, .T. );
#745 = PLANE( '', #1141 );
#746 = SURFACE_STYLE_USAGE( .BOTH., #1142 );
#747 = FACE_OUTER_BOUND( '', #1143, .T. );
#748 = PLANE( '', #1144 );
#749 = SURFACE_STYLE_USAGE( .BOTH., #1145 );
#750 = FACE_OUTER_BOUND( '', #1146, .T. );
#751 = PLANE( '', #1147 );
#752 = SURFACE_STYLE_USAGE( .BOTH., #1148 );
#753 = FACE_OUTER_BOUND( '', #1149, .T. );
#754 = PLANE( '', #1150 );
#755 = SURFACE_STYLE_USAGE( .BOTH., #1151 );
#756 = FACE_OUTER_BOUND( '', #1152, .T. );
#757 = PLANE( '', #1153 );
#758 = SURFACE_STYLE_USAGE( .BOTH., #1154 );
#759 = FACE_OUTER_BOUND( '', #1155, .T. );
#760 = PLANE( '', #1156 );
#761 = SURFACE_STYLE_USAGE( .BOTH., #1157 );
#762 = FACE_OUTER_BOUND( '', #1158, .T. );
#763 = PLANE( '', #1159 );
#764 = SURFACE_STYLE_USAGE( .BOTH., #1160 );
#765 = FACE_OUTER_BOUND( '', #1161, .T. );
#766 = PLANE( '', #1162 );
#767 = SURFACE_STYLE_USAGE( .BOTH., #1163 );
#768 = FACE_OUTER_BOUND( '', #1164, .T. );
#769 = PLANE( '', #1165 );
#770 = SURFACE_STYLE_USAGE( .BOTH., #1166 );
#771 = FACE_OUTER_BOUND( '', #1167, .T. );
#772 = PLANE( '', #1168 );
#773 = SURFACE_STYLE_USAGE( .BOTH., #1169 );
#774 = FACE_OUTER_BOUND( '', #1170, .T. );
#775 = PLANE( '', #1171 );
#776 = SURFACE_STYLE_USAGE( .BOTH., #1172 );
#777 = FACE_OUTER_BOUND( '', #1173, .T. );
#778 = PLANE( '', #1174 );
#779 = SURFACE_STYLE_USAGE( .BOTH., #1175 );
#780 = FACE_OUTER_BOUND( '', #1176, .T. );
#781 = PLANE( '', #1177 );
#782 = SURFACE_STYLE_USAGE( .BOTH., #1178 );
#783 = FACE_OUTER_BOUND( '', #1179, .T. );
#784 = PLANE( '', #1180 );
#785 = SURFACE_STYLE_USAGE( .BOTH., #1181 );
#786 = FACE_OUTER_BOUND( '', #1182, .T. );
#787 = PLANE( '', #1183 );
#788 = SURFACE_STYLE_USAGE( .BOTH., #1184 );
#789 = FACE_OUTER_BOUND( '', #1185, .T. );
#790 = PLANE( '', #1186 );
#791 = SURFACE_STYLE_USAGE( .BOTH., #1187 );
#792 = FACE_OUTER_BOUND( '', #1188, .T. );
#793 = PLANE( '', #1189 );
#794 = SURFACE_STYLE_USAGE( .BOTH., #1190 );
#795 = FACE_OUTER_BOUND( '', #1191, .T. );
#796 = PLANE( '', #1192 );
#797 = SURFACE_STYLE_USAGE( .BOTH., #1193 );
#798 = FACE_OUTER_BOUND( '', #1194, .T. );
#799 = PLANE( '', #1195 );
#800 = SURFACE_STYLE_USAGE( .BOTH., #1196 );
#801 = FACE_OUTER_BOUND( '', #1197, .T. );
#802 = PLANE( '', #1198 );
#803 = SURFACE_STYLE_USAGE( .BOTH., #1199 );
#804 = FACE_OUTER_BOUND( '', #1200, .T. );
#805 = PLANE( '', #1201 );
#806 = SURFACE_STYLE_USAGE( .BOTH., #1202 );
#807 = FACE_OUTER_BOUND( '', #1203, .T. );
#808 = PLANE( '', #1204 );
#809 = SURFACE_STYLE_USAGE( .BOTH., #1205 );
#810 = FACE_OUTER_BOUND( '', #1206, .T. );
#811 = PLANE( '', #1207 );
#812 = SURFACE_STYLE_USAGE( .BOTH., #1208 );
#813 = FACE_OUTER_BOUND( '', #1209, .T. );
#814 = PLANE( '', #1210 );
#815 = SURFACE_STYLE_USAGE( .BOTH., #1211 );
#816 = FACE_OUTER_BOUND( '', #1212, .T. );
#817 = PLANE( '', #1213 );
#818 = SURFACE_STYLE_USAGE( .BOTH., #1214 );
#819 = FACE_OUTER_BOUND( '', #1215, .T. );
#820 = PLANE( '', #1216 );
#821 = SURFACE_STYLE_USAGE( .BOTH., #1217 );
#822 = FACE_OUTER_BOUND( '', #1218, .T. );
#823 = PLANE( '', #1219 );
#824 = SURFACE_STYLE_USAGE( .BOTH., #1220 );
#825 = FACE_OUTER_BOUND( '', #1221, .T. );
#826 = PLANE( '', #1222 );
#827 = SURFACE_STYLE_USAGE( .BOTH., #1223 );
#828 = FACE_OUTER_BOUND( '', #1224, .T. );
#829 = PLANE( '', #1225 );
#830 = SURFACE_STYLE_USAGE( .BOTH., #1226 );
#831 = FACE_OUTER_BOUND( '', #1227, .T. );
#832 = PLANE( '', #1228 );
#833 = SURFACE_STYLE_USAGE( .BOTH., #1229 );
#834 = FACE_OUTER_BOUND( '', #1230, .T. );
#835 = FACE_BOUND( '', #1231, .T. );
#836 = PLANE( '', #1232 );
#837 = SURFACE_STYLE_USAGE( .BOTH., #1233 );
#838 = FACE_OUTER_BOUND( '', #1234, .T. );
#839 = PLANE( '', #1235 );
#840 = SURFACE_STYLE_USAGE( .BOTH., #1236 );
#841 = FACE_OUTER_BOUND( '', #1237, .T. );
#842 = PLANE( '', #1238 );
#843 = SURFACE_STYLE_USAGE( .BOTH., #1239 );
#844 = FACE_OUTER_BOUND( '', #1240, .T. );
#845 = PLANE( '', #1241 );
#846 = SURFACE_STYLE_USAGE( .BOTH., #1242 );
#847 = FACE_OUTER_BOUND( '', #1243, .T. );
#848 = PLANE( '', #1244 );
#849 = SURFACE_STYLE_USAGE( .BOTH., #1245 );
#850 = FACE_OUTER_BOUND( '', #1246, .T. );
#851 = PLANE( '', #1247 );
#852 = SURFACE_STYLE_USAGE( .BOTH., #1248 );
#853 = FACE_OUTER_BOUND( '', #1249, .T. );
#854 = PLANE( '', #1250 );
#855 = SURFACE_STYLE_USAGE( .BOTH., #1251 );
#856 = FACE_OUTER_BOUND( '', #1252, .T. );
#857 = PLANE( '', #1253 );
#858 = SURFACE_STYLE_USAGE( .BOTH., #1254 );
#859 = FACE_OUTER_BOUND( '', #1255, .T. );
#860 = CYLINDRICAL_SURFACE( '', #1256, 0.275000000000000 );
#861 = SURFACE_STYLE_USAGE( .BOTH., #1257 );
#862 = FACE_OUTER_BOUND( '', #1258, .T. );
#863 = PLANE( '', #1259 );
#864 = SURFACE_STYLE_USAGE( .BOTH., #1260 );
#865 = FACE_OUTER_BOUND( '', #1261, .T. );
#866 = PLANE( '', #1262 );
#867 =  ( LENGTH_UNIT(  )NAMED_UNIT( #451 )SI_UNIT( .MILLI., .METRE. ) );
#870 = LENGTH_MEASURE_WITH_UNIT( LENGTH_MEASURE( 1.00000000000000 ), #1264 );
#873 = DIMENSIONAL_EXPONENTS( 1.00000000000000, 0.000000000000000, 0.000000000000000, 0.000000000000000, 0.000000000000000, 0.000000000000000, 0.000000000000000 );
#875 = DIMENSIONAL_EXPONENTS( 0.000000000000000, 0.000000000000000, 0.000000000000000, 0.000000000000000, 0.000000000000000, 0.000000000000000, 0.000000000000000 );
#881 = SURFACE_SIDE_STYLE( '', ( #1265 ) );
#882 = EDGE_LOOP( '', ( #1266, #1267, #1268, #1269 ) );
#883 = AXIS2_PLACEMENT_3D( '', #1270, #1271, #1272 );
#884 = SURFACE_SIDE_STYLE( '', ( #1273 ) );
#885 = EDGE_LOOP( '', ( #1274, #1275, #1276, #1277 ) );
#886 = AXIS2_PLACEMENT_3D( '', #1278, #1279, #1280 );
#887 = SURFACE_SIDE_STYLE( '', ( #1281 ) );
#888 = EDGE_LOOP( '', ( #1282, #1283, #1284, #1285 ) );
#889 = AXIS2_PLACEMENT_3D( '', #1286, #1287, #1288 );
#890 = SURFACE_SIDE_STYLE( '', ( #1289 ) );
#891 = EDGE_LOOP( '', ( #1290, #1291, #1292, #1293, #1294, #1295, #1296, #1297, #1298, #1299, #1300, #1301, #1302, #1303, #1304, #1305 ) );
#892 = AXIS2_PLACEMENT_3D( '', #1306, #1307, #1308 );
#893 = SURFACE_SIDE_STYLE( '', ( #1309 ) );
#894 = EDGE_LOOP( '', ( #1310, #1311, #1312, #1313, #1314, #1315 ) );
#895 = AXIS2_PLACEMENT_3D( '', #1316, #1317, #1318 );
#896 = SURFACE_SIDE_STYLE( '', ( #1319 ) );
#897 = EDGE_LOOP( '', ( #1320, #1321, #1322, #1323 ) );
#898 = AXIS2_PLACEMENT_3D( '', #1324, #1325, #1326 );
#899 = SURFACE_SIDE_STYLE( '', ( #1327 ) );
#900 = EDGE_LOOP( '', ( #1328, #1329, #1330, #1331, #1332 ) );
#901 = AXIS2_PLACEMENT_3D( '', #1333, #1334, #1335 );
#902 = SURFACE_SIDE_STYLE( '', ( #1336 ) );
#903 = EDGE_LOOP( '', ( #1337, #1338, #1339, #1340 ) );
#904 = AXIS2_PLACEMENT_3D( '', #1341, #1342, #1343 );
#905 = SURFACE_SIDE_STYLE( '', ( #1344 ) );
#906 = EDGE_LOOP( '', ( #1345, #1346, #1347, #1348 ) );
#907 = AXIS2_PLACEMENT_3D( '', #1349, #1350, #1351 );
#908 = SURFACE_SIDE_STYLE( '', ( #1352 ) );
#909 = EDGE_LOOP( '', ( #1353 ) );
#910 = EDGE_LOOP( '', ( #1354 ) );
#911 = AXIS2_PLACEMENT_3D( '', #1355, #1356, #1357 );
#912 = SURFACE_SIDE_STYLE( '', ( #1358 ) );
#913 = EDGE_LOOP( '', ( #1359, #1360 ) );
#914 = AXIS2_PLACEMENT_3D( '', #1361, #1362, #1363 );
#915 = SURFACE_SIDE_STYLE( '', ( #1364 ) );
#916 = EDGE_LOOP( '', ( #1365, #1366, #1367, #1368, #1369, #1370 ) );
#917 = AXIS2_PLACEMENT_3D( '', #1371, #1372, #1373 );
#918 = SURFACE_SIDE_STYLE( '', ( #1374 ) );
#919 = EDGE_LOOP( '', ( #1375, #1376, #1377, #1378 ) );
#920 = AXIS2_PLACEMENT_3D( '', #1379, #1380, #1381 );
#921 = SURFACE_SIDE_STYLE( '', ( #1382 ) );
#922 = EDGE_LOOP( '', ( #1383, #1384, #1385, #1386 ) );
#923 = AXIS2_PLACEMENT_3D( '', #1387, #1388, #1389 );
#924 = SURFACE_SIDE_STYLE( '', ( #1390 ) );
#925 = EDGE_LOOP( '', ( #1391, #1392, #1393, #1394, #1395, #1396, #1397, #1398 ) );
#926 = AXIS2_PLACEMENT_3D( '', #1399, #1400, #1401 );
#927 = SURFACE_SIDE_STYLE( '', ( #1402 ) );
#928 = EDGE_LOOP( '', ( #1403, #1404, #1405, #1406 ) );
#929 = AXIS2_PLACEMENT_3D( '', #1407, #1408, #1409 );
#930 = SURFACE_SIDE_STYLE( '', ( #1410 ) );
#931 = EDGE_LOOP( '', ( #1411, #1412, #1413, #1414 ) );
#932 = AXIS2_PLACEMENT_3D( '', #1415, #1416, #1417 );
#933 = SURFACE_SIDE_STYLE( '', ( #1418 ) );
#934 = EDGE_LOOP( '', ( #1419 ) );
#935 = EDGE_LOOP( '', ( #1420 ) );
#936 = AXIS2_PLACEMENT_3D( '', #1421, #1422, #1423 );
#937 = SURFACE_SIDE_STYLE( '', ( #1424 ) );
#938 = EDGE_LOOP( '', ( #1425, #1426 ) );
#939 = AXIS2_PLACEMENT_3D( '', #1427, #1428, #1429 );
#940 = SURFACE_SIDE_STYLE( '', ( #1430 ) );
#941 = EDGE_LOOP( '', ( #1431, #1432, #1433, #1434 ) );
#942 = AXIS2_PLACEMENT_3D( '', #1435, #1436, #1437 );
#943 = SURFACE_SIDE_STYLE( '', ( #1438 ) );
#944 = EDGE_LOOP( '', ( #1439, #1440, #1441, #1442, #1443, #1444, #1445, #1446 ) );
#945 = AXIS2_PLACEMENT_3D( '', #1447, #1448, #1449 );
#946 = SURFACE_SIDE_STYLE( '', ( #1450 ) );
#947 = EDGE_LOOP( '', ( #1451 ) );
#948 = EDGE_LOOP( '', ( #1452, #1453, #1454, #1455, #1456, #1457, #1458, #1459, #1460, #1461, #1462, #1463 ) );
#949 = AXIS2_PLACEMENT_3D( '', #1464, #1465, #1466 );
#950 = SURFACE_SIDE_STYLE( '', ( #1467 ) );
#951 = EDGE_LOOP( '', ( #1468, #1469, #1470, #1471 ) );
#952 = AXIS2_PLACEMENT_3D( '', #1472, #1473, #1474 );
#953 = SURFACE_SIDE_STYLE( '', ( #1475 ) );
#954 = EDGE_LOOP( '', ( #1476, #1477, #1478, #1479 ) );
#955 = AXIS2_PLACEMENT_3D( '', #1480, #1481, #1482 );
#956 = SURFACE_SIDE_STYLE( '', ( #1483 ) );
#957 = EDGE_LOOP( '', ( #1484, #1485, #1486, #1487, #1488, #1489, #1490, #1491, #1492, #1493, #1494, #1495 ) );
#958 = AXIS2_PLACEMENT_3D( '', #1496, #1497, #1498 );
#959 = SURFACE_SIDE_STYLE( '', ( #1499 ) );
#960 = EDGE_LOOP( '', ( #1500, #1501, #1502, #1503 ) );
#961 = AXIS2_PLACEMENT_3D( '', #1504, #1505, #1506 );
#962 = SURFACE_SIDE_STYLE( '', ( #1507 ) );
#963 = EDGE_LOOP( '', ( #1508 ) );
#964 = EDGE_LOOP( '', ( #1509, #1510, #1511, #1512, #1513, #1514, #1515, #1516, #1517, #1518, #1519, #1520 ) );
#965 = AXIS2_PLACEMENT_3D( '', #1521, #1522, #1523 );
#966 = SURFACE_SIDE_STYLE( '', ( #1524 ) );
#967 = EDGE_LOOP( '', ( #1525, #1526, #1527, #1528 ) );
#968 = AXIS2_PLACEMENT_3D( '', #1529, #1530, #1531 );
#969 = SURFACE_SIDE_STYLE( '', ( #1532 ) );
#970 = EDGE_LOOP( '', ( #1533, #1534, #1535, #1536, #1537, #1538, #1539, #1540, #1541, #1542, #1543, #1544 ) );
#971 = EDGE_LOOP( '', ( #1545, #1546, #1547, #1548, #1549, #1550, #1551, #1552, #1553, #1554, #1555, #1556, #1557, #1558 ) );
#972 = EDGE_LOOP( '', ( #1559, #1560, #1561, #1562, #1563, #1564, #1565, #1566, #1567, #1568, #1569, #1570, #1571, #1572 ) );
#973 = AXIS2_PLACEMENT_3D( '', #1573, #1574, #1575 );
#974 = SURFACE_SIDE_STYLE( '', ( #1576 ) );
#975 = EDGE_LOOP( '', ( #1577, #1578, #1579, #1580, #1581, #1582, #1583, #1584 ) );
#976 = AXIS2_PLACEMENT_3D( '', #1585, #1586, #1587 );
#977 = SURFACE_SIDE_STYLE( '', ( #1588 ) );
#978 = EDGE_LOOP( '', ( #1589 ) );
#979 = EDGE_LOOP( '', ( #1590, #1591, #1592, #1593 ) );
#980 = AXIS2_PLACEMENT_3D( '', #1594, #1595, #1596 );
#981 = SURFACE_SIDE_STYLE( '', ( #1597 ) );
#982 = EDGE_LOOP( '', ( #1598, #1599, #1600, #1601 ) );
#983 = AXIS2_PLACEMENT_3D( '', #1602, #1603, #1604 );
#984 = SURFACE_SIDE_STYLE( '', ( #1605 ) );
#985 = EDGE_LOOP( '', ( #1606, #1607, #1608, #1609 ) );
#986 = AXIS2_PLACEMENT_3D( '', #1610, #1611, #1612 );
#987 = SURFACE_SIDE_STYLE( '', ( #1613 ) );
#988 = EDGE_LOOP( '', ( #1614, #1615, #1616, #1617 ) );
#989 = AXIS2_PLACEMENT_3D( '', #1618, #1619, #1620 );
#990 = SURFACE_SIDE_STYLE( '', ( #1621 ) );
#991 = EDGE_LOOP( '', ( #1622, #1623, #1624, #1625 ) );
#992 = AXIS2_PLACEMENT_3D( '', #1626, #1627, #1628 );
#993 = SURFACE_SIDE_STYLE( '', ( #1629 ) );
#994 = EDGE_LOOP( '', ( #1630, #1631, #1632, #1633, #1634, #1635, #1636, #1637 ) );
#995 = AXIS2_PLACEMENT_3D( '', #1638, #1639, #1640 );
#996 = SURFACE_SIDE_STYLE( '', ( #1641 ) );
#997 = EDGE_LOOP( '', ( #1642, #1643, #1644, #1645 ) );
#998 = AXIS2_PLACEMENT_3D( '', #1646, #1647, #1648 );
#999 = SURFACE_SIDE_STYLE( '', ( #1649 ) );
#1000 = EDGE_LOOP( '', ( #1650, #1651, #1652, #1653 ) );
#1001 = AXIS2_PLACEMENT_3D( '', #1654, #1655, #1656 );
#1002 = SURFACE_SIDE_STYLE( '', ( #1657 ) );
#1003 = EDGE_LOOP( '', ( #1658, #1659, #1660, #1661 ) );
#1004 = AXIS2_PLACEMENT_3D( '', #1662, #1663, #1664 );
#1005 = SURFACE_SIDE_STYLE( '', ( #1665 ) );
#1006 = EDGE_LOOP( '', ( #1666 ) );
#1007 = EDGE_LOOP( '', ( #1667 ) );
#1008 = AXIS2_PLACEMENT_3D( '', #1668, #1669, #1670 );
#1009 = SURFACE_SIDE_STYLE( '', ( #1671 ) );
#1010 = EDGE_LOOP( '', ( #1672, #1673, #1674, #1675, #1676, #1677, #1678, #1679 ) );
#1011 = AXIS2_PLACEMENT_3D( '', #1680, #1681, #1682 );
#1012 = SURFACE_SIDE_STYLE( '', ( #1683 ) );
#1013 = EDGE_LOOP( '', ( #1684, #1685, #1686, #1687 ) );
#1014 = AXIS2_PLACEMENT_3D( '', #1688, #1689, #1690 );
#1015 = SURFACE_SIDE_STYLE( '', ( #1691 ) );
#1016 = EDGE_LOOP( '', ( #1692, #1693, #1694, #1695, #1696, #1697 ) );
#1017 = AXIS2_PLACEMENT_3D( '', #1698, #1699, #1700 );
#1018 = SURFACE_SIDE_STYLE( '', ( #1701 ) );
#1019 = EDGE_LOOP( '', ( #1702, #1703, #1704, #1705 ) );
#1020 = AXIS2_PLACEMENT_3D( '', #1706, #1707, #1708 );
#1021 = SURFACE_SIDE_STYLE( '', ( #1709 ) );
#1022 = EDGE_LOOP( '', ( #1710, #1711, #1712, #1713 ) );
#1023 = AXIS2_PLACEMENT_3D( '', #1714, #1715, #1716 );
#1024 = SURFACE_SIDE_STYLE( '', ( #1717 ) );
#1025 = EDGE_LOOP( '', ( #1718, #1719, #1720, #1721 ) );
#1026 = AXIS2_PLACEMENT_3D( '', #1722, #1723, #1724 );
#1027 = SURFACE_SIDE_STYLE( '', ( #1725 ) );
#1028 = EDGE_LOOP( '', ( #1726, #1727, #1728, #1729 ) );
#1029 = AXIS2_PLACEMENT_3D( '', #1730, #1731, #1732 );
#1030 = SURFACE_SIDE_STYLE( '', ( #1733 ) );
#1031 = EDGE_LOOP( '', ( #1734, #1735, #1736, #1737 ) );
#1032 = AXIS2_PLACEMENT_3D( '', #1738, #1739, #1740 );
#1033 = SURFACE_SIDE_STYLE( '', ( #1741 ) );
#1034 = EDGE_LOOP( '', ( #1742, #1743, #1744, #1745 ) );
#1035 = AXIS2_PLACEMENT_3D( '', #1746, #1747, #1748 );
#1036 = SURFACE_SIDE_STYLE( '', ( #1749 ) );
#1037 = EDGE_LOOP( '', ( #1750, #1751, #1752, #1753 ) );
#1038 = AXIS2_PLACEMENT_3D( '', #1754, #1755, #1756 );
#1039 = SURFACE_SIDE_STYLE( '', ( #1757 ) );
#1040 = EDGE_LOOP( '', ( #1758, #1759, #1760, #1761, #1762, #1763, #1764, #1765 ) );
#1041 = AXIS2_PLACEMENT_3D( '', #1766, #1767, #1768 );
#1042 = SURFACE_SIDE_STYLE( '', ( #1769 ) );
#1043 = EDGE_LOOP( '', ( #1770, #1771, #1772, #1773, #1774 ) );
#1044 = AXIS2_PLACEMENT_3D( '', #1775, #1776, #1777 );
#1045 = SURFACE_SIDE_STYLE( '', ( #1778 ) );
#1046 = EDGE_LOOP( '', ( #1779 ) );
#1047 = EDGE_LOOP( '', ( #1780 ) );
#1048 = AXIS2_PLACEMENT_3D( '', #1781, #1782, #1783 );
#1049 = SURFACE_SIDE_STYLE( '', ( #1784 ) );
#1050 = EDGE_LOOP( '', ( #1785, #1786, #1787, #1788 ) );
#1051 = AXIS2_PLACEMENT_3D( '', #1789, #1790, #1791 );
#1052 = SURFACE_SIDE_STYLE( '', ( #1792 ) );
#1053 = EDGE_LOOP( '', ( #1793, #1794, #1795, #1796 ) );
#1054 = AXIS2_PLACEMENT_3D( '', #1797, #1798, #1799 );
#1055 = SURFACE_SIDE_STYLE( '', ( #1800 ) );
#1056 = EDGE_LOOP( '', ( #1801, #1802, #1803, #1804 ) );
#1057 = AXIS2_PLACEMENT_3D( '', #1805, #1806, #1807 );
#1058 = SURFACE_SIDE_STYLE( '', ( #1808 ) );
#1059 = EDGE_LOOP( '', ( #1809, #1810, #1811, #1812 ) );
#1060 = AXIS2_PLACEMENT_3D( '', #1813, #1814, #1815 );
#1061 = SURFACE_SIDE_STYLE( '', ( #1816 ) );
#1062 = EDGE_LOOP( '', ( #1817, #1818, #1819, #1820 ) );
#1063 = AXIS2_PLACEMENT_3D( '', #1821, #1822, #1823 );
#1064 = SURFACE_SIDE_STYLE( '', ( #1824 ) );
#1065 = EDGE_LOOP( '', ( #1825, #1826, #1827, #1828 ) );
#1066 = AXIS2_PLACEMENT_3D( '', #1829, #1830, #1831 );
#1067 = SURFACE_SIDE_STYLE( '', ( #1832 ) );
#1068 = EDGE_LOOP( '', ( #1833, #1834, #1835, #1836 ) );
#1069 = AXIS2_PLACEMENT_3D( '', #1837, #1838, #1839 );
#1070 = SURFACE_SIDE_STYLE( '', ( #1840 ) );
#1071 = EDGE_LOOP( '', ( #1841, #1842, #1843, #1844 ) );
#1072 = AXIS2_PLACEMENT_3D( '', #1845, #1846, #1847 );
#1073 = SURFACE_SIDE_STYLE( '', ( #1848 ) );
#1074 = EDGE_LOOP( '', ( #1849, #1850, #1851, #1852 ) );
#1075 = AXIS2_PLACEMENT_3D( '', #1853, #1854, #1855 );
#1076 = SURFACE_SIDE_STYLE( '', ( #1856 ) );
#1077 = EDGE_LOOP( '', ( #1857, #1858, #1859, #1860 ) );
#1078 = AXIS2_PLACEMENT_3D( '', #1861, #1862, #1863 );
#1079 = SURFACE_SIDE_STYLE( '', ( #1864 ) );
#1080 = EDGE_LOOP( '', ( #1865, #1866, #1867, #1868, #1869, #1870 ) );
#1081 = AXIS2_PLACEMENT_3D( '', #1871, #1872, #1873 );
#1082 = SURFACE_SIDE_STYLE( '', ( #1874 ) );
#1083 = EDGE_LOOP( '', ( #1875, #1876, #1877, #1878 ) );
#1084 = AXIS2_PLACEMENT_3D( '', #1879, #1880, #1881 );
#1085 = SURFACE_SIDE_STYLE( '', ( #1882 ) );
#1086 = EDGE_LOOP( '', ( #1883, #1884, #1885, #1886, #1887 ) );
#1087 = AXIS2_PLACEMENT_3D( '', #1888, #1889, #1890 );
#1088 = SURFACE_SIDE_STYLE( '', ( #1891 ) );
#1089 = EDGE_LOOP( '', ( #1892, #1893, #1894, #1895 ) );
#1090 = AXIS2_PLACEMENT_3D( '', #1896, #1897, #1898 );
#1091 = SURFACE_SIDE_STYLE( '', ( #1899 ) );
#1092 = EDGE_LOOP( '', ( #1900, #1901, #1902, #1903, #1904, #1905, #1906, #1907 ) );
#1093 = AXIS2_PLACEMENT_3D( '', #1908, #1909, #1910 );
#1094 = SURFACE_SIDE_STYLE( '', ( #1911 ) );
#1095 = EDGE_LOOP( '', ( #1912, #1913, #1914, #1915 ) );
#1096 = AXIS2_PLACEMENT_3D( '', #1916, #1917, #1918 );
#1097 = SURFACE_SIDE_STYLE( '', ( #1919 ) );
#1098 = EDGE_LOOP( '', ( #1920, #1921, #1922, #1923, #1924, #1925 ) );
#1099 = AXIS2_PLACEMENT_3D( '', #1926, #1927, #1928 );
#1100 = SURFACE_SIDE_STYLE( '', ( #1929 ) );
#1101 = EDGE_LOOP( '', ( #1930, #1931, #1932, #1933, #1934 ) );
#1102 = AXIS2_PLACEMENT_3D( '', #1935, #1936, #1937 );
#1103 = SURFACE_SIDE_STYLE( '', ( #1938 ) );
#1104 = EDGE_LOOP( '', ( #1939, #1940, #1941, #1942 ) );
#1105 = AXIS2_PLACEMENT_3D( '', #1943, #1944, #1945 );
#1106 = SURFACE_SIDE_STYLE( '', ( #1946 ) );
#1107 = EDGE_LOOP( '', ( #1947, #1948, #1949, #1950 ) );
#1108 = AXIS2_PLACEMENT_3D( '', #1951, #1952, #1953 );
#1109 = SURFACE_SIDE_STYLE( '', ( #1954 ) );
#1110 = EDGE_LOOP( '', ( #1955, #1956, #1957, #1958 ) );
#1111 = AXIS2_PLACEMENT_3D( '', #1959, #1960, #1961 );
#1112 = SURFACE_SIDE_STYLE( '', ( #1962 ) );
#1113 = EDGE_LOOP( '', ( #1963, #1964, #1965, #1966 ) );
#1114 = AXIS2_PLACEMENT_3D( '', #1967, #1968, #1969 );
#1115 = SURFACE_SIDE_STYLE( '', ( #1970 ) );
#1116 = EDGE_LOOP( '', ( #1971, #1972, #1973, #1974 ) );
#1117 = AXIS2_PLACEMENT_3D( '', #1975, #1976, #1977 );
#1118 = SURFACE_SIDE_STYLE( '', ( #1978 ) );
#1119 = EDGE_LOOP( '', ( #1979, #1980, #1981, #1982, #1983, #1984, #1985, #1986 ) );
#1120 = AXIS2_PLACEMENT_3D( '', #1987, #1988, #1989 );
#1121 = SURFACE_SIDE_STYLE( '', ( #1990 ) );
#1122 = EDGE_LOOP( '', ( #1991, #1992, #1993, #1994 ) );
#1123 = AXIS2_PLACEMENT_3D( '', #1995, #1996, #1997 );
#1124 = SURFACE_SIDE_STYLE( '', ( #1998 ) );
#1125 = EDGE_LOOP( '', ( #1999, #2000, #2001, #2002, #2003, #2004, #2005, #2006 ) );
#1126 = AXIS2_PLACEMENT_3D( '', #2007, #2008, #2009 );
#1127 = SURFACE_SIDE_STYLE( '', ( #2010 ) );
#1128 = EDGE_LOOP( '', ( #2011, #2012, #2013, #2014 ) );
#1129 = AXIS2_PLACEMENT_3D( '', #2015, #2016, #2017 );
#1130 = SURFACE_SIDE_STYLE( '', ( #2018 ) );
#1131 = EDGE_LOOP( '', ( #2019, #2020, #2021, #2022 ) );
#1132 = AXIS2_PLACEMENT_3D( '', #2023, #2024, #2025 );
#1133 = SURFACE_SIDE_STYLE( '', ( #2026 ) );
#1134 = EDGE_LOOP( '', ( #2027, #2028, #2029, #2030 ) );
#1135 = AXIS2_PLACEMENT_3D( '', #2031, #2032, #2033 );
#1136 = SURFACE_SIDE_STYLE( '', ( #2034 ) );
#1137 = EDGE_LOOP( '', ( #2035, #2036, #2037, #2038, #2039, #2040 ) );
#1138 = AXIS2_PLACEMENT_3D( '', #2041, #2042, #2043 );
#1139 = SURFACE_SIDE_STYLE( '', ( #2044 ) );
#1140 = EDGE_LOOP( '', ( #2045, #2046, #2047, #2048, #2049, #2050, #2051, #2052, #2053, #2054, #2055, #2056, #2057, #2058 ) );
#1141 = AXIS2_PLACEMENT_3D( '', #2059, #2060, #2061 );
#1142 = SURFACE_SIDE_STYLE( '', ( #2062 ) );
#1143 = EDGE_LOOP( '', ( #2063, #2064, #2065, #2066, #2067, #2068, #2069, #2070, #2071, #2072, #2073, #2074, #2075, #2076, #2077, #2078, #2079, #2080, #2081, #2082 ) );
#1144 = AXIS2_PLACEMENT_3D( '', #2083, #2084, #2085 );
#1145 = SURFACE_SIDE_STYLE( '', ( #2086 ) );
#1146 = EDGE_LOOP( '', ( #2087, #2088, #2089, #2090 ) );
#1147 = AXIS2_PLACEMENT_3D( '', #2091, #2092, #2093 );
#1148 = SURFACE_SIDE_STYLE( '', ( #2094 ) );
#1149 = EDGE_LOOP( '', ( #2095, #2096, #2097, #2098 ) );
#1150 = AXIS2_PLACEMENT_3D( '', #2099, #2100, #2101 );
#1151 = SURFACE_SIDE_STYLE( '', ( #2102 ) );
#1152 = EDGE_LOOP( '', ( #2103, #2104, #2105, #2106 ) );
#1153 = AXIS2_PLACEMENT_3D( '', #2107, #2108, #2109 );
#1154 = SURFACE_SIDE_STYLE( '', ( #2110 ) );
#1155 = EDGE_LOOP( '', ( #2111, #2112, #2113, #2114 ) );
#1156 = AXIS2_PLACEMENT_3D( '', #2115, #2116, #2117 );
#1157 = SURFACE_SIDE_STYLE( '', ( #2118 ) );
#1158 = EDGE_LOOP( '', ( #2119, #2120, #2121, #2122 ) );
#1159 = AXIS2_PLACEMENT_3D( '', #2123, #2124, #2125 );
#1160 = SURFACE_SIDE_STYLE( '', ( #2126 ) );
#1161 = EDGE_LOOP( '', ( #2127, #2128, #2129, #2130 ) );
#1162 = AXIS2_PLACEMENT_3D( '', #2131, #2132, #2133 );
#1163 = SURFACE_SIDE_STYLE( '', ( #2134 ) );
#1164 = EDGE_LOOP( '', ( #2135, #2136, #2137, #2138, #2139, #2140, #2141, #2142, #2143, #2144, #2145, #2146, #2147, #2148 ) );
#1165 = AXIS2_PLACEMENT_3D( '', #2149, #2150, #2151 );
#1166 = SURFACE_SIDE_STYLE( '', ( #2152 ) );
#1167 = EDGE_LOOP( '', ( #2153, #2154, #2155, #2156 ) );
#1168 = AXIS2_PLACEMENT_3D( '', #2157, #2158, #2159 );
#1169 = SURFACE_SIDE_STYLE( '', ( #2160 ) );
#1170 = EDGE_LOOP( '', ( #2161, #2162, #2163, #2164 ) );
#1171 = AXIS2_PLACEMENT_3D( '', #2165, #2166, #2167 );
#1172 = SURFACE_SIDE_STYLE( '', ( #2168 ) );
#1173 = EDGE_LOOP( '', ( #2169, #2170, #2171, #2172 ) );
#1174 = AXIS2_PLACEMENT_3D( '', #2173, #2174, #2175 );
#1175 = SURFACE_SIDE_STYLE( '', ( #2176 ) );
#1176 = EDGE_LOOP( '', ( #2177, #2178, #2179, #2180 ) );
#1177 = AXIS2_PLACEMENT_3D( '', #2181, #2182, #2183 );
#1178 = SURFACE_SIDE_STYLE( '', ( #2184 ) );
#1179 = EDGE_LOOP( '', ( #2185, #2186, #2187, #2188, #2189, #2190 ) );
#1180 = AXIS2_PLACEMENT_3D( '', #2191, #2192, #2193 );
#1181 = SURFACE_SIDE_STYLE( '', ( #2194 ) );
#1182 = EDGE_LOOP( '', ( #2195, #2196, #2197, #2198, #2199, #2200 ) );
#1183 = AXIS2_PLACEMENT_3D( '', #2201, #2202, #2203 );
#1184 = SURFACE_SIDE_STYLE( '', ( #2204 ) );
#1185 = EDGE_LOOP( '', ( #2205, #2206, #2207, #2208, #2209, #2210, #2211, #2212, #2213, #2214, #2215, #2216, #2217, #2218, #2219, #2220 ) );
#1186 = AXIS2_PLACEMENT_3D( '', #2221, #2222, #2223 );
#1187 = SURFACE_SIDE_STYLE( '', ( #2224 ) );
#1188 = EDGE_LOOP( '', ( #2225, #2226, #2227, #2228 ) );
#1189 = AXIS2_PLACEMENT_3D( '', #2229, #2230, #2231 );
#1190 = SURFACE_SIDE_STYLE( '', ( #2232 ) );
#1191 = EDGE_LOOP( '', ( #2233, #2234, #2235, #2236, #2237, #2238, #2239, #2240 ) );
#1192 = AXIS2_PLACEMENT_3D( '', #2241, #2242, #2243 );
#1193 = SURFACE_SIDE_STYLE( '', ( #2244 ) );
#1194 = EDGE_LOOP( '', ( #2245, #2246, #2247, #2248 ) );
#1195 = AXIS2_PLACEMENT_3D( '', #2249, #2250, #2251 );
#1196 = SURFACE_SIDE_STYLE( '', ( #2252 ) );
#1197 = EDGE_LOOP( '', ( #2253, #2254, #2255, #2256 ) );
#1198 = AXIS2_PLACEMENT_3D( '', #2257, #2258, #2259 );
#1199 = SURFACE_SIDE_STYLE( '', ( #2260 ) );
#1200 = EDGE_LOOP( '', ( #2261, #2262, #2263, #2264 ) );
#1201 = AXIS2_PLACEMENT_3D( '', #2265, #2266, #2267 );
#1202 = SURFACE_SIDE_STYLE( '', ( #2268 ) );
#1203 = EDGE_LOOP( '', ( #2269, #2270, #2271, #2272 ) );
#1204 = AXIS2_PLACEMENT_3D( '', #2273, #2274, #2275 );
#1205 = SURFACE_SIDE_STYLE( '', ( #2276 ) );
#1206 = EDGE_LOOP( '', ( #2277, #2278, #2279, #2280 ) );
#1207 = AXIS2_PLACEMENT_3D( '', #2281, #2282, #2283 );
#1208 = SURFACE_SIDE_STYLE( '', ( #2284 ) );
#1209 = EDGE_LOOP( '', ( #2285, #2286, #2287, #2288 ) );
#1210 = AXIS2_PLACEMENT_3D( '', #2289, #2290, #2291 );
#1211 = SURFACE_SIDE_STYLE( '', ( #2292 ) );
#1212 = EDGE_LOOP( '', ( #2293, #2294, #2295, #2296 ) );
#1213 = AXIS2_PLACEMENT_3D( '', #2297, #2298, #2299 );
#1214 = SURFACE_SIDE_STYLE( '', ( #2300 ) );
#1215 = EDGE_LOOP( '', ( #2301, #2302, #2303, #2304 ) );
#1216 = AXIS2_PLACEMENT_3D( '', #2305, #2306, #2307 );
#1217 = SURFACE_SIDE_STYLE( '', ( #2308 ) );
#1218 = EDGE_LOOP( '', ( #2309, #2310, #2311, #2312 ) );
#1219 = AXIS2_PLACEMENT_3D( '', #2313, #2314, #2315 );
#1220 = SURFACE_SIDE_STYLE( '', ( #2316 ) );
#1221 = EDGE_LOOP( '', ( #2317, #2318, #2319, #2320 ) );
#1222 = AXIS2_PLACEMENT_3D( '', #2321, #2322, #2323 );
#1223 = SURFACE_SIDE_STYLE( '', ( #2324 ) );
#1224 = EDGE_LOOP( '', ( #2325, #2326, #2327, #2328 ) );
#1225 = AXIS2_PLACEMENT_3D( '', #2329, #2330, #2331 );
#1226 = SURFACE_SIDE_STYLE( '', ( #2332 ) );
#1227 = EDGE_LOOP( '', ( #2333, #2334, #2335, #2336 ) );
#1228 = AXIS2_PLACEMENT_3D( '', #2337, #2338, #2339 );
#1229 = SURFACE_SIDE_STYLE( '', ( #2340 ) );
#1230 = EDGE_LOOP( '', ( #2341 ) );
#1231 = EDGE_LOOP( '', ( #2342, #2343, #2344, #2345 ) );
#1232 = AXIS2_PLACEMENT_3D( '', #2346, #2347, #2348 );
#1233 = SURFACE_SIDE_STYLE( '', ( #2349 ) );
#1234 = EDGE_LOOP( '', ( #2350, #2351, #2352, #2353 ) );
#1235 = AXIS2_PLACEMENT_3D( '', #2354, #2355, #2356 );
#1236 = SURFACE_SIDE_STYLE( '', ( #2357 ) );
#1237 = EDGE_LOOP( '', ( #2358, #2359, #2360, #2361 ) );
#1238 = AXIS2_PLACEMENT_3D( '', #2362, #2363, #2364 );
#1239 = SURFACE_SIDE_STYLE( '', ( #2365 ) );
#1240 = EDGE_LOOP( '', ( #2366, #2367, #2368, #2369, #2370, #2371 ) );
#1241 = AXIS2_PLACEMENT_3D( '', #2372, #2373, #2374 );
#1242 = SURFACE_SIDE_STYLE( '', ( #2375 ) );
#1243 = EDGE_LOOP( '', ( #2376, #2377, #2378, #2379 ) );
#1244 = AXIS2_PLACEMENT_3D( '', #2380, #2381, #2382 );
#1245 = SURFACE_SIDE_STYLE( '', ( #2383 ) );
#1246 = EDGE_LOOP( '', ( #2384, #2385, #2386, #2387 ) );
#1247 = AXIS2_PLACEMENT_3D( '', #2388, #2389, #2390 );
#1248 = SURFACE_SIDE_STYLE( '', ( #2391 ) );
#1249 = EDGE_LOOP( '', ( #2392, #2393, #2394, #2395 ) );
#1250 = AXIS2_PLACEMENT_3D( '', #2396, #2397, #2398 );
#1251 = SURFACE_SIDE_STYLE( '', ( #2399 ) );
#1252 = EDGE_LOOP( '', ( #2400, #2401, #2402, #2403 ) );
#1253 = AXIS2_PLACEMENT_3D( '', #2404, #2405, #2406 );
#1254 = SURFACE_SIDE_STYLE( '', ( #2407 ) );
#1255 = EDGE_LOOP( '', ( #2408, #2409, #2410, #2411 ) );
#1256 = AXIS2_PLACEMENT_3D( '', #2412, #2413, #2414 );
#1257 = SURFACE_SIDE_STYLE( '', ( #2415 ) );
#1258 = EDGE_LOOP( '', ( #2416, #2417, #2418, #2419 ) );
#1259 = AXIS2_PLACEMENT_3D( '', #2420, #2421, #2422 );
#1260 = SURFACE_SIDE_STYLE( '', ( #2423 ) );
#1261 = EDGE_LOOP( '', ( #2424, #2425, #2426, #2427, #2428, #2429 ) );
#1262 = AXIS2_PLACEMENT_3D( '', #2430, #2431, #2432 );
#1264 =  ( LENGTH_UNIT(  )NAMED_UNIT( #873 )SI_UNIT( .MILLI., .METRE. ) );
#1265 = SURFACE_STYLE_FILL_AREA( #2434 );
#1266 = ORIENTED_EDGE( '', *, *, #2435, .F. );
#1267 = ORIENTED_EDGE( '', *, *, #2436, .T. );
#1268 = ORIENTED_EDGE( '', *, *, #2437, .T. );
#1269 = ORIENTED_EDGE( '', *, *, #2438, .F. );
#1270 = CARTESIAN_POINT( '', ( 1.50500000000000, 1.10000000000000, -15.5320231000365 ) );
#1271 = DIRECTION( '', ( 0.000000000000000, -1.00000000000000, 0.000000000000000 ) );
#1272 = DIRECTION( '', ( 0.000000000000000, 0.000000000000000, -1.00000000000000 ) );
#1273 = SURFACE_STYLE_FILL_AREA( #2439 );
#1274 = ORIENTED_EDGE( '', *, *, #2440, .F. );
#1275 = ORIENTED_EDGE( '', *, *, #2441, .F. );
#1276 = ORIENTED_EDGE( '', *, *, #2442, .T. );
#1277 = ORIENTED_EDGE( '', *, *, #2443, .T. );
#1278 = CARTESIAN_POINT( '', ( 0.305000000000000, -3.00000000000000, -3.40000000000000 ) );
#1279 = DIRECTION( '', ( 0.832050294337839, -0.554700196225236, 0.000000000000000 ) );
#1280 = DIRECTION( '', ( 0.554700196225236, 0.832050294337839, 0.000000000000000 ) );
#1281 = SURFACE_STYLE_FILL_AREA( #2444 );
#1282 = ORIENTED_EDGE( '', *, *, #2445, .T. );
#1283 = ORIENTED_EDGE( '', *, *, #2446, .T. );
#1284 = ORIENTED_EDGE( '', *, *, #2447, .F. );
#1285 = ORIENTED_EDGE( '', *, *, #2448, .F. );
#1286 = CARTESIAN_POINT( '', ( -0.304999999999978, -3.00000000000000, -3.40000000000000 ) );
#1287 = DIRECTION( '', ( 0.000000000000000, 1.00000000000000, 0.000000000000000 ) );
#1288 = DIRECTION( '', ( 0.000000000000000, 0.000000000000000, 1.00000000000000 ) );
#1289 = SURFACE_STYLE_FILL_AREA( #2449 );
#1290 = ORIENTED_EDGE( '', *, *, #2442, .F. );
#1291 = ORIENTED_EDGE( '', *, *, #2450, .F. );
#1292 = ORIENTED_EDGE( '', *, *, #2451, .F. );
#1293 = ORIENTED_EDGE( '', *, *, #2452, .F. );
#1294 = ORIENTED_EDGE( '', *, *, #2453, .F. );
#1295 = ORIENTED_EDGE( '', *, *, #2454, .F. );
#1296 = ORIENTED_EDGE( '', *, *, #2455, .F. );
#1297 = ORIENTED_EDGE( '', *, *, #2456, .T. );
#1298 = ORIENTED_EDGE( '', *, *, #2457, .T. );
#1299 = ORIENTED_EDGE( '', *, *, #2458, .T. );
#1300 = ORIENTED_EDGE( '', *, *, #2459, .T. );
#1301 = ORIENTED_EDGE( '', *, *, #2460, .T. );
#1302 = ORIENTED_EDGE( '', *, *, #2461, .F. );
#1303 = ORIENTED_EDGE( '', *, *, #2462, .F. );
#1304 = ORIENTED_EDGE( '', *, *, #2463, .F. );
#1305 = ORIENTED_EDGE( '', *, *, #2464, .F. );
#1306 = CARTESIAN_POINT( '', ( 1.90500000000000, 6.85833333333326, -3.40000000000000 ) );
#1307 = DIRECTION( '', ( 0.000000000000000, 0.000000000000000, 1.00000000000000 ) );
#1308 = DIRECTION( '', ( 1.00000000000000, 0.000000000000000, 0.000000000000000 ) );
#1309 = SURFACE_STYLE_FILL_AREA( #2465 );
#1310 = ORIENTED_EDGE( '', *, *, #2466, .T. );
#1311 = ORIENTED_EDGE( '', *, *, #2467, .T. );
#1312 = ORIENTED_EDGE( '', *, *, #2468, .T. );
#1313 = ORIENTED_EDGE( '', *, *, #2469, .T. );
#1314 = ORIENTED_EDGE( '', *, *, #2470, .F. );
#1315 = ORIENTED_EDGE( '', *, *, #2471, .F. );
#1316 = CARTESIAN_POINT( '', ( -1.50500000000000, 1.10000000000000, -15.5321386327448 ) );
#1317 = DIRECTION( '', ( -1.00000000000000, 0.000000000000000, 0.000000000000000 ) );
#1318 = DIRECTION( '', ( 0.000000000000000, 0.000000000000000, 1.00000000000000 ) );
#1319 = SURFACE_STYLE_FILL_AREA( #2472 );
#1320 = ORIENTED_EDGE( '', *, *, #2473, .F. );
#1321 = ORIENTED_EDGE( '', *, *, #2474, .T. );
#1322 = ORIENTED_EDGE( '', *, *, #2475, .T. );
#1323 = ORIENTED_EDGE( '', *, *, #2476, .T. );
#1324 = CARTESIAN_POINT( '', ( -0.400000000000000, -0.400000000000000, -5.70000000000000 ) );
#1325 = DIRECTION( '', ( -1.00000000000000, 0.000000000000000, 0.000000000000000 ) );
#1326 = DIRECTION( '', ( 0.000000000000000, 0.000000000000000, 1.00000000000000 ) );
#1327 = SURFACE_STYLE_FILL_AREA( #2477 );
#1328 = ORIENTED_EDGE( '', *, *, #2478, .F. );
#1329 = ORIENTED_EDGE( '', *, *, #2479, .F. );
#1330 = ORIENTED_EDGE( '', *, *, #2480, .T. );
#1331 = ORIENTED_EDGE( '', *, *, #2481, .T. );
#1332 = ORIENTED_EDGE( '', *, *, #2482, .T. );
#1333 = CARTESIAN_POINT( '', ( 0.305000000000000, 2.90000000000000, -3.40000000000000 ) );
#1334 = DIRECTION( '', ( 0.000000000000000, -1.00000000000000, 0.000000000000000 ) );
#1335 = DIRECTION( '', ( 0.000000000000000, 0.000000000000000, -1.00000000000000 ) );
#1336 = SURFACE_STYLE_FILL_AREA( #2483 );
#1337 = ORIENTED_EDGE( '', *, *, #2484, .T. );
#1338 = ORIENTED_EDGE( '', *, *, #2485, .F. );
#1339 = ORIENTED_EDGE( '', *, *, #2486, .F. );
#1340 = ORIENTED_EDGE( '', *, *, #2474, .F. );
#1341 = CARTESIAN_POINT( '', ( -0.200000000000000, -0.400000000000000, -5.70000000000000 ) );
#1342 = DIRECTION( '', ( 0.966234939601246, -0.000000000000000, 0.257662650560333 ) );
#1343 = DIRECTION( '', ( 0.000000000000000, 1.00000000000000, 0.000000000000000 ) );
#1344 = SURFACE_STYLE_FILL_AREA( #2487 );
#1345 = ORIENTED_EDGE( '', *, *, #2488, .T. );
#1346 = ORIENTED_EDGE( '', *, *, #2489, .F. );
#1347 = ORIENTED_EDGE( '', *, *, #2490, .F. );
#1348 = ORIENTED_EDGE( '', *, *, #2491, .T. );
#1349 = CARTESIAN_POINT( '', ( 4.25500000000000, -1.89735380184964E-016, 2.37500000000000 ) );
#1350 = DIRECTION( '', ( -1.00000000000000, -0.000000000000000, -0.000000000000000 ) );
#1351 = DIRECTION( '', ( 0.000000000000000, 0.000000000000000, -1.00000000000000 ) );
#1352 = SURFACE_STYLE_FILL_AREA( #2492 );
#1353 = ORIENTED_EDGE( '', *, *, #2493, .F. );
#1354 = ORIENTED_EDGE( '', *, *, #2494, .F. );
#1355 = CARTESIAN_POINT( '', ( 1.90500000000000, 0.700000000000000, -1.15000000000000 ) );
#1356 = DIRECTION( '', ( 0.000000000000000, 0.000000000000000, -1.00000000000000 ) );
#1357 = DIRECTION( '', ( -1.00000000000000, 0.000000000000000, 0.000000000000000 ) );
#1358 = SURFACE_STYLE_FILL_AREA( #2495 );
#1359 = ORIENTED_EDGE( '', *, *, #2496, .T. );
#1360 = ORIENTED_EDGE( '', *, *, #2497, .T. );
#1361 = CARTESIAN_POINT( '', ( 1.90500000000000, 8.01058823529426, 4.10000000000000 ) );
#1362 = DIRECTION( '', ( 0.000000000000000, 1.60812264967663E-016, -1.00000000000000 ) );
#1363 = DIRECTION( '', ( 0.000000000000000, 1.00000000000000, 1.60812264967663E-016 ) );
#1364 = SURFACE_STYLE_FILL_AREA( #2498 );
#1365 = ORIENTED_EDGE( '', *, *, #2499, .T. );
#1366 = ORIENTED_EDGE( '', *, *, #2500, .T. );
#1367 = ORIENTED_EDGE( '', *, *, #2501, .F. );
#1368 = ORIENTED_EDGE( '', *, *, #2435, .T. );
#1369 = ORIENTED_EDGE( '', *, *, #2502, .F. );
#1370 = ORIENTED_EDGE( '', *, *, #2503, .F. );
#1371 = CARTESIAN_POINT( '', ( 1.50500000000000, 0.300000000000004, -15.5320231000365 ) );
#1372 = DIRECTION( '', ( 1.00000000000000, 0.000000000000000, 0.000000000000000 ) );
#1373 = DIRECTION( '', ( 0.000000000000000, 0.000000000000000, -1.00000000000000 ) );
#1374 = SURFACE_STYLE_FILL_AREA( #2504 );
#1375 = ORIENTED_EDGE( '', *, *, #2505, .F. );
#1376 = ORIENTED_EDGE( '', *, *, #2506, .F. );
#1377 = ORIENTED_EDGE( '', *, *, #2507, .T. );
#1378 = ORIENTED_EDGE( '', *, *, #2448, .T. );
#1379 = CARTESIAN_POINT( '', ( -0.904999999999988, -2.10000000000000, -3.40000000000000 ) );
#1380 = DIRECTION( '', ( -0.832050294337838, -0.554700196225238, 0.000000000000000 ) );
#1381 = DIRECTION( '', ( 0.554700196225238, -0.832050294337838, 0.000000000000000 ) );
#1382 = SURFACE_STYLE_FILL_AREA( #2508 );
#1383 = ORIENTED_EDGE( '', *, *, #2509, .F. );
#1384 = ORIENTED_EDGE( '', *, *, #2510, .F. );
#1385 = ORIENTED_EDGE( '', *, *, #2511, .T. );
#1386 = ORIENTED_EDGE( '', *, *, #2512, .T. );
#1387 = CARTESIAN_POINT( '', ( -1.20500000000000, -1.50000000000000, -3.40000000000000 ) );
#1388 = DIRECTION( '', ( -1.00000000000000, -1.15648231731786E-014, 0.000000000000000 ) );
#1389 = DIRECTION( '', ( 1.15648231731786E-014, -1.00000000000000, 0.000000000000000 ) );
#1390 = SURFACE_STYLE_FILL_AREA( #2513 );
#1391 = ORIENTED_EDGE( '', *, *, #2514, .T. );
#1392 = ORIENTED_EDGE( '', *, *, #2515, .F. );
#1393 = ORIENTED_EDGE( '', *, *, #2516, .T. );
#1394 = ORIENTED_EDGE( '', *, *, #2517, .T. );
#1395 = ORIENTED_EDGE( '', *, *, #2518, .T. );
#1396 = ORIENTED_EDGE( '', *, *, #2499, .F. );
#1397 = ORIENTED_EDGE( '', *, *, #2519, .F. );
#1398 = ORIENTED_EDGE( '', *, *, #2520, .F. );
#1399 = CARTESIAN_POINT( '', ( 0.405000000000000, -0.500000000000000, -4.40000000000000 ) );
#1400 = DIRECTION( '', ( 0.000000000000000, -2.16840434497101E-016, -1.00000000000000 ) );
#1401 = DIRECTION( '', ( 0.000000000000000, 1.00000000000000, -2.16840434497101E-016 ) );
#1402 = SURFACE_STYLE_FILL_AREA( #2521 );
#1403 = ORIENTED_EDGE( '', *, *, #2522, .F. );
#1404 = ORIENTED_EDGE( '', *, *, #2476, .F. );
#1405 = ORIENTED_EDGE( '', *, *, #2523, .F. );
#1406 = ORIENTED_EDGE( '', *, *, #2524, .F. );
#1407 = CARTESIAN_POINT( '', ( -0.400000000000000, -0.400000000000000, 4.95000000000000 ) );
#1408 = DIRECTION( '', ( 0.966234939601246, 0.000000000000000, -0.257662650560332 ) );
#1409 = DIRECTION( '', ( 0.000000000000000, 1.00000000000000, 0.000000000000000 ) );
#1410 = SURFACE_STYLE_FILL_AREA( #2525 );
#1411 = ORIENTED_EDGE( '', *, *, #2526, .T. );
#1412 = ORIENTED_EDGE( '', *, *, #2527, .F. );
#1413 = ORIENTED_EDGE( '', *, *, #2497, .F. );
#1414 = ORIENTED_EDGE( '', *, *, #2528, .T. );
#1415 = CARTESIAN_POINT( '', ( 1.90500000000000, 8.01058823529426, 4.10000000000000 ) );
#1416 = DIRECTION( '', ( -0.000000000000000, -1.60812264967663E-016, 1.00000000000000 ) );
#1417 = DIRECTION( '', ( 0.000000000000000, 1.00000000000000, 1.60812264967663E-016 ) );
#1418 = SURFACE_STYLE_FILL_AREA( #2529 );
#1419 = ORIENTED_EDGE( '', *, *, #2530, .F. );
#1420 = ORIENTED_EDGE( '', *, *, #2531, .F. );
#1421 = CARTESIAN_POINT( '', ( -1.90500000000000, 0.700000000000000, -1.15000000000000 ) );
#1422 = DIRECTION( '', ( 0.000000000000000, 0.000000000000000, -1.00000000000000 ) );
#1423 = DIRECTION( '', ( -1.00000000000000, 0.000000000000000, 0.000000000000000 ) );
#1424 = SURFACE_STYLE_FILL_AREA( #2532 );
#1425 = ORIENTED_EDGE( '', *, *, #2533, .T. );
#1426 = ORIENTED_EDGE( '', *, *, #2534, .T. );
#1427 = CARTESIAN_POINT( '', ( -1.90500000000000, 8.01058823529426, 4.10000000000000 ) );
#1428 = DIRECTION( '', ( 0.000000000000000, 1.60812264967663E-016, -1.00000000000000 ) );
#1429 = DIRECTION( '', ( 0.000000000000000, 1.00000000000000, 1.60812264967663E-016 ) );
#1430 = SURFACE_STYLE_FILL_AREA( #2535 );
#1431 = ORIENTED_EDGE( '', *, *, #2536, .T. );
#1432 = ORIENTED_EDGE( '', *, *, #2537, .F. );
#1433 = ORIENTED_EDGE( '', *, *, #2538, .F. );
#1434 = ORIENTED_EDGE( '', *, *, #2539, .T. );
#1435 = CARTESIAN_POINT( '', ( 4.25500000000000, -0.275000000000000, 4.00000000000000 ) );
#1436 = DIRECTION( '', ( 0.000000000000000, 0.000000000000000, 1.00000000000000 ) );
#1437 = DIRECTION( '', ( 1.00000000000000, 0.000000000000000, 0.000000000000000 ) );
#1438 = SURFACE_STYLE_FILL_AREA( #2540 );
#1439 = ORIENTED_EDGE( '', *, *, #2541, .F. );
#1440 = ORIENTED_EDGE( '', *, *, #2542, .F. );
#1441 = ORIENTED_EDGE( '', *, *, #2543, .F. );
#1442 = ORIENTED_EDGE( '', *, *, #2544, .F. );
#1443 = ORIENTED_EDGE( '', *, *, #2536, .F. );
#1444 = ORIENTED_EDGE( '', *, *, #2545, .F. );
#1445 = ORIENTED_EDGE( '', *, *, #2488, .F. );
#1446 = ORIENTED_EDGE( '', *, *, #2546, .F. );
#1447 = CARTESIAN_POINT( '', ( 4.40500000000000, -3.50000000000000, 1.20000000000000 ) );
#1448 = DIRECTION( '', ( -1.00000000000000, 0.000000000000000, 0.000000000000000 ) );
#1449 = DIRECTION( '', ( 0.000000000000000, 0.000000000000000, 1.00000000000000 ) );
#1450 = SURFACE_STYLE_FILL_AREA( #2547 );
#1451 = ORIENTED_EDGE( '', *, *, #2548, .F. );
#1452 = ORIENTED_EDGE( '', *, *, #2549, .F. );
#1453 = ORIENTED_EDGE( '', *, *, #2550, .F. );
#1454 = ORIENTED_EDGE( '', *, *, #2551, .F. );
#1455 = ORIENTED_EDGE( '', *, *, #2552, .F. );
#1456 = ORIENTED_EDGE( '', *, *, #2553, .F. );
#1457 = ORIENTED_EDGE( '', *, *, #2554, .F. );
#1458 = ORIENTED_EDGE( '', *, *, #2555, .F. );
#1459 = ORIENTED_EDGE( '', *, *, #2556, .F. );
#1460 = ORIENTED_EDGE( '', *, *, #2557, .F. );
#1461 = ORIENTED_EDGE( '', *, *, #2558, .F. );
#1462 = ORIENTED_EDGE( '', *, *, #2559, .F. );
#1463 = ORIENTED_EDGE( '', *, *, #2560, .F. );
#1464 = CARTESIAN_POINT( '', ( 1.90500000000000, 6.85833333333331, -2.10000000000000 ) );
#1465 = DIRECTION( '', ( 0.000000000000000, 0.000000000000000, 1.00000000000000 ) );
#1466 = DIRECTION( '', ( 1.00000000000000, 0.000000000000000, 0.000000000000000 ) );
#1467 = SURFACE_STYLE_FILL_AREA( #2561 );
#1468 = ORIENTED_EDGE( '', *, *, #2562, .F. );
#1469 = ORIENTED_EDGE( '', *, *, #2563, .F. );
#1470 = ORIENTED_EDGE( '', *, *, #2564, .T. );
#1471 = ORIENTED_EDGE( '', *, *, #2565, .T. );
#1472 = CARTESIAN_POINT( '', ( -3.50500000000000, 0.300000000000000, -2.10000000000000 ) );
#1473 = DIRECTION( '', ( 0.000000000000000, -1.00000000000000, 0.000000000000000 ) );
#1474 = DIRECTION( '', ( 0.000000000000000, 0.000000000000000, -1.00000000000000 ) );
#1475 = SURFACE_STYLE_FILL_AREA( #2566 );
#1476 = ORIENTED_EDGE( '', *, *, #2523, .T. );
#1477 = ORIENTED_EDGE( '', *, *, #2567, .F. );
#1478 = ORIENTED_EDGE( '', *, *, #2568, .F. );
#1479 = ORIENTED_EDGE( '', *, *, #2569, .F. );
#1480 = CARTESIAN_POINT( '', ( -0.400000000000000, -0.200000000000000, 5.70000000000000 ) );
#1481 = DIRECTION( '', ( 0.000000000000000, -0.966234939601246, 0.257662650560333 ) );
#1482 = DIRECTION( '', ( -1.00000000000000, 0.000000000000000, 0.000000000000000 ) );
#1483 = SURFACE_STYLE_FILL_AREA( #2570 );
#1484 = ORIENTED_EDGE( '', *, *, #2571, .F. );
#1485 = ORIENTED_EDGE( '', *, *, #2572, .F. );
#1486 = ORIENTED_EDGE( '', *, *, #2573, .F. );
#1487 = ORIENTED_EDGE( '', *, *, #2574, .T. );
#1488 = ORIENTED_EDGE( '', *, *, #2575, .T. );
#1489 = ORIENTED_EDGE( '', *, *, #2576, .F. );
#1490 = ORIENTED_EDGE( '', *, *, #2577, .F. );
#1491 = ORIENTED_EDGE( '', *, *, #2578, .T. );
#1492 = ORIENTED_EDGE( '', *, *, #2579, .T. );
#1493 = ORIENTED_EDGE( '', *, *, #2580, .F. );
#1494 = ORIENTED_EDGE( '', *, *, #2581, .F. );
#1495 = ORIENTED_EDGE( '', *, *, #2582, .T. );
#1496 = CARTESIAN_POINT( '', ( 4.40500000000000, 3.50000000000000, -4.60000000000000 ) );
#1497 = DIRECTION( '', ( 0.000000000000000, 0.000000000000000, -1.00000000000000 ) );
#1498 = DIRECTION( '', ( -1.00000000000000, 0.000000000000000, 0.000000000000000 ) );
#1499 = SURFACE_STYLE_FILL_AREA( #2583 );
#1500 = ORIENTED_EDGE( '', *, *, #2450, .T. );
#1501 = ORIENTED_EDGE( '', *, *, #2441, .T. );
#1502 = ORIENTED_EDGE( '', *, *, #2584, .F. );
#1503 = ORIENTED_EDGE( '', *, *, #2585, .F. );
#1504 = CARTESIAN_POINT( '', ( 3.50500000000000, -3.00000000000000, -3.40000000000000 ) );
#1505 = DIRECTION( '', ( 0.000000000000000, 1.00000000000000, 0.000000000000000 ) );
#1506 = DIRECTION( '', ( 0.000000000000000, 0.000000000000000, 1.00000000000000 ) );
#1507 = SURFACE_STYLE_FILL_AREA( #2586 );
#1508 = ORIENTED_EDGE( '', *, *, #2587, .F. );
#1509 = ORIENTED_EDGE( '', *, *, #2588, .F. );
#1510 = ORIENTED_EDGE( '', *, *, #2589, .F. );
#1511 = ORIENTED_EDGE( '', *, *, #2590, .F. );
#1512 = ORIENTED_EDGE( '', *, *, #2591, .F. );
#1513 = ORIENTED_EDGE( '', *, *, #2564, .F. );
#1514 = ORIENTED_EDGE( '', *, *, #2592, .F. );
#1515 = ORIENTED_EDGE( '', *, *, #2593, .F. );
#1516 = ORIENTED_EDGE( '', *, *, #2594, .F. );
#1517 = ORIENTED_EDGE( '', *, *, #2595, .F. );
#1518 = ORIENTED_EDGE( '', *, *, #2596, .F. );
#1519 = ORIENTED_EDGE( '', *, *, #2597, .F. );
#1520 = ORIENTED_EDGE( '', *, *, #2598, .F. );
#1521 = CARTESIAN_POINT( '', ( -1.90500000000000, 6.85833333333331, -2.10000000000000 ) );
#1522 = DIRECTION( '', ( 0.000000000000000, 0.000000000000000, 1.00000000000000 ) );
#1523 = DIRECTION( '', ( 1.00000000000000, 0.000000000000000, 0.000000000000000 ) );
#1524 = SURFACE_STYLE_FILL_AREA( #2599 );
#1525 = ORIENTED_EDGE( '', *, *, #2600, .F. );
#1526 = ORIENTED_EDGE( '', *, *, #2512, .F. );
#1527 = ORIENTED_EDGE( '', *, *, #2601, .T. );
#1528 = ORIENTED_EDGE( '', *, *, #2506, .T. );
#1529 = CARTESIAN_POINT( '', ( -1.20500000000000, -2.10000000000000, -3.40000000000000 ) );
#1530 = DIRECTION( '', ( 0.000000000000000, -1.00000000000000, 0.000000000000000 ) );
#1531 = DIRECTION( '', ( 0.000000000000000, 0.000000000000000, -1.00000000000000 ) );
#1532 = SURFACE_STYLE_FILL_AREA( #2602 );
#1533 = ORIENTED_EDGE( '', *, *, #2603, .F. );
#1534 = ORIENTED_EDGE( '', *, *, #2604, .F. );
#1535 = ORIENTED_EDGE( '', *, *, #2605, .F. );
#1536 = ORIENTED_EDGE( '', *, *, #2606, .F. );
#1537 = ORIENTED_EDGE( '', *, *, #2607, .T. );
#1538 = ORIENTED_EDGE( '', *, *, #2543, .T. );
#1539 = ORIENTED_EDGE( '', *, *, #2608, .F. );
#1540 = ORIENTED_EDGE( '', *, *, #2609, .F. );
#1541 = ORIENTED_EDGE( '', *, *, #2610, .T. );
#1542 = ORIENTED_EDGE( '', *, *, #2611, .F. );
#1543 = ORIENTED_EDGE( '', *, *, #2612, .T. );
#1544 = ORIENTED_EDGE( '', *, *, #2613, .F. );
#1545 = ORIENTED_EDGE( '', *, *, #2614, .T. );
#1546 = ORIENTED_EDGE( '', *, *, #2615, .T. );
#1547 = ORIENTED_EDGE( '', *, *, #2584, .T. );
#1548 = ORIENTED_EDGE( '', *, *, #2440, .T. );
#1549 = ORIENTED_EDGE( '', *, *, #2616, .T. );
#1550 = ORIENTED_EDGE( '', *, *, #2617, .T. );
#1551 = ORIENTED_EDGE( '', *, *, #2618, .T. );
#1552 = ORIENTED_EDGE( '', *, *, #2619, .T. );
#1553 = ORIENTED_EDGE( '', *, *, #2478, .T. );
#1554 = ORIENTED_EDGE( '', *, *, #2620, .T. );
#1555 = ORIENTED_EDGE( '', *, *, #2621, .T. );
#1556 = ORIENTED_EDGE( '', *, *, #2622, .T. );
#1557 = ORIENTED_EDGE( '', *, *, #2623, .T. );
#1558 = ORIENTED_EDGE( '', *, *, #2624, .T. );
#1559 = ORIENTED_EDGE( '', *, *, #2600, .T. );
#1560 = ORIENTED_EDGE( '', *, *, #2505, .T. );
#1561 = ORIENTED_EDGE( '', *, *, #2447, .T. );
#1562 = ORIENTED_EDGE( '', *, *, #2625, .T. );
#1563 = ORIENTED_EDGE( '', *, *, #2626, .T. );
#1564 = ORIENTED_EDGE( '', *, *, #2627, .T. );
#1565 = ORIENTED_EDGE( '', *, *, #2628, .T. );
#1566 = ORIENTED_EDGE( '', *, *, #2629, .T. );
#1567 = ORIENTED_EDGE( '', *, *, #2630, .T. );
#1568 = ORIENTED_EDGE( '', *, *, #2631, .T. );
#1569 = ORIENTED_EDGE( '', *, *, #2632, .T. );
#1570 = ORIENTED_EDGE( '', *, *, #2633, .T. );
#1571 = ORIENTED_EDGE( '', *, *, #2634, .T. );
#1572 = ORIENTED_EDGE( '', *, *, #2509, .T. );
#1573 = CARTESIAN_POINT( '', ( 4.40500000000000, -3.50000000000000, 4.60000000000000 ) );
#1574 = DIRECTION( '', ( 0.000000000000000, 0.000000000000000, 1.00000000000000 ) );
#1575 = DIRECTION( '', ( 1.00000000000000, 0.000000000000000, 0.000000000000000 ) );
#1576 = SURFACE_STYLE_FILL_AREA( #2635 );
#1577 = ORIENTED_EDGE( '', *, *, #2636, .F. );
#1578 = ORIENTED_EDGE( '', *, *, #2500, .F. );
#1579 = ORIENTED_EDGE( '', *, *, #2518, .F. );
#1580 = ORIENTED_EDGE( '', *, *, #2637, .T. );
#1581 = ORIENTED_EDGE( '', *, *, #2638, .F. );
#1582 = ORIENTED_EDGE( '', *, *, #2639, .F. );
#1583 = ORIENTED_EDGE( '', *, *, #2514, .F. );
#1584 = ORIENTED_EDGE( '', *, *, #2640, .F. );
#1585 = CARTESIAN_POINT( '', ( 0.405000000000000, 3.30000000000000, -4.60000000000000 ) );
#1586 = DIRECTION( '', ( 0.000000000000000, 1.00000000000000, 0.000000000000000 ) );
#1587 = DIRECTION( '', ( 0.000000000000000, 0.000000000000000, 1.00000000000000 ) );
#1588 = SURFACE_STYLE_FILL_AREA( #2641 );
#1589 = ORIENTED_EDGE( '', *, *, #2493, .T. );
#1590 = ORIENTED_EDGE( '', *, *, #2642, .T. );
#1591 = ORIENTED_EDGE( '', *, *, #2643, .T. );
#1592 = ORIENTED_EDGE( '', *, *, #2502, .T. );
#1593 = ORIENTED_EDGE( '', *, *, #2438, .T. );
#1594 = CARTESIAN_POINT( '', ( 1.90500000000000, 0.700000000000000, -0.900000000000000 ) );
#1595 = DIRECTION( '', ( 0.000000000000000, 0.000000000000000, -1.00000000000000 ) );
#1596 = DIRECTION( '', ( -1.00000000000000, 0.000000000000000, 0.000000000000000 ) );
#1597 = SURFACE_STYLE_FILL_AREA( #2644 );
#1598 = ORIENTED_EDGE( '', *, *, #2623, .F. );
#1599 = ORIENTED_EDGE( '', *, *, #2645, .F. );
#1600 = ORIENTED_EDGE( '', *, *, #2454, .T. );
#1601 = ORIENTED_EDGE( '', *, *, #2646, .T. );
#1602 = CARTESIAN_POINT( '', ( 3.50500000000000, -1.50000000000000, -3.40000000000000 ) );
#1603 = DIRECTION( '', ( 0.000000000000000, 1.00000000000000, 0.000000000000000 ) );
#1604 = DIRECTION( '', ( 0.000000000000000, 0.000000000000000, 1.00000000000000 ) );
#1605 = SURFACE_STYLE_FILL_AREA( #2647 );
#1606 = ORIENTED_EDGE( '', *, *, #2648, .T. );
#1607 = ORIENTED_EDGE( '', *, *, #2649, .F. );
#1608 = ORIENTED_EDGE( '', *, *, #2650, .F. );
#1609 = ORIENTED_EDGE( '', *, *, #2651, .T. );
#1610 = CARTESIAN_POINT( '', ( -4.25500000000000, -0.275000000000000, 4.00000000000000 ) );
#1611 = DIRECTION( '', ( 0.000000000000000, 1.00000000000000, 1.66800334228539E-017 ) );
#1612 = DIRECTION( '', ( 0.000000000000000, -1.66800334228539E-017, 1.00000000000000 ) );
#1613 = SURFACE_STYLE_FILL_AREA( #2652 );
#1614 = ORIENTED_EDGE( '', *, *, #2653, .F. );
#1615 = ORIENTED_EDGE( '', *, *, #2654, .F. );
#1616 = ORIENTED_EDGE( '', *, *, #2595, .T. );
#1617 = ORIENTED_EDGE( '', *, *, #2655, .T. );
#1618 = CARTESIAN_POINT( '', ( -0.304999999999977, 0.300000000000000, -2.10000000000000 ) );
#1619 = DIRECTION( '', ( 0.000000000000000, -1.00000000000000, 0.000000000000000 ) );
#1620 = DIRECTION( '', ( 0.000000000000000, 0.000000000000000, -1.00000000000000 ) );
#1621 = SURFACE_STYLE_FILL_AREA( #2656 );
#1622 = ORIENTED_EDGE( '', *, *, #2657, .T. );
#1623 = ORIENTED_EDGE( '', *, *, #2658, .F. );
#1624 = ORIENTED_EDGE( '', *, *, #2659, .F. );
#1625 = ORIENTED_EDGE( '', *, *, #2660, .F. );
#1626 = CARTESIAN_POINT( '', ( 0.400000000000000, -0.400000000000000, -4.95000000000000 ) );
#1627 = DIRECTION( '', ( -0.966234939601246, 0.000000000000000, 0.257662650560332 ) );
#1628 = DIRECTION( '', ( 0.000000000000000, 1.00000000000000, 0.000000000000000 ) );
#1629 = SURFACE_STYLE_FILL_AREA( #2661 );
#1630 = ORIENTED_EDGE( '', *, *, #2662, .F. );
#1631 = ORIENTED_EDGE( '', *, *, #2663, .F. );
#1632 = ORIENTED_EDGE( '', *, *, #2664, .F. );
#1633 = ORIENTED_EDGE( '', *, *, #2665, .F. );
#1634 = ORIENTED_EDGE( '', *, *, #2648, .F. );
#1635 = ORIENTED_EDGE( '', *, *, #2666, .F. );
#1636 = ORIENTED_EDGE( '', *, *, #2667, .F. );
#1637 = ORIENTED_EDGE( '', *, *, #2613, .T. );
#1638 = CARTESIAN_POINT( '', ( -4.40500000000000, -3.50000000000000, 1.20000000000000 ) );
#1639 = DIRECTION( '', ( -1.00000000000000, 0.000000000000000, 0.000000000000000 ) );
#1640 = DIRECTION( '', ( 0.000000000000000, 0.000000000000000, 1.00000000000000 ) );
#1641 = SURFACE_STYLE_FILL_AREA( #2668 );
#1642 = ORIENTED_EDGE( '', *, *, #2628, .F. );
#1643 = ORIENTED_EDGE( '', *, *, #2669, .F. );
#1644 = ORIENTED_EDGE( '', *, *, #2670, .T. );
#1645 = ORIENTED_EDGE( '', *, *, #2671, .T. );
#1646 = CARTESIAN_POINT( '', ( -2.60500000000000, -1.50000000000000, -3.40000000000000 ) );
#1647 = DIRECTION( '', ( 0.000000000000000, 1.00000000000000, 0.000000000000000 ) );
#1648 = DIRECTION( '', ( 0.000000000000000, 0.000000000000000, 1.00000000000000 ) );
#1649 = SURFACE_STYLE_FILL_AREA( #2672 );
#1650 = ORIENTED_EDGE( '', *, *, #2544, .T. );
#1651 = ORIENTED_EDGE( '', *, *, #2607, .F. );
#1652 = ORIENTED_EDGE( '', *, *, #2673, .F. );
#1653 = ORIENTED_EDGE( '', *, *, #2537, .T. );
#1654 = CARTESIAN_POINT( '', ( 4.25500000000000, -2.37500000000000, 4.00000000000000 ) );
#1655 = DIRECTION( '', ( 0.000000000000000, 1.00000000000000, 0.000000000000000 ) );
#1656 = DIRECTION( '', ( 0.000000000000000, 0.000000000000000, 1.00000000000000 ) );
#1657 = SURFACE_STYLE_FILL_AREA( #2674 );
#1658 = ORIENTED_EDGE( '', *, *, #2675, .T. );
#1659 = ORIENTED_EDGE( '', *, *, #2458, .F. );
#1660 = ORIENTED_EDGE( '', *, *, #2676, .F. );
#1661 = ORIENTED_EDGE( '', *, *, #2555, .T. );
#1662 = CARTESIAN_POINT( '', ( 0.805000000000000, -1.00000000000000, -2.10000000000000 ) );
#1663 = DIRECTION( '', ( 0.000000000000000, -1.00000000000000, 0.000000000000000 ) );
#1664 = DIRECTION( '', ( 0.000000000000000, 0.000000000000000, -1.00000000000000 ) );
#1665 = SURFACE_STYLE_FILL_AREA( #2677 );
#1666 = ORIENTED_EDGE( '', *, *, #2531, .T. );
#1667 = ORIENTED_EDGE( '', *, *, #2587, .T. );
#1668 = CARTESIAN_POINT( '', ( -1.90500000000000, 0.700000000000000, -0.900000000000000 ) );
#1669 = DIRECTION( '', ( -0.000000000000000, -0.000000000000000, 1.00000000000000 ) );
#1670 = DIRECTION( '', ( -1.00000000000000, 0.000000000000000, 0.000000000000000 ) );
#1671 = SURFACE_STYLE_FILL_AREA( #2678 );
#1672 = ORIENTED_EDGE( '', *, *, #2565, .F. );
#1673 = ORIENTED_EDGE( '', *, *, #2591, .T. );
#1674 = ORIENTED_EDGE( '', *, *, #2679, .T. );
#1675 = ORIENTED_EDGE( '', *, *, #2680, .T. );
#1676 = ORIENTED_EDGE( '', *, *, #2681, .T. );
#1677 = ORIENTED_EDGE( '', *, *, #2629, .F. );
#1678 = ORIENTED_EDGE( '', *, *, #2671, .F. );
#1679 = ORIENTED_EDGE( '', *, *, #2682, .T. );
#1680 = CARTESIAN_POINT( '', ( -3.50500000000000, -1.50000000000000, -3.40000000000000 ) );
#1681 = DIRECTION( '', ( 1.00000000000000, -1.57702134179710E-015, 0.000000000000000 ) );
#1682 = DIRECTION( '', ( 1.57702134179710E-015, 1.00000000000000, 0.000000000000000 ) );
#1683 = SURFACE_STYLE_FILL_AREA( #2683 );
#1684 = ORIENTED_EDGE( '', *, *, #2522, .T. );
#1685 = ORIENTED_EDGE( '', *, *, #2684, .F. );
#1686 = ORIENTED_EDGE( '', *, *, #2685, .F. );
#1687 = ORIENTED_EDGE( '', *, *, #2686, .F. );
#1688 = CARTESIAN_POINT( '', ( 0.000000000000000, 0.400000000000000, 4.95000000000000 ) );
#1689 = DIRECTION( '', ( 0.000000000000000, -0.966234939601246, -0.257662650560333 ) );
#1690 = DIRECTION( '', ( 1.00000000000000, 0.000000000000000, 0.000000000000000 ) );
#1691 = SURFACE_STYLE_FILL_AREA( #2687 );
#1692 = ORIENTED_EDGE( '', *, *, #2577, .T. );
#1693 = ORIENTED_EDGE( '', *, *, #2688, .T. );
#1694 = ORIENTED_EDGE( '', *, *, #2689, .F. );
#1695 = ORIENTED_EDGE( '', *, *, #2637, .F. );
#1696 = ORIENTED_EDGE( '', *, *, #2517, .F. );
#1697 = ORIENTED_EDGE( '', *, *, #2690, .T. );
#1698 = CARTESIAN_POINT( '', ( 0.405000000000000, -0.500000000000000, -4.60000000000000 ) );
#1699 = DIRECTION( '', ( 1.00000000000000, 0.000000000000000, 0.000000000000000 ) );
#1700 = DIRECTION( '', ( 0.000000000000000, 0.000000000000000, -1.00000000000000 ) );
#1701 = SURFACE_STYLE_FILL_AREA( #2691 );
#1702 = ORIENTED_EDGE( '', *, *, #2692, .F. );
#1703 = ORIENTED_EDGE( '', *, *, #2693, .F. );
#1704 = ORIENTED_EDGE( '', *, *, #2559, .T. );
#1705 = ORIENTED_EDGE( '', *, *, #2694, .T. );
#1706 = CARTESIAN_POINT( '', ( 3.00500000000000, 1.10000000000000, -2.10000000000000 ) );
#1707 = DIRECTION( '', ( 0.000000000000000, 1.00000000000000, 0.000000000000000 ) );
#1708 = DIRECTION( '', ( 0.000000000000000, 0.000000000000000, 1.00000000000000 ) );
#1709 = SURFACE_STYLE_FILL_AREA( #2695 );
#1710 = ORIENTED_EDGE( '', *, *, #2696, .F. );
#1711 = ORIENTED_EDGE( '', *, *, #2697, .F. );
#1712 = ORIENTED_EDGE( '', *, *, #2698, .F. );
#1713 = ORIENTED_EDGE( '', *, *, #2699, .T. );
#1714 = CARTESIAN_POINT( '', ( 4.40500000000000, -3.50000000000000, 1.20000000000000 ) );
#1715 = DIRECTION( '', ( 1.00000000000000, -0.000000000000000, -0.000000000000000 ) );
#1716 = DIRECTION( '', ( 0.000000000000000, 0.000000000000000, 1.00000000000000 ) );
#1717 = SURFACE_STYLE_FILL_AREA( #2700 );
#1718 = ORIENTED_EDGE( '', *, *, #2659, .T. );
#1719 = ORIENTED_EDGE( '', *, *, #2701, .F. );
#1720 = ORIENTED_EDGE( '', *, *, #2486, .T. );
#1721 = ORIENTED_EDGE( '', *, *, #2702, .F. );
#1722 = CARTESIAN_POINT( '', ( 0.400000000000000, -0.200000000000000, -5.70000000000000 ) );
#1723 = DIRECTION( '', ( 0.000000000000000, -0.966234939601246, -0.257662650560333 ) );
#1724 = DIRECTION( '', ( 1.00000000000000, 0.000000000000000, 0.000000000000000 ) );
#1725 = SURFACE_STYLE_FILL_AREA( #2703 );
#1726 = ORIENTED_EDGE( '', *, *, #2542, .T. );
#1727 = ORIENTED_EDGE( '', *, *, #2704, .F. );
#1728 = ORIENTED_EDGE( '', *, *, #2705, .F. );
#1729 = ORIENTED_EDGE( '', *, *, #2608, .T. );
#1730 = CARTESIAN_POINT( '', ( 4.25500000000000, 2.37500000000000, 4.60000000000000 ) );
#1731 = DIRECTION( '', ( 0.000000000000000, -1.00000000000000, 0.000000000000000 ) );
#1732 = DIRECTION( '', ( 0.000000000000000, 0.000000000000000, -1.00000000000000 ) );
#1733 = SURFACE_STYLE_FILL_AREA( #2706 );
#1734 = ORIENTED_EDGE( '', *, *, #2664, .T. );
#1735 = ORIENTED_EDGE( '', *, *, #2707, .F. );
#1736 = ORIENTED_EDGE( '', *, *, #2708, .F. );
#1737 = ORIENTED_EDGE( '', *, *, #2709, .T. );
#1738 = CARTESIAN_POINT( '', ( -4.25500000000000, 0.275000000000000, 2.37500000000000 ) );
#1739 = DIRECTION( '', ( 0.000000000000000, -1.00000000000000, 6.67201336914156E-017 ) );
#1740 = DIRECTION( '', ( 0.000000000000000, -6.67201336914156E-017, -1.00000000000000 ) );
#1741 = SURFACE_STYLE_FILL_AREA( #2710 );
#1742 = ORIENTED_EDGE( '', *, *, #2568, .T. );
#1743 = ORIENTED_EDGE( '', *, *, #2711, .F. );
#1744 = ORIENTED_EDGE( '', *, *, #2685, .T. );
#1745 = ORIENTED_EDGE( '', *, *, #2712, .F. );
#1746 = CARTESIAN_POINT( '', ( 0.200000000000000, -0.400000000000000, 5.70000000000000 ) );
#1747 = DIRECTION( '', ( -0.966234939601246, 0.000000000000000, -0.257662650560333 ) );
#1748 = DIRECTION( '', ( 0.000000000000000, 1.00000000000000, 0.000000000000000 ) );
#1749 = SURFACE_STYLE_FILL_AREA( #2713 );
#1750 = ORIENTED_EDGE( '', *, *, #2578, .F. );
#1751 = ORIENTED_EDGE( '', *, *, #2690, .F. );
#1752 = ORIENTED_EDGE( '', *, *, #2516, .F. );
#1753 = ORIENTED_EDGE( '', *, *, #2714, .F. );
#1754 = CARTESIAN_POINT( '', ( 1.90500000000000, -0.500000000000000, -4.50000000000000 ) );
#1755 = DIRECTION( '', ( 0.000000000000000, 1.00000000000000, 0.000000000000000 ) );
#1756 = DIRECTION( '', ( 0.000000000000000, 0.000000000000000, 1.00000000000000 ) );
#1757 = SURFACE_STYLE_FILL_AREA( #2715 );
#1758 = ORIENTED_EDGE( '', *, *, #2716, .F. );
#1759 = ORIENTED_EDGE( '', *, *, #2596, .T. );
#1760 = ORIENTED_EDGE( '', *, *, #2654, .T. );
#1761 = ORIENTED_EDGE( '', *, *, #2717, .T. );
#1762 = ORIENTED_EDGE( '', *, *, #2718, .T. );
#1763 = ORIENTED_EDGE( '', *, *, #2633, .F. );
#1764 = ORIENTED_EDGE( '', *, *, #2719, .F. );
#1765 = ORIENTED_EDGE( '', *, *, #2720, .T. );
#1766 = CARTESIAN_POINT( '', ( -0.304999999999978, 2.90000000000000, -3.40000000000000 ) );
#1767 = DIRECTION( '', ( -1.00000000000000, 0.000000000000000, 0.000000000000000 ) );
#1768 = DIRECTION( '', ( 0.000000000000000, 0.000000000000000, 1.00000000000000 ) );
#1769 = SURFACE_STYLE_FILL_AREA( #2721 );
#1770 = ORIENTED_EDGE( '', *, *, #2621, .F. );
#1771 = ORIENTED_EDGE( '', *, *, #2722, .F. );
#1772 = ORIENTED_EDGE( '', *, *, #2723, .F. );
#1773 = ORIENTED_EDGE( '', *, *, #2724, .T. );
#1774 = ORIENTED_EDGE( '', *, *, #2725, .T. );
#1775 = CARTESIAN_POINT( '', ( 3.00500000000000, 2.90000000000000, -3.40000000000000 ) );
#1776 = DIRECTION( '', ( 0.000000000000000, -1.00000000000000, 0.000000000000000 ) );
#1777 = DIRECTION( '', ( 0.000000000000000, 0.000000000000000, -1.00000000000000 ) );
#1778 = SURFACE_STYLE_FILL_AREA( #2726 );
#1779 = ORIENTED_EDGE( '', *, *, #2494, .T. );
#1780 = ORIENTED_EDGE( '', *, *, #2548, .T. );
#1781 = CARTESIAN_POINT( '', ( 1.90500000000000, 0.700000000000000, -0.900000000000000 ) );
#1782 = DIRECTION( '', ( -0.000000000000000, -0.000000000000000, 1.00000000000000 ) );
#1783 = DIRECTION( '', ( -1.00000000000000, 0.000000000000000, 0.000000000000000 ) );
#1784 = SURFACE_STYLE_FILL_AREA( #2727 );
#1785 = ORIENTED_EDGE( '', *, *, #2501, .T. );
#1786 = ORIENTED_EDGE( '', *, *, #2636, .T. );
#1787 = ORIENTED_EDGE( '', *, *, #2728, .F. );
#1788 = ORIENTED_EDGE( '', *, *, #2436, .F. );
#1789 = CARTESIAN_POINT( '', ( 2.30500000000000, -11.1320231000364, -3.00000000000000 ) );
#1790 = DIRECTION( '', ( 0.000000000000000, 0.000000000000000, -1.00000000000000 ) );
#1791 = DIRECTION( '', ( -1.00000000000000, 0.000000000000000, 0.000000000000000 ) );
#1792 = SURFACE_STYLE_FILL_AREA( #2729 );
#1793 = ORIENTED_EDGE( '', *, *, #2484, .F. );
#1794 = ORIENTED_EDGE( '', *, *, #2730, .F. );
#1795 = ORIENTED_EDGE( '', *, *, #2657, .F. );
#1796 = ORIENTED_EDGE( '', *, *, #2731, .F. );
#1797 = CARTESIAN_POINT( '', ( 0.000000000000000, 0.400000000000000, -4.95000000000000 ) );
#1798 = DIRECTION( '', ( 0.000000000000000, -0.966234939601246, 0.257662650560333 ) );
#1799 = DIRECTION( '', ( -1.00000000000000, 0.000000000000000, 0.000000000000000 ) );
#1800 = SURFACE_STYLE_FILL_AREA( #2732 );
#1801 = ORIENTED_EDGE( '', *, *, #2733, .F. );
#1802 = ORIENTED_EDGE( '', *, *, #2734, .F. );
#1803 = ORIENTED_EDGE( '', *, *, #2597, .T. );
#1804 = ORIENTED_EDGE( '', *, *, #2716, .T. );
#1805 = CARTESIAN_POINT( '', ( -0.804999999999977, 1.10000000000000, -2.10000000000000 ) );
#1806 = DIRECTION( '', ( 0.000000000000000, 1.00000000000000, 0.000000000000000 ) );
#1807 = DIRECTION( '', ( 0.000000000000000, 0.000000000000000, 1.00000000000000 ) );
#1808 = SURFACE_STYLE_FILL_AREA( #2735 );
#1809 = ORIENTED_EDGE( '', *, *, #2736, .F. );
#1810 = ORIENTED_EDGE( '', *, *, #2519, .T. );
#1811 = ORIENTED_EDGE( '', *, *, #2503, .T. );
#1812 = ORIENTED_EDGE( '', *, *, #2643, .F. );
#1813 = CARTESIAN_POINT( '', ( 2.30500000000000, 0.300000000000000, -15.5320231000365 ) );
#1814 = DIRECTION( '', ( 0.000000000000000, 1.00000000000000, 0.000000000000000 ) );
#1815 = DIRECTION( '', ( 0.000000000000000, 0.000000000000000, 1.00000000000000 ) );
#1816 = SURFACE_STYLE_FILL_AREA( #2737 );
#1817 = ORIENTED_EDGE( '', *, *, #2457, .F. );
#1818 = ORIENTED_EDGE( '', *, *, #2738, .F. );
#1819 = ORIENTED_EDGE( '', *, *, #2556, .T. );
#1820 = ORIENTED_EDGE( '', *, *, #2676, .T. );
#1821 = CARTESIAN_POINT( '', ( 3.00500000000000, -1.00000000000000, -2.10000000000000 ) );
#1822 = DIRECTION( '', ( 1.00000000000000, 0.000000000000000, 0.000000000000000 ) );
#1823 = DIRECTION( '', ( 0.000000000000000, 0.000000000000000, -1.00000000000000 ) );
#1824 = SURFACE_STYLE_FILL_AREA( #2739 );
#1825 = ORIENTED_EDGE( '', *, *, #2618, .F. );
#1826 = ORIENTED_EDGE( '', *, *, #2740, .F. );
#1827 = ORIENTED_EDGE( '', *, *, #2462, .T. );
#1828 = ORIENTED_EDGE( '', *, *, #2741, .T. );
#1829 = CARTESIAN_POINT( '', ( 1.20500000000001, -1.50000000000000, -3.40000000000000 ) );
#1830 = DIRECTION( '', ( 0.000000000000000, 1.00000000000000, 0.000000000000000 ) );
#1831 = DIRECTION( '', ( 0.000000000000000, 0.000000000000000, 1.00000000000000 ) );
#1832 = SURFACE_STYLE_FILL_AREA( #2742 );
#1833 = ORIENTED_EDGE( '', *, *, #2456, .F. );
#1834 = ORIENTED_EDGE( '', *, *, #2743, .F. );
#1835 = ORIENTED_EDGE( '', *, *, #2557, .T. );
#1836 = ORIENTED_EDGE( '', *, *, #2738, .T. );
#1837 = CARTESIAN_POINT( '', ( 3.50500000000000, 0.300000000000000, -2.10000000000000 ) );
#1838 = DIRECTION( '', ( 0.000000000000000, -1.00000000000000, 0.000000000000000 ) );
#1839 = DIRECTION( '', ( 0.000000000000000, 0.000000000000000, -1.00000000000000 ) );
#1840 = SURFACE_STYLE_FILL_AREA( #2744 );
#1841 = ORIENTED_EDGE( '', *, *, #2663, .T. );
#1842 = ORIENTED_EDGE( '', *, *, #2745, .F. );
#1843 = ORIENTED_EDGE( '', *, *, #2746, .F. );
#1844 = ORIENTED_EDGE( '', *, *, #2707, .T. );
#1845 = CARTESIAN_POINT( '', ( -4.25500000000000, 0.275000000000000, 4.00000000000000 ) );
#1846 = DIRECTION( '', ( 0.000000000000000, 0.000000000000000, 1.00000000000000 ) );
#1847 = DIRECTION( '', ( 1.00000000000000, 0.000000000000000, 0.000000000000000 ) );
#1848 = SURFACE_STYLE_FILL_AREA( #2747 );
#1849 = ORIENTED_EDGE( '', *, *, #2748, .T. );
#1850 = ORIENTED_EDGE( '', *, *, #2749, .T. );
#1851 = ORIENTED_EDGE( '', *, *, #2750, .F. );
#1852 = ORIENTED_EDGE( '', *, *, #2680, .F. );
#1853 = CARTESIAN_POINT( '', ( -1.90500000000000, 6.85833333333326, -3.40000000000000 ) );
#1854 = DIRECTION( '', ( 0.000000000000000, 0.000000000000000, 1.00000000000000 ) );
#1855 = DIRECTION( '', ( 1.00000000000000, 0.000000000000000, 0.000000000000000 ) );
#1856 = SURFACE_STYLE_FILL_AREA( #2751 );
#1857 = ORIENTED_EDGE( '', *, *, #2588, .T. );
#1858 = ORIENTED_EDGE( '', *, *, #2752, .T. );
#1859 = ORIENTED_EDGE( '', *, *, #2631, .F. );
#1860 = ORIENTED_EDGE( '', *, *, #2753, .F. );
#1861 = CARTESIAN_POINT( '', ( -1.90500000000000, 6.85833333333326, -3.40000000000000 ) );
#1862 = DIRECTION( '', ( -0.000000000000000, -0.000000000000000, -1.00000000000000 ) );
#1863 = DIRECTION( '', ( 1.00000000000000, 0.000000000000000, 0.000000000000000 ) );
#1864 = SURFACE_STYLE_FILL_AREA( #2754 );
#1865 = ORIENTED_EDGE( '', *, *, #2755, .T. );
#1866 = ORIENTED_EDGE( '', *, *, #2756, .F. );
#1867 = ORIENTED_EDGE( '', *, *, #2757, .T. );
#1868 = ORIENTED_EDGE( '', *, *, #2758, .T. );
#1869 = ORIENTED_EDGE( '', *, *, #2759, .T. );
#1870 = ORIENTED_EDGE( '', *, *, #2760, .T. );
#1871 = CARTESIAN_POINT( '', ( -1.90500000000000, 3.40000000000000, -1.55000000000000 ) );
#1872 = DIRECTION( '', ( 0.000000000000000, -1.60812264967663E-016, 1.00000000000000 ) );
#1873 = DIRECTION( '', ( 0.000000000000000, -1.00000000000000, -1.60812264967663E-016 ) );
#1874 = SURFACE_STYLE_FILL_AREA( #2761 );
#1875 = ORIENTED_EDGE( '', *, *, #2666, .T. );
#1876 = ORIENTED_EDGE( '', *, *, #2651, .F. );
#1877 = ORIENTED_EDGE( '', *, *, #2762, .F. );
#1878 = ORIENTED_EDGE( '', *, *, #2763, .T. );
#1879 = CARTESIAN_POINT( '', ( -4.25500000000000, -2.37500000000000, 4.00000000000000 ) );
#1880 = DIRECTION( '', ( 0.000000000000000, 0.000000000000000, 1.00000000000000 ) );
#1881 = DIRECTION( '', ( 1.00000000000000, 0.000000000000000, 0.000000000000000 ) );
#1882 = SURFACE_STYLE_FILL_AREA( #2764 );
#1883 = ORIENTED_EDGE( '', *, *, #2630, .F. );
#1884 = ORIENTED_EDGE( '', *, *, #2681, .F. );
#1885 = ORIENTED_EDGE( '', *, *, #2750, .T. );
#1886 = ORIENTED_EDGE( '', *, *, #2765, .T. );
#1887 = ORIENTED_EDGE( '', *, *, #2753, .T. );
#1888 = CARTESIAN_POINT( '', ( -3.50500000000000, 2.90000000000000, -3.40000000000000 ) );
#1889 = DIRECTION( '', ( 0.000000000000000, -1.00000000000000, 0.000000000000000 ) );
#1890 = DIRECTION( '', ( 0.000000000000000, 0.000000000000000, -1.00000000000000 ) );
#1891 = SURFACE_STYLE_FILL_AREA( #2766 );
#1892 = ORIENTED_EDGE( '', *, *, #2615, .F. );
#1893 = ORIENTED_EDGE( '', *, *, #2767, .F. );
#1894 = ORIENTED_EDGE( '', *, *, #2451, .T. );
#1895 = ORIENTED_EDGE( '', *, *, #2585, .T. );
#1896 = CARTESIAN_POINT( '', ( 2.90500000000000, -2.10000000000000, -3.40000000000000 ) );
#1897 = DIRECTION( '', ( -0.832050294337838, -0.554700196225238, 0.000000000000000 ) );
#1898 = DIRECTION( '', ( 0.554700196225238, -0.832050294337838, 0.000000000000000 ) );
#1899 = SURFACE_STYLE_FILL_AREA( #2768 );
#1900 = ORIENTED_EDGE( '', *, *, #2769, .T. );
#1901 = ORIENTED_EDGE( '', *, *, #2770, .F. );
#1902 = ORIENTED_EDGE( '', *, *, #2771, .T. );
#1903 = ORIENTED_EDGE( '', *, *, #2772, .T. );
#1904 = ORIENTED_EDGE( '', *, *, #2773, .T. );
#1905 = ORIENTED_EDGE( '', *, *, #2774, .F. );
#1906 = ORIENTED_EDGE( '', *, *, #2775, .F. );
#1907 = ORIENTED_EDGE( '', *, *, #2468, .F. );
#1908 = CARTESIAN_POINT( '', ( -3.40500000000000, -0.500000000000000, -4.40000000000000 ) );
#1909 = DIRECTION( '', ( 0.000000000000000, -2.16840434497101E-016, -1.00000000000000 ) );
#1910 = DIRECTION( '', ( 0.000000000000000, 1.00000000000000, -2.16840434497101E-016 ) );
#1911 = SURFACE_STYLE_FILL_AREA( #2776 );
#1912 = ORIENTED_EDGE( '', *, *, #2546, .T. );
#1913 = ORIENTED_EDGE( '', *, *, #2491, .F. );
#1914 = ORIENTED_EDGE( '', *, *, #2777, .F. );
#1915 = ORIENTED_EDGE( '', *, *, #2778, .T. );
#1916 = CARTESIAN_POINT( '', ( 4.25500000000000, 0.275000000000000, 4.00000000000000 ) );
#1917 = DIRECTION( '', ( 0.000000000000000, -1.00000000000000, 6.67201336914156E-017 ) );
#1918 = DIRECTION( '', ( 0.000000000000000, -6.67201336914156E-017, -1.00000000000000 ) );
#1919 = SURFACE_STYLE_FILL_AREA( #2779 );
#1920 = ORIENTED_EDGE( '', *, *, #2728, .T. );
#1921 = ORIENTED_EDGE( '', *, *, #2640, .T. );
#1922 = ORIENTED_EDGE( '', *, *, #2520, .T. );
#1923 = ORIENTED_EDGE( '', *, *, #2736, .T. );
#1924 = ORIENTED_EDGE( '', *, *, #2642, .F. );
#1925 = ORIENTED_EDGE( '', *, *, #2437, .F. );
#1926 = CARTESIAN_POINT( '', ( 2.30500000000000, 1.10000000000000, -15.5320231000365 ) );
#1927 = DIRECTION( '', ( -1.00000000000000, 0.000000000000000, 0.000000000000000 ) );
#1928 = DIRECTION( '', ( 0.000000000000000, 0.000000000000000, 1.00000000000000 ) );
#1929 = SURFACE_STYLE_FILL_AREA( #2780 );
#1930 = ORIENTED_EDGE( '', *, *, #2632, .F. );
#1931 = ORIENTED_EDGE( '', *, *, #2752, .F. );
#1932 = ORIENTED_EDGE( '', *, *, #2781, .F. );
#1933 = ORIENTED_EDGE( '', *, *, #2782, .T. );
#1934 = ORIENTED_EDGE( '', *, *, #2719, .T. );
#1935 = CARTESIAN_POINT( '', ( -0.804999999999979, 2.90000000000000, -3.40000000000000 ) );
#1936 = DIRECTION( '', ( 0.000000000000000, -1.00000000000000, 0.000000000000000 ) );
#1937 = DIRECTION( '', ( 0.000000000000000, 0.000000000000000, -1.00000000000000 ) );
#1938 = SURFACE_STYLE_FILL_AREA( #2783 );
#1939 = ORIENTED_EDGE( '', *, *, #2784, .F. );
#1940 = ORIENTED_EDGE( '', *, *, #2723, .T. );
#1941 = ORIENTED_EDGE( '', *, *, #2560, .T. );
#1942 = ORIENTED_EDGE( '', *, *, #2693, .T. );
#1943 = CARTESIAN_POINT( '', ( 3.00500000000000, 2.90000000000000, -2.10000000000000 ) );
#1944 = DIRECTION( '', ( 1.00000000000000, 0.000000000000000, 0.000000000000000 ) );
#1945 = DIRECTION( '', ( 0.000000000000000, 0.000000000000000, -1.00000000000000 ) );
#1946 = SURFACE_STYLE_FILL_AREA( #2785 );
#1947 = ORIENTED_EDGE( '', *, *, #2459, .F. );
#1948 = ORIENTED_EDGE( '', *, *, #2675, .F. );
#1949 = ORIENTED_EDGE( '', *, *, #2554, .T. );
#1950 = ORIENTED_EDGE( '', *, *, #2786, .T. );
#1951 = CARTESIAN_POINT( '', ( 0.805000000000000, 0.300000000000000, -2.10000000000000 ) );
#1952 = DIRECTION( '', ( -1.00000000000000, 0.000000000000000, 0.000000000000000 ) );
#1953 = DIRECTION( '', ( 0.000000000000000, 0.000000000000000, 1.00000000000000 ) );
#1954 = SURFACE_STYLE_FILL_AREA( #2787 );
#1955 = ORIENTED_EDGE( '', *, *, #2660, .T. );
#1956 = ORIENTED_EDGE( '', *, *, #2702, .T. );
#1957 = ORIENTED_EDGE( '', *, *, #2485, .T. );
#1958 = ORIENTED_EDGE( '', *, *, #2731, .T. );
#1959 = CARTESIAN_POINT( '', ( 0.400000000000000, -0.400000000000000, -5.70000000000000 ) );
#1960 = DIRECTION( '', ( 0.000000000000000, 0.000000000000000, -1.00000000000000 ) );
#1961 = DIRECTION( '', ( -1.00000000000000, 0.000000000000000, 0.000000000000000 ) );
#1962 = SURFACE_STYLE_FILL_AREA( #2788 );
#1963 = ORIENTED_EDGE( '', *, *, #2549, .T. );
#1964 = ORIENTED_EDGE( '', *, *, #2722, .T. );
#1965 = ORIENTED_EDGE( '', *, *, #2620, .F. );
#1966 = ORIENTED_EDGE( '', *, *, #2482, .F. );
#1967 = CARTESIAN_POINT( '', ( 1.90500000000000, 6.85833333333326, -3.40000000000000 ) );
#1968 = DIRECTION( '', ( -0.000000000000000, -0.000000000000000, -1.00000000000000 ) );
#1969 = DIRECTION( '', ( 1.00000000000000, 0.000000000000000, 0.000000000000000 ) );
#1970 = SURFACE_STYLE_FILL_AREA( #2789 );
#1971 = ORIENTED_EDGE( '', *, *, #2627, .F. );
#1972 = ORIENTED_EDGE( '', *, *, #2790, .F. );
#1973 = ORIENTED_EDGE( '', *, *, #2791, .T. );
#1974 = ORIENTED_EDGE( '', *, *, #2669, .T. );
#1975 = CARTESIAN_POINT( '', ( -2.60500000000000, -2.10000000000000, -3.40000000000000 ) );
#1976 = DIRECTION( '', ( 1.00000000000000, 0.000000000000000, 0.000000000000000 ) );
#1977 = DIRECTION( '', ( 0.000000000000000, 0.000000000000000, -1.00000000000000 ) );
#1978 = SURFACE_STYLE_FILL_AREA( #2792 );
#1979 = ORIENTED_EDGE( '', *, *, #2793, .F. );
#1980 = ORIENTED_EDGE( '', *, *, #2552, .T. );
#1981 = ORIENTED_EDGE( '', *, *, #2794, .T. );
#1982 = ORIENTED_EDGE( '', *, *, #2795, .T. );
#1983 = ORIENTED_EDGE( '', *, *, #2479, .T. );
#1984 = ORIENTED_EDGE( '', *, *, #2619, .F. );
#1985 = ORIENTED_EDGE( '', *, *, #2741, .F. );
#1986 = ORIENTED_EDGE( '', *, *, #2461, .T. );
#1987 = CARTESIAN_POINT( '', ( 0.304999999999993, -1.50000000000000, -3.40000000000000 ) );
#1988 = DIRECTION( '', ( 1.00000000000000, -1.57702134179710E-015, 0.000000000000000 ) );
#1989 = DIRECTION( '', ( 1.57702134179710E-015, 1.00000000000000, 0.000000000000000 ) );
#1990 = SURFACE_STYLE_FILL_AREA( #2796 );
#1991 = ORIENTED_EDGE( '', *, *, #2634, .F. );
#1992 = ORIENTED_EDGE( '', *, *, #2718, .F. );
#1993 = ORIENTED_EDGE( '', *, *, #2797, .T. );
#1994 = ORIENTED_EDGE( '', *, *, #2510, .T. );
#1995 = CARTESIAN_POINT( '', ( -0.304999999999978, -1.50000000000000, -3.40000000000000 ) );
#1996 = DIRECTION( '', ( 0.000000000000000, 1.00000000000000, 0.000000000000000 ) );
#1997 = DIRECTION( '', ( 0.000000000000000, 0.000000000000000, 1.00000000000000 ) );
#1998 = SURFACE_STYLE_FILL_AREA( #2798 );
#1999 = ORIENTED_EDGE( '', *, *, #2799, .F. );
#2000 = ORIENTED_EDGE( '', *, *, #2800, .F. );
#2001 = ORIENTED_EDGE( '', *, *, #2773, .F. );
#2002 = ORIENTED_EDGE( '', *, *, #2801, .T. );
#2003 = ORIENTED_EDGE( '', *, *, #2759, .F. );
#2004 = ORIENTED_EDGE( '', *, *, #2802, .F. );
#2005 = ORIENTED_EDGE( '', *, *, #2769, .F. );
#2006 = ORIENTED_EDGE( '', *, *, #2467, .F. );
#2007 = CARTESIAN_POINT( '', ( -3.40500000000000, 3.30000000000000, -4.60000000000000 ) );
#2008 = DIRECTION( '', ( 0.000000000000000, 1.00000000000000, 0.000000000000000 ) );
#2009 = DIRECTION( '', ( 0.000000000000000, 0.000000000000000, 1.00000000000000 ) );
#2010 = SURFACE_STYLE_FILL_AREA( #2803 );
#2011 = ORIENTED_EDGE( '', *, *, #2662, .T. );
#2012 = ORIENTED_EDGE( '', *, *, #2612, .F. );
#2013 = ORIENTED_EDGE( '', *, *, #2804, .F. );
#2014 = ORIENTED_EDGE( '', *, *, #2745, .T. );
#2015 = CARTESIAN_POINT( '', ( -4.25500000000000, 2.37500000000000, 4.00000000000000 ) );
#2016 = DIRECTION( '', ( 0.000000000000000, -1.00000000000000, 0.000000000000000 ) );
#2017 = DIRECTION( '', ( 0.000000000000000, 0.000000000000000, -1.00000000000000 ) );
#2018 = SURFACE_STYLE_FILL_AREA( #2805 );
#2019 = ORIENTED_EDGE( '', *, *, #2756, .T. );
#2020 = ORIENTED_EDGE( '', *, *, #2806, .F. );
#2021 = ORIENTED_EDGE( '', *, *, #2534, .F. );
#2022 = ORIENTED_EDGE( '', *, *, #2807, .T. );
#2023 = CARTESIAN_POINT( '', ( -1.90500000000000, 8.01058823529426, 4.10000000000000 ) );
#2024 = DIRECTION( '', ( -0.000000000000000, -1.60812264967663E-016, 1.00000000000000 ) );
#2025 = DIRECTION( '', ( 0.000000000000000, 1.00000000000000, 1.60812264967663E-016 ) );
#2026 = SURFACE_STYLE_FILL_AREA( #2808 );
#2027 = ORIENTED_EDGE( '', *, *, #2809, .F. );
#2028 = ORIENTED_EDGE( '', *, *, #2810, .F. );
#2029 = ORIENTED_EDGE( '', *, *, #2550, .T. );
#2030 = ORIENTED_EDGE( '', *, *, #2481, .F. );
#2031 = CARTESIAN_POINT( '', ( 0.805000000000000, 2.90000000000000, -2.10000000000000 ) );
#2032 = DIRECTION( '', ( -1.00000000000000, 0.000000000000000, 0.000000000000000 ) );
#2033 = DIRECTION( '', ( 0.000000000000000, 0.000000000000000, 1.00000000000000 ) );
#2034 = SURFACE_STYLE_FILL_AREA( #2811 );
#2035 = ORIENTED_EDGE( '', *, *, #2770, .T. );
#2036 = ORIENTED_EDGE( '', *, *, #2802, .T. );
#2037 = ORIENTED_EDGE( '', *, *, #2758, .F. );
#2038 = ORIENTED_EDGE( '', *, *, #2812, .F. );
#2039 = ORIENTED_EDGE( '', *, *, #2575, .F. );
#2040 = ORIENTED_EDGE( '', *, *, #2813, .T. );
#2041 = CARTESIAN_POINT( '', ( -0.404999999999995, -0.500000000000000, -4.40000000000000 ) );
#2042 = DIRECTION( '', ( -1.00000000000000, 0.000000000000000, 0.000000000000000 ) );
#2043 = DIRECTION( '', ( 0.000000000000000, 0.000000000000000, 1.00000000000000 ) );
#2044 = SURFACE_STYLE_FILL_AREA( #2814 );
#2045 = ORIENTED_EDGE( '', *, *, #2815, .T. );
#2046 = ORIENTED_EDGE( '', *, *, #2604, .T. );
#2047 = ORIENTED_EDGE( '', *, *, #2816, .T. );
#2048 = ORIENTED_EDGE( '', *, *, #2762, .T. );
#2049 = ORIENTED_EDGE( '', *, *, #2650, .T. );
#2050 = ORIENTED_EDGE( '', *, *, #2817, .T. );
#2051 = ORIENTED_EDGE( '', *, *, #2708, .T. );
#2052 = ORIENTED_EDGE( '', *, *, #2746, .T. );
#2053 = ORIENTED_EDGE( '', *, *, #2804, .T. );
#2054 = ORIENTED_EDGE( '', *, *, #2611, .T. );
#2055 = ORIENTED_EDGE( '', *, *, #2818, .T. );
#2056 = ORIENTED_EDGE( '', *, *, #2571, .T. );
#2057 = ORIENTED_EDGE( '', *, *, #2819, .T. );
#2058 = ORIENTED_EDGE( '', *, *, #2696, .T. );
#2059 = CARTESIAN_POINT( '', ( -4.25500000000000, -1.89735380184964E-016, 2.37500000000000 ) );
#2060 = DIRECTION( '', ( 1.00000000000000, 0.000000000000000, 0.000000000000000 ) );
#2061 = DIRECTION( '', ( 0.000000000000000, 0.000000000000000, -1.00000000000000 ) );
#2062 = SURFACE_STYLE_FILL_AREA( #2820 );
#2063 = ORIENTED_EDGE( '', *, *, #2818, .F. );
#2064 = ORIENTED_EDGE( '', *, *, #2610, .F. );
#2065 = ORIENTED_EDGE( '', *, *, #2821, .F. );
#2066 = ORIENTED_EDGE( '', *, *, #2580, .T. );
#2067 = ORIENTED_EDGE( '', *, *, #2822, .T. );
#2068 = ORIENTED_EDGE( '', *, *, #2823, .F. );
#2069 = ORIENTED_EDGE( '', *, *, #2528, .F. );
#2070 = ORIENTED_EDGE( '', *, *, #2496, .F. );
#2071 = ORIENTED_EDGE( '', *, *, #2527, .T. );
#2072 = ORIENTED_EDGE( '', *, *, #2824, .F. );
#2073 = ORIENTED_EDGE( '', *, *, #2688, .F. );
#2074 = ORIENTED_EDGE( '', *, *, #2576, .T. );
#2075 = ORIENTED_EDGE( '', *, *, #2812, .T. );
#2076 = ORIENTED_EDGE( '', *, *, #2757, .F. );
#2077 = ORIENTED_EDGE( '', *, *, #2807, .F. );
#2078 = ORIENTED_EDGE( '', *, *, #2533, .F. );
#2079 = ORIENTED_EDGE( '', *, *, #2806, .T. );
#2080 = ORIENTED_EDGE( '', *, *, #2755, .F. );
#2081 = ORIENTED_EDGE( '', *, *, #2825, .F. );
#2082 = ORIENTED_EDGE( '', *, *, #2572, .T. );
#2083 = CARTESIAN_POINT( '', ( 4.40500000000000, 3.50000000000000, 4.60000000000000 ) );
#2084 = DIRECTION( '', ( 0.000000000000000, 1.00000000000000, 0.000000000000000 ) );
#2085 = DIRECTION( '', ( 0.000000000000000, 0.000000000000000, 1.00000000000000 ) );
#2086 = SURFACE_STYLE_FILL_AREA( #2826 );
#2087 = ORIENTED_EDGE( '', *, *, #2624, .F. );
#2088 = ORIENTED_EDGE( '', *, *, #2646, .F. );
#2089 = ORIENTED_EDGE( '', *, *, #2453, .T. );
#2090 = ORIENTED_EDGE( '', *, *, #2827, .T. );
#2091 = CARTESIAN_POINT( '', ( 2.60500000000000, -1.50000000000000, -3.40000000000000 ) );
#2092 = DIRECTION( '', ( -1.00000000000000, -1.15648231731786E-014, 0.000000000000000 ) );
#2093 = DIRECTION( '', ( 1.15648231731786E-014, -1.00000000000000, 0.000000000000000 ) );
#2094 = SURFACE_STYLE_FILL_AREA( #2828 );
#2095 = ORIENTED_EDGE( '', *, *, #2829, .T. );
#2096 = ORIENTED_EDGE( '', *, *, #2809, .T. );
#2097 = ORIENTED_EDGE( '', *, *, #2480, .F. );
#2098 = ORIENTED_EDGE( '', *, *, #2795, .F. );
#2099 = CARTESIAN_POINT( '', ( 1.90500000000000, 6.85833333333326, -3.40000000000000 ) );
#2100 = DIRECTION( '', ( 0.000000000000000, 0.000000000000000, 1.00000000000000 ) );
#2101 = DIRECTION( '', ( 1.00000000000000, 0.000000000000000, 0.000000000000000 ) );
#2102 = SURFACE_STYLE_FILL_AREA( #2830 );
#2103 = ORIENTED_EDGE( '', *, *, #2831, .T. );
#2104 = ORIENTED_EDGE( '', *, *, #2832, .F. );
#2105 = ORIENTED_EDGE( '', *, *, #2833, .F. );
#2106 = ORIENTED_EDGE( '', *, *, #2593, .T. );
#2107 = CARTESIAN_POINT( '', ( -3.00500000000000, -1.00000000000000, -2.10000000000000 ) );
#2108 = DIRECTION( '', ( 0.000000000000000, -1.00000000000000, 0.000000000000000 ) );
#2109 = DIRECTION( '', ( 0.000000000000000, 0.000000000000000, -1.00000000000000 ) );
#2110 = SURFACE_STYLE_FILL_AREA( #2834 );
#2111 = ORIENTED_EDGE( '', *, *, #2819, .F. );
#2112 = ORIENTED_EDGE( '', *, *, #2582, .F. );
#2113 = ORIENTED_EDGE( '', *, *, #2835, .F. );
#2114 = ORIENTED_EDGE( '', *, *, #2697, .T. );
#2115 = CARTESIAN_POINT( '', ( 4.40500000000000, -3.50000000000000, -4.60000000000000 ) );
#2116 = DIRECTION( '', ( 0.000000000000000, -1.00000000000000, 0.000000000000000 ) );
#2117 = DIRECTION( '', ( 0.000000000000000, 0.000000000000000, -1.00000000000000 ) );
#2118 = SURFACE_STYLE_FILL_AREA( #2836 );
#2119 = ORIENTED_EDGE( '', *, *, #2784, .T. );
#2120 = ORIENTED_EDGE( '', *, *, #2692, .T. );
#2121 = ORIENTED_EDGE( '', *, *, #2837, .F. );
#2122 = ORIENTED_EDGE( '', *, *, #2724, .F. );
#2123 = CARTESIAN_POINT( '', ( 1.90500000000000, 6.85833333333326, -3.40000000000000 ) );
#2124 = DIRECTION( '', ( 0.000000000000000, 0.000000000000000, 1.00000000000000 ) );
#2125 = DIRECTION( '', ( 1.00000000000000, 0.000000000000000, 0.000000000000000 ) );
#2126 = SURFACE_STYLE_FILL_AREA( #2838 );
#2127 = ORIENTED_EDGE( '', *, *, #2625, .F. );
#2128 = ORIENTED_EDGE( '', *, *, #2446, .F. );
#2129 = ORIENTED_EDGE( '', *, *, #2839, .T. );
#2130 = ORIENTED_EDGE( '', *, *, #2840, .T. );
#2131 = CARTESIAN_POINT( '', ( -3.50500000000000, -3.00000000000000, -3.40000000000000 ) );
#2132 = DIRECTION( '', ( 0.832050294337839, -0.554700196225236, 0.000000000000000 ) );
#2133 = DIRECTION( '', ( 0.554700196225236, 0.832050294337839, 0.000000000000000 ) );
#2134 = SURFACE_STYLE_FILL_AREA( #2841 );
#2135 = ORIENTED_EDGE( '', *, *, #2842, .T. );
#2136 = ORIENTED_EDGE( '', *, *, #2698, .T. );
#2137 = ORIENTED_EDGE( '', *, *, #2835, .T. );
#2138 = ORIENTED_EDGE( '', *, *, #2581, .T. );
#2139 = ORIENTED_EDGE( '', *, *, #2821, .T. );
#2140 = ORIENTED_EDGE( '', *, *, #2609, .T. );
#2141 = ORIENTED_EDGE( '', *, *, #2705, .T. );
#2142 = ORIENTED_EDGE( '', *, *, #2843, .T. );
#2143 = ORIENTED_EDGE( '', *, *, #2777, .T. );
#2144 = ORIENTED_EDGE( '', *, *, #2490, .T. );
#2145 = ORIENTED_EDGE( '', *, *, #2844, .T. );
#2146 = ORIENTED_EDGE( '', *, *, #2538, .T. );
#2147 = ORIENTED_EDGE( '', *, *, #2673, .T. );
#2148 = ORIENTED_EDGE( '', *, *, #2606, .T. );
#2149 = CARTESIAN_POINT( '', ( 4.25500000000000, -1.89735380184964E-016, 2.37500000000000 ) );
#2150 = DIRECTION( '', ( -1.00000000000000, 0.000000000000000, 0.000000000000000 ) );
#2151 = DIRECTION( '', ( 0.000000000000000, 0.000000000000000, 1.00000000000000 ) );
#2152 = SURFACE_STYLE_FILL_AREA( #2845 );
#2153 = ORIENTED_EDGE( '', *, *, #2460, .F. );
#2154 = ORIENTED_EDGE( '', *, *, #2786, .F. );
#2155 = ORIENTED_EDGE( '', *, *, #2553, .T. );
#2156 = ORIENTED_EDGE( '', *, *, #2793, .T. );
#2157 = CARTESIAN_POINT( '', ( 0.305000000000000, 0.300000000000000, -2.10000000000000 ) );
#2158 = DIRECTION( '', ( 0.000000000000000, -1.00000000000000, 0.000000000000000 ) );
#2159 = DIRECTION( '', ( 0.000000000000000, 0.000000000000000, -1.00000000000000 ) );
#2160 = SURFACE_STYLE_FILL_AREA( #2846 );
#2161 = ORIENTED_EDGE( '', *, *, #2847, .T. );
#2162 = ORIENTED_EDGE( '', *, *, #2799, .T. );
#2163 = ORIENTED_EDGE( '', *, *, #2466, .F. );
#2164 = ORIENTED_EDGE( '', *, *, #2848, .F. );
#2165 = CARTESIAN_POINT( '', ( -1.50500000000000, -11.1321386327448, -3.00000000000000 ) );
#2166 = DIRECTION( '', ( 0.000000000000000, 0.000000000000000, -1.00000000000000 ) );
#2167 = DIRECTION( '', ( -1.00000000000000, 0.000000000000000, 0.000000000000000 ) );
#2168 = SURFACE_STYLE_FILL_AREA( #2849 );
#2169 = ORIENTED_EDGE( '', *, *, #2850, .T. );
#2170 = ORIENTED_EDGE( '', *, *, #2733, .T. );
#2171 = ORIENTED_EDGE( '', *, *, #2720, .F. );
#2172 = ORIENTED_EDGE( '', *, *, #2782, .F. );
#2173 = CARTESIAN_POINT( '', ( -1.90500000000000, 6.85833333333326, -3.40000000000000 ) );
#2174 = DIRECTION( '', ( 0.000000000000000, 0.000000000000000, 1.00000000000000 ) );
#2175 = DIRECTION( '', ( 1.00000000000000, 0.000000000000000, 0.000000000000000 ) );
#2176 = SURFACE_STYLE_FILL_AREA( #2851 );
#2177 = ORIENTED_EDGE( '', *, *, #2748, .F. );
#2178 = ORIENTED_EDGE( '', *, *, #2679, .F. );
#2179 = ORIENTED_EDGE( '', *, *, #2590, .T. );
#2180 = ORIENTED_EDGE( '', *, *, #2852, .T. );
#2181 = CARTESIAN_POINT( '', ( -3.00500000000000, 1.10000000000000, -2.10000000000000 ) );
#2182 = DIRECTION( '', ( 0.000000000000000, 1.00000000000000, 0.000000000000000 ) );
#2183 = DIRECTION( '', ( 0.000000000000000, 0.000000000000000, 1.00000000000000 ) );
#2184 = SURFACE_STYLE_FILL_AREA( #2853 );
#2185 = ORIENTED_EDGE( '', *, *, #2824, .T. );
#2186 = ORIENTED_EDGE( '', *, *, #2526, .F. );
#2187 = ORIENTED_EDGE( '', *, *, #2823, .T. );
#2188 = ORIENTED_EDGE( '', *, *, #2854, .T. );
#2189 = ORIENTED_EDGE( '', *, *, #2638, .T. );
#2190 = ORIENTED_EDGE( '', *, *, #2689, .T. );
#2191 = CARTESIAN_POINT( '', ( 1.90500000000000, 3.40000000000000, -1.55000000000000 ) );
#2192 = DIRECTION( '', ( 0.000000000000000, -1.60812264967663E-016, 1.00000000000000 ) );
#2193 = DIRECTION( '', ( 0.000000000000000, -1.00000000000000, -1.60812264967663E-016 ) );
#2194 = SURFACE_STYLE_FILL_AREA( #2855 );
#2195 = ORIENTED_EDGE( '', *, *, #2573, .T. );
#2196 = ORIENTED_EDGE( '', *, *, #2825, .T. );
#2197 = ORIENTED_EDGE( '', *, *, #2760, .F. );
#2198 = ORIENTED_EDGE( '', *, *, #2801, .F. );
#2199 = ORIENTED_EDGE( '', *, *, #2772, .F. );
#2200 = ORIENTED_EDGE( '', *, *, #2856, .T. );
#2201 = CARTESIAN_POINT( '', ( -3.40500000000000, -0.500000000000000, -4.60000000000000 ) );
#2202 = DIRECTION( '', ( 1.00000000000000, 0.000000000000000, 0.000000000000000 ) );
#2203 = DIRECTION( '', ( 0.000000000000000, 0.000000000000000, -1.00000000000000 ) );
#2204 = SURFACE_STYLE_FILL_AREA( #2857 );
#2205 = ORIENTED_EDGE( '', *, *, #2839, .F. );
#2206 = ORIENTED_EDGE( '', *, *, #2445, .F. );
#2207 = ORIENTED_EDGE( '', *, *, #2507, .F. );
#2208 = ORIENTED_EDGE( '', *, *, #2601, .F. );
#2209 = ORIENTED_EDGE( '', *, *, #2511, .F. );
#2210 = ORIENTED_EDGE( '', *, *, #2797, .F. );
#2211 = ORIENTED_EDGE( '', *, *, #2717, .F. );
#2212 = ORIENTED_EDGE( '', *, *, #2653, .T. );
#2213 = ORIENTED_EDGE( '', *, *, #2858, .T. );
#2214 = ORIENTED_EDGE( '', *, *, #2832, .T. );
#2215 = ORIENTED_EDGE( '', *, *, #2859, .T. );
#2216 = ORIENTED_EDGE( '', *, *, #2562, .T. );
#2217 = ORIENTED_EDGE( '', *, *, #2682, .F. );
#2218 = ORIENTED_EDGE( '', *, *, #2670, .F. );
#2219 = ORIENTED_EDGE( '', *, *, #2791, .F. );
#2220 = ORIENTED_EDGE( '', *, *, #2860, .F. );
#2221 = CARTESIAN_POINT( '', ( -1.90500000000000, 6.85833333333326, -3.40000000000000 ) );
#2222 = DIRECTION( '', ( 0.000000000000000, 0.000000000000000, 1.00000000000000 ) );
#2223 = DIRECTION( '', ( 1.00000000000000, 0.000000000000000, 0.000000000000000 ) );
#2224 = SURFACE_STYLE_FILL_AREA( #2861 );
#2225 = ORIENTED_EDGE( '', *, *, #2815, .F. );
#2226 = ORIENTED_EDGE( '', *, *, #2699, .F. );
#2227 = ORIENTED_EDGE( '', *, *, #2842, .F. );
#2228 = ORIENTED_EDGE( '', *, *, #2605, .T. );
#2229 = CARTESIAN_POINT( '', ( 4.40500000000000, -3.50000000000000, 1.40000000000000 ) );
#2230 = DIRECTION( '', ( 0.000000000000000, -1.00000000000000, 0.000000000000000 ) );
#2231 = DIRECTION( '', ( 0.000000000000000, 0.000000000000000, -1.00000000000000 ) );
#2232 = SURFACE_STYLE_FILL_AREA( #2862 );
#2233 = ORIENTED_EDGE( '', *, *, #2694, .F. );
#2234 = ORIENTED_EDGE( '', *, *, #2558, .T. );
#2235 = ORIENTED_EDGE( '', *, *, #2743, .T. );
#2236 = ORIENTED_EDGE( '', *, *, #2455, .T. );
#2237 = ORIENTED_EDGE( '', *, *, #2645, .T. );
#2238 = ORIENTED_EDGE( '', *, *, #2622, .F. );
#2239 = ORIENTED_EDGE( '', *, *, #2725, .F. );
#2240 = ORIENTED_EDGE( '', *, *, #2837, .T. );
#2241 = CARTESIAN_POINT( '', ( 3.50500000000000, 2.90000000000000, -3.40000000000000 ) );
#2242 = DIRECTION( '', ( -1.00000000000000, 0.000000000000000, 0.000000000000000 ) );
#2243 = DIRECTION( '', ( 0.000000000000000, 0.000000000000000, 1.00000000000000 ) );
#2244 = SURFACE_STYLE_FILL_AREA( #2863 );
#2245 = ORIENTED_EDGE( '', *, *, #2569, .T. );
#2246 = ORIENTED_EDGE( '', *, *, #2712, .T. );
#2247 = ORIENTED_EDGE( '', *, *, #2684, .T. );
#2248 = ORIENTED_EDGE( '', *, *, #2524, .T. );
#2249 = CARTESIAN_POINT( '', ( -0.400000000000000, -0.400000000000000, 5.70000000000000 ) );
#2250 = DIRECTION( '', ( 0.000000000000000, 0.000000000000000, 1.00000000000000 ) );
#2251 = DIRECTION( '', ( 1.00000000000000, 0.000000000000000, 0.000000000000000 ) );
#2252 = SURFACE_STYLE_FILL_AREA( #2864 );
#2253 = ORIENTED_EDGE( '', *, *, #2626, .F. );
#2254 = ORIENTED_EDGE( '', *, *, #2840, .F. );
#2255 = ORIENTED_EDGE( '', *, *, #2860, .T. );
#2256 = ORIENTED_EDGE( '', *, *, #2790, .T. );
#2257 = CARTESIAN_POINT( '', ( -2.90500000000000, -2.10000000000000, -3.40000000000000 ) );
#2258 = DIRECTION( '', ( -1.59016318631207E-014, -1.00000000000000, 0.000000000000000 ) );
#2259 = DIRECTION( '', ( 1.00000000000000, -1.59016318631206E-014, 0.000000000000000 ) );
#2260 = SURFACE_STYLE_FILL_AREA( #2865 );
#2261 = ORIENTED_EDGE( '', *, *, #2866, .F. );
#2262 = ORIENTED_EDGE( '', *, *, #2848, .T. );
#2263 = ORIENTED_EDGE( '', *, *, #2471, .T. );
#2264 = ORIENTED_EDGE( '', *, *, #2867, .F. );
#2265 = CARTESIAN_POINT( '', ( -2.30500000000000, 1.10000000000000, -15.5321386327448 ) );
#2266 = DIRECTION( '', ( 0.000000000000000, -1.00000000000000, 0.000000000000000 ) );
#2267 = DIRECTION( '', ( 0.000000000000000, 0.000000000000000, -1.00000000000000 ) );
#2268 = SURFACE_STYLE_FILL_AREA( #2868 );
#2269 = ORIENTED_EDGE( '', *, *, #2667, .T. );
#2270 = ORIENTED_EDGE( '', *, *, #2763, .F. );
#2271 = ORIENTED_EDGE( '', *, *, #2816, .F. );
#2272 = ORIENTED_EDGE( '', *, *, #2603, .T. );
#2273 = CARTESIAN_POINT( '', ( -4.25500000000000, -2.37500000000000, 4.60000000000000 ) );
#2274 = DIRECTION( '', ( 0.000000000000000, 1.00000000000000, 0.000000000000000 ) );
#2275 = DIRECTION( '', ( 0.000000000000000, 0.000000000000000, 1.00000000000000 ) );
#2276 = SURFACE_STYLE_FILL_AREA( #2869 );
#2277 = ORIENTED_EDGE( '', *, *, #2574, .F. );
#2278 = ORIENTED_EDGE( '', *, *, #2856, .F. );
#2279 = ORIENTED_EDGE( '', *, *, #2771, .F. );
#2280 = ORIENTED_EDGE( '', *, *, #2813, .F. );
#2281 = CARTESIAN_POINT( '', ( -1.90500000000000, -0.500000000000000, -4.50000000000000 ) );
#2282 = DIRECTION( '', ( 0.000000000000000, 1.00000000000000, 0.000000000000000 ) );
#2283 = DIRECTION( '', ( 0.000000000000000, 0.000000000000000, 1.00000000000000 ) );
#2284 = SURFACE_STYLE_FILL_AREA( #2870 );
#2285 = ORIENTED_EDGE( '', *, *, #2859, .F. );
#2286 = ORIENTED_EDGE( '', *, *, #2831, .F. );
#2287 = ORIENTED_EDGE( '', *, *, #2592, .T. );
#2288 = ORIENTED_EDGE( '', *, *, #2563, .T. );
#2289 = CARTESIAN_POINT( '', ( -3.00500000000000, 0.300000000000000, -2.10000000000000 ) );
#2290 = DIRECTION( '', ( -1.00000000000000, 0.000000000000000, 0.000000000000000 ) );
#2291 = DIRECTION( '', ( 0.000000000000000, 0.000000000000000, 1.00000000000000 ) );
#2292 = SURFACE_STYLE_FILL_AREA( #2871 );
#2293 = ORIENTED_EDGE( '', *, *, #2872, .T. );
#2294 = ORIENTED_EDGE( '', *, *, #2658, .T. );
#2295 = ORIENTED_EDGE( '', *, *, #2873, .F. );
#2296 = ORIENTED_EDGE( '', *, *, #2711, .T. );
#2297 = CARTESIAN_POINT( '', ( 0.400000000000000, -0.400000000000000, 5.70000000000000 ) );
#2298 = DIRECTION( '', ( 1.00000000000000, 0.000000000000000, 2.47274179689676E-016 ) );
#2299 = DIRECTION( '', ( 2.47274179689676E-016, 0.000000000000000, -1.00000000000000 ) );
#2300 = SURFACE_STYLE_FILL_AREA( #2874 );
#2301 = ORIENTED_EDGE( '', *, *, #2829, .F. );
#2302 = ORIENTED_EDGE( '', *, *, #2794, .F. );
#2303 = ORIENTED_EDGE( '', *, *, #2551, .T. );
#2304 = ORIENTED_EDGE( '', *, *, #2810, .T. );
#2305 = CARTESIAN_POINT( '', ( 0.805000000000000, 1.10000000000000, -2.10000000000000 ) );
#2306 = DIRECTION( '', ( 0.000000000000000, 1.00000000000000, 0.000000000000000 ) );
#2307 = DIRECTION( '', ( 0.000000000000000, 0.000000000000000, 1.00000000000000 ) );
#2308 = SURFACE_STYLE_FILL_AREA( #2875 );
#2309 = ORIENTED_EDGE( '', *, *, #2616, .F. );
#2310 = ORIENTED_EDGE( '', *, *, #2443, .F. );
#2311 = ORIENTED_EDGE( '', *, *, #2464, .T. );
#2312 = ORIENTED_EDGE( '', *, *, #2876, .T. );
#2313 = CARTESIAN_POINT( '', ( 0.905000000000010, -2.10000000000000, -3.40000000000000 ) );
#2314 = DIRECTION( '', ( -1.59016318631207E-014, -1.00000000000000, 0.000000000000000 ) );
#2315 = DIRECTION( '', ( 1.00000000000000, -1.59016318631206E-014, 0.000000000000000 ) );
#2316 = SURFACE_STYLE_FILL_AREA( #2877 );
#2317 = ORIENTED_EDGE( '', *, *, #2614, .F. );
#2318 = ORIENTED_EDGE( '', *, *, #2827, .F. );
#2319 = ORIENTED_EDGE( '', *, *, #2452, .T. );
#2320 = ORIENTED_EDGE( '', *, *, #2767, .T. );
#2321 = CARTESIAN_POINT( '', ( 2.60500000000000, -2.10000000000000, -3.40000000000000 ) );
#2322 = DIRECTION( '', ( 0.000000000000000, -1.00000000000000, 0.000000000000000 ) );
#2323 = DIRECTION( '', ( 0.000000000000000, 0.000000000000000, -1.00000000000000 ) );
#2324 = SURFACE_STYLE_FILL_AREA( #2878 );
#2325 = ORIENTED_EDGE( '', *, *, #2617, .F. );
#2326 = ORIENTED_EDGE( '', *, *, #2876, .F. );
#2327 = ORIENTED_EDGE( '', *, *, #2463, .T. );
#2328 = ORIENTED_EDGE( '', *, *, #2740, .T. );
#2329 = CARTESIAN_POINT( '', ( 1.20500000000001, -2.10000000000000, -3.40000000000000 ) );
#2330 = DIRECTION( '', ( 1.00000000000000, 0.000000000000000, 0.000000000000000 ) );
#2331 = DIRECTION( '', ( 0.000000000000000, 0.000000000000000, -1.00000000000000 ) );
#2332 = SURFACE_STYLE_FILL_AREA( #2879 );
#2333 = ORIENTED_EDGE( '', *, *, #2850, .F. );
#2334 = ORIENTED_EDGE( '', *, *, #2781, .T. );
#2335 = ORIENTED_EDGE( '', *, *, #2598, .T. );
#2336 = ORIENTED_EDGE( '', *, *, #2734, .T. );
#2337 = CARTESIAN_POINT( '', ( -0.804999999999977, 2.90000000000000, -2.10000000000000 ) );
#2338 = DIRECTION( '', ( 1.00000000000000, 0.000000000000000, 0.000000000000000 ) );
#2339 = DIRECTION( '', ( 0.000000000000000, 0.000000000000000, -1.00000000000000 ) );
#2340 = SURFACE_STYLE_FILL_AREA( #2880 );
#2341 = ORIENTED_EDGE( '', *, *, #2530, .T. );
#2342 = ORIENTED_EDGE( '', *, *, #2470, .T. );
#2343 = ORIENTED_EDGE( '', *, *, #2881, .T. );
#2344 = ORIENTED_EDGE( '', *, *, #2882, .T. );
#2345 = ORIENTED_EDGE( '', *, *, #2867, .T. );
#2346 = CARTESIAN_POINT( '', ( -1.90500000000000, 0.700000000000000, -0.900000000000000 ) );
#2347 = DIRECTION( '', ( 0.000000000000000, 0.000000000000000, -1.00000000000000 ) );
#2348 = DIRECTION( '', ( -1.00000000000000, 0.000000000000000, 0.000000000000000 ) );
#2349 = SURFACE_STYLE_FILL_AREA( #2883 );
#2350 = ORIENTED_EDGE( '', *, *, #2873, .T. );
#2351 = ORIENTED_EDGE( '', *, *, #2730, .T. );
#2352 = ORIENTED_EDGE( '', *, *, #2473, .T. );
#2353 = ORIENTED_EDGE( '', *, *, #2686, .T. );
#2354 = CARTESIAN_POINT( '', ( 0.000000000000000, 0.400000000000000, 0.000000000000000 ) );
#2355 = DIRECTION( '', ( 0.000000000000000, 1.00000000000000, 0.000000000000000 ) );
#2356 = DIRECTION( '', ( 0.000000000000000, 0.000000000000000, 1.00000000000000 ) );
#2357 = SURFACE_STYLE_FILL_AREA( #2884 );
#2358 = ORIENTED_EDGE( '', *, *, #2469, .F. );
#2359 = ORIENTED_EDGE( '', *, *, #2775, .T. );
#2360 = ORIENTED_EDGE( '', *, *, #2885, .T. );
#2361 = ORIENTED_EDGE( '', *, *, #2881, .F. );
#2362 = CARTESIAN_POINT( '', ( -1.50500000000000, 0.300000000000000, -15.5321386327448 ) );
#2363 = DIRECTION( '', ( 0.000000000000000, 1.00000000000000, 0.000000000000000 ) );
#2364 = DIRECTION( '', ( 0.000000000000000, 0.000000000000000, 1.00000000000000 ) );
#2365 = SURFACE_STYLE_FILL_AREA( #2886 );
#2366 = ORIENTED_EDGE( '', *, *, #2774, .T. );
#2367 = ORIENTED_EDGE( '', *, *, #2800, .T. );
#2368 = ORIENTED_EDGE( '', *, *, #2847, .F. );
#2369 = ORIENTED_EDGE( '', *, *, #2866, .T. );
#2370 = ORIENTED_EDGE( '', *, *, #2882, .F. );
#2371 = ORIENTED_EDGE( '', *, *, #2885, .F. );
#2372 = CARTESIAN_POINT( '', ( -2.30500000000000, 0.300000000000004, -15.5321386327448 ) );
#2373 = DIRECTION( '', ( 1.00000000000000, 0.000000000000000, 0.000000000000000 ) );
#2374 = DIRECTION( '', ( 0.000000000000000, 0.000000000000000, -1.00000000000000 ) );
#2375 = SURFACE_STYLE_FILL_AREA( #2887 );
#2376 = ORIENTED_EDGE( '', *, *, #2475, .F. );
#2377 = ORIENTED_EDGE( '', *, *, #2701, .T. );
#2378 = ORIENTED_EDGE( '', *, *, #2872, .F. );
#2379 = ORIENTED_EDGE( '', *, *, #2567, .T. );
#2380 = CARTESIAN_POINT( '', ( 0.000000000000000, -0.400000000000000, 0.000000000000000 ) );
#2381 = DIRECTION( '', ( 0.000000000000000, 1.00000000000000, 0.000000000000000 ) );
#2382 = DIRECTION( '', ( 0.000000000000000, 0.000000000000000, 1.00000000000000 ) );
#2383 = SURFACE_STYLE_FILL_AREA( #2888 );
#2384 = ORIENTED_EDGE( '', *, *, #2545, .T. );
#2385 = ORIENTED_EDGE( '', *, *, #2539, .F. );
#2386 = ORIENTED_EDGE( '', *, *, #2844, .F. );
#2387 = ORIENTED_EDGE( '', *, *, #2489, .T. );
#2388 = CARTESIAN_POINT( '', ( 4.25500000000000, -0.275000000000000, 2.37500000000000 ) );
#2389 = DIRECTION( '', ( 0.000000000000000, 1.00000000000000, 1.66800334228539E-017 ) );
#2390 = DIRECTION( '', ( 0.000000000000000, -1.66800334228539E-017, 1.00000000000000 ) );
#2391 = SURFACE_STYLE_FILL_AREA( #2889 );
#2392 = ORIENTED_EDGE( '', *, *, #2541, .T. );
#2393 = ORIENTED_EDGE( '', *, *, #2778, .F. );
#2394 = ORIENTED_EDGE( '', *, *, #2843, .F. );
#2395 = ORIENTED_EDGE( '', *, *, #2704, .T. );
#2396 = CARTESIAN_POINT( '', ( 4.25500000000000, 2.37500000000000, 4.00000000000000 ) );
#2397 = DIRECTION( '', ( 0.000000000000000, 0.000000000000000, 1.00000000000000 ) );
#2398 = DIRECTION( '', ( 1.00000000000000, 0.000000000000000, 0.000000000000000 ) );
#2399 = SURFACE_STYLE_FILL_AREA( #2890 );
#2400 = ORIENTED_EDGE( '', *, *, #2749, .F. );
#2401 = ORIENTED_EDGE( '', *, *, #2852, .F. );
#2402 = ORIENTED_EDGE( '', *, *, #2589, .T. );
#2403 = ORIENTED_EDGE( '', *, *, #2765, .F. );
#2404 = CARTESIAN_POINT( '', ( -3.00500000000000, 2.90000000000000, -2.10000000000000 ) );
#2405 = DIRECTION( '', ( -1.00000000000000, 0.000000000000000, 0.000000000000000 ) );
#2406 = DIRECTION( '', ( 0.000000000000000, 0.000000000000000, 1.00000000000000 ) );
#2407 = SURFACE_STYLE_FILL_AREA( #2891 );
#2408 = ORIENTED_EDGE( '', *, *, #2665, .T. );
#2409 = ORIENTED_EDGE( '', *, *, #2709, .F. );
#2410 = ORIENTED_EDGE( '', *, *, #2817, .F. );
#2411 = ORIENTED_EDGE( '', *, *, #2649, .T. );
#2412 = CARTESIAN_POINT( '', ( -4.25500000000000, -1.89735380184964E-016, 2.37500000000000 ) );
#2413 = DIRECTION( '', ( 1.00000000000000, -0.000000000000000, -0.000000000000000 ) );
#2414 = DIRECTION( '', ( 0.000000000000000, 0.000000000000000, 1.00000000000000 ) );
#2415 = SURFACE_STYLE_FILL_AREA( #2892 );
#2416 = ORIENTED_EDGE( '', *, *, #2858, .F. );
#2417 = ORIENTED_EDGE( '', *, *, #2655, .F. );
#2418 = ORIENTED_EDGE( '', *, *, #2594, .T. );
#2419 = ORIENTED_EDGE( '', *, *, #2833, .T. );
#2420 = CARTESIAN_POINT( '', ( -0.804999999999977, -1.00000000000000, -2.10000000000000 ) );
#2421 = DIRECTION( '', ( 1.00000000000000, 0.000000000000000, 0.000000000000000 ) );
#2422 = DIRECTION( '', ( 0.000000000000000, 0.000000000000000, -1.00000000000000 ) );
#2423 = SURFACE_STYLE_FILL_AREA( #2893 );
#2424 = ORIENTED_EDGE( '', *, *, #2515, .T. );
#2425 = ORIENTED_EDGE( '', *, *, #2639, .T. );
#2426 = ORIENTED_EDGE( '', *, *, #2854, .F. );
#2427 = ORIENTED_EDGE( '', *, *, #2822, .F. );
#2428 = ORIENTED_EDGE( '', *, *, #2579, .F. );
#2429 = ORIENTED_EDGE( '', *, *, #2714, .T. );
#2430 = CARTESIAN_POINT( '', ( 3.40500000000000, -0.500000000000000, -4.40000000000000 ) );
#2431 = DIRECTION( '', ( -1.00000000000000, 0.000000000000000, 0.000000000000000 ) );
#2432 = DIRECTION( '', ( 0.000000000000000, 0.000000000000000, 1.00000000000000 ) );
#2434 = FILL_AREA_STYLE( '', ( #2894 ) );
#2435 = EDGE_CURVE( '', #2895, #2896, #2897, .T. );
#2436 = EDGE_CURVE( '', #2895, #2898, #2899, .T. );
#2437 = EDGE_CURVE( '', #2898, #2900, #2901, .T. );
#2438 = EDGE_CURVE( '', #2896, #2900, #2902, .T. );
#2439 = FILL_AREA_STYLE( '', ( #2903 ) );
#2440 = EDGE_CURVE( '', #2904, #2905, #2906, .T. );
#2441 = EDGE_CURVE( '', #2907, #2904, #2908, .T. );
#2442 = EDGE_CURVE( '', #2907, #2909, #2910, .T. );
#2443 = EDGE_CURVE( '', #2909, #2905, #2911, .T. );
#2444 = FILL_AREA_STYLE( '', ( #2912 ) );
#2445 = EDGE_CURVE( '', #2913, #2914, #2915, .T. );
#2446 = EDGE_CURVE( '', #2914, #2916, #2917, .T. );
#2447 = EDGE_CURVE( '', #2918, #2916, #2919, .T. );
#2448 = EDGE_CURVE( '', #2913, #2918, #2920, .T. );
#2449 = FILL_AREA_STYLE( '', ( #2921 ) );
#2450 = EDGE_CURVE( '', #2922, #2907, #2923, .T. );
#2451 = EDGE_CURVE( '', #2924, #2922, #2925, .T. );
#2452 = EDGE_CURVE( '', #2926, #2924, #2927, .T. );
#2453 = EDGE_CURVE( '', #2928, #2926, #2929, .T. );
#2454 = EDGE_CURVE( '', #2930, #2928, #2931, .T. );
#2455 = EDGE_CURVE( '', #2932, #2930, #2933, .T. );
#2456 = EDGE_CURVE( '', #2932, #2934, #2935, .T. );
#2457 = EDGE_CURVE( '', #2934, #2936, #2937, .T. );
#2458 = EDGE_CURVE( '', #2936, #2938, #2939, .T. );
#2459 = EDGE_CURVE( '', #2938, #2940, #2941, .T. );
#2460 = EDGE_CURVE( '', #2940, #2942, #2943, .T. );
#2461 = EDGE_CURVE( '', #2944, #2942, #2945, .T. );
#2462 = EDGE_CURVE( '', #2946, #2944, #2947, .T. );
#2463 = EDGE_CURVE( '', #2948, #2946, #2949, .T. );
#2464 = EDGE_CURVE( '', #2909, #2948, #2950, .T. );
#2465 = FILL_AREA_STYLE( '', ( #2951 ) );
#2466 = EDGE_CURVE( '', #2952, #2953, #2954, .T. );
#2467 = EDGE_CURVE( '', #2953, #2955, #2956, .T. );
#2468 = EDGE_CURVE( '', #2955, #2957, #2958, .T. );
#2469 = EDGE_CURVE( '', #2957, #2959, #2960, .T. );
#2470 = EDGE_CURVE( '', #2961, #2959, #2962, .T. );
#2471 = EDGE_CURVE( '', #2952, #2961, #2963, .T. );
#2472 = FILL_AREA_STYLE( '', ( #2964 ) );
#2473 = EDGE_CURVE( '', #2965, #2966, #2967, .T. );
#2474 = EDGE_CURVE( '', #2965, #2968, #2969, .T. );
#2475 = EDGE_CURVE( '', #2968, #2970, #2971, .T. );
#2476 = EDGE_CURVE( '', #2970, #2966, #2972, .T. );
#2477 = FILL_AREA_STYLE( '', ( #2973 ) );
#2478 = EDGE_CURVE( '', #2974, #2975, #2976, .T. );
#2479 = EDGE_CURVE( '', #2977, #2974, #2978, .T. );
#2480 = EDGE_CURVE( '', #2977, #2979, #2980, .T. );
#2481 = EDGE_CURVE( '', #2979, #2981, #2982, .T. );
#2482 = EDGE_CURVE( '', #2981, #2975, #2983, .T. );
#2483 = FILL_AREA_STYLE( '', ( #2984 ) );
#2484 = EDGE_CURVE( '', #2965, #2985, #2986, .F. );
#2485 = EDGE_CURVE( '', #2987, #2985, #2988, .T. );
#2486 = EDGE_CURVE( '', #2968, #2987, #2989, .T. );
#2487 = FILL_AREA_STYLE( '', ( #2990 ) );
#2488 = EDGE_CURVE( '', #2991, #2992, #2993, .T. );
#2489 = EDGE_CURVE( '', #2994, #2992, #2995, .T. );
#2490 = EDGE_CURVE( '', #2996, #2994, #2997, .T. );
#2491 = EDGE_CURVE( '', #2996, #2991, #2998, .T. );
#2492 = FILL_AREA_STYLE( '', ( #2999 ) );
#2493 = EDGE_CURVE( '', #3000, #3000, #3001, .F. );
#2494 = EDGE_CURVE( '', #3002, #3002, #3003, .T. );
#2495 = FILL_AREA_STYLE( '', ( #3004 ) );
#2496 = EDGE_CURVE( '', #3005, #3006, #3007, .T. );
#2497 = EDGE_CURVE( '', #3006, #3005, #3008, .T. );
#2498 = FILL_AREA_STYLE( '', ( #3009 ) );
#2499 = EDGE_CURVE( '', #3010, #3011, #3012, .T. );
#2500 = EDGE_CURVE( '', #3011, #3013, #3014, .T. );
#2501 = EDGE_CURVE( '', #2895, #3013, #3015, .T. );
#2502 = EDGE_CURVE( '', #3016, #2896, #3017, .T. );
#2503 = EDGE_CURVE( '', #3010, #3016, #3018, .T. );
#2504 = FILL_AREA_STYLE( '', ( #3019 ) );
#2505 = EDGE_CURVE( '', #3020, #2918, #3021, .T. );
#2506 = EDGE_CURVE( '', #3022, #3020, #3023, .T. );
#2507 = EDGE_CURVE( '', #3022, #2913, #3024, .T. );
#2508 = FILL_AREA_STYLE( '', ( #3025 ) );
#2509 = EDGE_CURVE( '', #3026, #3027, #3028, .T. );
#2510 = EDGE_CURVE( '', #3029, #3026, #3030, .T. );
#2511 = EDGE_CURVE( '', #3029, #3031, #3032, .T. );
#2512 = EDGE_CURVE( '', #3031, #3027, #3033, .T. );
#2513 = FILL_AREA_STYLE( '', ( #3034 ) );
#2514 = EDGE_CURVE( '', #3035, #3036, #3037, .T. );
#2515 = EDGE_CURVE( '', #3038, #3036, #3039, .T. );
#2516 = EDGE_CURVE( '', #3038, #3040, #3041, .F. );
#2517 = EDGE_CURVE( '', #3040, #3042, #3043, .T. );
#2518 = EDGE_CURVE( '', #3042, #3011, #3044, .T. );
#2519 = EDGE_CURVE( '', #3045, #3010, #3046, .T. );
#2520 = EDGE_CURVE( '', #3035, #3045, #3047, .T. );
#2521 = FILL_AREA_STYLE( '', ( #3048 ) );
#2522 = EDGE_CURVE( '', #2966, #3049, #3050, .F. );
#2523 = EDGE_CURVE( '', #3051, #2970, #3052, .F. );
#2524 = EDGE_CURVE( '', #3049, #3051, #3053, .T. );
#2525 = FILL_AREA_STYLE( '', ( #3054 ) );
#2526 = EDGE_CURVE( '', #3055, #3056, #3057, .T. );
#2527 = EDGE_CURVE( '', #3005, #3056, #3058, .T. );
#2528 = EDGE_CURVE( '', #3006, #3055, #3059, .T. );
#2529 = FILL_AREA_STYLE( '', ( #3060 ) );
#2530 = EDGE_CURVE( '', #3061, #3061, #3062, .F. );
#2531 = EDGE_CURVE( '', #3063, #3063, #3064, .T. );
#2532 = FILL_AREA_STYLE( '', ( #3065 ) );
#2533 = EDGE_CURVE( '', #3066, #3067, #3068, .T. );
#2534 = EDGE_CURVE( '', #3067, #3066, #3069, .T. );
#2535 = FILL_AREA_STYLE( '', ( #3070 ) );
#2536 = EDGE_CURVE( '', #3071, #3072, #3073, .T. );
#2537 = EDGE_CURVE( '', #3074, #3072, #3075, .T. );
#2538 = EDGE_CURVE( '', #3076, #3074, #3077, .T. );
#2539 = EDGE_CURVE( '', #3076, #3071, #3078, .T. );
#2540 = FILL_AREA_STYLE( '', ( #3079 ) );
#2541 = EDGE_CURVE( '', #3080, #3081, #3082, .T. );
#2542 = EDGE_CURVE( '', #3083, #3080, #3084, .T. );
#2543 = EDGE_CURVE( '', #3085, #3083, #3086, .T. );
#2544 = EDGE_CURVE( '', #3072, #3085, #3087, .T. );
#2545 = EDGE_CURVE( '', #2992, #3071, #3088, .T. );
#2546 = EDGE_CURVE( '', #3081, #2991, #3089, .T. );
#2547 = FILL_AREA_STYLE( '', ( #3090 ) );
#2548 = EDGE_CURVE( '', #3091, #3091, #3092, .T. );
#2549 = EDGE_CURVE( '', #2981, #3093, #3094, .T. );
#2550 = EDGE_CURVE( '', #3095, #2981, #3096, .T. );
#2551 = EDGE_CURVE( '', #3097, #3095, #3098, .T. );
#2552 = EDGE_CURVE( '', #3099, #3097, #3100, .T. );
#2553 = EDGE_CURVE( '', #3101, #3099, #3102, .T. );
#2554 = EDGE_CURVE( '', #3103, #3101, #3104, .T. );
#2555 = EDGE_CURVE( '', #3105, #3103, #3106, .T. );
#2556 = EDGE_CURVE( '', #3107, #3105, #3108, .T. );
#2557 = EDGE_CURVE( '', #3109, #3107, #3110, .T. );
#2558 = EDGE_CURVE( '', #3111, #3109, #3112, .T. );
#2559 = EDGE_CURVE( '', #3113, #3111, #3114, .T. );
#2560 = EDGE_CURVE( '', #3093, #3113, #3115, .T. );
#2561 = FILL_AREA_STYLE( '', ( #3116 ) );
#2562 = EDGE_CURVE( '', #3117, #3118, #3119, .T. );
#2563 = EDGE_CURVE( '', #3120, #3117, #3121, .T. );
#2564 = EDGE_CURVE( '', #3120, #3122, #3123, .T. );
#2565 = EDGE_CURVE( '', #3122, #3118, #3124, .T. );
#2566 = FILL_AREA_STYLE( '', ( #3125 ) );
#2567 = EDGE_CURVE( '', #3126, #2970, #3127, .T. );
#2568 = EDGE_CURVE( '', #3128, #3126, #3129, .T. );
#2569 = EDGE_CURVE( '', #3051, #3128, #3130, .T. );
#2570 = FILL_AREA_STYLE( '', ( #3131 ) );
#2571 = EDGE_CURVE( '', #3132, #3133, #3134, .T. );
#2572 = EDGE_CURVE( '', #3135, #3132, #3136, .T. );
#2573 = EDGE_CURVE( '', #3137, #3135, #3138, .T. );
#2574 = EDGE_CURVE( '', #3137, #3139, #3140, .F. );
#2575 = EDGE_CURVE( '', #3139, #3141, #3142, .T. );
#2576 = EDGE_CURVE( '', #3143, #3141, #3144, .T. );
#2577 = EDGE_CURVE( '', #3145, #3143, #3146, .T. );
#2578 = EDGE_CURVE( '', #3145, #3147, #3148, .F. );
#2579 = EDGE_CURVE( '', #3147, #3149, #3150, .T. );
#2580 = EDGE_CURVE( '', #3151, #3149, #3152, .T. );
#2581 = EDGE_CURVE( '', #3153, #3151, #3154, .T. );
#2582 = EDGE_CURVE( '', #3153, #3133, #3155, .T. );
#2583 = FILL_AREA_STYLE( '', ( #3156 ) );
#2584 = EDGE_CURVE( '', #3157, #2904, #3158, .T. );
#2585 = EDGE_CURVE( '', #2922, #3157, #3159, .T. );
#2586 = FILL_AREA_STYLE( '', ( #3160 ) );
#2587 = EDGE_CURVE( '', #3161, #3161, #3162, .T. );
#2588 = EDGE_CURVE( '', #3163, #3164, #3165, .T. );
#2589 = EDGE_CURVE( '', #3166, #3163, #3167, .T. );
#2590 = EDGE_CURVE( '', #3168, #3166, #3169, .T. );
#2591 = EDGE_CURVE( '', #3122, #3168, #3170, .T. );
#2592 = EDGE_CURVE( '', #3171, #3120, #3172, .T. );
#2593 = EDGE_CURVE( '', #3173, #3171, #3174, .T. );
#2594 = EDGE_CURVE( '', #3175, #3173, #3176, .T. );
#2595 = EDGE_CURVE( '', #3177, #3175, #3178, .T. );
#2596 = EDGE_CURVE( '', #3179, #3177, #3180, .T. );
#2597 = EDGE_CURVE( '', #3181, #3179, #3182, .T. );
#2598 = EDGE_CURVE( '', #3164, #3181, #3183, .T. );
#2599 = FILL_AREA_STYLE( '', ( #3184 ) );
#2600 = EDGE_CURVE( '', #3027, #3020, #3185, .T. );
#2601 = EDGE_CURVE( '', #3031, #3022, #3186, .T. );
#2602 = FILL_AREA_STYLE( '', ( #3187 ) );
#2603 = EDGE_CURVE( '', #3188, #3189, #3190, .T. );
#2604 = EDGE_CURVE( '', #3191, #3188, #3192, .T. );
#2605 = EDGE_CURVE( '', #3193, #3191, #3194, .T. );
#2606 = EDGE_CURVE( '', #3195, #3193, #3196, .T. );
#2607 = EDGE_CURVE( '', #3195, #3085, #3197, .T. );
#2608 = EDGE_CURVE( '', #3198, #3083, #3199, .T. );
#2609 = EDGE_CURVE( '', #3200, #3198, #3201, .T. );
#2610 = EDGE_CURVE( '', #3200, #3202, #3203, .T. );
#2611 = EDGE_CURVE( '', #3204, #3202, #3205, .T. );
#2612 = EDGE_CURVE( '', #3204, #3206, #3207, .T. );
#2613 = EDGE_CURVE( '', #3189, #3206, #3208, .T. );
#2614 = EDGE_CURVE( '', #3209, #3210, #3211, .T. );
#2615 = EDGE_CURVE( '', #3210, #3157, #3212, .T. );
#2616 = EDGE_CURVE( '', #2905, #3213, #3214, .T. );
#2617 = EDGE_CURVE( '', #3213, #3215, #3216, .T. );
#2618 = EDGE_CURVE( '', #3215, #3217, #3218, .T. );
#2619 = EDGE_CURVE( '', #3217, #2974, #3219, .T. );
#2620 = EDGE_CURVE( '', #2975, #3220, #3221, .T. );
#2621 = EDGE_CURVE( '', #3220, #3222, #3223, .T. );
#2622 = EDGE_CURVE( '', #3222, #3224, #3225, .T. );
#2623 = EDGE_CURVE( '', #3224, #3226, #3227, .T. );
#2624 = EDGE_CURVE( '', #3226, #3209, #3228, .T. );
#2625 = EDGE_CURVE( '', #2916, #3229, #3230, .T. );
#2626 = EDGE_CURVE( '', #3229, #3231, #3232, .T. );
#2627 = EDGE_CURVE( '', #3231, #3233, #3234, .T. );
#2628 = EDGE_CURVE( '', #3233, #3235, #3236, .T. );
#2629 = EDGE_CURVE( '', #3235, #3237, #3238, .T. );
#2630 = EDGE_CURVE( '', #3237, #3239, #3240, .T. );
#2631 = EDGE_CURVE( '', #3239, #3241, #3242, .T. );
#2632 = EDGE_CURVE( '', #3241, #3243, #3244, .T. );
#2633 = EDGE_CURVE( '', #3243, #3245, #3246, .T. );
#2634 = EDGE_CURVE( '', #3245, #3026, #3247, .T. );
#2635 = FILL_AREA_STYLE( '', ( #3248 ) );
#2636 = EDGE_CURVE( '', #3013, #3249, #3250, .T. );
#2637 = EDGE_CURVE( '', #3042, #3251, #3252, .T. );
#2638 = EDGE_CURVE( '', #3253, #3251, #3254, .F. );
#2639 = EDGE_CURVE( '', #3036, #3253, #3255, .T. );
#2640 = EDGE_CURVE( '', #3249, #3035, #3256, .T. );
#2641 = FILL_AREA_STYLE( '', ( #3257 ) );
#2642 = EDGE_CURVE( '', #2900, #3258, #3259, .T. );
#2643 = EDGE_CURVE( '', #3258, #3016, #3260, .T. );
#2644 = FILL_AREA_STYLE( '', ( #3261 ) );
#2645 = EDGE_CURVE( '', #2930, #3224, #3262, .T. );
#2646 = EDGE_CURVE( '', #2928, #3226, #3263, .T. );
#2647 = FILL_AREA_STYLE( '', ( #3264 ) );
#2648 = EDGE_CURVE( '', #3265, #3266, #3267, .T. );
#2649 = EDGE_CURVE( '', #3268, #3266, #3269, .T. );
#2650 = EDGE_CURVE( '', #3270, #3268, #3271, .T. );
#2651 = EDGE_CURVE( '', #3270, #3265, #3272, .T. );
#2652 = FILL_AREA_STYLE( '', ( #3273 ) );
#2653 = EDGE_CURVE( '', #3274, #3275, #3276, .T. );
#2654 = EDGE_CURVE( '', #3177, #3274, #3277, .T. );
#2655 = EDGE_CURVE( '', #3175, #3275, #3278, .T. );
#2656 = FILL_AREA_STYLE( '', ( #3279 ) );
#2657 = EDGE_CURVE( '', #3280, #3281, #3282, .T. );
#2658 = EDGE_CURVE( '', #3283, #3281, #3284, .T. );
#2659 = EDGE_CURVE( '', #3285, #3283, #3286, .T. );
#2660 = EDGE_CURVE( '', #3280, #3285, #3287, .T. );
#2661 = FILL_AREA_STYLE( '', ( #3288 ) );
#2662 = EDGE_CURVE( '', #3289, #3206, #3290, .T. );
#2663 = EDGE_CURVE( '', #3291, #3289, #3292, .T. );
#2664 = EDGE_CURVE( '', #3293, #3291, #3294, .T. );
#2665 = EDGE_CURVE( '', #3266, #3293, #3295, .T. );
#2666 = EDGE_CURVE( '', #3296, #3265, #3297, .T. );
#2667 = EDGE_CURVE( '', #3189, #3296, #3298, .T. );
#2668 = FILL_AREA_STYLE( '', ( #3299 ) );
#2669 = EDGE_CURVE( '', #3300, #3233, #3301, .T. );
#2670 = EDGE_CURVE( '', #3300, #3302, #3303, .T. );
#2671 = EDGE_CURVE( '', #3302, #3235, #3304, .T. );
#2672 = FILL_AREA_STYLE( '', ( #3305 ) );
#2673 = EDGE_CURVE( '', #3074, #3195, #3306, .T. );
#2674 = FILL_AREA_STYLE( '', ( #3307 ) );
#2675 = EDGE_CURVE( '', #3103, #2938, #3308, .T. );
#2676 = EDGE_CURVE( '', #3105, #2936, #3309, .T. );
#2677 = FILL_AREA_STYLE( '', ( #3310 ) );
#2678 = FILL_AREA_STYLE( '', ( #3311 ) );
#2679 = EDGE_CURVE( '', #3168, #3312, #3313, .T. );
#2680 = EDGE_CURVE( '', #3312, #3314, #3315, .T. );
#2681 = EDGE_CURVE( '', #3314, #3237, #3316, .T. );
#2682 = EDGE_CURVE( '', #3302, #3118, #3317, .T. );
#2683 = FILL_AREA_STYLE( '', ( #3318 ) );
#2684 = EDGE_CURVE( '', #3319, #3049, #3320, .T. );
#2685 = EDGE_CURVE( '', #3321, #3319, #3322, .F. );
#2686 = EDGE_CURVE( '', #2966, #3321, #3323, .T. );
#2687 = FILL_AREA_STYLE( '', ( #3324 ) );
#2688 = EDGE_CURVE( '', #3143, #3325, #3326, .T. );
#2689 = EDGE_CURVE( '', #3251, #3325, #3327, .F. );
#2690 = EDGE_CURVE( '', #3040, #3145, #3328, .F. );
#2691 = FILL_AREA_STYLE( '', ( #3329 ) );
#2692 = EDGE_CURVE( '', #3330, #3331, #3332, .T. );
#2693 = EDGE_CURVE( '', #3113, #3330, #3333, .T. );
#2694 = EDGE_CURVE( '', #3111, #3331, #3334, .T. );
#2695 = FILL_AREA_STYLE( '', ( #3335 ) );
#2696 = EDGE_CURVE( '', #3336, #3337, #3338, .F. );
#2697 = EDGE_CURVE( '', #3339, #3336, #3340, .T. );
#2698 = EDGE_CURVE( '', #3341, #3339, #3342, .F. );
#2699 = EDGE_CURVE( '', #3341, #3337, #3343, .T. );
#2700 = FILL_AREA_STYLE( '', ( #3344 ) );
#2701 = EDGE_CURVE( '', #2968, #3283, #3345, .T. );
#2702 = EDGE_CURVE( '', #3285, #2987, #3346, .T. );
#2703 = FILL_AREA_STYLE( '', ( #3347 ) );
#2704 = EDGE_CURVE( '', #3348, #3080, #3349, .T. );
#2705 = EDGE_CURVE( '', #3198, #3348, #3350, .T. );
#2706 = FILL_AREA_STYLE( '', ( #3351 ) );
#2707 = EDGE_CURVE( '', #3352, #3291, #3353, .T. );
#2708 = EDGE_CURVE( '', #3354, #3352, #3355, .T. );
#2709 = EDGE_CURVE( '', #3354, #3293, #3356, .T. );
#2710 = FILL_AREA_STYLE( '', ( #3357 ) );
#2711 = EDGE_CURVE( '', #3321, #3126, #3358, .T. );
#2712 = EDGE_CURVE( '', #3128, #3319, #3359, .T. );
#2713 = FILL_AREA_STYLE( '', ( #3360 ) );
#2714 = EDGE_CURVE( '', #3147, #3038, #3361, .F. );
#2715 = FILL_AREA_STYLE( '', ( #3362 ) );
#2716 = EDGE_CURVE( '', #3179, #3363, #3364, .T. );
#2717 = EDGE_CURVE( '', #3274, #3365, #3366, .T. );
#2718 = EDGE_CURVE( '', #3365, #3245, #3367, .T. );
#2719 = EDGE_CURVE( '', #3368, #3243, #3369, .T. );
#2720 = EDGE_CURVE( '', #3368, #3363, #3370, .T. );
#2721 = FILL_AREA_STYLE( '', ( #3371 ) );
#2722 = EDGE_CURVE( '', #3093, #3220, #3372, .T. );
#2723 = EDGE_CURVE( '', #3373, #3093, #3374, .T. );
#2724 = EDGE_CURVE( '', #3373, #3375, #3376, .T. );
#2725 = EDGE_CURVE( '', #3375, #3222, #3377, .T. );
#2726 = FILL_AREA_STYLE( '', ( #3378 ) );
#2727 = FILL_AREA_STYLE( '', ( #3379 ) );
#2728 = EDGE_CURVE( '', #2898, #3249, #3380, .T. );
#2729 = FILL_AREA_STYLE( '', ( #3381 ) );
#2730 = EDGE_CURVE( '', #3281, #2965, #3382, .T. );
#2731 = EDGE_CURVE( '', #2985, #3280, #3383, .T. );
#2732 = FILL_AREA_STYLE( '', ( #3384 ) );
#2733 = EDGE_CURVE( '', #3385, #3363, #3386, .T. );
#2734 = EDGE_CURVE( '', #3181, #3385, #3387, .T. );
#2735 = FILL_AREA_STYLE( '', ( #3388 ) );
#2736 = EDGE_CURVE( '', #3045, #3258, #3389, .T. );
#2737 = FILL_AREA_STYLE( '', ( #3390 ) );
#2738 = EDGE_CURVE( '', #3107, #2934, #3391, .T. );
#2739 = FILL_AREA_STYLE( '', ( #3392 ) );
#2740 = EDGE_CURVE( '', #2946, #3215, #3393, .T. );
#2741 = EDGE_CURVE( '', #2944, #3217, #3394, .T. );
#2742 = FILL_AREA_STYLE( '', ( #3395 ) );
#2743 = EDGE_CURVE( '', #3109, #2932, #3396, .T. );
#2744 = FILL_AREA_STYLE( '', ( #3397 ) );
#2745 = EDGE_CURVE( '', #3398, #3289, #3399, .T. );
#2746 = EDGE_CURVE( '', #3352, #3398, #3400, .T. );
#2747 = FILL_AREA_STYLE( '', ( #3401 ) );
#2748 = EDGE_CURVE( '', #3312, #3402, #3403, .T. );
#2749 = EDGE_CURVE( '', #3402, #3404, #3405, .T. );
#2750 = EDGE_CURVE( '', #3314, #3404, #3406, .T. );
#2751 = FILL_AREA_STYLE( '', ( #3407 ) );
#2752 = EDGE_CURVE( '', #3164, #3241, #3408, .T. );
#2753 = EDGE_CURVE( '', #3163, #3239, #3409, .T. );
#2754 = FILL_AREA_STYLE( '', ( #3410 ) );
#2755 = EDGE_CURVE( '', #3411, #3412, #3413, .F. );
#2756 = EDGE_CURVE( '', #3414, #3412, #3415, .T. );
#2757 = EDGE_CURVE( '', #3414, #3416, #3417, .F. );
#2758 = EDGE_CURVE( '', #3416, #3418, #3419, .F. );
#2759 = EDGE_CURVE( '', #3418, #3420, #3421, .F. );
#2760 = EDGE_CURVE( '', #3420, #3411, #3422, .F. );
#2761 = FILL_AREA_STYLE( '', ( #3423 ) );
#2762 = EDGE_CURVE( '', #3424, #3270, #3425, .T. );
#2763 = EDGE_CURVE( '', #3424, #3296, #3426, .T. );
#2764 = FILL_AREA_STYLE( '', ( #3427 ) );
#2765 = EDGE_CURVE( '', #3404, #3163, #3428, .T. );
#2766 = FILL_AREA_STYLE( '', ( #3429 ) );
#2767 = EDGE_CURVE( '', #2924, #3210, #3430, .T. );
#2768 = FILL_AREA_STYLE( '', ( #3431 ) );
#2769 = EDGE_CURVE( '', #2955, #3432, #3433, .T. );
#2770 = EDGE_CURVE( '', #3434, #3432, #3435, .T. );
#2771 = EDGE_CURVE( '', #3434, #3436, #3437, .F. );
#2772 = EDGE_CURVE( '', #3436, #3438, #3439, .T. );
#2773 = EDGE_CURVE( '', #3438, #3440, #3441, .T. );
#2774 = EDGE_CURVE( '', #3442, #3440, #3443, .T. );
#2775 = EDGE_CURVE( '', #2957, #3442, #3444, .T. );
#2776 = FILL_AREA_STYLE( '', ( #3445 ) );
#2777 = EDGE_CURVE( '', #3446, #2996, #3447, .T. );
#2778 = EDGE_CURVE( '', #3446, #3081, #3448, .T. );
#2779 = FILL_AREA_STYLE( '', ( #3449 ) );
#2780 = FILL_AREA_STYLE( '', ( #3450 ) );
#2781 = EDGE_CURVE( '', #3451, #3164, #3452, .T. );
#2782 = EDGE_CURVE( '', #3451, #3368, #3453, .T. );
#2783 = FILL_AREA_STYLE( '', ( #3454 ) );
#2784 = EDGE_CURVE( '', #3373, #3330, #3455, .T. );
#2785 = FILL_AREA_STYLE( '', ( #3456 ) );
#2786 = EDGE_CURVE( '', #3101, #2940, #3457, .T. );
#2787 = FILL_AREA_STYLE( '', ( #3458 ) );
#2788 = FILL_AREA_STYLE( '', ( #3459 ) );
#2789 = FILL_AREA_STYLE( '', ( #3460 ) );
#2790 = EDGE_CURVE( '', #3461, #3231, #3462, .T. );
#2791 = EDGE_CURVE( '', #3461, #3300, #3463, .T. );
#2792 = FILL_AREA_STYLE( '', ( #3464 ) );
#2793 = EDGE_CURVE( '', #3099, #2942, #3465, .T. );
#2794 = EDGE_CURVE( '', #3097, #3466, #3467, .T. );
#2795 = EDGE_CURVE( '', #3466, #2977, #3468, .T. );
#2796 = FILL_AREA_STYLE( '', ( #3469 ) );
#2797 = EDGE_CURVE( '', #3365, #3029, #3470, .T. );
#2798 = FILL_AREA_STYLE( '', ( #3471 ) );
#2799 = EDGE_CURVE( '', #3472, #2953, #3473, .T. );
#2800 = EDGE_CURVE( '', #3440, #3472, #3474, .T. );
#2801 = EDGE_CURVE( '', #3438, #3420, #3475, .T. );
#2802 = EDGE_CURVE( '', #3432, #3418, #3476, .T. );
#2803 = FILL_AREA_STYLE( '', ( #3477 ) );
#2804 = EDGE_CURVE( '', #3398, #3204, #3478, .T. );
#2805 = FILL_AREA_STYLE( '', ( #3479 ) );
#2806 = EDGE_CURVE( '', #3066, #3412, #3480, .T. );
#2807 = EDGE_CURVE( '', #3067, #3414, #3481, .T. );
#2808 = FILL_AREA_STYLE( '', ( #3482 ) );
#2809 = EDGE_CURVE( '', #3483, #2979, #3484, .T. );
#2810 = EDGE_CURVE( '', #3095, #3483, #3485, .T. );
#2811 = FILL_AREA_STYLE( '', ( #3486 ) );
#2812 = EDGE_CURVE( '', #3141, #3416, #3487, .T. );
#2813 = EDGE_CURVE( '', #3139, #3434, #3488, .F. );
#2814 = FILL_AREA_STYLE( '', ( #3489 ) );
#2815 = EDGE_CURVE( '', #3337, #3191, #3490, .T. );
#2816 = EDGE_CURVE( '', #3188, #3424, #3491, .T. );
#2817 = EDGE_CURVE( '', #3268, #3354, #3492, .T. );
#2818 = EDGE_CURVE( '', #3202, #3132, #3493, .T. );
#2819 = EDGE_CURVE( '', #3133, #3336, #3494, .T. );
#2820 = FILL_AREA_STYLE( '', ( #3495 ) );
#2821 = EDGE_CURVE( '', #3151, #3200, #3496, .T. );
#2822 = EDGE_CURVE( '', #3149, #3497, #3498, .T. );
#2823 = EDGE_CURVE( '', #3055, #3497, #3499, .F. );
#2824 = EDGE_CURVE( '', #3325, #3056, #3500, .F. );
#2825 = EDGE_CURVE( '', #3135, #3411, #3501, .T. );
#2826 = FILL_AREA_STYLE( '', ( #3502 ) );
#2827 = EDGE_CURVE( '', #2926, #3209, #3503, .T. );
#2828 = FILL_AREA_STYLE( '', ( #3504 ) );
#2829 = EDGE_CURVE( '', #3466, #3483, #3505, .T. );
#2830 = FILL_AREA_STYLE( '', ( #3506 ) );
#2831 = EDGE_CURVE( '', #3171, #3507, #3508, .T. );
#2832 = EDGE_CURVE( '', #3509, #3507, #3510, .T. );
#2833 = EDGE_CURVE( '', #3173, #3509, #3511, .T. );
#2834 = FILL_AREA_STYLE( '', ( #3512 ) );
#2835 = EDGE_CURVE( '', #3339, #3153, #3513, .T. );
#2836 = FILL_AREA_STYLE( '', ( #3514 ) );
#2837 = EDGE_CURVE( '', #3375, #3331, #3515, .T. );
#2838 = FILL_AREA_STYLE( '', ( #3516 ) );
#2839 = EDGE_CURVE( '', #2914, #3517, #3518, .T. );
#2840 = EDGE_CURVE( '', #3517, #3229, #3519, .T. );
#2841 = FILL_AREA_STYLE( '', ( #3520 ) );
#2842 = EDGE_CURVE( '', #3193, #3341, #3521, .T. );
#2843 = EDGE_CURVE( '', #3348, #3446, #3522, .T. );
#2844 = EDGE_CURVE( '', #2994, #3076, #3523, .T. );
#2845 = FILL_AREA_STYLE( '', ( #3524 ) );
#2846 = FILL_AREA_STYLE( '', ( #3525 ) );
#2847 = EDGE_CURVE( '', #3526, #3472, #3527, .T. );
#2848 = EDGE_CURVE( '', #3526, #2952, #3528, .T. );
#2849 = FILL_AREA_STYLE( '', ( #3529 ) );
#2850 = EDGE_CURVE( '', #3451, #3385, #3530, .T. );
#2851 = FILL_AREA_STYLE( '', ( #3531 ) );
#2852 = EDGE_CURVE( '', #3166, #3402, #3532, .T. );
#2853 = FILL_AREA_STYLE( '', ( #3533 ) );
#2854 = EDGE_CURVE( '', #3497, #3253, #3534, .F. );
#2855 = FILL_AREA_STYLE( '', ( #3535 ) );
#2856 = EDGE_CURVE( '', #3436, #3137, #3536, .F. );
#2857 = FILL_AREA_STYLE( '', ( #3537 ) );
#2858 = EDGE_CURVE( '', #3275, #3509, #3538, .T. );
#2859 = EDGE_CURVE( '', #3507, #3117, #3539, .T. );
#2860 = EDGE_CURVE( '', #3517, #3461, #3540, .T. );
#2861 = FILL_AREA_STYLE( '', ( #3541 ) );
#2862 = FILL_AREA_STYLE( '', ( #3542 ) );
#2863 = FILL_AREA_STYLE( '', ( #3543 ) );
#2864 = FILL_AREA_STYLE( '', ( #3544 ) );
#2865 = FILL_AREA_STYLE( '', ( #3545 ) );
#2866 = EDGE_CURVE( '', #3526, #3546, #3547, .T. );
#2867 = EDGE_CURVE( '', #3546, #2961, #3548, .T. );
#2868 = FILL_AREA_STYLE( '', ( #3549 ) );
#2869 = FILL_AREA_STYLE( '', ( #3550 ) );
#2870 = FILL_AREA_STYLE( '', ( #3551 ) );
#2871 = FILL_AREA_STYLE( '', ( #3552 ) );
#2872 = EDGE_CURVE( '', #3126, #3283, #3553, .T. );
#2873 = EDGE_CURVE( '', #3321, #3281, #3554, .T. );
#2874 = FILL_AREA_STYLE( '', ( #3555 ) );
#2875 = FILL_AREA_STYLE( '', ( #3556 ) );
#2876 = EDGE_CURVE( '', #2948, #3213, #3557, .T. );
#2877 = FILL_AREA_STYLE( '', ( #3558 ) );
#2878 = FILL_AREA_STYLE( '', ( #3559 ) );
#2879 = FILL_AREA_STYLE( '', ( #3560 ) );
#2880 = FILL_AREA_STYLE( '', ( #3561 ) );
#2881 = EDGE_CURVE( '', #2959, #3562, #3563, .T. );
#2882 = EDGE_CURVE( '', #3562, #3546, #3564, .T. );
#2883 = FILL_AREA_STYLE( '', ( #3565 ) );
#2884 = FILL_AREA_STYLE( '', ( #3566 ) );
#2885 = EDGE_CURVE( '', #3442, #3562, #3567, .T. );
#2886 = FILL_AREA_STYLE( '', ( #3568 ) );
#2887 = FILL_AREA_STYLE( '', ( #3569 ) );
#2888 = FILL_AREA_STYLE( '', ( #3570 ) );
#2889 = FILL_AREA_STYLE( '', ( #3571 ) );
#2890 = FILL_AREA_STYLE( '', ( #3572 ) );
#2891 = FILL_AREA_STYLE( '', ( #3573 ) );
#2892 = FILL_AREA_STYLE( '', ( #3574 ) );
#2893 = FILL_AREA_STYLE( '', ( #3575 ) );
#2894 = FILL_AREA_STYLE_COLOUR( '', #3576 );
#2895 = VERTEX_POINT( '', #3577 );
#2896 = VERTEX_POINT( '', #3578 );
#2897 = LINE( '', #3579, #3580 );
#2898 = VERTEX_POINT( '', #3581 );
#2899 = LINE( '', #3582, #3583 );
#2900 = VERTEX_POINT( '', #3584 );
#2901 = LINE( '', #3585, #3586 );
#2902 = LINE( '', #3587, #3588 );
#2903 = FILL_AREA_STYLE_COLOUR( '', #3589 );
#2904 = VERTEX_POINT( '', #3590 );
#2905 = VERTEX_POINT( '', #3591 );
#2906 = LINE( '', #3592, #3593 );
#2907 = VERTEX_POINT( '', #3594 );
#2908 = LINE( '', #3595, #3596 );
#2909 = VERTEX_POINT( '', #3597 );
#2910 = LINE( '', #3598, #3599 );
#2911 = LINE( '', #3600, #3601 );
#2912 = FILL_AREA_STYLE_COLOUR( '', #3602 );
#2913 = VERTEX_POINT( '', #3603 );
#2914 = VERTEX_POINT( '', #3604 );
#2915 = LINE( '', #3605, #3606 );
#2916 = VERTEX_POINT( '', #3607 );
#2917 = LINE( '', #3608, #3609 );
#2918 = VERTEX_POINT( '', #3610 );
#2919 = LINE( '', #3611, #3612 );
#2920 = LINE( '', #3613, #3614 );
#2921 = FILL_AREA_STYLE_COLOUR( '', #3615 );
#2922 = VERTEX_POINT( '', #3616 );
#2923 = LINE( '', #3617, #3618 );
#2924 = VERTEX_POINT( '', #3619 );
#2925 = LINE( '', #3620, #3621 );
#2926 = VERTEX_POINT( '', #3622 );
#2927 = LINE( '', #3623, #3624 );
#2928 = VERTEX_POINT( '', #3625 );
#2929 = LINE( '', #3626, #3627 );
#2930 = VERTEX_POINT( '', #3628 );
#2931 = LINE( '', #3629, #3630 );
#2932 = VERTEX_POINT( '', #3631 );
#2933 = LINE( '', #3632, #3633 );
#2934 = VERTEX_POINT( '', #3634 );
#2935 = LINE( '', #3635, #3636 );
#2936 = VERTEX_POINT( '', #3637 );
#2937 = LINE( '', #3638, #3639 );
#2938 = VERTEX_POINT( '', #3640 );
#2939 = LINE( '', #3641, #3642 );
#2940 = VERTEX_POINT( '', #3643 );
#2941 = LINE( '', #3644, #3645 );
#2942 = VERTEX_POINT( '', #3646 );
#2943 = LINE( '', #3647, #3648 );
#2944 = VERTEX_POINT( '', #3649 );
#2945 = LINE( '', #3650, #3651 );
#2946 = VERTEX_POINT( '', #3652 );
#2947 = LINE( '', #3653, #3654 );
#2948 = VERTEX_POINT( '', #3655 );
#2949 = LINE( '', #3656, #3657 );
#2950 = LINE( '', #3658, #3659 );
#2951 = FILL_AREA_STYLE_COLOUR( '', #3660 );
#2952 = VERTEX_POINT( '', #3661 );
#2953 = VERTEX_POINT( '', #3662 );
#2954 = LINE( '', #3663, #3664 );
#2955 = VERTEX_POINT( '', #3665 );
#2956 = LINE( '', #3666, #3667 );
#2957 = VERTEX_POINT( '', #3668 );
#2958 = LINE( '', #3669, #3670 );
#2959 = VERTEX_POINT( '', #3671 );
#2960 = LINE( '', #3672, #3673 );
#2961 = VERTEX_POINT( '', #3674 );
#2962 = LINE( '', #3675, #3676 );
#2963 = LINE( '', #3677, #3678 );
#2964 = FILL_AREA_STYLE_COLOUR( '', #3679 );
#2965 = VERTEX_POINT( '', #3680 );
#2966 = VERTEX_POINT( '', #3681 );
#2967 = LINE( '', #3682, #3683 );
#2968 = VERTEX_POINT( '', #3684 );
#2969 = LINE( '', #3685, #3686 );
#2970 = VERTEX_POINT( '', #3687 );
#2971 = LINE( '', #3688, #3689 );
#2972 = LINE( '', #3690, #3691 );
#2973 = FILL_AREA_STYLE_COLOUR( '', #3692 );
#2974 = VERTEX_POINT( '', #3693 );
#2975 = VERTEX_POINT( '', #3694 );
#2976 = LINE( '', #3695, #3696 );
#2977 = VERTEX_POINT( '', #3697 );
#2978 = LINE( '', #3698, #3699 );
#2979 = VERTEX_POINT( '', #3700 );
#2980 = LINE( '', #3701, #3702 );
#2981 = VERTEX_POINT( '', #3703 );
#2982 = LINE( '', #3704, #3705 );
#2983 = LINE( '', #3706, #3707 );
#2984 = FILL_AREA_STYLE_COLOUR( '', #3708 );
#2985 = VERTEX_POINT( '', #3709 );
#2986 = LINE( '', #3710, #3711 );
#2987 = VERTEX_POINT( '', #3712 );
#2988 = LINE( '', #3713, #3714 );
#2989 = LINE( '', #3715, #3716 );
#2990 = FILL_AREA_STYLE_COLOUR( '', #3717 );
#2991 = VERTEX_POINT( '', #3718 );
#2992 = VERTEX_POINT( '', #3719 );
#2993 = CIRCLE( '', #3720, 0.275000000000000 );
#2994 = VERTEX_POINT( '', #3721 );
#2995 = LINE( '', #3722, #3723 );
#2996 = VERTEX_POINT( '', #3724 );
#2997 = CIRCLE( '', #3725, 0.275000000000000 );
#2998 = LINE( '', #3726, #3727 );
#2999 = FILL_AREA_STYLE_COLOUR( '', #3728 );
#3000 = VERTEX_POINT( '', #3729 );
#3001 = CIRCLE( '', #3730, 0.700000000000000 );
#3002 = VERTEX_POINT( '', #3731 );
#3003 = CIRCLE( '', #3732, 0.950000000000000 );
#3004 = FILL_AREA_STYLE_COLOUR( '', #3733 );
#3005 = VERTEX_POINT( '', #3734 );
#3006 = VERTEX_POINT( '', #3735 );
#3007 = LINE( '', #3736, #3737 );
#3008 = CIRCLE( '', #3738, 4.68058823529425 );
#3009 = FILL_AREA_STYLE_COLOUR( '', #3739 );
#3010 = VERTEX_POINT( '', #3740 );
#3011 = VERTEX_POINT( '', #3741 );
#3012 = LINE( '', #3742, #3743 );
#3013 = VERTEX_POINT( '', #3744 );
#3014 = LINE( '', #3745, #3746 );
#3015 = LINE( '', #3747, #3748 );
#3016 = VERTEX_POINT( '', #3749 );
#3017 = LINE( '', #3750, #3751 );
#3018 = LINE( '', #3752, #3753 );
#3019 = FILL_AREA_STYLE_COLOUR( '', #3754 );
#3020 = VERTEX_POINT( '', #3755 );
#3021 = LINE( '', #3756, #3757 );
#3022 = VERTEX_POINT( '', #3758 );
#3023 = LINE( '', #3759, #3760 );
#3024 = LINE( '', #3761, #3762 );
#3025 = FILL_AREA_STYLE_COLOUR( '', #3763 );
#3026 = VERTEX_POINT( '', #3764 );
#3027 = VERTEX_POINT( '', #3765 );
#3028 = LINE( '', #3766, #3767 );
#3029 = VERTEX_POINT( '', #3768 );
#3030 = LINE( '', #3769, #3770 );
#3031 = VERTEX_POINT( '', #3771 );
#3032 = LINE( '', #3772, #3773 );
#3033 = LINE( '', #3774, #3775 );
#3034 = FILL_AREA_STYLE_COLOUR( '', #3776 );
#3035 = VERTEX_POINT( '', #3777 );
#3036 = VERTEX_POINT( '', #3778 );
#3037 = LINE( '', #3779, #3780 );
#3038 = VERTEX_POINT( '', #3781 );
#3039 = LINE( '', #3782, #3783 );
#3040 = VERTEX_POINT( '', #3784 );
#3041 = LINE( '', #3785, #3786 );
#3042 = VERTEX_POINT( '', #3787 );
#3043 = LINE( '', #3788, #3789 );
#3044 = LINE( '', #3790, #3791 );
#3045 = VERTEX_POINT( '', #3792 );
#3046 = LINE( '', #3793, #3794 );
#3047 = LINE( '', #3795, #3796 );
#3048 = FILL_AREA_STYLE_COLOUR( '', #3797 );
#3049 = VERTEX_POINT( '', #3798 );
#3050 = LINE( '', #3799, #3800 );
#3051 = VERTEX_POINT( '', #3801 );
#3052 = LINE( '', #3802, #3803 );
#3053 = LINE( '', #3804, #3805 );
#3054 = FILL_AREA_STYLE_COLOUR( '', #3806 );
#3055 = VERTEX_POINT( '', #3807 );
#3056 = VERTEX_POINT( '', #3808 );
#3057 = CIRCLE( '', #3809, 4.68058823529425 );
#3058 = LINE( '', #3810, #3811 );
#3059 = LINE( '', #3812, #3813 );
#3060 = FILL_AREA_STYLE_COLOUR( '', #3814 );
#3061 = VERTEX_POINT( '', #3815 );
#3062 = CIRCLE( '', #3816, 0.700000000000000 );
#3063 = VERTEX_POINT( '', #3817 );
#3064 = CIRCLE( '', #3818, 0.950000000000000 );
#3065 = FILL_AREA_STYLE_COLOUR( '', #3819 );
#3066 = VERTEX_POINT( '', #3820 );
#3067 = VERTEX_POINT( '', #3821 );
#3068 = LINE( '', #3822, #3823 );
#3069 = CIRCLE( '', #3824, 4.68058823529425 );
#3070 = FILL_AREA_STYLE_COLOUR( '', #3825 );
#3071 = VERTEX_POINT( '', #3826 );
#3072 = VERTEX_POINT( '', #3827 );
#3073 = LINE( '', #3828, #3829 );
#3074 = VERTEX_POINT( '', #3830 );
#3075 = LINE( '', #3831, #3832 );
#3076 = VERTEX_POINT( '', #3833 );
#3077 = LINE( '', #3834, #3835 );
#3078 = LINE( '', #3836, #3837 );
#3079 = FILL_AREA_STYLE_COLOUR( '', #3838 );
#3080 = VERTEX_POINT( '', #3839 );
#3081 = VERTEX_POINT( '', #3840 );
#3082 = LINE( '', #3841, #3842 );
#3083 = VERTEX_POINT( '', #3843 );
#3084 = LINE( '', #3844, #3845 );
#3085 = VERTEX_POINT( '', #3846 );
#3086 = LINE( '', #3847, #3848 );
#3087 = LINE( '', #3849, #3850 );
#3088 = LINE( '', #3851, #3852 );
#3089 = LINE( '', #3853, #3854 );
#3090 = FILL_AREA_STYLE_COLOUR( '', #3855 );
#3091 = VERTEX_POINT( '', #3856 );
#3092 = CIRCLE( '', #3857, 0.950000000000000 );
#3093 = VERTEX_POINT( '', #3858 );
#3094 = CIRCLE( '', #3859, 4.10833333333331 );
#3095 = VERTEX_POINT( '', #3860 );
#3096 = LINE( '', #3861, #3862 );
#3097 = VERTEX_POINT( '', #3863 );
#3098 = LINE( '', #3864, #3865 );
#3099 = VERTEX_POINT( '', #3866 );
#3100 = LINE( '', #3867, #3868 );
#3101 = VERTEX_POINT( '', #3869 );
#3102 = LINE( '', #3870, #3871 );
#3103 = VERTEX_POINT( '', #3872 );
#3104 = LINE( '', #3873, #3874 );
#3105 = VERTEX_POINT( '', #3875 );
#3106 = LINE( '', #3876, #3877 );
#3107 = VERTEX_POINT( '', #3878 );
#3108 = LINE( '', #3879, #3880 );
#3109 = VERTEX_POINT( '', #3881 );
#3110 = LINE( '', #3882, #3883 );
#3111 = VERTEX_POINT( '', #3884 );
#3112 = LINE( '', #3885, #3886 );
#3113 = VERTEX_POINT( '', #3887 );
#3114 = LINE( '', #3888, #3889 );
#3115 = LINE( '', #3890, #3891 );
#3116 = FILL_AREA_STYLE_COLOUR( '', #3892 );
#3117 = VERTEX_POINT( '', #3893 );
#3118 = VERTEX_POINT( '', #3894 );
#3119 = LINE( '', #3895, #3896 );
#3120 = VERTEX_POINT( '', #3897 );
#3121 = LINE( '', #3898, #3899 );
#3122 = VERTEX_POINT( '', #3900 );
#3123 = LINE( '', #3901, #3902 );
#3124 = LINE( '', #3903, #3904 );
#3125 = FILL_AREA_STYLE_COLOUR( '', #3905 );
#3126 = VERTEX_POINT( '', #3906 );
#3127 = LINE( '', #3907, #3908 );
#3128 = VERTEX_POINT( '', #3909 );
#3129 = LINE( '', #3910, #3911 );
#3130 = LINE( '', #3912, #3913 );
#3131 = FILL_AREA_STYLE_COLOUR( '', #3914 );
#3132 = VERTEX_POINT( '', #3915 );
#3133 = VERTEX_POINT( '', #3916 );
#3134 = LINE( '', #3917, #3918 );
#3135 = VERTEX_POINT( '', #3919 );
#3136 = LINE( '', #3920, #3921 );
#3137 = VERTEX_POINT( '', #3922 );
#3138 = LINE( '', #3923, #3924 );
#3139 = VERTEX_POINT( '', #3925 );
#3140 = LINE( '', #3926, #3927 );
#3141 = VERTEX_POINT( '', #3928 );
#3142 = LINE( '', #3929, #3930 );
#3143 = VERTEX_POINT( '', #3931 );
#3144 = LINE( '', #3932, #3933 );
#3145 = VERTEX_POINT( '', #3934 );
#3146 = LINE( '', #3935, #3936 );
#3147 = VERTEX_POINT( '', #3937 );
#3148 = LINE( '', #3938, #3939 );
#3149 = VERTEX_POINT( '', #3940 );
#3150 = LINE( '', #3941, #3942 );
#3151 = VERTEX_POINT( '', #3943 );
#3152 = LINE( '', #3944, #3945 );
#3153 = VERTEX_POINT( '', #3946 );
#3154 = LINE( '', #3947, #3948 );
#3155 = LINE( '', #3949, #3950 );
#3156 = FILL_AREA_STYLE_COLOUR( '', #3951 );
#3157 = VERTEX_POINT( '', #3952 );
#3158 = LINE( '', #3953, #3954 );
#3159 = LINE( '', #3955, #3956 );
#3160 = FILL_AREA_STYLE_COLOUR( '', #3957 );
#3161 = VERTEX_POINT( '', #3958 );
#3162 = CIRCLE( '', #3959, 0.950000000000000 );
#3163 = VERTEX_POINT( '', #3960 );
#3164 = VERTEX_POINT( '', #3961 );
#3165 = CIRCLE( '', #3962, 4.10833333333331 );
#3166 = VERTEX_POINT( '', #3963 );
#3167 = LINE( '', #3964, #3965 );
#3168 = VERTEX_POINT( '', #3966 );
#3169 = LINE( '', #3967, #3968 );
#3170 = LINE( '', #3969, #3970 );
#3171 = VERTEX_POINT( '', #3971 );
#3172 = LINE( '', #3972, #3973 );
#3173 = VERTEX_POINT( '', #3974 );
#3174 = LINE( '', #3975, #3976 );
#3175 = VERTEX_POINT( '', #3977 );
#3176 = LINE( '', #3978, #3979 );
#3177 = VERTEX_POINT( '', #3980 );
#3178 = LINE( '', #3981, #3982 );
#3179 = VERTEX_POINT( '', #3983 );
#3180 = LINE( '', #3984, #3985 );
#3181 = VERTEX_POINT( '', #3986 );
#3182 = LINE( '', #3987, #3988 );
#3183 = LINE( '', #3989, #3990 );
#3184 = FILL_AREA_STYLE_COLOUR( '', #3991 );
#3185 = LINE( '', #3992, #3993 );
#3186 = LINE( '', #3994, #3995 );
#3187 = FILL_AREA_STYLE_COLOUR( '', #3996 );
#3188 = VERTEX_POINT( '', #3997 );
#3189 = VERTEX_POINT( '', #3998 );
#3190 = LINE( '', #3999, #4000 );
#3191 = VERTEX_POINT( '', #4001 );
#3192 = LINE( '', #4002, #4003 );
#3193 = VERTEX_POINT( '', #4004 );
#3194 = LINE( '', #4005, #4006 );
#3195 = VERTEX_POINT( '', #4007 );
#3196 = LINE( '', #4008, #4009 );
#3197 = LINE( '', #4010, #4011 );
#3198 = VERTEX_POINT( '', #4012 );
#3199 = LINE( '', #4013, #4014 );
#3200 = VERTEX_POINT( '', #4015 );
#3201 = LINE( '', #4016, #4017 );
#3202 = VERTEX_POINT( '', #4018 );
#3203 = LINE( '', #4019, #4020 );
#3204 = VERTEX_POINT( '', #4021 );
#3205 = LINE( '', #4022, #4023 );
#3206 = VERTEX_POINT( '', #4024 );
#3207 = LINE( '', #4025, #4026 );
#3208 = LINE( '', #4027, #4028 );
#3209 = VERTEX_POINT( '', #4029 );
#3210 = VERTEX_POINT( '', #4030 );
#3211 = LINE( '', #4031, #4032 );
#3212 = LINE( '', #4033, #4034 );
#3213 = VERTEX_POINT( '', #4035 );
#3214 = LINE( '', #4036, #4037 );
#3215 = VERTEX_POINT( '', #4038 );
#3216 = LINE( '', #4039, #4040 );
#3217 = VERTEX_POINT( '', #4041 );
#3218 = LINE( '', #4042, #4043 );
#3219 = LINE( '', #4044, #4045 );
#3220 = VERTEX_POINT( '', #4046 );
#3221 = CIRCLE( '', #4047, 4.10833333333327 );
#3222 = VERTEX_POINT( '', #4048 );
#3223 = LINE( '', #4049, #4050 );
#3224 = VERTEX_POINT( '', #4051 );
#3225 = LINE( '', #4052, #4053 );
#3226 = VERTEX_POINT( '', #4054 );
#3227 = LINE( '', #4055, #4056 );
#3228 = LINE( '', #4057, #4058 );
#3229 = VERTEX_POINT( '', #4059 );
#3230 = LINE( '', #4060, #4061 );
#3231 = VERTEX_POINT( '', #4062 );
#3232 = LINE( '', #4063, #4064 );
#3233 = VERTEX_POINT( '', #4065 );
#3234 = LINE( '', #4066, #4067 );
#3235 = VERTEX_POINT( '', #4068 );
#3236 = LINE( '', #4069, #4070 );
#3237 = VERTEX_POINT( '', #4071 );
#3238 = LINE( '', #4072, #4073 );
#3239 = VERTEX_POINT( '', #4074 );
#3240 = LINE( '', #4075, #4076 );
#3241 = VERTEX_POINT( '', #4077 );
#3242 = CIRCLE( '', #4078, 4.10833333333327 );
#3243 = VERTEX_POINT( '', #4079 );
#3244 = LINE( '', #4080, #4081 );
#3245 = VERTEX_POINT( '', #4082 );
#3246 = LINE( '', #4083, #4084 );
#3247 = LINE( '', #4085, #4086 );
#3248 = FILL_AREA_STYLE_COLOUR( '', #4087 );
#3249 = VERTEX_POINT( '', #4088 );
#3250 = LINE( '', #4089, #4090 );
#3251 = VERTEX_POINT( '', #4091 );
#3252 = LINE( '', #4092, #4093 );
#3253 = VERTEX_POINT( '', #4094 );
#3254 = LINE( '', #4095, #4096 );
#3255 = LINE( '', #4097, #4098 );
#3256 = LINE( '', #4099, #4100 );
#3257 = FILL_AREA_STYLE_COLOUR( '', #4101 );
#3258 = VERTEX_POINT( '', #4102 );
#3259 = LINE( '', #4103, #4104 );
#3260 = LINE( '', #4105, #4106 );
#3261 = FILL_AREA_STYLE_COLOUR( '', #4107 );
#3262 = LINE( '', #4108, #4109 );
#3263 = LINE( '', #4110, #4111 );
#3264 = FILL_AREA_STYLE_COLOUR( '', #4112 );
#3265 = VERTEX_POINT( '', #4113 );
#3266 = VERTEX_POINT( '', #4114 );
#3267 = LINE( '', #4115, #4116 );
#3268 = VERTEX_POINT( '', #4117 );
#3269 = LINE( '', #4118, #4119 );
#3270 = VERTEX_POINT( '', #4120 );
#3271 = LINE( '', #4121, #4122 );
#3272 = LINE( '', #4123, #4124 );
#3273 = FILL_AREA_STYLE_COLOUR( '', #4125 );
#3274 = VERTEX_POINT( '', #4126 );
#3275 = VERTEX_POINT( '', #4127 );
#3276 = LINE( '', #4128, #4129 );
#3277 = LINE( '', #4130, #4131 );
#3278 = LINE( '', #4132, #4133 );
#3279 = FILL_AREA_STYLE_COLOUR( '', #4134 );
#3280 = VERTEX_POINT( '', #4135 );
#3281 = VERTEX_POINT( '', #4136 );
#3282 = LINE( '', #4137, #4138 );
#3283 = VERTEX_POINT( '', #4139 );
#3284 = LINE( '', #4140, #4141 );
#3285 = VERTEX_POINT( '', #4142 );
#3286 = LINE( '', #4143, #4144 );
#3287 = LINE( '', #4145, #4146 );
#3288 = FILL_AREA_STYLE_COLOUR( '', #4147 );
#3289 = VERTEX_POINT( '', #4148 );
#3290 = LINE( '', #4149, #4150 );
#3291 = VERTEX_POINT( '', #4151 );
#3292 = LINE( '', #4152, #4153 );
#3293 = VERTEX_POINT( '', #4154 );
#3294 = LINE( '', #4155, #4156 );
#3295 = CIRCLE( '', #4157, 0.275000000000000 );
#3296 = VERTEX_POINT( '', #4158 );
#3297 = LINE( '', #4159, #4160 );
#3298 = LINE( '', #4161, #4162 );
#3299 = FILL_AREA_STYLE_COLOUR( '', #4163 );
#3300 = VERTEX_POINT( '', #4164 );
#3301 = LINE( '', #4165, #4166 );
#3302 = VERTEX_POINT( '', #4167 );
#3303 = LINE( '', #4168, #4169 );
#3304 = LINE( '', #4170, #4171 );
#3305 = FILL_AREA_STYLE_COLOUR( '', #4172 );
#3306 = LINE( '', #4173, #4174 );
#3307 = FILL_AREA_STYLE_COLOUR( '', #4175 );
#3308 = LINE( '', #4176, #4177 );
#3309 = LINE( '', #4178, #4179 );
#3310 = FILL_AREA_STYLE_COLOUR( '', #4180 );
#3311 = FILL_AREA_STYLE_COLOUR( '', #4181 );
#3312 = VERTEX_POINT( '', #4182 );
#3313 = LINE( '', #4183, #4184 );
#3314 = VERTEX_POINT( '', #4185 );
#3315 = LINE( '', #4186, #4187 );
#3316 = LINE( '', #4188, #4189 );
#3317 = LINE( '', #4190, #4191 );
#3318 = FILL_AREA_STYLE_COLOUR( '', #4192 );
#3319 = VERTEX_POINT( '', #4193 );
#3320 = LINE( '', #4194, #4195 );
#3321 = VERTEX_POINT( '', #4196 );
#3322 = LINE( '', #4197, #4198 );
#3323 = LINE( '', #4199, #4200 );
#3324 = FILL_AREA_STYLE_COLOUR( '', #4201 );
#3325 = VERTEX_POINT( '', #4202 );
#3326 = LINE( '', #4203, #4204 );
#3327 = LINE( '', #4205, #4206 );
#3328 = LINE( '', #4207, #4208 );
#3329 = FILL_AREA_STYLE_COLOUR( '', #4209 );
#3330 = VERTEX_POINT( '', #4210 );
#3331 = VERTEX_POINT( '', #4211 );
#3332 = LINE( '', #4212, #4213 );
#3333 = LINE( '', #4214, #4215 );
#3334 = LINE( '', #4216, #4217 );
#3335 = FILL_AREA_STYLE_COLOUR( '', #4218 );
#3336 = VERTEX_POINT( '', #4219 );
#3337 = VERTEX_POINT( '', #4220 );
#3338 = CIRCLE( '', #4221, 0.200000000000000 );
#3339 = VERTEX_POINT( '', #4222 );
#3340 = LINE( '', #4223, #4224 );
#3341 = VERTEX_POINT( '', #4225 );
#3342 = CIRCLE( '', #4226, 0.200000000000000 );
#3343 = LINE( '', #4227, #4228 );
#3344 = FILL_AREA_STYLE_COLOUR( '', #4229 );
#3345 = LINE( '', #4230, #4231 );
#3346 = LINE( '', #4232, #4233 );
#3347 = FILL_AREA_STYLE_COLOUR( '', #4234 );
#3348 = VERTEX_POINT( '', #4235 );
#3349 = LINE( '', #4236, #4237 );
#3350 = LINE( '', #4238, #4239 );
#3351 = FILL_AREA_STYLE_COLOUR( '', #4240 );
#3352 = VERTEX_POINT( '', #4241 );
#3353 = LINE( '', #4242, #4243 );
#3354 = VERTEX_POINT( '', #4244 );
#3355 = LINE( '', #4245, #4246 );
#3356 = LINE( '', #4247, #4248 );
#3357 = FILL_AREA_STYLE_COLOUR( '', #4249 );
#3358 = LINE( '', #4250, #4251 );
#3359 = LINE( '', #4252, #4253 );
#3360 = FILL_AREA_STYLE_COLOUR( '', #4254 );
#3361 = LINE( '', #4255, #4256 );
#3362 = FILL_AREA_STYLE_COLOUR( '', #4257 );
#3363 = VERTEX_POINT( '', #4258 );
#3364 = LINE( '', #4259, #4260 );
#3365 = VERTEX_POINT( '', #4261 );
#3366 = LINE( '', #4262, #4263 );
#3367 = LINE( '', #4264, #4265 );
#3368 = VERTEX_POINT( '', #4266 );
#3369 = LINE( '', #4267, #4268 );
#3370 = LINE( '', #4269, #4270 );
#3371 = FILL_AREA_STYLE_COLOUR( '', #4271 );
#3372 = LINE( '', #4272, #4273 );
#3373 = VERTEX_POINT( '', #4274 );
#3374 = LINE( '', #4275, #4276 );
#3375 = VERTEX_POINT( '', #4277 );
#3376 = LINE( '', #4278, #4279 );
#3377 = LINE( '', #4280, #4281 );
#3378 = FILL_AREA_STYLE_COLOUR( '', #4282 );
#3379 = FILL_AREA_STYLE_COLOUR( '', #4283 );
#3380 = LINE( '', #4284, #4285 );
#3381 = FILL_AREA_STYLE_COLOUR( '', #4286 );
#3382 = LINE( '', #4287, #4288 );
#3383 = LINE( '', #4289, #4290 );
#3384 = FILL_AREA_STYLE_COLOUR( '', #4291 );
#3385 = VERTEX_POINT( '', #4292 );
#3386 = LINE( '', #4293, #4294 );
#3387 = LINE( '', #4295, #4296 );
#3388 = FILL_AREA_STYLE_COLOUR( '', #4297 );
#3389 = LINE( '', #4298, #4299 );
#3390 = FILL_AREA_STYLE_COLOUR( '', #4300 );
#3391 = LINE( '', #4301, #4302 );
#3392 = FILL_AREA_STYLE_COLOUR( '', #4303 );
#3393 = LINE( '', #4304, #4305 );
#3394 = LINE( '', #4306, #4307 );
#3395 = FILL_AREA_STYLE_COLOUR( '', #4308 );
#3396 = LINE( '', #4309, #4310 );
#3397 = FILL_AREA_STYLE_COLOUR( '', #4311 );
#3398 = VERTEX_POINT( '', #4312 );
#3399 = LINE( '', #4313, #4314 );
#3400 = LINE( '', #4315, #4316 );
#3401 = FILL_AREA_STYLE_COLOUR( '', #4317 );
#3402 = VERTEX_POINT( '', #4318 );
#3403 = LINE( '', #4319, #4320 );
#3404 = VERTEX_POINT( '', #4321 );
#3405 = LINE( '', #4322, #4323 );
#3406 = LINE( '', #4324, #4325 );
#3407 = FILL_AREA_STYLE_COLOUR( '', #4326 );
#3408 = LINE( '', #4327, #4328 );
#3409 = LINE( '', #4329, #4330 );
#3410 = FILL_AREA_STYLE_COLOUR( '', #4331 );
#3411 = VERTEX_POINT( '', #4332 );
#3412 = VERTEX_POINT( '', #4333 );
#3413 = LINE( '', #4334, #4335 );
#3414 = VERTEX_POINT( '', #4336 );
#3415 = CIRCLE( '', #4337, 4.68058823529425 );
#3416 = VERTEX_POINT( '', #4338 );
#3417 = LINE( '', #4339, #4340 );
#3418 = VERTEX_POINT( '', #4341 );
#3419 = LINE( '', #4342, #4343 );
#3420 = VERTEX_POINT( '', #4344 );
#3421 = LINE( '', #4345, #4346 );
#3422 = LINE( '', #4347, #4348 );
#3423 = FILL_AREA_STYLE_COLOUR( '', #4349 );
#3424 = VERTEX_POINT( '', #4350 );
#3425 = LINE( '', #4351, #4352 );
#3426 = LINE( '', #4353, #4354 );
#3427 = FILL_AREA_STYLE_COLOUR( '', #4355 );
#3428 = LINE( '', #4356, #4357 );
#3429 = FILL_AREA_STYLE_COLOUR( '', #4358 );
#3430 = LINE( '', #4359, #4360 );
#3431 = FILL_AREA_STYLE_COLOUR( '', #4361 );
#3432 = VERTEX_POINT( '', #4362 );
#3433 = LINE( '', #4363, #4364 );
#3434 = VERTEX_POINT( '', #4365 );
#3435 = LINE( '', #4366, #4367 );
#3436 = VERTEX_POINT( '', #4368 );
#3437 = LINE( '', #4369, #4370 );
#3438 = VERTEX_POINT( '', #4371 );
#3439 = LINE( '', #4372, #4373 );
#3440 = VERTEX_POINT( '', #4374 );
#3441 = LINE( '', #4375, #4376 );
#3442 = VERTEX_POINT( '', #4377 );
#3443 = LINE( '', #4378, #4379 );
#3444 = LINE( '', #4380, #4381 );
#3445 = FILL_AREA_STYLE_COLOUR( '', #4382 );
#3446 = VERTEX_POINT( '', #4383 );
#3447 = LINE( '', #4384, #4385 );
#3448 = LINE( '', #4386, #4387 );
#3449 = FILL_AREA_STYLE_COLOUR( '', #4388 );
#3450 = FILL_AREA_STYLE_COLOUR( '', #4389 );
#3451 = VERTEX_POINT( '', #4390 );
#3452 = LINE( '', #4391, #4392 );
#3453 = LINE( '', #4393, #4394 );
#3454 = FILL_AREA_STYLE_COLOUR( '', #4395 );
#3455 = LINE( '', #4396, #4397 );
#3456 = FILL_AREA_STYLE_COLOUR( '', #4398 );
#3457 = LINE( '', #4399, #4400 );
#3458 = FILL_AREA_STYLE_COLOUR( '', #4401 );
#3459 = FILL_AREA_STYLE_COLOUR( '', #4402 );
#3460 = FILL_AREA_STYLE_COLOUR( '', #4403 );
#3461 = VERTEX_POINT( '', #4404 );
#3462 = LINE( '', #4405, #4406 );
#3463 = LINE( '', #4407, #4408 );
#3464 = FILL_AREA_STYLE_COLOUR( '', #4409 );
#3465 = LINE( '', #4410, #4411 );
#3466 = VERTEX_POINT( '', #4412 );
#3467 = LINE( '', #4413, #4414 );
#3468 = LINE( '', #4415, #4416 );
#3469 = FILL_AREA_STYLE_COLOUR( '', #4417 );
#3470 = LINE( '', #4418, #4419 );
#3471 = FILL_AREA_STYLE_COLOUR( '', #4420 );
#3472 = VERTEX_POINT( '', #4421 );
#3473 = LINE( '', #4422, #4423 );
#3474 = LINE( '', #4424, #4425 );
#3475 = LINE( '', #4426, #4427 );
#3476 = LINE( '', #4428, #4429 );
#3477 = FILL_AREA_STYLE_COLOUR( '', #4430 );
#3478 = LINE( '', #4431, #4432 );
#3479 = FILL_AREA_STYLE_COLOUR( '', #4433 );
#3480 = LINE( '', #4434, #4435 );
#3481 = LINE( '', #4436, #4437 );
#3482 = FILL_AREA_STYLE_COLOUR( '', #4438 );
#3483 = VERTEX_POINT( '', #4439 );
#3484 = LINE( '', #4440, #4441 );
#3485 = LINE( '', #4442, #4443 );
#3486 = FILL_AREA_STYLE_COLOUR( '', #4444 );
#3487 = LINE( '', #4445, #4446 );
#3488 = LINE( '', #4447, #4448 );
#3489 = FILL_AREA_STYLE_COLOUR( '', #4449 );
#3490 = LINE( '', #4450, #4451 );
#3491 = LINE( '', #4452, #4453 );
#3492 = CIRCLE( '', #4454, 0.275000000000000 );
#3493 = LINE( '', #4455, #4456 );
#3494 = LINE( '', #4457, #4458 );
#3495 = FILL_AREA_STYLE_COLOUR( '', #4459 );
#3496 = LINE( '', #4460, #4461 );
#3497 = VERTEX_POINT( '', #4462 );
#3498 = LINE( '', #4463, #4464 );
#3499 = LINE( '', #4465, #4466 );
#3500 = LINE( '', #4467, #4468 );
#3501 = LINE( '', #4469, #4470 );
#3502 = FILL_AREA_STYLE_COLOUR( '', #4471 );
#3503 = LINE( '', #4472, #4473 );
#3504 = FILL_AREA_STYLE_COLOUR( '', #4474 );
#3505 = LINE( '', #4475, #4476 );
#3506 = FILL_AREA_STYLE_COLOUR( '', #4477 );
#3507 = VERTEX_POINT( '', #4478 );
#3508 = LINE( '', #4479, #4480 );
#3509 = VERTEX_POINT( '', #4481 );
#3510 = LINE( '', #4482, #4483 );
#3511 = LINE( '', #4484, #4485 );
#3512 = FILL_AREA_STYLE_COLOUR( '', #4486 );
#3513 = LINE( '', #4487, #4488 );
#3514 = FILL_AREA_STYLE_COLOUR( '', #4489 );
#3515 = LINE( '', #4490, #4491 );
#3516 = FILL_AREA_STYLE_COLOUR( '', #4492 );
#3517 = VERTEX_POINT( '', #4493 );
#3518 = LINE( '', #4494, #4495 );
#3519 = LINE( '', #4496, #4497 );
#3520 = FILL_AREA_STYLE_COLOUR( '', #4498 );
#3521 = LINE( '', #4499, #4500 );
#3522 = LINE( '', #4501, #4502 );
#3523 = LINE( '', #4503, #4504 );
#3524 = FILL_AREA_STYLE_COLOUR( '', #4505 );
#3525 = FILL_AREA_STYLE_COLOUR( '', #4506 );
#3526 = VERTEX_POINT( '', #4507 );
#3527 = LINE( '', #4508, #4509 );
#3528 = LINE( '', #4510, #4511 );
#3529 = FILL_AREA_STYLE_COLOUR( '', #4512 );
#3530 = LINE( '', #4513, #4514 );
#3531 = FILL_AREA_STYLE_COLOUR( '', #4515 );
#3532 = LINE( '', #4516, #4517 );
#3533 = FILL_AREA_STYLE_COLOUR( '', #4518 );
#3534 = LINE( '', #4519, #4520 );
#3535 = FILL_AREA_STYLE_COLOUR( '', #4521 );
#3536 = LINE( '', #4522, #4523 );
#3537 = FILL_AREA_STYLE_COLOUR( '', #4524 );
#3538 = LINE( '', #4525, #4526 );
#3539 = LINE( '', #4527, #4528 );
#3540 = LINE( '', #4529, #4530 );
#3541 = FILL_AREA_STYLE_COLOUR( '', #4531 );
#3542 = FILL_AREA_STYLE_COLOUR( '', #4532 );
#3543 = FILL_AREA_STYLE_COLOUR( '', #4533 );
#3544 = FILL_AREA_STYLE_COLOUR( '', #4534 );
#3545 = FILL_AREA_STYLE_COLOUR( '', #4535 );
#3546 = VERTEX_POINT( '', #4536 );
#3547 = LINE( '', #4537, #4538 );
#3548 = LINE( '', #4539, #4540 );
#3549 = FILL_AREA_STYLE_COLOUR( '', #4541 );
#3550 = FILL_AREA_STYLE_COLOUR( '', #4542 );
#3551 = FILL_AREA_STYLE_COLOUR( '', #4543 );
#3552 = FILL_AREA_STYLE_COLOUR( '', #4544 );
#3553 = LINE( '', #4545, #4546 );
#3554 = LINE( '', #4547, #4548 );
#3555 = FILL_AREA_STYLE_COLOUR( '', #4549 );
#3556 = FILL_AREA_STYLE_COLOUR( '', #4550 );
#3557 = LINE( '', #4551, #4552 );
#3558 = FILL_AREA_STYLE_COLOUR( '', #4553 );
#3559 = FILL_AREA_STYLE_COLOUR( '', #4554 );
#3560 = FILL_AREA_STYLE_COLOUR( '', #4555 );
#3561 = FILL_AREA_STYLE_COLOUR( '', #4556 );
#3562 = VERTEX_POINT( '', #4557 );
#3563 = LINE( '', #4558, #4559 );
#3564 = LINE( '', #4560, #4561 );
#3565 = FILL_AREA_STYLE_COLOUR( '', #4562 );
#3566 = FILL_AREA_STYLE_COLOUR( '', #4563 );
#3567 = LINE( '', #4564, #4565 );
#3568 = FILL_AREA_STYLE_COLOUR( '', #4566 );
#3569 = FILL_AREA_STYLE_COLOUR( '', #4567 );
#3570 = FILL_AREA_STYLE_COLOUR( '', #4568 );
#3571 = FILL_AREA_STYLE_COLOUR( '', #4569 );
#3572 = FILL_AREA_STYLE_COLOUR( '', #4570 );
#3573 = FILL_AREA_STYLE_COLOUR( '', #4571 );
#3574 = FILL_AREA_STYLE_COLOUR( '', #4572 );
#3575 = FILL_AREA_STYLE_COLOUR( '', #4573 );
#3576 = COLOUR_RGB( '', 0.333333343267441, 0.600000023841858, 0.333333343267441 );
#3577 = CARTESIAN_POINT( '', ( 1.50500000000000, 1.10000000000000, -3.00000000000000 ) );
#3578 = CARTESIAN_POINT( '', ( 1.50500000000000, 1.10000000000000, -0.900000000000000 ) );
#3579 = CARTESIAN_POINT( '', ( 1.50500000000000, 1.10000000000000, -15.5320231000365 ) );
#3580 = VECTOR( '', #4574, 1000.00000000000 );
#3581 = CARTESIAN_POINT( '', ( 2.30500000000000, 1.10000000000000, -3.00000000000000 ) );
#3582 = CARTESIAN_POINT( '', ( 1.50500000000000, 1.10000000000000, -3.00000000000000 ) );
#3583 = VECTOR( '', #4575, 1000.00000000000 );
#3584 = CARTESIAN_POINT( '', ( 2.30500000000000, 1.10000000000000, -0.900000000000000 ) );
#3585 = CARTESIAN_POINT( '', ( 2.30500000000000, 1.10000000000000, -15.5320231000365 ) );
#3586 = VECTOR( '', #4576, 1000.00000000000 );
#3587 = CARTESIAN_POINT( '', ( 1.50500000000000, 1.10000000000000, -0.900000000000000 ) );
#3588 = VECTOR( '', #4577, 1000.00000000000 );
#3589 = COLOUR_RGB( '', 0.333333343267441, 0.600000023841858, 0.333333343267441 );
#3590 = CARTESIAN_POINT( '', ( 0.305000000000000, -3.00000000000000, 4.60000000000000 ) );
#3591 = CARTESIAN_POINT( '', ( 0.905000000000010, -2.10000000000000, 4.60000000000000 ) );
#3592 = CARTESIAN_POINT( '', ( 0.305000000000000, -3.00000000000000, 4.60000000000000 ) );
#3593 = VECTOR( '', #4578, 1000.00000000000 );
#3594 = CARTESIAN_POINT( '', ( 0.305000000000000, -3.00000000000000, -3.40000000000000 ) );
#3595 = CARTESIAN_POINT( '', ( 0.305000000000000, -3.00000000000000, -3.40000000000000 ) );
#3596 = VECTOR( '', #4579, 1000.00000000000 );
#3597 = CARTESIAN_POINT( '', ( 0.905000000000010, -2.10000000000000, -3.40000000000000 ) );
#3598 = CARTESIAN_POINT( '', ( 0.305000000000000, -3.00000000000000, -3.40000000000000 ) );
#3599 = VECTOR( '', #4580, 1000.00000000000 );
#3600 = CARTESIAN_POINT( '', ( 0.905000000000010, -2.10000000000000, -3.40000000000000 ) );
#3601 = VECTOR( '', #4581, 1000.00000000000 );
#3602 = COLOUR_RGB( '', 0.333333343267441, 0.600000023841858, 0.333333343267441 );
#3603 = CARTESIAN_POINT( '', ( -0.304999999999978, -3.00000000000000, -3.40000000000000 ) );
#3604 = CARTESIAN_POINT( '', ( -3.50500000000000, -3.00000000000000, -3.40000000000000 ) );
#3605 = CARTESIAN_POINT( '', ( -0.304999999999978, -3.00000000000000, -3.40000000000000 ) );
#3606 = VECTOR( '', #4582, 1000.00000000000 );
#3607 = CARTESIAN_POINT( '', ( -3.50500000000000, -3.00000000000000, 4.60000000000000 ) );
#3608 = CARTESIAN_POINT( '', ( -3.50500000000000, -3.00000000000000, -3.40000000000000 ) );
#3609 = VECTOR( '', #4583, 1000.00000000000 );
#3610 = CARTESIAN_POINT( '', ( -0.304999999999978, -3.00000000000000, 4.60000000000000 ) );
#3611 = CARTESIAN_POINT( '', ( -0.304999999999978, -3.00000000000000, 4.60000000000000 ) );
#3612 = VECTOR( '', #4584, 1000.00000000000 );
#3613 = CARTESIAN_POINT( '', ( -0.304999999999978, -3.00000000000000, -3.40000000000000 ) );
#3614 = VECTOR( '', #4585, 1000.00000000000 );
#3615 = COLOUR_RGB( '', 0.333333343267441, 0.600000023841858, 0.333333343267441 );
#3616 = CARTESIAN_POINT( '', ( 3.50500000000000, -3.00000000000000, -3.40000000000000 ) );
#3617 = CARTESIAN_POINT( '', ( 3.50500000000000, -3.00000000000000, -3.40000000000000 ) );
#3618 = VECTOR( '', #4586, 1000.00000000000 );
#3619 = CARTESIAN_POINT( '', ( 2.90500000000000, -2.10000000000000, -3.40000000000000 ) );
#3620 = CARTESIAN_POINT( '', ( 2.90500000000000, -2.10000000000000, -3.40000000000000 ) );
#3621 = VECTOR( '', #4587, 1000.00000000000 );
#3622 = CARTESIAN_POINT( '', ( 2.60500000000000, -2.10000000000000, -3.40000000000000 ) );
#3623 = CARTESIAN_POINT( '', ( 2.60500000000000, -2.10000000000000, -3.40000000000000 ) );
#3624 = VECTOR( '', #4588, 1000.00000000000 );
#3625 = CARTESIAN_POINT( '', ( 2.60500000000000, -1.50000000000000, -3.40000000000000 ) );
#3626 = CARTESIAN_POINT( '', ( 2.60500000000000, -1.50000000000000, -3.40000000000000 ) );
#3627 = VECTOR( '', #4589, 1000.00000000000 );
#3628 = CARTESIAN_POINT( '', ( 3.50500000000000, -1.50000000000000, -3.40000000000000 ) );
#3629 = CARTESIAN_POINT( '', ( 3.50500000000000, -1.50000000000000, -3.40000000000000 ) );
#3630 = VECTOR( '', #4590, 1000.00000000000 );
#3631 = CARTESIAN_POINT( '', ( 3.50500000000000, 0.300000000000000, -3.40000000000000 ) );
#3632 = CARTESIAN_POINT( '', ( 3.50500000000000, 2.90000000000000, -3.40000000000000 ) );
#3633 = VECTOR( '', #4591, 1000.00000000000 );
#3634 = CARTESIAN_POINT( '', ( 3.00500000000000, 0.300000000000000, -3.40000000000000 ) );
#3635 = CARTESIAN_POINT( '', ( 3.50500000000000, 0.300000000000000, -3.40000000000000 ) );
#3636 = VECTOR( '', #4592, 1000.00000000000 );
#3637 = CARTESIAN_POINT( '', ( 3.00500000000000, -1.00000000000000, -3.40000000000000 ) );
#3638 = CARTESIAN_POINT( '', ( 3.00500000000000, -1.00000000000000, -3.40000000000000 ) );
#3639 = VECTOR( '', #4593, 1000.00000000000 );
#3640 = CARTESIAN_POINT( '', ( 0.805000000000000, -1.00000000000000, -3.40000000000000 ) );
#3641 = CARTESIAN_POINT( '', ( 0.805000000000000, -1.00000000000000, -3.40000000000000 ) );
#3642 = VECTOR( '', #4594, 1000.00000000000 );
#3643 = CARTESIAN_POINT( '', ( 0.805000000000000, 0.300000000000000, -3.40000000000000 ) );
#3644 = CARTESIAN_POINT( '', ( 0.805000000000000, 0.300000000000000, -3.40000000000000 ) );
#3645 = VECTOR( '', #4595, 1000.00000000000 );
#3646 = CARTESIAN_POINT( '', ( 0.304999999999996, 0.300000000000000, -3.40000000000000 ) );
#3647 = CARTESIAN_POINT( '', ( 0.305000000000000, 0.300000000000000, -3.40000000000000 ) );
#3648 = VECTOR( '', #4596, 1000.00000000000 );
#3649 = CARTESIAN_POINT( '', ( 0.304999999999993, -1.50000000000000, -3.40000000000000 ) );
#3650 = CARTESIAN_POINT( '', ( 0.304999999999993, -1.50000000000000, -3.40000000000000 ) );
#3651 = VECTOR( '', #4597, 1000.00000000000 );
#3652 = CARTESIAN_POINT( '', ( 1.20500000000001, -1.50000000000000, -3.40000000000000 ) );
#3653 = CARTESIAN_POINT( '', ( 1.20500000000001, -1.50000000000000, -3.40000000000000 ) );
#3654 = VECTOR( '', #4598, 1000.00000000000 );
#3655 = CARTESIAN_POINT( '', ( 1.20500000000001, -2.10000000000000, -3.40000000000000 ) );
#3656 = CARTESIAN_POINT( '', ( 1.20500000000001, -2.10000000000000, -3.40000000000000 ) );
#3657 = VECTOR( '', #4599, 1000.00000000000 );
#3658 = CARTESIAN_POINT( '', ( 0.905000000000010, -2.10000000000000, -3.40000000000000 ) );
#3659 = VECTOR( '', #4600, 1000.00000000000 );
#3660 = COLOUR_RGB( '', 0.333333343267441, 0.600000023841858, 0.333333343267441 );
#3661 = CARTESIAN_POINT( '', ( -1.50500000000000, 1.10000000000000, -3.00000000000000 ) );
#3662 = CARTESIAN_POINT( '', ( -1.50500000000000, 3.30000000000000, -3.00000000000000 ) );
#3663 = CARTESIAN_POINT( '', ( -1.50500000000000, -11.1321386327448, -3.00000000000000 ) );
#3664 = VECTOR( '', #4601, 1000.00000000000 );
#3665 = CARTESIAN_POINT( '', ( -1.50500000000000, 3.30000000000000, -4.40000000000000 ) );
#3666 = CARTESIAN_POINT( '', ( -1.50500000000000, 3.30000000000000, -15.5321386327448 ) );
#3667 = VECTOR( '', #4602, 1000.00000000000 );
#3668 = CARTESIAN_POINT( '', ( -1.50500000000000, 0.300000000000000, -4.40000000000000 ) );
#3669 = CARTESIAN_POINT( '', ( -1.50500000000000, 1.10000000000000, -4.40000000000000 ) );
#3670 = VECTOR( '', #4603, 1000.00000000000 );
#3671 = CARTESIAN_POINT( '', ( -1.50500000000000, 0.300000000000000, -0.900000000000000 ) );
#3672 = CARTESIAN_POINT( '', ( -1.50500000000000, 0.300000000000000, -15.5321386327448 ) );
#3673 = VECTOR( '', #4604, 1000.00000000000 );
#3674 = CARTESIAN_POINT( '', ( -1.50500000000000, 1.10000000000000, -0.900000000000000 ) );
#3675 = CARTESIAN_POINT( '', ( -1.50500000000000, 1.10000000000000, -0.900000000000000 ) );
#3676 = VECTOR( '', #4605, 1000.00000000000 );
#3677 = CARTESIAN_POINT( '', ( -1.50500000000000, 1.10000000000000, -15.5321386327448 ) );
#3678 = VECTOR( '', #4606, 1000.00000000000 );
#3679 = COLOUR_RGB( '', 0.740392148494720, 0.778039216995239, 0.800000011920929 );
#3680 = CARTESIAN_POINT( '', ( -0.400000000000000, 0.400000000000000, -4.95000000000000 ) );
#3681 = CARTESIAN_POINT( '', ( -0.400000000000000, 0.400000000000000, 4.95000000000000 ) );
#3682 = CARTESIAN_POINT( '', ( -0.400000000000000, 0.400000000000000, -5.70000000000000 ) );
#3683 = VECTOR( '', #4607, 1000.00000000000 );
#3684 = CARTESIAN_POINT( '', ( -0.400000000000000, -0.400000000000000, -4.95000000000000 ) );
#3685 = CARTESIAN_POINT( '', ( -0.400000000000000, -0.400000000000000, -4.95000000000000 ) );
#3686 = VECTOR( '', #4608, 1000.00000000000 );
#3687 = CARTESIAN_POINT( '', ( -0.400000000000000, -0.400000000000000, 4.95000000000000 ) );
#3688 = CARTESIAN_POINT( '', ( -0.400000000000000, -0.400000000000000, -5.70000000000000 ) );
#3689 = VECTOR( '', #4609, 1000.00000000000 );
#3690 = CARTESIAN_POINT( '', ( -0.400000000000000, -0.400000000000000, 4.95000000000000 ) );
#3691 = VECTOR( '', #4610, 1000.00000000000 );
#3692 = COLOUR_RGB( '', 0.333333343267441, 0.600000023841858, 0.333333343267441 );
#3693 = CARTESIAN_POINT( '', ( 0.305000000000000, 2.90000000000000, 4.60000000000000 ) );
#3694 = CARTESIAN_POINT( '', ( 0.805000000000000, 2.90000000000000, 4.60000000000000 ) );
#3695 = CARTESIAN_POINT( '', ( 0.305000000000000, 2.90000000000000, 4.60000000000000 ) );
#3696 = VECTOR( '', #4611, 1000.00000000000 );
#3697 = CARTESIAN_POINT( '', ( 0.305000000000000, 2.90000000000000, -3.40000000000000 ) );
#3698 = CARTESIAN_POINT( '', ( 0.305000000000000, 2.90000000000000, -3.40000000000000 ) );
#3699 = VECTOR( '', #4612, 1000.00000000000 );
#3700 = CARTESIAN_POINT( '', ( 0.805000000000000, 2.90000000000000, -3.40000000000000 ) );
#3701 = CARTESIAN_POINT( '', ( 0.305000000000000, 2.90000000000000, -3.40000000000000 ) );
#3702 = VECTOR( '', #4613, 1000.00000000000 );
#3703 = CARTESIAN_POINT( '', ( 0.805000000000000, 2.90000000000000, -2.10000000000000 ) );
#3704 = CARTESIAN_POINT( '', ( 0.805000000000000, 2.90000000000000, -3.40000000000000 ) );
#3705 = VECTOR( '', #4614, 1000.00000000000 );
#3706 = CARTESIAN_POINT( '', ( 0.805000000000000, 2.90000000000000, -3.40000000000000 ) );
#3707 = VECTOR( '', #4615, 1000.00000000000 );
#3708 = COLOUR_RGB( '', 0.740392148494720, 0.778039216995239, 0.800000011920929 );
#3709 = CARTESIAN_POINT( '', ( -0.200000000000000, 0.200000000000000, -5.70000000000000 ) );
#3710 = CARTESIAN_POINT( '', ( -0.375097276264591, 0.375097276264591, -5.04338521400778 ) );
#3711 = VECTOR( '', #4616, 1000.00000000000 );
#3712 = CARTESIAN_POINT( '', ( -0.200000000000000, -0.200000000000000, -5.70000000000000 ) );
#3713 = CARTESIAN_POINT( '', ( -0.200000000000000, -0.400000000000000, -5.70000000000000 ) );
#3714 = VECTOR( '', #4617, 1000.00000000000 );
#3715 = CARTESIAN_POINT( '', ( -0.212451361867705, -0.212451361867705, -5.65330739299611 ) );
#3716 = VECTOR( '', #4618, 1000.00000000000 );
#3717 = COLOUR_RGB( '', 0.333333343267441, 0.600000023841858, 0.333333343267441 );
#3718 = CARTESIAN_POINT( '', ( 4.40500000000000, 0.275000000000000, 2.37500000000000 ) );
#3719 = CARTESIAN_POINT( '', ( 4.40500000000000, -0.275000000000000, 2.37500000000000 ) );
#3720 = AXIS2_PLACEMENT_3D( '', #4619, #4620, #4621 );
#3721 = CARTESIAN_POINT( '', ( 4.25500000000000, -0.275000000000000, 2.37500000000000 ) );
#3722 = CARTESIAN_POINT( '', ( 4.25500000000000, -0.275000000000000, 2.37500000000000 ) );
#3723 = VECTOR( '', #4622, 1000.00000000000 );
#3724 = CARTESIAN_POINT( '', ( 4.25500000000000, 0.275000000000000, 2.37500000000000 ) );
#3725 = AXIS2_PLACEMENT_3D( '', #4623, #4624, #4625 );
#3726 = CARTESIAN_POINT( '', ( 4.25500000000000, 0.275000000000000, 2.37500000000000 ) );
#3727 = VECTOR( '', #4626, 1000.00000000000 );
#3728 = COLOUR_RGB( '', 0.333333343267441, 0.600000023841858, 0.333333343267441 );
#3729 = CARTESIAN_POINT( '', ( 1.20500000000000, 0.700000000000000, -0.900000000000000 ) );
#3730 = AXIS2_PLACEMENT_3D( '', #4627, #4628, #4629 );
#3731 = CARTESIAN_POINT( '', ( 0.955000000000000, 0.700000000000000, -1.15000000000000 ) );
#3732 = AXIS2_PLACEMENT_3D( '', #4630, #4631, #4632 );
#3733 = COLOUR_RGB( '', 0.333333343267441, 0.600000023841858, 0.333333343267441 );
#3734 = CARTESIAN_POINT( '', ( 0.655000000000000, 3.50000000000000, 4.10000000000000 ) );
#3735 = CARTESIAN_POINT( '', ( 3.15500000000000, 3.50000000000000, 4.10000000000000 ) );
#3736 = CARTESIAN_POINT( '', ( 0.655000000000000, 3.50000000000000, 4.10000000000000 ) );
#3737 = VECTOR( '', #4633, 1000.00000000000 );
#3738 = AXIS2_PLACEMENT_3D( '', #4634, #4635, #4636 );
#3739 = COLOUR_RGB( '', 0.333333343267441, 0.600000023841858, 0.333333343267441 );
#3740 = CARTESIAN_POINT( '', ( 1.50500000000000, 0.300000000000000, -4.40000000000000 ) );
#3741 = CARTESIAN_POINT( '', ( 1.50500000000000, 3.30000000000000, -4.40000000000000 ) );
#3742 = CARTESIAN_POINT( '', ( 1.50500000000000, 0.300000000000007, -4.40000000000000 ) );
#3743 = VECTOR( '', #4637, 1000.00000000000 );
#3744 = CARTESIAN_POINT( '', ( 1.50500000000000, 3.30000000000000, -3.00000000000000 ) );
#3745 = CARTESIAN_POINT( '', ( 1.50500000000000, 3.30000000000000, -15.5320231000365 ) );
#3746 = VECTOR( '', #4638, 1000.00000000000 );
#3747 = CARTESIAN_POINT( '', ( 1.50500000000000, -11.1320231000364, -3.00000000000000 ) );
#3748 = VECTOR( '', #4639, 1000.00000000000 );
#3749 = CARTESIAN_POINT( '', ( 1.50500000000000, 0.300000000000000, -0.900000000000000 ) );
#3750 = CARTESIAN_POINT( '', ( 1.50500000000000, 0.300000000000004, -0.900000000000000 ) );
#3751 = VECTOR( '', #4640, 1000.00000000000 );
#3752 = CARTESIAN_POINT( '', ( 1.50500000000000, 0.300000000000000, -15.5320231000365 ) );
#3753 = VECTOR( '', #4641, 1000.00000000000 );
#3754 = COLOUR_RGB( '', 0.333333343267441, 0.600000023841858, 0.333333343267441 );
#3755 = CARTESIAN_POINT( '', ( -0.904999999999988, -2.10000000000000, 4.60000000000000 ) );
#3756 = CARTESIAN_POINT( '', ( -0.904999999999988, -2.10000000000000, 4.60000000000000 ) );
#3757 = VECTOR( '', #4642, 1000.00000000000 );
#3758 = CARTESIAN_POINT( '', ( -0.904999999999988, -2.10000000000000, -3.40000000000000 ) );
#3759 = CARTESIAN_POINT( '', ( -0.904999999999988, -2.10000000000000, -3.40000000000000 ) );
#3760 = VECTOR( '', #4643, 1000.00000000000 );
#3761 = CARTESIAN_POINT( '', ( -0.904999999999988, -2.10000000000000, -3.40000000000000 ) );
#3762 = VECTOR( '', #4644, 1000.00000000000 );
#3763 = COLOUR_RGB( '', 0.333333343267441, 0.600000023841858, 0.333333343267441 );
#3764 = CARTESIAN_POINT( '', ( -1.20500000000000, -1.50000000000000, 4.60000000000000 ) );
#3765 = CARTESIAN_POINT( '', ( -1.20500000000000, -2.10000000000000, 4.60000000000000 ) );
#3766 = CARTESIAN_POINT( '', ( -1.20500000000000, -1.50000000000000, 4.60000000000000 ) );
#3767 = VECTOR( '', #4645, 1000.00000000000 );
#3768 = CARTESIAN_POINT( '', ( -1.20500000000000, -1.50000000000000, -3.40000000000000 ) );
#3769 = CARTESIAN_POINT( '', ( -1.20500000000000, -1.50000000000000, -3.40000000000000 ) );
#3770 = VECTOR( '', #4646, 1000.00000000000 );
#3771 = CARTESIAN_POINT( '', ( -1.20500000000000, -2.10000000000000, -3.40000000000000 ) );
#3772 = CARTESIAN_POINT( '', ( -1.20500000000000, -1.50000000000000, -3.40000000000000 ) );
#3773 = VECTOR( '', #4647, 1000.00000000000 );
#3774 = CARTESIAN_POINT( '', ( -1.20500000000000, -2.10000000000000, -3.40000000000000 ) );
#3775 = VECTOR( '', #4648, 1000.00000000000 );
#3776 = COLOUR_RGB( '', 0.333333343267441, 0.600000023841858, 0.333333343267441 );
#3777 = CARTESIAN_POINT( '', ( 2.30500000000000, 3.30000000000000, -4.40000000000000 ) );
#3778 = CARTESIAN_POINT( '', ( 3.40500000000000, 3.30000000000000, -4.40000000000000 ) );
#3779 = CARTESIAN_POINT( '', ( 0.405000000000000, 3.30000000000000, -4.40000000000000 ) );
#3780 = VECTOR( '', #4649, 1000.00000000000 );
#3781 = CARTESIAN_POINT( '', ( 3.40500000000000, -0.500000000000000, -4.40000000000000 ) );
#3782 = CARTESIAN_POINT( '', ( 3.40500000000000, -0.500000000000000, -4.40000000000000 ) );
#3783 = VECTOR( '', #4650, 1000.00000000000 );
#3784 = CARTESIAN_POINT( '', ( 0.405000000000000, -0.500000000000000, -4.40000000000000 ) );
#3785 = CARTESIAN_POINT( '', ( 0.405000000000000, -0.500000000000000, -4.40000000000000 ) );
#3786 = VECTOR( '', #4651, 1000.00000000000 );
#3787 = CARTESIAN_POINT( '', ( 0.405000000000000, 3.30000000000000, -4.40000000000000 ) );
#3788 = CARTESIAN_POINT( '', ( 0.405000000000000, -0.500000000000000, -4.40000000000000 ) );
#3789 = VECTOR( '', #4652, 1000.00000000000 );
#3790 = CARTESIAN_POINT( '', ( 0.405000000000000, 3.30000000000000, -4.40000000000000 ) );
#3791 = VECTOR( '', #4653, 1000.00000000000 );
#3792 = CARTESIAN_POINT( '', ( 2.30500000000000, 0.300000000000000, -4.40000000000000 ) );
#3793 = CARTESIAN_POINT( '', ( 2.30500000000000, 0.300000000000000, -4.40000000000000 ) );
#3794 = VECTOR( '', #4654, 1000.00000000000 );
#3795 = CARTESIAN_POINT( '', ( 2.30500000000000, 1.10000000000000, -4.40000000000000 ) );
#3796 = VECTOR( '', #4655, 1000.00000000000 );
#3797 = COLOUR_RGB( '', 0.740392148494720, 0.778039216995239, 0.800000011920929 );
#3798 = CARTESIAN_POINT( '', ( -0.200000000000000, 0.200000000000000, 5.70000000000000 ) );
#3799 = CARTESIAN_POINT( '', ( -0.350194552529183, 0.350194552529183, 5.13677042801556 ) );
#3800 = VECTOR( '', #4656, 1000.00000000000 );
#3801 = CARTESIAN_POINT( '', ( -0.200000000000000, -0.200000000000000, 5.70000000000000 ) );
#3802 = CARTESIAN_POINT( '', ( -0.212451361867704, -0.212451361867705, 5.65330739299611 ) );
#3803 = VECTOR( '', #4657, 1000.00000000000 );
#3804 = CARTESIAN_POINT( '', ( -0.200000000000000, -0.400000000000000, 5.70000000000000 ) );
#3805 = VECTOR( '', #4658, 1000.00000000000 );
#3806 = COLOUR_RGB( '', 0.333333343267441, 0.600000023841858, 0.333333343267441 );
#3807 = CARTESIAN_POINT( '', ( 3.15500000000000, 3.50000000000000, -1.55000000000000 ) );
#3808 = CARTESIAN_POINT( '', ( 0.655000000000000, 3.50000000000000, -1.55000000000000 ) );
#3809 = AXIS2_PLACEMENT_3D( '', #4659, #4660, #4661 );
#3810 = CARTESIAN_POINT( '', ( 0.655000000000000, 3.50000000000000, 4.10000000000000 ) );
#3811 = VECTOR( '', #4662, 1000.00000000000 );
#3812 = CARTESIAN_POINT( '', ( 3.15500000000000, 3.50000000000000, 4.10000000000000 ) );
#3813 = VECTOR( '', #4663, 1000.00000000000 );
#3814 = COLOUR_RGB( '', 0.333333343267441, 0.600000023841858, 0.333333343267441 );
#3815 = CARTESIAN_POINT( '', ( -2.60500000000000, 0.700000000000000, -0.900000000000000 ) );
#3816 = AXIS2_PLACEMENT_3D( '', #4664, #4665, #4666 );
#3817 = CARTESIAN_POINT( '', ( -2.85500000000000, 0.700000000000000, -1.15000000000000 ) );
#3818 = AXIS2_PLACEMENT_3D( '', #4667, #4668, #4669 );
#3819 = COLOUR_RGB( '', 0.333333343267441, 0.600000023841858, 0.333333343267441 );
#3820 = CARTESIAN_POINT( '', ( -3.15500000000000, 3.50000000000000, 4.10000000000000 ) );
#3821 = CARTESIAN_POINT( '', ( -0.655000000000000, 3.50000000000000, 4.10000000000000 ) );
#3822 = CARTESIAN_POINT( '', ( -3.15500000000000, 3.50000000000000, 4.10000000000000 ) );
#3823 = VECTOR( '', #4670, 1000.00000000000 );
#3824 = AXIS2_PLACEMENT_3D( '', #4671, #4672, #4673 );
#3825 = COLOUR_RGB( '', 0.333333343267441, 0.600000023841858, 0.333333343267441 );
#3826 = CARTESIAN_POINT( '', ( 4.40500000000000, -0.275000000000000, 4.00000000000000 ) );
#3827 = CARTESIAN_POINT( '', ( 4.40500000000000, -2.37500000000000, 4.00000000000000 ) );
#3828 = CARTESIAN_POINT( '', ( 4.40500000000000, -0.275000000000000, 4.00000000000000 ) );
#3829 = VECTOR( '', #4674, 1000.00000000000 );
#3830 = CARTESIAN_POINT( '', ( 4.25500000000000, -2.37500000000000, 4.00000000000000 ) );
#3831 = CARTESIAN_POINT( '', ( 4.25500000000000, -2.37500000000000, 4.00000000000000 ) );
#3832 = VECTOR( '', #4675, 1000.00000000000 );
#3833 = CARTESIAN_POINT( '', ( 4.25500000000000, -0.275000000000000, 4.00000000000000 ) );
#3834 = CARTESIAN_POINT( '', ( 4.25500000000000, -0.275000000000000, 4.00000000000000 ) );
#3835 = VECTOR( '', #4676, 1000.00000000000 );
#3836 = CARTESIAN_POINT( '', ( 4.25500000000000, -0.275000000000000, 4.00000000000000 ) );
#3837 = VECTOR( '', #4677, 1000.00000000000 );
#3838 = COLOUR_RGB( '', 0.333333343267441, 0.600000023841858, 0.333333343267441 );
#3839 = CARTESIAN_POINT( '', ( 4.40500000000000, 2.37500000000000, 4.00000000000000 ) );
#3840 = CARTESIAN_POINT( '', ( 4.40500000000000, 0.275000000000000, 4.00000000000000 ) );
#3841 = CARTESIAN_POINT( '', ( 4.40500000000000, 2.37500000000000, 4.00000000000000 ) );
#3842 = VECTOR( '', #4678, 1000.00000000000 );
#3843 = CARTESIAN_POINT( '', ( 4.40500000000000, 2.37500000000000, 4.60000000000000 ) );
#3844 = CARTESIAN_POINT( '', ( 4.40500000000000, 2.37500000000000, 4.60000000000000 ) );
#3845 = VECTOR( '', #4679, 1000.00000000000 );
#3846 = CARTESIAN_POINT( '', ( 4.40500000000000, -2.37500000000000, 4.60000000000000 ) );
#3847 = CARTESIAN_POINT( '', ( 4.40500000000000, -3.50000000000000, 4.60000000000000 ) );
#3848 = VECTOR( '', #4680, 1000.00000000000 );
#3849 = CARTESIAN_POINT( '', ( 4.40500000000000, -2.37500000000000, 4.00000000000000 ) );
#3850 = VECTOR( '', #4681, 1000.00000000000 );
#3851 = CARTESIAN_POINT( '', ( 4.40500000000000, -0.275000000000000, 2.37500000000000 ) );
#3852 = VECTOR( '', #4682, 1000.00000000000 );
#3853 = CARTESIAN_POINT( '', ( 4.40500000000000, 0.275000000000000, 4.00000000000000 ) );
#3854 = VECTOR( '', #4683, 1000.00000000000 );
#3855 = COLOUR_RGB( '', 0.333333343267441, 0.600000023841858, 0.333333343267441 );
#3856 = CARTESIAN_POINT( '', ( 2.85500000000000, 0.700000000000000, -2.10000000000000 ) );
#3857 = AXIS2_PLACEMENT_3D( '', #4684, #4685, #4686 );
#3858 = CARTESIAN_POINT( '', ( 3.00500000000000, 2.90000000000000, -2.10000000000000 ) );
#3859 = AXIS2_PLACEMENT_3D( '', #4687, #4688, #4689 );
#3860 = CARTESIAN_POINT( '', ( 0.805000000000000, 1.10000000000000, -2.10000000000000 ) );
#3861 = CARTESIAN_POINT( '', ( 0.805000000000000, 2.90000000000000, -2.10000000000000 ) );
#3862 = VECTOR( '', #4690, 1000.00000000000 );
#3863 = CARTESIAN_POINT( '', ( 0.305000000000000, 1.10000000000000, -2.10000000000000 ) );
#3864 = CARTESIAN_POINT( '', ( 0.805000000000000, 1.10000000000000, -2.10000000000000 ) );
#3865 = VECTOR( '', #4691, 1000.00000000000 );
#3866 = CARTESIAN_POINT( '', ( 0.304999999999996, 0.300000000000000, -2.10000000000000 ) );
#3867 = CARTESIAN_POINT( '', ( 0.305000000000000, 1.10000000000000, -2.10000000000000 ) );
#3868 = VECTOR( '', #4692, 1000.00000000000 );
#3869 = CARTESIAN_POINT( '', ( 0.805000000000000, 0.300000000000000, -2.10000000000000 ) );
#3870 = CARTESIAN_POINT( '', ( 0.305000000000000, 0.300000000000000, -2.10000000000000 ) );
#3871 = VECTOR( '', #4693, 1000.00000000000 );
#3872 = CARTESIAN_POINT( '', ( 0.805000000000000, -1.00000000000000, -2.10000000000000 ) );
#3873 = CARTESIAN_POINT( '', ( 0.805000000000000, 0.300000000000000, -2.10000000000000 ) );
#3874 = VECTOR( '', #4694, 1000.00000000000 );
#3875 = CARTESIAN_POINT( '', ( 3.00500000000000, -1.00000000000000, -2.10000000000000 ) );
#3876 = CARTESIAN_POINT( '', ( 0.805000000000000, -1.00000000000000, -2.10000000000000 ) );
#3877 = VECTOR( '', #4695, 1000.00000000000 );
#3878 = CARTESIAN_POINT( '', ( 3.00500000000000, 0.300000000000000, -2.10000000000000 ) );
#3879 = CARTESIAN_POINT( '', ( 3.00500000000000, -1.00000000000000, -2.10000000000000 ) );
#3880 = VECTOR( '', #4696, 1000.00000000000 );
#3881 = CARTESIAN_POINT( '', ( 3.50500000000000, 0.300000000000000, -2.10000000000000 ) );
#3882 = CARTESIAN_POINT( '', ( 3.50500000000000, 0.300000000000000, -2.10000000000000 ) );
#3883 = VECTOR( '', #4697, 1000.00000000000 );
#3884 = CARTESIAN_POINT( '', ( 3.50500000000000, 1.10000000000000, -2.10000000000000 ) );
#3885 = CARTESIAN_POINT( '', ( 3.50500000000000, 1.10000000000000, -2.10000000000000 ) );
#3886 = VECTOR( '', #4698, 1000.00000000000 );
#3887 = CARTESIAN_POINT( '', ( 3.00500000000000, 1.10000000000000, -2.10000000000000 ) );
#3888 = CARTESIAN_POINT( '', ( 3.00500000000000, 1.10000000000000, -2.10000000000000 ) );
#3889 = VECTOR( '', #4699, 1000.00000000000 );
#3890 = CARTESIAN_POINT( '', ( 3.00500000000000, 2.90000000000000, -2.10000000000000 ) );
#3891 = VECTOR( '', #4700, 1000.00000000000 );
#3892 = COLOUR_RGB( '', 0.333333343267441, 0.600000023841858, 0.333333343267441 );
#3893 = CARTESIAN_POINT( '', ( -3.00500000000000, 0.300000000000000, -3.40000000000000 ) );
#3894 = CARTESIAN_POINT( '', ( -3.50500000000000, 0.300000000000000, -3.40000000000000 ) );
#3895 = CARTESIAN_POINT( '', ( -3.50500000000000, 0.300000000000000, -3.40000000000000 ) );
#3896 = VECTOR( '', #4701, 1000.00000000000 );
#3897 = CARTESIAN_POINT( '', ( -3.00500000000000, 0.300000000000000, -2.10000000000000 ) );
#3898 = CARTESIAN_POINT( '', ( -3.00500000000000, 0.300000000000000, -2.10000000000000 ) );
#3899 = VECTOR( '', #4702, 1000.00000000000 );
#3900 = CARTESIAN_POINT( '', ( -3.50500000000000, 0.300000000000000, -2.10000000000000 ) );
#3901 = CARTESIAN_POINT( '', ( -3.50500000000000, 0.300000000000000, -2.10000000000000 ) );
#3902 = VECTOR( '', #4703, 1000.00000000000 );
#3903 = CARTESIAN_POINT( '', ( -3.50500000000000, 0.300000000000000, -2.10000000000000 ) );
#3904 = VECTOR( '', #4704, 1000.00000000000 );
#3905 = COLOUR_RGB( '', 0.740392148494720, 0.778039216995239, 0.800000011920929 );
#3906 = CARTESIAN_POINT( '', ( 0.400000000000000, -0.400000000000000, 4.95000000000000 ) );
#3907 = CARTESIAN_POINT( '', ( -0.400000000000000, -0.400000000000000, 4.95000000000000 ) );
#3908 = VECTOR( '', #4705, 1000.00000000000 );
#3909 = CARTESIAN_POINT( '', ( 0.200000000000000, -0.200000000000000, 5.70000000000000 ) );
#3910 = CARTESIAN_POINT( '', ( 0.162645914396887, -0.162645914396887, 5.84007782101167 ) );
#3911 = VECTOR( '', #4706, 1000.00000000000 );
#3912 = CARTESIAN_POINT( '', ( 0.400000000000000, -0.200000000000000, 5.70000000000000 ) );
#3913 = VECTOR( '', #4707, 1000.00000000000 );
#3914 = COLOUR_RGB( '', 0.333333343267441, 0.600000023841858, 0.333333343267441 );
#3915 = CARTESIAN_POINT( '', ( -4.25500000000000, 3.50000000000000, -4.60000000000000 ) );
#3916 = CARTESIAN_POINT( '', ( -4.25500000000000, -3.50000000000000, -4.60000000000000 ) );
#3917 = CARTESIAN_POINT( '', ( -4.25500000000000, 3.50000000000000, -4.60000000000000 ) );
#3918 = VECTOR( '', #4708, 1000.00000000000 );
#3919 = CARTESIAN_POINT( '', ( -3.40500000000000, 3.50000000000000, -4.60000000000000 ) );
#3920 = CARTESIAN_POINT( '', ( 4.40500000000000, 3.50000000000000, -4.60000000000000 ) );
#3921 = VECTOR( '', #4709, 1000.00000000000 );
#3922 = CARTESIAN_POINT( '', ( -3.40500000000000, -0.500000000000000, -4.60000000000000 ) );
#3923 = CARTESIAN_POINT( '', ( -3.40500000000000, -0.500000000000000, -4.60000000000000 ) );
#3924 = VECTOR( '', #4710, 1000.00000000000 );
#3925 = CARTESIAN_POINT( '', ( -0.404999999999995, -0.500000000000000, -4.60000000000000 ) );
#3926 = CARTESIAN_POINT( '', ( -0.404999999999995, -0.500000000000000, -4.60000000000000 ) );
#3927 = VECTOR( '', #4711, 1000.00000000000 );
#3928 = CARTESIAN_POINT( '', ( -0.404999999999995, 3.50000000000000, -4.60000000000000 ) );
#3929 = CARTESIAN_POINT( '', ( -0.404999999999995, -0.500000000000000, -4.60000000000000 ) );
#3930 = VECTOR( '', #4712, 1000.00000000000 );
#3931 = CARTESIAN_POINT( '', ( 0.405000000000000, 3.50000000000000, -4.60000000000000 ) );
#3932 = CARTESIAN_POINT( '', ( 4.40500000000000, 3.50000000000000, -4.60000000000000 ) );
#3933 = VECTOR( '', #4713, 1000.00000000000 );
#3934 = CARTESIAN_POINT( '', ( 0.405000000000000, -0.500000000000000, -4.60000000000000 ) );
#3935 = CARTESIAN_POINT( '', ( 0.405000000000000, -0.500000000000000, -4.60000000000000 ) );
#3936 = VECTOR( '', #4714, 1000.00000000000 );
#3937 = CARTESIAN_POINT( '', ( 3.40500000000000, -0.500000000000000, -4.60000000000000 ) );
#3938 = CARTESIAN_POINT( '', ( 3.40500000000000, -0.500000000000000, -4.60000000000000 ) );
#3939 = VECTOR( '', #4715, 1000.00000000000 );
#3940 = CARTESIAN_POINT( '', ( 3.40500000000000, 3.50000000000000, -4.60000000000000 ) );
#3941 = CARTESIAN_POINT( '', ( 3.40500000000000, -0.500000000000000, -4.60000000000000 ) );
#3942 = VECTOR( '', #4716, 1000.00000000000 );
#3943 = CARTESIAN_POINT( '', ( 4.25500000000000, 3.50000000000000, -4.60000000000000 ) );
#3944 = CARTESIAN_POINT( '', ( 4.40500000000000, 3.50000000000000, -4.60000000000000 ) );
#3945 = VECTOR( '', #4717, 1000.00000000000 );
#3946 = CARTESIAN_POINT( '', ( 4.25500000000000, -3.50000000000000, -4.60000000000000 ) );
#3947 = CARTESIAN_POINT( '', ( 4.25500000000000, -3.87133104716543, -4.60000000000000 ) );
#3948 = VECTOR( '', #4718, 1000.00000000000 );
#3949 = CARTESIAN_POINT( '', ( 4.40500000000000, -3.50000000000000, -4.60000000000000 ) );
#3950 = VECTOR( '', #4719, 1000.00000000000 );
#3951 = COLOUR_RGB( '', 0.333333343267441, 0.600000023841858, 0.333333343267441 );
#3952 = CARTESIAN_POINT( '', ( 3.50500000000000, -3.00000000000000, 4.60000000000000 ) );
#3953 = CARTESIAN_POINT( '', ( 3.50500000000000, -3.00000000000000, 4.60000000000000 ) );
#3954 = VECTOR( '', #4720, 1000.00000000000 );
#3955 = CARTESIAN_POINT( '', ( 3.50500000000000, -3.00000000000000, -3.40000000000000 ) );
#3956 = VECTOR( '', #4721, 1000.00000000000 );
#3957 = COLOUR_RGB( '', 0.333333343267441, 0.600000023841858, 0.333333343267441 );
#3958 = CARTESIAN_POINT( '', ( -0.955000000000000, 0.700000000000000, -2.10000000000000 ) );
#3959 = AXIS2_PLACEMENT_3D( '', #4722, #4723, #4724 );
#3960 = CARTESIAN_POINT( '', ( -3.00500000000000, 2.90000000000000, -2.10000000000000 ) );
#3961 = CARTESIAN_POINT( '', ( -0.804999999999979, 2.90000000000000, -2.10000000000000 ) );
#3962 = AXIS2_PLACEMENT_3D( '', #4725, #4726, #4727 );
#3963 = CARTESIAN_POINT( '', ( -3.00500000000000, 1.10000000000000, -2.10000000000000 ) );
#3964 = CARTESIAN_POINT( '', ( -3.00500000000000, 2.90000000000000, -2.10000000000000 ) );
#3965 = VECTOR( '', #4728, 1000.00000000000 );
#3966 = CARTESIAN_POINT( '', ( -3.50500000000000, 1.10000000000000, -2.10000000000000 ) );
#3967 = CARTESIAN_POINT( '', ( -3.00500000000000, 1.10000000000000, -2.10000000000000 ) );
#3968 = VECTOR( '', #4729, 1000.00000000000 );
#3969 = CARTESIAN_POINT( '', ( -3.50500000000000, 1.10000000000000, -2.10000000000000 ) );
#3970 = VECTOR( '', #4730, 1000.00000000000 );
#3971 = CARTESIAN_POINT( '', ( -3.00500000000000, -1.00000000000000, -2.10000000000000 ) );
#3972 = CARTESIAN_POINT( '', ( -3.00500000000000, 0.300000000000000, -2.10000000000000 ) );
#3973 = VECTOR( '', #4731, 1000.00000000000 );
#3974 = CARTESIAN_POINT( '', ( -0.804999999999977, -1.00000000000000, -2.10000000000000 ) );
#3975 = CARTESIAN_POINT( '', ( -3.00500000000000, -1.00000000000000, -2.10000000000000 ) );
#3976 = VECTOR( '', #4732, 1000.00000000000 );
#3977 = CARTESIAN_POINT( '', ( -0.804999999999977, 0.300000000000000, -2.10000000000000 ) );
#3978 = CARTESIAN_POINT( '', ( -0.804999999999977, -1.00000000000000, -2.10000000000000 ) );
#3979 = VECTOR( '', #4733, 1000.00000000000 );
#3980 = CARTESIAN_POINT( '', ( -0.304999999999978, 0.300000000000000, -2.10000000000000 ) );
#3981 = CARTESIAN_POINT( '', ( -0.304999999999977, 0.300000000000000, -2.10000000000000 ) );
#3982 = VECTOR( '', #4734, 1000.00000000000 );
#3983 = CARTESIAN_POINT( '', ( -0.304999999999978, 1.10000000000000, -2.10000000000000 ) );
#3984 = CARTESIAN_POINT( '', ( -0.304999999999977, 1.10000000000000, -2.10000000000000 ) );
#3985 = VECTOR( '', #4735, 1000.00000000000 );
#3986 = CARTESIAN_POINT( '', ( -0.804999999999977, 1.10000000000000, -2.10000000000000 ) );
#3987 = CARTESIAN_POINT( '', ( -0.804999999999977, 1.10000000000000, -2.10000000000000 ) );
#3988 = VECTOR( '', #4736, 1000.00000000000 );
#3989 = CARTESIAN_POINT( '', ( -0.804999999999977, 2.90000000000000, -2.10000000000000 ) );
#3990 = VECTOR( '', #4737, 1000.00000000000 );
#3991 = COLOUR_RGB( '', 0.333333343267441, 0.600000023841858, 0.333333343267441 );
#3992 = CARTESIAN_POINT( '', ( -1.20500000000000, -2.10000000000000, 4.60000000000000 ) );
#3993 = VECTOR( '', #4738, 1000.00000000000 );
#3994 = CARTESIAN_POINT( '', ( -1.20500000000000, -2.10000000000000, -3.40000000000000 ) );
#3995 = VECTOR( '', #4739, 1000.00000000000 );
#3996 = COLOUR_RGB( '', 0.333333343267441, 0.600000023841858, 0.333333343267441 );
#3997 = CARTESIAN_POINT( '', ( -4.25500000000000, -2.37500000000000, 4.60000000000000 ) );
#3998 = CARTESIAN_POINT( '', ( -4.40500000000000, -2.37500000000000, 4.60000000000000 ) );
#3999 = CARTESIAN_POINT( '', ( -4.25500000000000, -2.37500000000000, 4.60000000000000 ) );
#4000 = VECTOR( '', #4740, 1000.00000000000 );
#4001 = CARTESIAN_POINT( '', ( -4.25500000000000, -3.50000000000000, 4.60000000000000 ) );
#4002 = CARTESIAN_POINT( '', ( -4.25500000000000, -3.87133104716544, 4.60000000000000 ) );
#4003 = VECTOR( '', #4741, 1000.00000000000 );
#4004 = CARTESIAN_POINT( '', ( 4.25500000000000, -3.50000000000000, 4.60000000000000 ) );
#4005 = CARTESIAN_POINT( '', ( 4.40500000000000, -3.50000000000000, 4.60000000000000 ) );
#4006 = VECTOR( '', #4742, 1000.00000000000 );
#4007 = CARTESIAN_POINT( '', ( 4.25500000000000, -2.37500000000000, 4.60000000000000 ) );
#4008 = CARTESIAN_POINT( '', ( 4.25500000000000, -2.37500000000000, 4.60000000000000 ) );
#4009 = VECTOR( '', #4743, 1000.00000000000 );
#4010 = CARTESIAN_POINT( '', ( 4.25500000000000, -2.37500000000000, 4.60000000000000 ) );
#4011 = VECTOR( '', #4744, 1000.00000000000 );
#4012 = CARTESIAN_POINT( '', ( 4.25500000000000, 2.37500000000000, 4.60000000000000 ) );
#4013 = CARTESIAN_POINT( '', ( 4.25500000000000, 2.37500000000000, 4.60000000000000 ) );
#4014 = VECTOR( '', #4745, 1000.00000000000 );
#4015 = CARTESIAN_POINT( '', ( 4.25500000000000, 3.50000000000000, 4.60000000000000 ) );
#4016 = CARTESIAN_POINT( '', ( 4.25500000000000, 3.50000000000000, 4.60000000000000 ) );
#4017 = VECTOR( '', #4746, 1000.00000000000 );
#4018 = CARTESIAN_POINT( '', ( -4.25500000000000, 3.50000000000000, 4.60000000000000 ) );
#4019 = CARTESIAN_POINT( '', ( 4.40500000000000, 3.50000000000000, 4.60000000000000 ) );
#4020 = VECTOR( '', #4747, 1000.00000000000 );
#4021 = CARTESIAN_POINT( '', ( -4.25500000000000, 2.37500000000000, 4.60000000000000 ) );
#4022 = CARTESIAN_POINT( '', ( -4.25500000000000, 2.37500000000000, 4.60000000000000 ) );
#4023 = VECTOR( '', #4748, 1000.00000000000 );
#4024 = CARTESIAN_POINT( '', ( -4.40500000000000, 2.37500000000000, 4.60000000000000 ) );
#4025 = CARTESIAN_POINT( '', ( -4.25500000000000, 2.37500000000000, 4.60000000000000 ) );
#4026 = VECTOR( '', #4749, 1000.00000000000 );
#4027 = CARTESIAN_POINT( '', ( -4.40500000000000, -3.50000000000000, 4.60000000000000 ) );
#4028 = VECTOR( '', #4750, 1000.00000000000 );
#4029 = CARTESIAN_POINT( '', ( 2.60500000000000, -2.10000000000000, 4.60000000000000 ) );
#4030 = CARTESIAN_POINT( '', ( 2.90500000000000, -2.10000000000000, 4.60000000000000 ) );
#4031 = CARTESIAN_POINT( '', ( 2.60500000000000, -2.10000000000000, 4.60000000000000 ) );
#4032 = VECTOR( '', #4751, 1000.00000000000 );
#4033 = CARTESIAN_POINT( '', ( 2.90500000000000, -2.10000000000000, 4.60000000000000 ) );
#4034 = VECTOR( '', #4752, 1000.00000000000 );
#4035 = CARTESIAN_POINT( '', ( 1.20500000000001, -2.10000000000000, 4.60000000000000 ) );
#4036 = CARTESIAN_POINT( '', ( 0.905000000000010, -2.10000000000000, 4.60000000000000 ) );
#4037 = VECTOR( '', #4753, 1000.00000000000 );
#4038 = CARTESIAN_POINT( '', ( 1.20500000000001, -1.50000000000000, 4.60000000000000 ) );
#4039 = CARTESIAN_POINT( '', ( 1.20500000000001, -2.10000000000000, 4.60000000000000 ) );
#4040 = VECTOR( '', #4754, 1000.00000000000 );
#4041 = CARTESIAN_POINT( '', ( 0.304999999999993, -1.50000000000000, 4.60000000000000 ) );
#4042 = CARTESIAN_POINT( '', ( 1.20500000000001, -1.50000000000000, 4.60000000000000 ) );
#4043 = VECTOR( '', #4755, 1000.00000000000 );
#4044 = CARTESIAN_POINT( '', ( 0.304999999999993, -1.50000000000000, 4.60000000000000 ) );
#4045 = VECTOR( '', #4756, 1000.00000000000 );
#4046 = CARTESIAN_POINT( '', ( 3.00500000000000, 2.90000000000000, 4.60000000000000 ) );
#4047 = AXIS2_PLACEMENT_3D( '', #4757, #4758, #4759 );
#4048 = CARTESIAN_POINT( '', ( 3.50500000000000, 2.90000000000000, 4.60000000000000 ) );
#4049 = CARTESIAN_POINT( '', ( 3.00500000000000, 2.90000000000000, 4.60000000000000 ) );
#4050 = VECTOR( '', #4760, 1000.00000000000 );
#4051 = CARTESIAN_POINT( '', ( 3.50500000000000, -1.50000000000000, 4.60000000000000 ) );
#4052 = CARTESIAN_POINT( '', ( 3.50500000000000, 2.90000000000000, 4.60000000000000 ) );
#4053 = VECTOR( '', #4761, 1000.00000000000 );
#4054 = CARTESIAN_POINT( '', ( 2.60500000000000, -1.50000000000000, 4.60000000000000 ) );
#4055 = CARTESIAN_POINT( '', ( 3.50500000000000, -1.50000000000000, 4.60000000000000 ) );
#4056 = VECTOR( '', #4762, 1000.00000000000 );
#4057 = CARTESIAN_POINT( '', ( 2.60500000000000, -1.50000000000000, 4.60000000000000 ) );
#4058 = VECTOR( '', #4763, 1000.00000000000 );
#4059 = CARTESIAN_POINT( '', ( -2.90500000000000, -2.10000000000000, 4.60000000000000 ) );
#4060 = CARTESIAN_POINT( '', ( -3.50500000000000, -3.00000000000000, 4.60000000000000 ) );
#4061 = VECTOR( '', #4764, 1000.00000000000 );
#4062 = CARTESIAN_POINT( '', ( -2.60500000000000, -2.10000000000000, 4.60000000000000 ) );
#4063 = CARTESIAN_POINT( '', ( -2.90500000000000, -2.10000000000000, 4.60000000000000 ) );
#4064 = VECTOR( '', #4765, 1000.00000000000 );
#4065 = CARTESIAN_POINT( '', ( -2.60500000000000, -1.50000000000000, 4.60000000000000 ) );
#4066 = CARTESIAN_POINT( '', ( -2.60500000000000, -2.10000000000000, 4.60000000000000 ) );
#4067 = VECTOR( '', #4766, 1000.00000000000 );
#4068 = CARTESIAN_POINT( '', ( -3.50500000000000, -1.50000000000000, 4.60000000000000 ) );
#4069 = CARTESIAN_POINT( '', ( -2.60500000000000, -1.50000000000000, 4.60000000000000 ) );
#4070 = VECTOR( '', #4767, 1000.00000000000 );
#4071 = CARTESIAN_POINT( '', ( -3.50500000000000, 2.90000000000000, 4.60000000000000 ) );
#4072 = CARTESIAN_POINT( '', ( -3.50500000000000, -1.50000000000000, 4.60000000000000 ) );
#4073 = VECTOR( '', #4768, 1000.00000000000 );
#4074 = CARTESIAN_POINT( '', ( -3.00500000000000, 2.90000000000000, 4.60000000000000 ) );
#4075 = CARTESIAN_POINT( '', ( -3.50500000000000, 2.90000000000000, 4.60000000000000 ) );
#4076 = VECTOR( '', #4769, 1000.00000000000 );
#4077 = CARTESIAN_POINT( '', ( -0.804999999999979, 2.90000000000000, 4.60000000000000 ) );
#4078 = AXIS2_PLACEMENT_3D( '', #4770, #4771, #4772 );
#4079 = CARTESIAN_POINT( '', ( -0.304999999999978, 2.90000000000000, 4.60000000000000 ) );
#4080 = CARTESIAN_POINT( '', ( -0.804999999999979, 2.90000000000000, 4.60000000000000 ) );
#4081 = VECTOR( '', #4773, 1000.00000000000 );
#4082 = CARTESIAN_POINT( '', ( -0.304999999999978, -1.50000000000000, 4.60000000000000 ) );
#4083 = CARTESIAN_POINT( '', ( -0.304999999999978, 2.90000000000000, 4.60000000000000 ) );
#4084 = VECTOR( '', #4774, 1000.00000000000 );
#4085 = CARTESIAN_POINT( '', ( -0.304999999999978, -1.50000000000000, 4.60000000000000 ) );
#4086 = VECTOR( '', #4775, 1000.00000000000 );
#4087 = COLOUR_RGB( '', 0.333333343267441, 0.600000023841858, 0.333333343267441 );
#4088 = CARTESIAN_POINT( '', ( 2.30500000000000, 3.30000000000000, -3.00000000000000 ) );
#4089 = CARTESIAN_POINT( '', ( 2.30500000000000, 3.30000000000000, -3.00000000000000 ) );
#4090 = VECTOR( '', #4776, 1000.00000000000 );
#4091 = CARTESIAN_POINT( '', ( 0.405000000000000, 3.30000000000000, -1.55000000000000 ) );
#4092 = CARTESIAN_POINT( '', ( 0.405000000000000, 3.30000000000000, -4.60000000000000 ) );
#4093 = VECTOR( '', #4777, 1000.00000000000 );
#4094 = CARTESIAN_POINT( '', ( 3.40500000000000, 3.30000000000000, -1.55000000000000 ) );
#4095 = CARTESIAN_POINT( '', ( 0.405000000000000, 3.30000000000000, -1.55000000000000 ) );
#4096 = VECTOR( '', #4778, 1000.00000000000 );
#4097 = CARTESIAN_POINT( '', ( 3.40500000000000, 3.30000000000000, -4.60000000000000 ) );
#4098 = VECTOR( '', #4779, 1000.00000000000 );
#4099 = CARTESIAN_POINT( '', ( 2.30500000000000, 3.30000000000000, -15.5320231000365 ) );
#4100 = VECTOR( '', #4780, 1000.00000000000 );
#4101 = COLOUR_RGB( '', 0.333333343267441, 0.600000023841858, 0.333333343267441 );
#4102 = CARTESIAN_POINT( '', ( 2.30500000000000, 0.300000000000000, -0.900000000000000 ) );
#4103 = CARTESIAN_POINT( '', ( 2.30500000000000, 1.10000000000000, -0.900000000000000 ) );
#4104 = VECTOR( '', #4781, 1000.00000000000 );
#4105 = CARTESIAN_POINT( '', ( 2.30500000000000, 0.300000000000000, -0.900000000000000 ) );
#4106 = VECTOR( '', #4782, 1000.00000000000 );
#4107 = COLOUR_RGB( '', 0.333333343267441, 0.600000023841858, 0.333333343267441 );
#4108 = CARTESIAN_POINT( '', ( 3.50500000000000, -1.50000000000000, -3.40000000000000 ) );
#4109 = VECTOR( '', #4783, 1000.00000000000 );
#4110 = CARTESIAN_POINT( '', ( 2.60500000000000, -1.50000000000000, -3.40000000000000 ) );
#4111 = VECTOR( '', #4784, 1000.00000000000 );
#4112 = COLOUR_RGB( '', 0.333333343267441, 0.600000023841858, 0.333333343267441 );
#4113 = CARTESIAN_POINT( '', ( -4.40500000000000, -0.275000000000000, 4.00000000000000 ) );
#4114 = CARTESIAN_POINT( '', ( -4.40500000000000, -0.275000000000000, 2.37500000000000 ) );
#4115 = CARTESIAN_POINT( '', ( -4.40500000000000, -0.275000000000000, 4.00000000000000 ) );
#4116 = VECTOR( '', #4785, 1000.00000000000 );
#4117 = CARTESIAN_POINT( '', ( -4.25500000000000, -0.275000000000000, 2.37500000000000 ) );
#4118 = CARTESIAN_POINT( '', ( -4.25500000000000, -0.275000000000000, 2.37500000000000 ) );
#4119 = VECTOR( '', #4786, 1000.00000000000 );
#4120 = CARTESIAN_POINT( '', ( -4.25500000000000, -0.275000000000000, 4.00000000000000 ) );
#4121 = CARTESIAN_POINT( '', ( -4.25500000000000, -0.275000000000000, 4.00000000000000 ) );
#4122 = VECTOR( '', #4787, 1000.00000000000 );
#4123 = CARTESIAN_POINT( '', ( -4.25500000000000, -0.275000000000000, 4.00000000000000 ) );
#4124 = VECTOR( '', #4788, 1000.00000000000 );
#4125 = COLOUR_RGB( '', 0.333333343267441, 0.600000023841858, 0.333333343267441 );
#4126 = CARTESIAN_POINT( '', ( -0.304999999999978, 0.300000000000000, -3.40000000000000 ) );
#4127 = CARTESIAN_POINT( '', ( -0.804999999999977, 0.300000000000000, -3.40000000000000 ) );
#4128 = CARTESIAN_POINT( '', ( -0.304999999999977, 0.300000000000000, -3.40000000000000 ) );
#4129 = VECTOR( '', #4789, 1000.00000000000 );
#4130 = CARTESIAN_POINT( '', ( -0.304999999999977, 0.300000000000000, -2.10000000000000 ) );
#4131 = VECTOR( '', #4790, 1000.00000000000 );
#4132 = CARTESIAN_POINT( '', ( -0.804999999999977, 0.300000000000000, -2.10000000000000 ) );
#4133 = VECTOR( '', #4791, 1000.00000000000 );
#4134 = COLOUR_RGB( '', 0.740392148494720, 0.778039216995239, 0.800000011920929 );
#4135 = CARTESIAN_POINT( '', ( 0.200000000000003, 0.200000000000000, -5.70000000000000 ) );
#4136 = CARTESIAN_POINT( '', ( 0.400000000000000, 0.400000000000000, -4.95000000000000 ) );
#4137 = CARTESIAN_POINT( '', ( 0.350194552529185, 0.350194552529183, -5.13677042801556 ) );
#4138 = VECTOR( '', #4792, 1000.00000000000 );
#4139 = CARTESIAN_POINT( '', ( 0.400000000000000, -0.400000000000000, -4.95000000000000 ) );
#4140 = CARTESIAN_POINT( '', ( 0.400000000000000, -0.400000000000000, -4.95000000000000 ) );
#4141 = VECTOR( '', #4793, 1000.00000000000 );
#4142 = CARTESIAN_POINT( '', ( 0.200000000000003, -0.200000000000000, -5.70000000000000 ) );
#4143 = CARTESIAN_POINT( '', ( 0.400000000000000, -0.400000000000000, -4.95000000000000 ) );
#4144 = VECTOR( '', #4794, 1000.00000000000 );
#4145 = CARTESIAN_POINT( '', ( 0.200000000000003, -0.400000000000000, -5.70000000000000 ) );
#4146 = VECTOR( '', #4795, 1000.00000000000 );
#4147 = COLOUR_RGB( '', 0.333333343267441, 0.600000023841858, 0.333333343267441 );
#4148 = CARTESIAN_POINT( '', ( -4.40500000000000, 2.37500000000000, 4.00000000000000 ) );
#4149 = CARTESIAN_POINT( '', ( -4.40500000000000, 2.37500000000000, 4.00000000000000 ) );
#4150 = VECTOR( '', #4796, 1000.00000000000 );
#4151 = CARTESIAN_POINT( '', ( -4.40500000000000, 0.275000000000000, 4.00000000000000 ) );
#4152 = CARTESIAN_POINT( '', ( -4.40500000000000, 0.275000000000000, 4.00000000000000 ) );
#4153 = VECTOR( '', #4797, 1000.00000000000 );
#4154 = CARTESIAN_POINT( '', ( -4.40500000000000, 0.275000000000000, 2.37500000000000 ) );
#4155 = CARTESIAN_POINT( '', ( -4.40500000000000, 0.275000000000000, 2.37500000000000 ) );
#4156 = VECTOR( '', #4798, 1000.00000000000 );
#4157 = AXIS2_PLACEMENT_3D( '', #4799, #4800, #4801 );
#4158 = CARTESIAN_POINT( '', ( -4.40500000000000, -2.37500000000000, 4.00000000000000 ) );
#4159 = CARTESIAN_POINT( '', ( -4.40500000000000, -2.37500000000000, 4.00000000000000 ) );
#4160 = VECTOR( '', #4802, 1000.00000000000 );
#4161 = CARTESIAN_POINT( '', ( -4.40500000000000, -2.37500000000000, 4.60000000000000 ) );
#4162 = VECTOR( '', #4803, 1000.00000000000 );
#4163 = COLOUR_RGB( '', 0.333333343267441, 0.600000023841858, 0.333333343267441 );
#4164 = CARTESIAN_POINT( '', ( -2.60500000000000, -1.50000000000000, -3.40000000000000 ) );
#4165 = CARTESIAN_POINT( '', ( -2.60500000000000, -1.50000000000000, -3.40000000000000 ) );
#4166 = VECTOR( '', #4804, 1000.00000000000 );
#4167 = CARTESIAN_POINT( '', ( -3.50500000000000, -1.50000000000000, -3.40000000000000 ) );
#4168 = CARTESIAN_POINT( '', ( -2.60500000000000, -1.50000000000000, -3.40000000000000 ) );
#4169 = VECTOR( '', #4805, 1000.00000000000 );
#4170 = CARTESIAN_POINT( '', ( -3.50500000000000, -1.50000000000000, -3.40000000000000 ) );
#4171 = VECTOR( '', #4806, 1000.00000000000 );
#4172 = COLOUR_RGB( '', 0.333333343267441, 0.600000023841858, 0.333333343267441 );
#4173 = CARTESIAN_POINT( '', ( 4.25500000000000, -2.37500000000000, 4.00000000000000 ) );
#4174 = VECTOR( '', #4807, 1000.00000000000 );
#4175 = COLOUR_RGB( '', 0.333333343267441, 0.600000023841858, 0.333333343267441 );
#4176 = CARTESIAN_POINT( '', ( 0.805000000000000, -1.00000000000000, -2.10000000000000 ) );
#4177 = VECTOR( '', #4808, 1000.00000000000 );
#4178 = CARTESIAN_POINT( '', ( 3.00500000000000, -1.00000000000000, -2.10000000000000 ) );
#4179 = VECTOR( '', #4809, 1000.00000000000 );
#4180 = COLOUR_RGB( '', 0.333333343267441, 0.600000023841858, 0.333333343267441 );
#4181 = COLOUR_RGB( '', 0.333333343267441, 0.600000023841858, 0.333333343267441 );
#4182 = CARTESIAN_POINT( '', ( -3.50500000000000, 1.10000000000000, -3.40000000000000 ) );
#4183 = CARTESIAN_POINT( '', ( -3.50500000000000, 1.10000000000000, -2.10000000000000 ) );
#4184 = VECTOR( '', #4810, 1000.00000000000 );
#4185 = CARTESIAN_POINT( '', ( -3.50500000000000, 2.90000000000000, -3.40000000000000 ) );
#4186 = CARTESIAN_POINT( '', ( -3.50500000000000, -1.50000000000000, -3.40000000000000 ) );
#4187 = VECTOR( '', #4811, 1000.00000000000 );
#4188 = CARTESIAN_POINT( '', ( -3.50500000000000, 2.90000000000000, -3.40000000000000 ) );
#4189 = VECTOR( '', #4812, 1000.00000000000 );
#4190 = CARTESIAN_POINT( '', ( -3.50500000000000, -1.50000000000000, -3.40000000000000 ) );
#4191 = VECTOR( '', #4813, 1000.00000000000 );
#4192 = COLOUR_RGB( '', 0.740392148494720, 0.778039216995239, 0.800000011920929 );
#4193 = CARTESIAN_POINT( '', ( 0.200000000000000, 0.200000000000000, 5.70000000000000 ) );
#4194 = CARTESIAN_POINT( '', ( -0.400000000000000, 0.200000000000000, 5.70000000000000 ) );
#4195 = VECTOR( '', #4814, 1000.00000000000 );
#4196 = CARTESIAN_POINT( '', ( 0.400000000000000, 0.400000000000000, 4.95000000000000 ) );
#4197 = CARTESIAN_POINT( '', ( 0.375097276264591, 0.375097276264591, 5.04338521400778 ) );
#4198 = VECTOR( '', #4815, 1000.00000000000 );
#4199 = CARTESIAN_POINT( '', ( 0.000000000000000, 0.400000000000000, 4.95000000000000 ) );
#4200 = VECTOR( '', #4816, 1000.00000000000 );
#4201 = COLOUR_RGB( '', 0.333333343267441, 0.600000023841858, 0.333333343267441 );
#4202 = CARTESIAN_POINT( '', ( 0.405000000000000, 3.50000000000000, -1.55000000000000 ) );
#4203 = CARTESIAN_POINT( '', ( 0.405000000000000, 3.50000000000000, -4.60000000000000 ) );
#4204 = VECTOR( '', #4817, 1000.00000000000 );
#4205 = CARTESIAN_POINT( '', ( 0.405000000000000, 3.50000000000000, -1.55000000000000 ) );
#4206 = VECTOR( '', #4818, 1000.00000000000 );
#4207 = CARTESIAN_POINT( '', ( 0.405000000000000, -0.500000000000000, -4.60000000000000 ) );
#4208 = VECTOR( '', #4819, 1000.00000000000 );
#4209 = COLOUR_RGB( '', 0.333333343267441, 0.600000023841858, 0.333333343267441 );
#4210 = CARTESIAN_POINT( '', ( 3.00500000000000, 1.10000000000000, -3.40000000000000 ) );
#4211 = CARTESIAN_POINT( '', ( 3.50500000000000, 1.10000000000000, -3.40000000000000 ) );
#4212 = CARTESIAN_POINT( '', ( 3.00500000000000, 1.10000000000000, -3.40000000000000 ) );
#4213 = VECTOR( '', #4820, 1000.00000000000 );
#4214 = CARTESIAN_POINT( '', ( 3.00500000000000, 1.10000000000000, -2.10000000000000 ) );
#4215 = VECTOR( '', #4821, 1000.00000000000 );
#4216 = CARTESIAN_POINT( '', ( 3.50500000000000, 1.10000000000000, -2.10000000000000 ) );
#4217 = VECTOR( '', #4822, 1000.00000000000 );
#4218 = COLOUR_RGB( '', 0.333333343267441, 0.600000023841858, 0.333333343267441 );
#4219 = CARTESIAN_POINT( '', ( -4.25500000000000, -3.50000000000000, 1.00000000000000 ) );
#4220 = CARTESIAN_POINT( '', ( -4.25500000000000, -3.50000000000000, 1.40000000000000 ) );
#4221 = AXIS2_PLACEMENT_3D( '', #4823, #4824, #4825 );
#4222 = CARTESIAN_POINT( '', ( 4.25500000000000, -3.50000000000000, 1.00000000000000 ) );
#4223 = CARTESIAN_POINT( '', ( 4.40500000000000, -3.50000000000000, 1.00000000000000 ) );
#4224 = VECTOR( '', #4826, 1000.00000000000 );
#4225 = CARTESIAN_POINT( '', ( 4.25500000000000, -3.50000000000000, 1.40000000000000 ) );
#4226 = AXIS2_PLACEMENT_3D( '', #4827, #4828, #4829 );
#4227 = CARTESIAN_POINT( '', ( 4.40500000000000, -3.50000000000000, 1.40000000000000 ) );
#4228 = VECTOR( '', #4830, 1000.00000000000 );
#4229 = COLOUR_RGB( '', 0.740392148494720, 0.778039216995239, 0.800000011920929 );
#4230 = CARTESIAN_POINT( '', ( 0.400000000000000, -0.400000000000000, -4.95000000000000 ) );
#4231 = VECTOR( '', #4831, 1000.00000000000 );
#4232 = CARTESIAN_POINT( '', ( -0.400000000000000, -0.200000000000000, -5.70000000000000 ) );
#4233 = VECTOR( '', #4832, 1000.00000000000 );
#4234 = COLOUR_RGB( '', 0.333333343267441, 0.600000023841858, 0.333333343267441 );
#4235 = CARTESIAN_POINT( '', ( 4.25500000000000, 2.37500000000000, 4.00000000000000 ) );
#4236 = CARTESIAN_POINT( '', ( 4.25500000000000, 2.37500000000000, 4.00000000000000 ) );
#4237 = VECTOR( '', #4833, 1000.00000000000 );
#4238 = CARTESIAN_POINT( '', ( 4.25500000000000, 2.37500000000000, 4.60000000000000 ) );
#4239 = VECTOR( '', #4834, 1000.00000000000 );
#4240 = COLOUR_RGB( '', 0.333333343267441, 0.600000023841858, 0.333333343267441 );
#4241 = CARTESIAN_POINT( '', ( -4.25500000000000, 0.275000000000000, 4.00000000000000 ) );
#4242 = CARTESIAN_POINT( '', ( -4.25500000000000, 0.275000000000000, 4.00000000000000 ) );
#4243 = VECTOR( '', #4835, 1000.00000000000 );
#4244 = CARTESIAN_POINT( '', ( -4.25500000000000, 0.275000000000000, 2.37500000000000 ) );
#4245 = CARTESIAN_POINT( '', ( -4.25500000000000, 0.275000000000000, 2.37500000000000 ) );
#4246 = VECTOR( '', #4836, 1000.00000000000 );
#4247 = CARTESIAN_POINT( '', ( -4.25500000000000, 0.275000000000000, 2.37500000000000 ) );
#4248 = VECTOR( '', #4837, 1000.00000000000 );
#4249 = COLOUR_RGB( '', 0.740392148494720, 0.778039216995239, 0.800000011920929 );
#4250 = CARTESIAN_POINT( '', ( 0.400000000000000, -0.400000000000000, 4.95000000000000 ) );
#4251 = VECTOR( '', #4838, 1000.00000000000 );
#4252 = CARTESIAN_POINT( '', ( 0.200000000000000, -0.400000000000000, 5.70000000000000 ) );
#4253 = VECTOR( '', #4839, 1000.00000000000 );
#4254 = COLOUR_RGB( '', 0.333333343267441, 0.600000023841858, 0.333333343267441 );
#4255 = CARTESIAN_POINT( '', ( 3.40500000000000, -0.500000000000000, -4.40000000000000 ) );
#4256 = VECTOR( '', #4840, 1000.00000000000 );
#4257 = COLOUR_RGB( '', 0.333333343267441, 0.600000023841858, 0.333333343267441 );
#4258 = CARTESIAN_POINT( '', ( -0.304999999999978, 1.10000000000000, -3.40000000000000 ) );
#4259 = CARTESIAN_POINT( '', ( -0.304999999999977, 1.10000000000000, -2.10000000000000 ) );
#4260 = VECTOR( '', #4841, 1000.00000000000 );
#4261 = CARTESIAN_POINT( '', ( -0.304999999999978, -1.50000000000000, -3.40000000000000 ) );
#4262 = CARTESIAN_POINT( '', ( -0.304999999999978, 2.90000000000000, -3.40000000000000 ) );
#4263 = VECTOR( '', #4842, 1000.00000000000 );
#4264 = CARTESIAN_POINT( '', ( -0.304999999999978, -1.50000000000000, -3.40000000000000 ) );
#4265 = VECTOR( '', #4843, 1000.00000000000 );
#4266 = CARTESIAN_POINT( '', ( -0.304999999999978, 2.90000000000000, -3.40000000000000 ) );
#4267 = CARTESIAN_POINT( '', ( -0.304999999999978, 2.90000000000000, -3.40000000000000 ) );
#4268 = VECTOR( '', #4844, 1000.00000000000 );
#4269 = CARTESIAN_POINT( '', ( -0.304999999999978, 2.90000000000000, -3.40000000000000 ) );
#4270 = VECTOR( '', #4845, 1000.00000000000 );
#4271 = COLOUR_RGB( '', 0.333333343267441, 0.600000023841858, 0.333333343267441 );
#4272 = CARTESIAN_POINT( '', ( 3.00500000000000, 2.90000000000000, -3.40000000000000 ) );
#4273 = VECTOR( '', #4846, 1000.00000000000 );
#4274 = CARTESIAN_POINT( '', ( 3.00500000000000, 2.90000000000000, -3.40000000000000 ) );
#4275 = CARTESIAN_POINT( '', ( 3.00500000000000, 2.90000000000000, -3.40000000000000 ) );
#4276 = VECTOR( '', #4847, 1000.00000000000 );
#4277 = CARTESIAN_POINT( '', ( 3.50500000000000, 2.90000000000000, -3.40000000000000 ) );
#4278 = CARTESIAN_POINT( '', ( 3.00500000000000, 2.90000000000000, -3.40000000000000 ) );
#4279 = VECTOR( '', #4848, 1000.00000000000 );
#4280 = CARTESIAN_POINT( '', ( 3.50500000000000, 2.90000000000000, -3.40000000000000 ) );
#4281 = VECTOR( '', #4849, 1000.00000000000 );
#4282 = COLOUR_RGB( '', 0.333333343267441, 0.600000023841858, 0.333333343267441 );
#4283 = COLOUR_RGB( '', 0.333333343267441, 0.600000023841858, 0.333333343267441 );
#4284 = CARTESIAN_POINT( '', ( 2.30500000000000, -11.1320231000364, -3.00000000000000 ) );
#4285 = VECTOR( '', #4850, 1000.00000000000 );
#4286 = COLOUR_RGB( '', 0.740392148494720, 0.778039216995239, 0.800000011920929 );
#4287 = CARTESIAN_POINT( '', ( 0.000000000000000, 0.400000000000000, -4.95000000000000 ) );
#4288 = VECTOR( '', #4851, 1000.00000000000 );
#4289 = CARTESIAN_POINT( '', ( 0.400000000000000, 0.200000000000000, -5.70000000000000 ) );
#4290 = VECTOR( '', #4852, 1000.00000000000 );
#4291 = COLOUR_RGB( '', 0.333333343267441, 0.600000023841858, 0.333333343267441 );
#4292 = CARTESIAN_POINT( '', ( -0.804999999999977, 1.10000000000000, -3.40000000000000 ) );
#4293 = CARTESIAN_POINT( '', ( -0.804999999999977, 1.10000000000000, -3.40000000000000 ) );
#4294 = VECTOR( '', #4853, 1000.00000000000 );
#4295 = CARTESIAN_POINT( '', ( -0.804999999999977, 1.10000000000000, -2.10000000000000 ) );
#4296 = VECTOR( '', #4854, 1000.00000000000 );
#4297 = COLOUR_RGB( '', 0.333333343267441, 0.600000023841858, 0.333333343267441 );
#4298 = CARTESIAN_POINT( '', ( 2.30500000000000, 0.300000000000000, -15.5320231000365 ) );
#4299 = VECTOR( '', #4855, 1000.00000000000 );
#4300 = COLOUR_RGB( '', 0.333333343267441, 0.600000023841858, 0.333333343267441 );
#4301 = CARTESIAN_POINT( '', ( 3.00500000000000, 0.300000000000000, -2.10000000000000 ) );
#4302 = VECTOR( '', #4856, 1000.00000000000 );
#4303 = COLOUR_RGB( '', 0.333333343267441, 0.600000023841858, 0.333333343267441 );
#4304 = CARTESIAN_POINT( '', ( 1.20500000000001, -1.50000000000000, -3.40000000000000 ) );
#4305 = VECTOR( '', #4857, 1000.00000000000 );
#4306 = CARTESIAN_POINT( '', ( 0.304999999999993, -1.50000000000000, -3.40000000000000 ) );
#4307 = VECTOR( '', #4858, 1000.00000000000 );
#4308 = COLOUR_RGB( '', 0.333333343267441, 0.600000023841858, 0.333333343267441 );
#4309 = CARTESIAN_POINT( '', ( 3.50500000000000, 0.300000000000000, -2.10000000000000 ) );
#4310 = VECTOR( '', #4859, 1000.00000000000 );
#4311 = COLOUR_RGB( '', 0.333333343267441, 0.600000023841858, 0.333333343267441 );
#4312 = CARTESIAN_POINT( '', ( -4.25500000000000, 2.37500000000000, 4.00000000000000 ) );
#4313 = CARTESIAN_POINT( '', ( -4.25500000000000, 2.37500000000000, 4.00000000000000 ) );
#4314 = VECTOR( '', #4860, 1000.00000000000 );
#4315 = CARTESIAN_POINT( '', ( -4.25500000000000, 0.275000000000000, 4.00000000000000 ) );
#4316 = VECTOR( '', #4861, 1000.00000000000 );
#4317 = COLOUR_RGB( '', 0.333333343267441, 0.600000023841858, 0.333333343267441 );
#4318 = CARTESIAN_POINT( '', ( -3.00500000000000, 1.10000000000000, -3.40000000000000 ) );
#4319 = CARTESIAN_POINT( '', ( -3.00500000000000, 1.10000000000000, -3.40000000000000 ) );
#4320 = VECTOR( '', #4862, 1000.00000000000 );
#4321 = CARTESIAN_POINT( '', ( -3.00500000000000, 2.90000000000000, -3.40000000000000 ) );
#4322 = CARTESIAN_POINT( '', ( -3.00500000000000, 2.90000000000000, -3.40000000000000 ) );
#4323 = VECTOR( '', #4863, 1000.00000000000 );
#4324 = CARTESIAN_POINT( '', ( -3.50500000000000, 2.90000000000000, -3.40000000000000 ) );
#4325 = VECTOR( '', #4864, 1000.00000000000 );
#4326 = COLOUR_RGB( '', 0.333333343267441, 0.600000023841858, 0.333333343267441 );
#4327 = CARTESIAN_POINT( '', ( -0.804999999999979, 2.90000000000000, -3.40000000000000 ) );
#4328 = VECTOR( '', #4865, 1000.00000000000 );
#4329 = CARTESIAN_POINT( '', ( -3.00500000000000, 2.90000000000000, -3.40000000000000 ) );
#4330 = VECTOR( '', #4866, 1000.00000000000 );
#4331 = COLOUR_RGB( '', 0.333333343267441, 0.600000023841858, 0.333333343267441 );
#4332 = CARTESIAN_POINT( '', ( -3.40500000000000, 3.50000000000000, -1.55000000000000 ) );
#4333 = CARTESIAN_POINT( '', ( -3.15500000000000, 3.50000000000000, -1.55000000000000 ) );
#4334 = CARTESIAN_POINT( '', ( -0.404999999999995, 3.50000000000000, -1.55000000000000 ) );
#4335 = VECTOR( '', #4867, 1000.00000000000 );
#4336 = CARTESIAN_POINT( '', ( -0.655000000000000, 3.50000000000000, -1.55000000000000 ) );
#4337 = AXIS2_PLACEMENT_3D( '', #4868, #4869, #4870 );
#4338 = CARTESIAN_POINT( '', ( -0.404999999999995, 3.50000000000000, -1.55000000000000 ) );
#4339 = CARTESIAN_POINT( '', ( -0.404999999999995, 3.50000000000000, -1.55000000000000 ) );
#4340 = VECTOR( '', #4871, 1000.00000000000 );
#4341 = CARTESIAN_POINT( '', ( -0.404999999999995, 3.30000000000000, -1.55000000000000 ) );
#4342 = CARTESIAN_POINT( '', ( -0.404999999999995, 3.30000000000000, -1.55000000000000 ) );
#4343 = VECTOR( '', #4872, 1000.00000000000 );
#4344 = CARTESIAN_POINT( '', ( -3.40500000000000, 3.30000000000000, -1.55000000000000 ) );
#4345 = CARTESIAN_POINT( '', ( -3.40500000000000, 3.30000000000000, -1.55000000000000 ) );
#4346 = VECTOR( '', #4873, 1000.00000000000 );
#4347 = CARTESIAN_POINT( '', ( -3.40500000000000, 3.50000000000000, -1.55000000000000 ) );
#4348 = VECTOR( '', #4874, 1000.00000000000 );
#4349 = COLOUR_RGB( '', 0.333333343267441, 0.600000023841858, 0.333333343267441 );
#4350 = CARTESIAN_POINT( '', ( -4.25500000000000, -2.37500000000000, 4.00000000000000 ) );
#4351 = CARTESIAN_POINT( '', ( -4.25500000000000, -2.37500000000000, 4.00000000000000 ) );
#4352 = VECTOR( '', #4875, 1000.00000000000 );
#4353 = CARTESIAN_POINT( '', ( -4.25500000000000, -2.37500000000000, 4.00000000000000 ) );
#4354 = VECTOR( '', #4876, 1000.00000000000 );
#4355 = COLOUR_RGB( '', 0.333333343267441, 0.600000023841858, 0.333333343267441 );
#4356 = CARTESIAN_POINT( '', ( -3.00500000000000, 2.90000000000000, -3.40000000000000 ) );
#4357 = VECTOR( '', #4877, 1000.00000000000 );
#4358 = COLOUR_RGB( '', 0.333333343267441, 0.600000023841858, 0.333333343267441 );
#4359 = CARTESIAN_POINT( '', ( 2.90500000000000, -2.10000000000000, -3.40000000000000 ) );
#4360 = VECTOR( '', #4878, 1000.00000000000 );
#4361 = COLOUR_RGB( '', 0.333333343267441, 0.600000023841858, 0.333333343267441 );
#4362 = CARTESIAN_POINT( '', ( -0.404999999999995, 3.30000000000000, -4.40000000000000 ) );
#4363 = CARTESIAN_POINT( '', ( -3.40500000000000, 3.30000000000000, -4.40000000000000 ) );
#4364 = VECTOR( '', #4879, 1000.00000000000 );
#4365 = CARTESIAN_POINT( '', ( -0.404999999999995, -0.500000000000000, -4.40000000000000 ) );
#4366 = CARTESIAN_POINT( '', ( -0.404999999999995, -0.500000000000000, -4.40000000000000 ) );
#4367 = VECTOR( '', #4880, 1000.00000000000 );
#4368 = CARTESIAN_POINT( '', ( -3.40500000000000, -0.500000000000000, -4.40000000000000 ) );
#4369 = CARTESIAN_POINT( '', ( -3.40500000000000, -0.500000000000000, -4.40000000000000 ) );
#4370 = VECTOR( '', #4881, 1000.00000000000 );
#4371 = CARTESIAN_POINT( '', ( -3.40500000000000, 3.30000000000000, -4.40000000000000 ) );
#4372 = CARTESIAN_POINT( '', ( -3.40500000000000, -0.500000000000000, -4.40000000000000 ) );
#4373 = VECTOR( '', #4882, 1000.00000000000 );
#4374 = CARTESIAN_POINT( '', ( -2.30500000000000, 3.30000000000000, -4.40000000000000 ) );
#4375 = CARTESIAN_POINT( '', ( -3.40500000000000, 3.30000000000000, -4.40000000000000 ) );
#4376 = VECTOR( '', #4883, 1000.00000000000 );
#4377 = CARTESIAN_POINT( '', ( -2.30500000000000, 0.300000000000000, -4.40000000000000 ) );
#4378 = CARTESIAN_POINT( '', ( -2.30500000000000, 0.300000000000007, -4.40000000000000 ) );
#4379 = VECTOR( '', #4884, 1000.00000000000 );
#4380 = CARTESIAN_POINT( '', ( -1.50500000000000, 0.300000000000000, -4.40000000000000 ) );
#4381 = VECTOR( '', #4885, 1000.00000000000 );
#4382 = COLOUR_RGB( '', 0.333333343267441, 0.600000023841858, 0.333333343267441 );
#4383 = CARTESIAN_POINT( '', ( 4.25500000000000, 0.275000000000000, 4.00000000000000 ) );
#4384 = CARTESIAN_POINT( '', ( 4.25500000000000, 0.275000000000000, 4.00000000000000 ) );
#4385 = VECTOR( '', #4886, 1000.00000000000 );
#4386 = CARTESIAN_POINT( '', ( 4.25500000000000, 0.275000000000000, 4.00000000000000 ) );
#4387 = VECTOR( '', #4887, 1000.00000000000 );
#4388 = COLOUR_RGB( '', 0.333333343267441, 0.600000023841858, 0.333333343267441 );
#4389 = COLOUR_RGB( '', 0.333333343267441, 0.600000023841858, 0.333333343267441 );
#4390 = CARTESIAN_POINT( '', ( -0.804999999999979, 2.90000000000000, -3.40000000000000 ) );
#4391 = CARTESIAN_POINT( '', ( -0.804999999999979, 2.90000000000000, -3.40000000000000 ) );
#4392 = VECTOR( '', #4888, 1000.00000000000 );
#4393 = CARTESIAN_POINT( '', ( -0.804999999999979, 2.90000000000000, -3.40000000000000 ) );
#4394 = VECTOR( '', #4889, 1000.00000000000 );
#4395 = COLOUR_RGB( '', 0.333333343267441, 0.600000023841858, 0.333333343267441 );
#4396 = CARTESIAN_POINT( '', ( 3.00500000000000, 2.90000000000000, -3.40000000000000 ) );
#4397 = VECTOR( '', #4890, 1000.00000000000 );
#4398 = COLOUR_RGB( '', 0.333333343267441, 0.600000023841858, 0.333333343267441 );
#4399 = CARTESIAN_POINT( '', ( 0.805000000000000, 0.300000000000000, -2.10000000000000 ) );
#4400 = VECTOR( '', #4891, 1000.00000000000 );
#4401 = COLOUR_RGB( '', 0.740392148494720, 0.778039216995239, 0.800000011920929 );
#4402 = COLOUR_RGB( '', 0.333333343267441, 0.600000023841858, 0.333333343267441 );
#4403 = COLOUR_RGB( '', 0.333333343267441, 0.600000023841858, 0.333333343267441 );
#4404 = CARTESIAN_POINT( '', ( -2.60500000000000, -2.10000000000000, -3.40000000000000 ) );
#4405 = CARTESIAN_POINT( '', ( -2.60500000000000, -2.10000000000000, -3.40000000000000 ) );
#4406 = VECTOR( '', #4892, 1000.00000000000 );
#4407 = CARTESIAN_POINT( '', ( -2.60500000000000, -2.10000000000000, -3.40000000000000 ) );
#4408 = VECTOR( '', #4893, 1000.00000000000 );
#4409 = COLOUR_RGB( '', 0.333333343267441, 0.600000023841858, 0.333333343267441 );
#4410 = CARTESIAN_POINT( '', ( 0.305000000000000, 0.300000000000000, -2.10000000000000 ) );
#4411 = VECTOR( '', #4894, 1000.00000000000 );
#4412 = CARTESIAN_POINT( '', ( 0.305000000000000, 1.10000000000000, -3.40000000000000 ) );
#4413 = CARTESIAN_POINT( '', ( 0.305000000000000, 1.10000000000000, -2.10000000000000 ) );
#4414 = VECTOR( '', #4895, 1000.00000000000 );
#4415 = CARTESIAN_POINT( '', ( 0.304999999999993, -1.50000000000000, -3.40000000000000 ) );
#4416 = VECTOR( '', #4896, 1000.00000000000 );
#4417 = COLOUR_RGB( '', 0.333333343267441, 0.600000023841858, 0.333333343267441 );
#4418 = CARTESIAN_POINT( '', ( -0.304999999999978, -1.50000000000000, -3.40000000000000 ) );
#4419 = VECTOR( '', #4897, 1000.00000000000 );
#4420 = COLOUR_RGB( '', 0.333333343267441, 0.600000023841858, 0.333333343267441 );
#4421 = CARTESIAN_POINT( '', ( -2.30500000000000, 3.30000000000000, -3.00000000000000 ) );
#4422 = CARTESIAN_POINT( '', ( -1.50500000000000, 3.30000000000000, -3.00000000000000 ) );
#4423 = VECTOR( '', #4898, 1000.00000000000 );
#4424 = CARTESIAN_POINT( '', ( -2.30500000000000, 3.30000000000000, -15.5321386327448 ) );
#4425 = VECTOR( '', #4899, 1000.00000000000 );
#4426 = CARTESIAN_POINT( '', ( -3.40500000000000, 3.30000000000000, -4.60000000000000 ) );
#4427 = VECTOR( '', #4900, 1000.00000000000 );
#4428 = CARTESIAN_POINT( '', ( -0.404999999999995, 3.30000000000000, -4.60000000000000 ) );
#4429 = VECTOR( '', #4901, 1000.00000000000 );
#4430 = COLOUR_RGB( '', 0.333333343267441, 0.600000023841858, 0.333333343267441 );
#4431 = CARTESIAN_POINT( '', ( -4.25500000000000, 2.37500000000000, 4.00000000000000 ) );
#4432 = VECTOR( '', #4902, 1000.00000000000 );
#4433 = COLOUR_RGB( '', 0.333333343267441, 0.600000023841858, 0.333333343267441 );
#4434 = CARTESIAN_POINT( '', ( -3.15500000000000, 3.50000000000000, 4.10000000000000 ) );
#4435 = VECTOR( '', #4903, 1000.00000000000 );
#4436 = CARTESIAN_POINT( '', ( -0.655000000000000, 3.50000000000000, 4.10000000000000 ) );
#4437 = VECTOR( '', #4904, 1000.00000000000 );
#4438 = COLOUR_RGB( '', 0.333333343267441, 0.600000023841858, 0.333333343267441 );
#4439 = CARTESIAN_POINT( '', ( 0.805000000000000, 1.10000000000000, -3.40000000000000 ) );
#4440 = CARTESIAN_POINT( '', ( 0.805000000000000, 2.90000000000000, -3.40000000000000 ) );
#4441 = VECTOR( '', #4905, 1000.00000000000 );
#4442 = CARTESIAN_POINT( '', ( 0.805000000000000, 1.10000000000000, -2.10000000000000 ) );
#4443 = VECTOR( '', #4906, 1000.00000000000 );
#4444 = COLOUR_RGB( '', 0.333333343267441, 0.600000023841858, 0.333333343267441 );
#4445 = CARTESIAN_POINT( '', ( -0.404999999999995, 3.50000000000000, -4.60000000000000 ) );
#4446 = VECTOR( '', #4907, 1000.00000000000 );
#4447 = CARTESIAN_POINT( '', ( -0.404999999999995, -0.500000000000000, -4.40000000000000 ) );
#4448 = VECTOR( '', #4908, 1000.00000000000 );
#4449 = COLOUR_RGB( '', 0.333333343267441, 0.600000023841858, 0.333333343267441 );
#4450 = CARTESIAN_POINT( '', ( -4.25500000000000, -3.50000000000000, 1.40000000000000 ) );
#4451 = VECTOR( '', #4909, 1000.00000000000 );
#4452 = CARTESIAN_POINT( '', ( -4.25500000000000, -2.37500000000000, 4.60000000000000 ) );
#4453 = VECTOR( '', #4910, 1000.00000000000 );
#4454 = AXIS2_PLACEMENT_3D( '', #4911, #4912, #4913 );
#4455 = CARTESIAN_POINT( '', ( -4.25500000000000, 3.50000000000000, 4.60000000000000 ) );
#4456 = VECTOR( '', #4914, 1000.00000000000 );
#4457 = CARTESIAN_POINT( '', ( -4.25500000000000, -3.50000000000000, -4.60000000000000 ) );
#4458 = VECTOR( '', #4915, 1000.00000000000 );
#4459 = COLOUR_RGB( '', 0.333333343267441, 0.600000023841858, 0.333333343267441 );
#4460 = CARTESIAN_POINT( '', ( 4.25500000000000, 3.50000000000000, -4.60000000000000 ) );
#4461 = VECTOR( '', #4916, 1000.00000000000 );
#4462 = CARTESIAN_POINT( '', ( 3.40500000000000, 3.50000000000000, -1.55000000000000 ) );
#4463 = CARTESIAN_POINT( '', ( 3.40500000000000, 3.50000000000000, -4.60000000000000 ) );
#4464 = VECTOR( '', #4917, 1000.00000000000 );
#4465 = CARTESIAN_POINT( '', ( 3.40500000000000, 3.50000000000000, -1.55000000000000 ) );
#4466 = VECTOR( '', #4918, 1000.00000000000 );
#4467 = CARTESIAN_POINT( '', ( 3.40500000000000, 3.50000000000000, -1.55000000000000 ) );
#4468 = VECTOR( '', #4919, 1000.00000000000 );
#4469 = CARTESIAN_POINT( '', ( -3.40500000000000, 3.50000000000000, -4.60000000000000 ) );
#4470 = VECTOR( '', #4920, 1000.00000000000 );
#4471 = COLOUR_RGB( '', 0.333333343267441, 0.600000023841858, 0.333333343267441 );
#4472 = CARTESIAN_POINT( '', ( 2.60500000000000, -2.10000000000000, -3.40000000000000 ) );
#4473 = VECTOR( '', #4921, 1000.00000000000 );
#4474 = COLOUR_RGB( '', 0.333333343267441, 0.600000023841858, 0.333333343267441 );
#4475 = CARTESIAN_POINT( '', ( 0.805000000000000, 1.10000000000000, -3.40000000000000 ) );
#4476 = VECTOR( '', #4922, 1000.00000000000 );
#4477 = COLOUR_RGB( '', 0.333333343267441, 0.600000023841858, 0.333333343267441 );
#4478 = CARTESIAN_POINT( '', ( -3.00500000000000, -1.00000000000000, -3.40000000000000 ) );
#4479 = CARTESIAN_POINT( '', ( -3.00500000000000, -1.00000000000000, -2.10000000000000 ) );
#4480 = VECTOR( '', #4923, 1000.00000000000 );
#4481 = CARTESIAN_POINT( '', ( -0.804999999999977, -1.00000000000000, -3.40000000000000 ) );
#4482 = CARTESIAN_POINT( '', ( -3.00500000000000, -1.00000000000000, -3.40000000000000 ) );
#4483 = VECTOR( '', #4924, 1000.00000000000 );
#4484 = CARTESIAN_POINT( '', ( -0.804999999999977, -1.00000000000000, -2.10000000000000 ) );
#4485 = VECTOR( '', #4925, 1000.00000000000 );
#4486 = COLOUR_RGB( '', 0.333333343267441, 0.600000023841858, 0.333333343267441 );
#4487 = CARTESIAN_POINT( '', ( 4.25500000000000, -3.50000000000000, -4.60000000000000 ) );
#4488 = VECTOR( '', #4926, 1000.00000000000 );
#4489 = COLOUR_RGB( '', 0.333333343267441, 0.600000023841858, 0.333333343267441 );
#4490 = CARTESIAN_POINT( '', ( 3.50500000000000, 2.90000000000000, -3.40000000000000 ) );
#4491 = VECTOR( '', #4927, 1000.00000000000 );
#4492 = COLOUR_RGB( '', 0.333333343267441, 0.600000023841858, 0.333333343267441 );
#4493 = CARTESIAN_POINT( '', ( -2.90500000000000, -2.10000000000000, -3.40000000000000 ) );
#4494 = CARTESIAN_POINT( '', ( -3.50500000000000, -3.00000000000000, -3.40000000000000 ) );
#4495 = VECTOR( '', #4928, 1000.00000000000 );
#4496 = CARTESIAN_POINT( '', ( -2.90500000000000, -2.10000000000000, -3.40000000000000 ) );
#4497 = VECTOR( '', #4929, 1000.00000000000 );
#4498 = COLOUR_RGB( '', 0.333333343267441, 0.600000023841858, 0.333333343267441 );
#4499 = CARTESIAN_POINT( '', ( 4.25500000000000, -3.50000000000000, 1.40000000000000 ) );
#4500 = VECTOR( '', #4930, 1000.00000000000 );
#4501 = CARTESIAN_POINT( '', ( 4.25500000000000, 2.37500000000000, 4.00000000000000 ) );
#4502 = VECTOR( '', #4931, 1000.00000000000 );
#4503 = CARTESIAN_POINT( '', ( 4.25500000000000, -0.275000000000000, 2.37500000000000 ) );
#4504 = VECTOR( '', #4932, 1000.00000000000 );
#4505 = COLOUR_RGB( '', 0.333333343267441, 0.600000023841858, 0.333333343267441 );
#4506 = COLOUR_RGB( '', 0.333333343267441, 0.600000023841858, 0.333333343267441 );
#4507 = CARTESIAN_POINT( '', ( -2.30500000000000, 1.10000000000000, -3.00000000000000 ) );
#4508 = CARTESIAN_POINT( '', ( -2.30500000000000, -11.1321386327448, -3.00000000000000 ) );
#4509 = VECTOR( '', #4933, 1000.00000000000 );
#4510 = CARTESIAN_POINT( '', ( -2.30500000000000, 1.10000000000000, -3.00000000000000 ) );
#4511 = VECTOR( '', #4934, 1000.00000000000 );
#4512 = COLOUR_RGB( '', 0.333333343267441, 0.600000023841858, 0.333333343267441 );
#4513 = CARTESIAN_POINT( '', ( -0.804999999999977, 2.90000000000000, -3.40000000000000 ) );
#4514 = VECTOR( '', #4935, 1000.00000000000 );
#4515 = COLOUR_RGB( '', 0.333333343267441, 0.600000023841858, 0.333333343267441 );
#4516 = CARTESIAN_POINT( '', ( -3.00500000000000, 1.10000000000000, -2.10000000000000 ) );
#4517 = VECTOR( '', #4936, 1000.00000000000 );
#4518 = COLOUR_RGB( '', 0.333333343267441, 0.600000023841858, 0.333333343267441 );
#4519 = CARTESIAN_POINT( '', ( 3.40500000000000, 3.30000000000000, -1.55000000000000 ) );
#4520 = VECTOR( '', #4937, 1000.00000000000 );
#4521 = COLOUR_RGB( '', 0.333333343267441, 0.600000023841858, 0.333333343267441 );
#4522 = CARTESIAN_POINT( '', ( -3.40500000000000, -0.500000000000000, -4.60000000000000 ) );
#4523 = VECTOR( '', #4938, 1000.00000000000 );
#4524 = COLOUR_RGB( '', 0.333333343267441, 0.600000023841858, 0.333333343267441 );
#4525 = CARTESIAN_POINT( '', ( -0.804999999999977, -1.00000000000000, -3.40000000000000 ) );
#4526 = VECTOR( '', #4939, 1000.00000000000 );
#4527 = CARTESIAN_POINT( '', ( -3.00500000000000, 0.300000000000000, -3.40000000000000 ) );
#4528 = VECTOR( '', #4940, 1000.00000000000 );
#4529 = CARTESIAN_POINT( '', ( -2.90500000000000, -2.10000000000000, -3.40000000000000 ) );
#4530 = VECTOR( '', #4941, 1000.00000000000 );
#4531 = COLOUR_RGB( '', 0.333333343267441, 0.600000023841858, 0.333333343267441 );
#4532 = COLOUR_RGB( '', 0.333333343267441, 0.600000023841858, 0.333333343267441 );
#4533 = COLOUR_RGB( '', 0.740392148494720, 0.778039216995239, 0.800000011920929 );
#4534 = COLOUR_RGB( '', 0.333333343267441, 0.600000023841858, 0.333333343267441 );
#4535 = COLOUR_RGB( '', 0.333333343267441, 0.600000023841858, 0.333333343267441 );
#4536 = CARTESIAN_POINT( '', ( -2.30500000000000, 1.10000000000000, -0.900000000000000 ) );
#4537 = CARTESIAN_POINT( '', ( -2.30500000000000, 1.10000000000000, -15.5321386327448 ) );
#4538 = VECTOR( '', #4942, 1000.00000000000 );
#4539 = CARTESIAN_POINT( '', ( -2.30500000000000, 1.10000000000000, -0.900000000000000 ) );
#4540 = VECTOR( '', #4943, 1000.00000000000 );
#4541 = COLOUR_RGB( '', 0.333333343267441, 0.600000023841858, 0.333333343267441 );
#4542 = COLOUR_RGB( '', 0.333333343267441, 0.600000023841858, 0.333333343267441 );
#4543 = COLOUR_RGB( '', 0.333333343267441, 0.600000023841858, 0.333333343267441 );
#4544 = COLOUR_RGB( '', 0.740392148494720, 0.778039216995239, 0.800000011920929 );
#4545 = CARTESIAN_POINT( '', ( 0.400000000000000, -0.400000000000000, 5.70000000000000 ) );
#4546 = VECTOR( '', #4944, 1000.00000000000 );
#4547 = CARTESIAN_POINT( '', ( 0.400000000000000, 0.400000000000000, 5.70000000000000 ) );
#4548 = VECTOR( '', #4945, 1000.00000000000 );
#4549 = COLOUR_RGB( '', 0.333333343267441, 0.600000023841858, 0.333333343267441 );
#4550 = COLOUR_RGB( '', 0.333333343267441, 0.600000023841858, 0.333333343267441 );
#4551 = CARTESIAN_POINT( '', ( 1.20500000000001, -2.10000000000000, -3.40000000000000 ) );
#4552 = VECTOR( '', #4946, 1000.00000000000 );
#4553 = COLOUR_RGB( '', 0.333333343267441, 0.600000023841858, 0.333333343267441 );
#4554 = COLOUR_RGB( '', 0.333333343267441, 0.600000023841858, 0.333333343267441 );
#4555 = COLOUR_RGB( '', 0.333333343267441, 0.600000023841858, 0.333333343267441 );
#4556 = COLOUR_RGB( '', 0.333333343267441, 0.600000023841858, 0.333333343267441 );
#4557 = CARTESIAN_POINT( '', ( -2.30500000000000, 0.300000000000000, -0.900000000000000 ) );
#4558 = CARTESIAN_POINT( '', ( -1.50500000000000, 0.300000000000000, -0.900000000000000 ) );
#4559 = VECTOR( '', #4947, 1000.00000000000 );
#4560 = CARTESIAN_POINT( '', ( -2.30500000000000, 0.300000000000004, -0.900000000000000 ) );
#4561 = VECTOR( '', #4948, 1000.00000000000 );
#4562 = COLOUR_RGB( '', 0.740392148494720, 0.778039216995239, 0.800000011920929 );
#4563 = COLOUR_RGB( '', 0.333333343267441, 0.600000023841858, 0.333333343267441 );
#4564 = CARTESIAN_POINT( '', ( -2.30500000000000, 0.300000000000000, -15.5321386327448 ) );
#4565 = VECTOR( '', #4949, 1000.00000000000 );
#4566 = COLOUR_RGB( '', 0.333333343267441, 0.600000023841858, 0.333333343267441 );
#4567 = COLOUR_RGB( '', 0.740392148494720, 0.778039216995239, 0.800000011920929 );
#4568 = COLOUR_RGB( '', 0.333333343267441, 0.600000023841858, 0.333333343267441 );
#4569 = COLOUR_RGB( '', 0.333333343267441, 0.600000023841858, 0.333333343267441 );
#4570 = COLOUR_RGB( '', 0.333333343267441, 0.600000023841858, 0.333333343267441 );
#4571 = COLOUR_RGB( '', 0.333333343267441, 0.600000023841858, 0.333333343267441 );
#4572 = COLOUR_RGB( '', 0.333333343267441, 0.600000023841858, 0.333333343267441 );
#4573 = COLOUR_RGB( '', 0.333333343267441, 0.600000023841858, 0.333333343267441 );
#4574 = DIRECTION( '', ( 0.000000000000000, 0.000000000000000, 1.00000000000000 ) );
#4575 = DIRECTION( '', ( 1.00000000000000, 0.000000000000000, 0.000000000000000 ) );
#4576 = DIRECTION( '', ( 0.000000000000000, 0.000000000000000, 1.00000000000000 ) );
#4577 = DIRECTION( '', ( 1.00000000000000, 0.000000000000000, 0.000000000000000 ) );
#4578 = DIRECTION( '', ( 0.554700196225236, 0.832050294337839, 0.000000000000000 ) );
#4579 = DIRECTION( '', ( 0.000000000000000, 0.000000000000000, 1.00000000000000 ) );
#4580 = DIRECTION( '', ( 0.554700196225236, 0.832050294337839, 0.000000000000000 ) );
#4581 = DIRECTION( '', ( 0.000000000000000, 0.000000000000000, 1.00000000000000 ) );
#4582 = DIRECTION( '', ( -1.00000000000000, 0.000000000000000, 0.000000000000000 ) );
#4583 = DIRECTION( '', ( 0.000000000000000, 0.000000000000000, 1.00000000000000 ) );
#4584 = DIRECTION( '', ( -1.00000000000000, 0.000000000000000, 0.000000000000000 ) );
#4585 = DIRECTION( '', ( 0.000000000000000, 0.000000000000000, 1.00000000000000 ) );
#4586 = DIRECTION( '', ( -1.00000000000000, 0.000000000000000, 0.000000000000000 ) );
#4587 = DIRECTION( '', ( 0.554700196225238, -0.832050294337838, 0.000000000000000 ) );
#4588 = DIRECTION( '', ( 1.00000000000000, 0.000000000000000, 0.000000000000000 ) );
#4589 = DIRECTION( '', ( 1.15648231731786E-014, -1.00000000000000, 0.000000000000000 ) );
#4590 = DIRECTION( '', ( -1.00000000000000, 0.000000000000000, 0.000000000000000 ) );
#4591 = DIRECTION( '', ( 0.000000000000000, -1.00000000000000, 0.000000000000000 ) );
#4592 = DIRECTION( '', ( -1.00000000000000, 0.000000000000000, 0.000000000000000 ) );
#4593 = DIRECTION( '', ( 0.000000000000000, -1.00000000000000, 0.000000000000000 ) );
#4594 = DIRECTION( '', ( -1.00000000000000, 0.000000000000000, 0.000000000000000 ) );
#4595 = DIRECTION( '', ( 0.000000000000000, 1.00000000000000, 0.000000000000000 ) );
#4596 = DIRECTION( '', ( -1.00000000000000, 0.000000000000000, 0.000000000000000 ) );
#4597 = DIRECTION( '', ( 1.57702134179710E-015, 1.00000000000000, 0.000000000000000 ) );
#4598 = DIRECTION( '', ( -1.00000000000000, 0.000000000000000, 0.000000000000000 ) );
#4599 = DIRECTION( '', ( 0.000000000000000, 1.00000000000000, 0.000000000000000 ) );
#4600 = DIRECTION( '', ( 1.00000000000000, -1.59016318631206E-014, 0.000000000000000 ) );
#4601 = DIRECTION( '', ( 0.000000000000000, 1.00000000000000, 0.000000000000000 ) );
#4602 = DIRECTION( '', ( 0.000000000000000, 0.000000000000000, -1.00000000000000 ) );
#4603 = DIRECTION( '', ( 0.000000000000000, -1.00000000000000, 2.16840434497101E-016 ) );
#4604 = DIRECTION( '', ( 0.000000000000000, 0.000000000000000, 1.00000000000000 ) );
#4605 = DIRECTION( '', ( 0.000000000000000, -1.00000000000000, 0.000000000000000 ) );
#4606 = DIRECTION( '', ( 0.000000000000000, 0.000000000000000, 1.00000000000000 ) );
#4607 = DIRECTION( '', ( 0.000000000000000, 0.000000000000000, 1.00000000000000 ) );
#4608 = DIRECTION( '', ( 0.000000000000000, -1.00000000000000, 0.000000000000000 ) );
#4609 = DIRECTION( '', ( 0.000000000000000, 0.000000000000000, 1.00000000000000 ) );
#4610 = DIRECTION( '', ( 0.000000000000000, 1.00000000000000, 0.000000000000000 ) );
#4611 = DIRECTION( '', ( 1.00000000000000, 0.000000000000000, 0.000000000000000 ) );
#4612 = DIRECTION( '', ( 0.000000000000000, 0.000000000000000, 1.00000000000000 ) );
#4613 = DIRECTION( '', ( 1.00000000000000, 0.000000000000000, 0.000000000000000 ) );
#4614 = DIRECTION( '', ( 0.000000000000000, 0.000000000000000, 1.00000000000000 ) );
#4615 = DIRECTION( '', ( 0.000000000000000, 0.000000000000000, 1.00000000000000 ) );
#4616 = DIRECTION( '', ( -0.249513144620722, 0.249513144620722, 0.935674292327708 ) );
#4617 = DIRECTION( '', ( 0.000000000000000, 1.00000000000000, 0.000000000000000 ) );
#4618 = DIRECTION( '', ( 0.249513144620722, 0.249513144620722, -0.935674292327708 ) );
#4619 = CARTESIAN_POINT( '', ( 4.40500000000000, -1.89735380184964E-016, 2.37500000000000 ) );
#4620 = DIRECTION( '', ( -1.00000000000000, 0.000000000000000, 0.000000000000000 ) );
#4621 = DIRECTION( '', ( 0.000000000000000, 1.00000000000000, 0.000000000000000 ) );
#4622 = DIRECTION( '', ( 1.00000000000000, 0.000000000000000, 0.000000000000000 ) );
#4623 = CARTESIAN_POINT( '', ( 4.25500000000000, -1.89735380184964E-016, 2.37500000000000 ) );
#4624 = DIRECTION( '', ( -1.00000000000000, 0.000000000000000, 0.000000000000000 ) );
#4625 = DIRECTION( '', ( 0.000000000000000, 1.00000000000000, 0.000000000000000 ) );
#4626 = DIRECTION( '', ( 1.00000000000000, 0.000000000000000, 0.000000000000000 ) );
#4627 = CARTESIAN_POINT( '', ( 1.90500000000000, 0.700000000000000, -0.900000000000000 ) );
#4628 = DIRECTION( '', ( 0.000000000000000, 0.000000000000000, -1.00000000000000 ) );
#4629 = DIRECTION( '', ( -1.00000000000000, 0.000000000000000, 0.000000000000000 ) );
#4630 = CARTESIAN_POINT( '', ( 1.90500000000000, 0.700000000000000, -1.15000000000000 ) );
#4631 = DIRECTION( '', ( 0.000000000000000, 0.000000000000000, -1.00000000000000 ) );
#4632 = DIRECTION( '', ( -1.00000000000000, 0.000000000000000, 0.000000000000000 ) );
#4633 = DIRECTION( '', ( 1.00000000000000, -1.24683249835833E-016, -2.00505958096294E-032 ) );
#4634 = CARTESIAN_POINT( '', ( 1.90500000000000, 8.01058823529426, 4.10000000000000 ) );
#4635 = DIRECTION( '', ( 0.000000000000000, 1.60812264967663E-016, -1.00000000000000 ) );
#4636 = DIRECTION( '', ( -1.00000000000000, 0.000000000000000, 0.000000000000000 ) );
#4637 = DIRECTION( '', ( 0.000000000000000, 1.00000000000000, -2.16840434497101E-016 ) );
#4638 = DIRECTION( '', ( 0.000000000000000, 0.000000000000000, 1.00000000000000 ) );
#4639 = DIRECTION( '', ( 0.000000000000000, 1.00000000000000, 0.000000000000000 ) );
#4640 = DIRECTION( '', ( 0.000000000000000, 1.00000000000000, 0.000000000000000 ) );
#4641 = DIRECTION( '', ( 0.000000000000000, 0.000000000000000, 1.00000000000000 ) );
#4642 = DIRECTION( '', ( 0.554700196225238, -0.832050294337838, 0.000000000000000 ) );
#4643 = DIRECTION( '', ( 0.000000000000000, 0.000000000000000, 1.00000000000000 ) );
#4644 = DIRECTION( '', ( 0.554700196225238, -0.832050294337838, 0.000000000000000 ) );
#4645 = DIRECTION( '', ( 1.15648231731786E-014, -1.00000000000000, 0.000000000000000 ) );
#4646 = DIRECTION( '', ( 0.000000000000000, 0.000000000000000, 1.00000000000000 ) );
#4647 = DIRECTION( '', ( 1.15648231731786E-014, -1.00000000000000, 0.000000000000000 ) );
#4648 = DIRECTION( '', ( 0.000000000000000, 0.000000000000000, 1.00000000000000 ) );
#4649 = DIRECTION( '', ( 1.00000000000000, 0.000000000000000, 0.000000000000000 ) );
#4650 = DIRECTION( '', ( 0.000000000000000, 1.00000000000000, -2.16840434497101E-016 ) );
#4651 = DIRECTION( '', ( 1.00000000000000, 0.000000000000000, 0.000000000000000 ) );
#4652 = DIRECTION( '', ( 0.000000000000000, 1.00000000000000, -2.16840434497101E-016 ) );
#4653 = DIRECTION( '', ( 1.00000000000000, 0.000000000000000, 0.000000000000000 ) );
#4654 = DIRECTION( '', ( -1.00000000000000, 0.000000000000000, 0.000000000000000 ) );
#4655 = DIRECTION( '', ( 0.000000000000000, -1.00000000000000, 2.16840434497101E-016 ) );
#4656 = DIRECTION( '', ( -0.249513144620722, 0.249513144620722, -0.935674292327708 ) );
#4657 = DIRECTION( '', ( 0.249513144620722, 0.249513144620722, 0.935674292327708 ) );
#4658 = DIRECTION( '', ( 0.000000000000000, -1.00000000000000, 0.000000000000000 ) );
#4659 = CARTESIAN_POINT( '', ( 1.90500000000000, 8.01058823529426, -1.55000000000000 ) );
#4660 = DIRECTION( '', ( 0.000000000000000, 1.60812264967663E-016, -1.00000000000000 ) );
#4661 = DIRECTION( '', ( -1.00000000000000, 0.000000000000000, 0.000000000000000 ) );
#4662 = DIRECTION( '', ( 0.000000000000000, 1.60812264967663E-016, -1.00000000000000 ) );
#4663 = DIRECTION( '', ( 0.000000000000000, 1.60812264967663E-016, -1.00000000000000 ) );
#4664 = CARTESIAN_POINT( '', ( -1.90500000000000, 0.700000000000000, -0.900000000000000 ) );
#4665 = DIRECTION( '', ( 0.000000000000000, 0.000000000000000, -1.00000000000000 ) );
#4666 = DIRECTION( '', ( -1.00000000000000, 0.000000000000000, 0.000000000000000 ) );
#4667 = CARTESIAN_POINT( '', ( -1.90500000000000, 0.700000000000000, -1.15000000000000 ) );
#4668 = DIRECTION( '', ( 0.000000000000000, 0.000000000000000, -1.00000000000000 ) );
#4669 = DIRECTION( '', ( -1.00000000000000, 0.000000000000000, 0.000000000000000 ) );
#4670 = DIRECTION( '', ( 1.00000000000000, -1.24683249835833E-016, -2.00505958096294E-032 ) );
#4671 = CARTESIAN_POINT( '', ( -1.90500000000000, 8.01058823529426, 4.10000000000000 ) );
#4672 = DIRECTION( '', ( 0.000000000000000, 1.60812264967663E-016, -1.00000000000000 ) );
#4673 = DIRECTION( '', ( -1.00000000000000, 0.000000000000000, 0.000000000000000 ) );
#4674 = DIRECTION( '', ( 0.000000000000000, -1.00000000000000, 0.000000000000000 ) );
#4675 = DIRECTION( '', ( 1.00000000000000, 0.000000000000000, 0.000000000000000 ) );
#4676 = DIRECTION( '', ( 0.000000000000000, -1.00000000000000, 0.000000000000000 ) );
#4677 = DIRECTION( '', ( 1.00000000000000, 0.000000000000000, 0.000000000000000 ) );
#4678 = DIRECTION( '', ( 0.000000000000000, -1.00000000000000, 0.000000000000000 ) );
#4679 = DIRECTION( '', ( 0.000000000000000, 0.000000000000000, -1.00000000000000 ) );
#4680 = DIRECTION( '', ( 0.000000000000000, 1.00000000000000, 0.000000000000000 ) );
#4681 = DIRECTION( '', ( 0.000000000000000, 0.000000000000000, 1.00000000000000 ) );
#4682 = DIRECTION( '', ( 0.000000000000000, -1.66800334228539E-017, 1.00000000000000 ) );
#4683 = DIRECTION( '', ( 0.000000000000000, -6.67201336914156E-017, -1.00000000000000 ) );
#4684 = CARTESIAN_POINT( '', ( 1.90500000000000, 0.700000000000000, -2.10000000000000 ) );
#4685 = DIRECTION( '', ( 0.000000000000000, 0.000000000000000, 1.00000000000000 ) );
#4686 = DIRECTION( '', ( 1.00000000000000, 0.000000000000000, 0.000000000000000 ) );
#4687 = CARTESIAN_POINT( '', ( 1.90500000000000, 6.85833333333331, -2.10000000000000 ) );
#4688 = DIRECTION( '', ( 0.000000000000000, 0.000000000000000, 1.00000000000000 ) );
#4689 = DIRECTION( '', ( -1.00000000000000, 0.000000000000000, 0.000000000000000 ) );
#4690 = DIRECTION( '', ( 0.000000000000000, 1.00000000000000, 0.000000000000000 ) );
#4691 = DIRECTION( '', ( 1.00000000000000, 0.000000000000000, 0.000000000000000 ) );
#4692 = DIRECTION( '', ( 0.000000000000000, 1.00000000000000, 0.000000000000000 ) );
#4693 = DIRECTION( '', ( -1.00000000000000, 0.000000000000000, 0.000000000000000 ) );
#4694 = DIRECTION( '', ( 0.000000000000000, 1.00000000000000, 0.000000000000000 ) );
#4695 = DIRECTION( '', ( -1.00000000000000, 0.000000000000000, 0.000000000000000 ) );
#4696 = DIRECTION( '', ( 0.000000000000000, -1.00000000000000, 0.000000000000000 ) );
#4697 = DIRECTION( '', ( -1.00000000000000, 0.000000000000000, 0.000000000000000 ) );
#4698 = DIRECTION( '', ( 0.000000000000000, -1.00000000000000, 0.000000000000000 ) );
#4699 = DIRECTION( '', ( 1.00000000000000, 0.000000000000000, 0.000000000000000 ) );
#4700 = DIRECTION( '', ( 0.000000000000000, -1.00000000000000, 0.000000000000000 ) );
#4701 = DIRECTION( '', ( -1.00000000000000, 0.000000000000000, 0.000000000000000 ) );
#4702 = DIRECTION( '', ( 0.000000000000000, 0.000000000000000, -1.00000000000000 ) );
#4703 = DIRECTION( '', ( -1.00000000000000, 0.000000000000000, 0.000000000000000 ) );
#4704 = DIRECTION( '', ( 0.000000000000000, 0.000000000000000, -1.00000000000000 ) );
#4705 = DIRECTION( '', ( -1.00000000000000, 0.000000000000000, 0.000000000000000 ) );
#4706 = DIRECTION( '', ( 0.249513144620722, -0.249513144620722, -0.935674292327708 ) );
#4707 = DIRECTION( '', ( 1.00000000000000, 0.000000000000000, 0.000000000000000 ) );
#4708 = DIRECTION( '', ( 0.000000000000000, -1.00000000000000, 1.17666908790094E-016 ) );
#4709 = DIRECTION( '', ( -1.00000000000000, 0.000000000000000, 0.000000000000000 ) );
#4710 = DIRECTION( '', ( 0.000000000000000, 1.00000000000000, -2.16840434497101E-016 ) );
#4711 = DIRECTION( '', ( -1.00000000000000, 0.000000000000000, 0.000000000000000 ) );
#4712 = DIRECTION( '', ( 0.000000000000000, 1.00000000000000, -2.16840434497101E-016 ) );
#4713 = DIRECTION( '', ( -1.00000000000000, 0.000000000000000, 0.000000000000000 ) );
#4714 = DIRECTION( '', ( 0.000000000000000, 1.00000000000000, -2.16840434497101E-016 ) );
#4715 = DIRECTION( '', ( -1.00000000000000, 0.000000000000000, 0.000000000000000 ) );
#4716 = DIRECTION( '', ( 0.000000000000000, 1.00000000000000, -2.16840434497101E-016 ) );
#4717 = DIRECTION( '', ( -1.00000000000000, 0.000000000000000, 0.000000000000000 ) );
#4718 = DIRECTION( '', ( 0.000000000000000, 1.00000000000000, -1.17666908790094E-016 ) );
#4719 = DIRECTION( '', ( -1.00000000000000, 0.000000000000000, 0.000000000000000 ) );
#4720 = DIRECTION( '', ( -1.00000000000000, 0.000000000000000, 0.000000000000000 ) );
#4721 = DIRECTION( '', ( 0.000000000000000, 0.000000000000000, 1.00000000000000 ) );
#4722 = CARTESIAN_POINT( '', ( -1.90500000000000, 0.700000000000000, -2.10000000000000 ) );
#4723 = DIRECTION( '', ( 0.000000000000000, 0.000000000000000, 1.00000000000000 ) );
#4724 = DIRECTION( '', ( 1.00000000000000, 0.000000000000000, 0.000000000000000 ) );
#4725 = CARTESIAN_POINT( '', ( -1.90500000000000, 6.85833333333331, -2.10000000000000 ) );
#4726 = DIRECTION( '', ( 0.000000000000000, 0.000000000000000, 1.00000000000000 ) );
#4727 = DIRECTION( '', ( -1.00000000000000, 0.000000000000000, 0.000000000000000 ) );
#4728 = DIRECTION( '', ( 0.000000000000000, 1.00000000000000, 0.000000000000000 ) );
#4729 = DIRECTION( '', ( 1.00000000000000, 0.000000000000000, 0.000000000000000 ) );
#4730 = DIRECTION( '', ( 0.000000000000000, 1.00000000000000, 0.000000000000000 ) );
#4731 = DIRECTION( '', ( 0.000000000000000, 1.00000000000000, 0.000000000000000 ) );
#4732 = DIRECTION( '', ( -1.00000000000000, 0.000000000000000, 0.000000000000000 ) );
#4733 = DIRECTION( '', ( 0.000000000000000, -1.00000000000000, 0.000000000000000 ) );
#4734 = DIRECTION( '', ( -1.00000000000000, 0.000000000000000, 0.000000000000000 ) );
#4735 = DIRECTION( '', ( 0.000000000000000, -1.00000000000000, 0.000000000000000 ) );
#4736 = DIRECTION( '', ( 1.00000000000000, 0.000000000000000, 0.000000000000000 ) );
#4737 = DIRECTION( '', ( 0.000000000000000, -1.00000000000000, 0.000000000000000 ) );
#4738 = DIRECTION( '', ( 1.00000000000000, 0.000000000000000, 0.000000000000000 ) );
#4739 = DIRECTION( '', ( 1.00000000000000, 0.000000000000000, 0.000000000000000 ) );
#4740 = DIRECTION( '', ( -1.00000000000000, 0.000000000000000, 0.000000000000000 ) );
#4741 = DIRECTION( '', ( 0.000000000000000, 1.00000000000000, 0.000000000000000 ) );
#4742 = DIRECTION( '', ( -1.00000000000000, 0.000000000000000, 0.000000000000000 ) );
#4743 = DIRECTION( '', ( 0.000000000000000, -1.00000000000000, 0.000000000000000 ) );
#4744 = DIRECTION( '', ( 1.00000000000000, 0.000000000000000, 0.000000000000000 ) );
#4745 = DIRECTION( '', ( 1.00000000000000, 0.000000000000000, 0.000000000000000 ) );
#4746 = DIRECTION( '', ( 0.000000000000000, -1.00000000000000, 0.000000000000000 ) );
#4747 = DIRECTION( '', ( -1.00000000000000, 0.000000000000000, 0.000000000000000 ) );
#4748 = DIRECTION( '', ( 0.000000000000000, 1.00000000000000, 0.000000000000000 ) );
#4749 = DIRECTION( '', ( -1.00000000000000, 0.000000000000000, 0.000000000000000 ) );
#4750 = DIRECTION( '', ( 0.000000000000000, 1.00000000000000, 0.000000000000000 ) );
#4751 = DIRECTION( '', ( 1.00000000000000, 0.000000000000000, 0.000000000000000 ) );
#4752 = DIRECTION( '', ( 0.554700196225238, -0.832050294337838, 0.000000000000000 ) );
#4753 = DIRECTION( '', ( 1.00000000000000, -1.59016318631206E-014, 0.000000000000000 ) );
#4754 = DIRECTION( '', ( 0.000000000000000, 1.00000000000000, 0.000000000000000 ) );
#4755 = DIRECTION( '', ( -1.00000000000000, 0.000000000000000, 0.000000000000000 ) );
#4756 = DIRECTION( '', ( 1.57702134179710E-015, 1.00000000000000, 0.000000000000000 ) );
#4757 = CARTESIAN_POINT( '', ( 1.90500000000000, 6.85833333333326, 4.60000000000000 ) );
#4758 = DIRECTION( '', ( 0.000000000000000, 0.000000000000000, 1.00000000000000 ) );
#4759 = DIRECTION( '', ( -1.00000000000000, 0.000000000000000, 0.000000000000000 ) );
#4760 = DIRECTION( '', ( 1.00000000000000, 0.000000000000000, 0.000000000000000 ) );
#4761 = DIRECTION( '', ( 0.000000000000000, -1.00000000000000, 0.000000000000000 ) );
#4762 = DIRECTION( '', ( -1.00000000000000, 0.000000000000000, 0.000000000000000 ) );
#4763 = DIRECTION( '', ( 1.15648231731786E-014, -1.00000000000000, 0.000000000000000 ) );
#4764 = DIRECTION( '', ( 0.554700196225236, 0.832050294337839, 0.000000000000000 ) );
#4765 = DIRECTION( '', ( 1.00000000000000, -1.59016318631206E-014, 0.000000000000000 ) );
#4766 = DIRECTION( '', ( 0.000000000000000, 1.00000000000000, 0.000000000000000 ) );
#4767 = DIRECTION( '', ( -1.00000000000000, 0.000000000000000, 0.000000000000000 ) );
#4768 = DIRECTION( '', ( 1.57702134179710E-015, 1.00000000000000, 0.000000000000000 ) );
#4769 = DIRECTION( '', ( 1.00000000000000, 0.000000000000000, 0.000000000000000 ) );
#4770 = CARTESIAN_POINT( '', ( -1.90500000000000, 6.85833333333326, 4.60000000000000 ) );
#4771 = DIRECTION( '', ( 0.000000000000000, 0.000000000000000, 1.00000000000000 ) );
#4772 = DIRECTION( '', ( -1.00000000000000, 0.000000000000000, 0.000000000000000 ) );
#4773 = DIRECTION( '', ( 1.00000000000000, 0.000000000000000, 0.000000000000000 ) );
#4774 = DIRECTION( '', ( 0.000000000000000, -1.00000000000000, 0.000000000000000 ) );
#4775 = DIRECTION( '', ( -1.00000000000000, 0.000000000000000, 0.000000000000000 ) );
#4776 = DIRECTION( '', ( 1.00000000000000, 0.000000000000000, 0.000000000000000 ) );
#4777 = DIRECTION( '', ( 0.000000000000000, 0.000000000000000, 1.00000000000000 ) );
#4778 = DIRECTION( '', ( 1.00000000000000, 0.000000000000000, 0.000000000000000 ) );
#4779 = DIRECTION( '', ( 0.000000000000000, 0.000000000000000, 1.00000000000000 ) );
#4780 = DIRECTION( '', ( 0.000000000000000, 0.000000000000000, -1.00000000000000 ) );
#4781 = DIRECTION( '', ( 0.000000000000000, -1.00000000000000, 0.000000000000000 ) );
#4782 = DIRECTION( '', ( -1.00000000000000, 0.000000000000000, 0.000000000000000 ) );
#4783 = DIRECTION( '', ( 0.000000000000000, 0.000000000000000, 1.00000000000000 ) );
#4784 = DIRECTION( '', ( 0.000000000000000, 0.000000000000000, 1.00000000000000 ) );
#4785 = DIRECTION( '', ( 0.000000000000000, 1.66800334228539E-017, -1.00000000000000 ) );
#4786 = DIRECTION( '', ( -1.00000000000000, 0.000000000000000, 0.000000000000000 ) );
#4787 = DIRECTION( '', ( 0.000000000000000, 1.66800334228539E-017, -1.00000000000000 ) );
#4788 = DIRECTION( '', ( -1.00000000000000, 0.000000000000000, 0.000000000000000 ) );
#4789 = DIRECTION( '', ( -1.00000000000000, 0.000000000000000, 0.000000000000000 ) );
#4790 = DIRECTION( '', ( 0.000000000000000, 0.000000000000000, -1.00000000000000 ) );
#4791 = DIRECTION( '', ( 0.000000000000000, 0.000000000000000, -1.00000000000000 ) );
#4792 = DIRECTION( '', ( 0.249513144620722, 0.249513144620722, 0.935674292327708 ) );
#4793 = DIRECTION( '', ( 0.000000000000000, 1.00000000000000, 0.000000000000000 ) );
#4794 = DIRECTION( '', ( 0.249513144620722, -0.249513144620722, 0.935674292327708 ) );
#4795 = DIRECTION( '', ( 0.000000000000000, -1.00000000000000, 0.000000000000000 ) );
#4796 = DIRECTION( '', ( 0.000000000000000, 0.000000000000000, 1.00000000000000 ) );
#4797 = DIRECTION( '', ( 0.000000000000000, 1.00000000000000, 0.000000000000000 ) );
#4798 = DIRECTION( '', ( 0.000000000000000, 6.67201336914156E-017, 1.00000000000000 ) );
#4799 = CARTESIAN_POINT( '', ( -4.40500000000000, -1.89735380184964E-016, 2.37500000000000 ) );
#4800 = DIRECTION( '', ( 1.00000000000000, 0.000000000000000, 0.000000000000000 ) );
#4801 = DIRECTION( '', ( 0.000000000000000, -1.00000000000000, 0.000000000000000 ) );
#4802 = DIRECTION( '', ( 0.000000000000000, 1.00000000000000, 0.000000000000000 ) );
#4803 = DIRECTION( '', ( 0.000000000000000, 0.000000000000000, -1.00000000000000 ) );
#4804 = DIRECTION( '', ( 0.000000000000000, 0.000000000000000, 1.00000000000000 ) );
#4805 = DIRECTION( '', ( -1.00000000000000, 0.000000000000000, 0.000000000000000 ) );
#4806 = DIRECTION( '', ( 0.000000000000000, 0.000000000000000, 1.00000000000000 ) );
#4807 = DIRECTION( '', ( 0.000000000000000, 0.000000000000000, 1.00000000000000 ) );
#4808 = DIRECTION( '', ( 0.000000000000000, 0.000000000000000, -1.00000000000000 ) );
#4809 = DIRECTION( '', ( 0.000000000000000, 0.000000000000000, -1.00000000000000 ) );
#4810 = DIRECTION( '', ( 0.000000000000000, 0.000000000000000, -1.00000000000000 ) );
#4811 = DIRECTION( '', ( 1.57702134179710E-015, 1.00000000000000, 0.000000000000000 ) );
#4812 = DIRECTION( '', ( 0.000000000000000, 0.000000000000000, 1.00000000000000 ) );
#4813 = DIRECTION( '', ( 1.57702134179710E-015, 1.00000000000000, 0.000000000000000 ) );
#4814 = DIRECTION( '', ( -1.00000000000000, 0.000000000000000, 0.000000000000000 ) );
#4815 = DIRECTION( '', ( 0.249513144620722, 0.249513144620722, -0.935674292327708 ) );
#4816 = DIRECTION( '', ( 1.00000000000000, 0.000000000000000, 0.000000000000000 ) );
#4817 = DIRECTION( '', ( 0.000000000000000, 0.000000000000000, 1.00000000000000 ) );
#4818 = DIRECTION( '', ( 0.000000000000000, -1.00000000000000, -1.60812264967663E-016 ) );
#4819 = DIRECTION( '', ( 0.000000000000000, 0.000000000000000, 1.00000000000000 ) );
#4820 = DIRECTION( '', ( 1.00000000000000, 0.000000000000000, 0.000000000000000 ) );
#4821 = DIRECTION( '', ( 0.000000000000000, 0.000000000000000, -1.00000000000000 ) );
#4822 = DIRECTION( '', ( 0.000000000000000, 0.000000000000000, -1.00000000000000 ) );
#4823 = CARTESIAN_POINT( '', ( -4.25500000000000, -3.50000000000000, 1.20000000000000 ) );
#4824 = DIRECTION( '', ( 1.00000000000000, 0.000000000000000, 0.000000000000000 ) );
#4825 = DIRECTION( '', ( 0.000000000000000, 0.000000000000000, -1.00000000000000 ) );
#4826 = DIRECTION( '', ( -1.00000000000000, 0.000000000000000, 0.000000000000000 ) );
#4827 = CARTESIAN_POINT( '', ( 4.25500000000000, -3.50000000000000, 1.20000000000000 ) );
#4828 = DIRECTION( '', ( -1.00000000000000, 0.000000000000000, 0.000000000000000 ) );
#4829 = DIRECTION( '', ( 0.000000000000000, 0.000000000000000, 1.00000000000000 ) );
#4830 = DIRECTION( '', ( -1.00000000000000, 0.000000000000000, 0.000000000000000 ) );
#4831 = DIRECTION( '', ( 1.00000000000000, 0.000000000000000, 0.000000000000000 ) );
#4832 = DIRECTION( '', ( -1.00000000000000, 0.000000000000000, 0.000000000000000 ) );
#4833 = DIRECTION( '', ( 1.00000000000000, 0.000000000000000, 0.000000000000000 ) );
#4834 = DIRECTION( '', ( 0.000000000000000, 0.000000000000000, -1.00000000000000 ) );
#4835 = DIRECTION( '', ( -1.00000000000000, 0.000000000000000, 0.000000000000000 ) );
#4836 = DIRECTION( '', ( 0.000000000000000, 6.67201336914156E-017, 1.00000000000000 ) );
#4837 = DIRECTION( '', ( -1.00000000000000, 0.000000000000000, 0.000000000000000 ) );
#4838 = DIRECTION( '', ( 0.000000000000000, -1.00000000000000, 0.000000000000000 ) );
#4839 = DIRECTION( '', ( 0.000000000000000, 1.00000000000000, 0.000000000000000 ) );
#4840 = DIRECTION( '', ( 0.000000000000000, 0.000000000000000, -1.00000000000000 ) );
#4841 = DIRECTION( '', ( 0.000000000000000, 0.000000000000000, -1.00000000000000 ) );
#4842 = DIRECTION( '', ( 0.000000000000000, -1.00000000000000, 0.000000000000000 ) );
#4843 = DIRECTION( '', ( 0.000000000000000, 0.000000000000000, 1.00000000000000 ) );
#4844 = DIRECTION( '', ( 0.000000000000000, 0.000000000000000, 1.00000000000000 ) );
#4845 = DIRECTION( '', ( 0.000000000000000, -1.00000000000000, 0.000000000000000 ) );
#4846 = DIRECTION( '', ( 0.000000000000000, 0.000000000000000, 1.00000000000000 ) );
#4847 = DIRECTION( '', ( 0.000000000000000, 0.000000000000000, 1.00000000000000 ) );
#4848 = DIRECTION( '', ( 1.00000000000000, 0.000000000000000, 0.000000000000000 ) );
#4849 = DIRECTION( '', ( 0.000000000000000, 0.000000000000000, 1.00000000000000 ) );
#4850 = DIRECTION( '', ( 0.000000000000000, 1.00000000000000, 0.000000000000000 ) );
#4851 = DIRECTION( '', ( -1.00000000000000, 0.000000000000000, 0.000000000000000 ) );
#4852 = DIRECTION( '', ( 1.00000000000000, 0.000000000000000, 0.000000000000000 ) );
#4853 = DIRECTION( '', ( 1.00000000000000, 0.000000000000000, 0.000000000000000 ) );
#4854 = DIRECTION( '', ( 0.000000000000000, 0.000000000000000, -1.00000000000000 ) );
#4855 = DIRECTION( '', ( 0.000000000000000, 0.000000000000000, 1.00000000000000 ) );
#4856 = DIRECTION( '', ( 0.000000000000000, 0.000000000000000, -1.00000000000000 ) );
#4857 = DIRECTION( '', ( 0.000000000000000, 0.000000000000000, 1.00000000000000 ) );
#4858 = DIRECTION( '', ( 0.000000000000000, 0.000000000000000, 1.00000000000000 ) );
#4859 = DIRECTION( '', ( 0.000000000000000, 0.000000000000000, -1.00000000000000 ) );
#4860 = DIRECTION( '', ( -1.00000000000000, 0.000000000000000, 0.000000000000000 ) );
#4861 = DIRECTION( '', ( 0.000000000000000, 1.00000000000000, 0.000000000000000 ) );
#4862 = DIRECTION( '', ( 1.00000000000000, 0.000000000000000, 0.000000000000000 ) );
#4863 = DIRECTION( '', ( 0.000000000000000, 1.00000000000000, 0.000000000000000 ) );
#4864 = DIRECTION( '', ( 1.00000000000000, 0.000000000000000, 0.000000000000000 ) );
#4865 = DIRECTION( '', ( 0.000000000000000, 0.000000000000000, 1.00000000000000 ) );
#4866 = DIRECTION( '', ( 0.000000000000000, 0.000000000000000, 1.00000000000000 ) );
#4867 = DIRECTION( '', ( -1.00000000000000, 0.000000000000000, 0.000000000000000 ) );
#4868 = CARTESIAN_POINT( '', ( -1.90500000000000, 8.01058823529426, -1.55000000000000 ) );
#4869 = DIRECTION( '', ( 0.000000000000000, 1.60812264967663E-016, -1.00000000000000 ) );
#4870 = DIRECTION( '', ( -1.00000000000000, 0.000000000000000, 0.000000000000000 ) );
#4871 = DIRECTION( '', ( -1.00000000000000, 0.000000000000000, 0.000000000000000 ) );
#4872 = DIRECTION( '', ( 0.000000000000000, 1.00000000000000, 1.60812264967663E-016 ) );
#4873 = DIRECTION( '', ( 1.00000000000000, 0.000000000000000, 0.000000000000000 ) );
#4874 = DIRECTION( '', ( 0.000000000000000, -1.00000000000000, -1.60812264967663E-016 ) );
#4875 = DIRECTION( '', ( 0.000000000000000, 1.00000000000000, 0.000000000000000 ) );
#4876 = DIRECTION( '', ( -1.00000000000000, 0.000000000000000, 0.000000000000000 ) );
#4877 = DIRECTION( '', ( 0.000000000000000, 0.000000000000000, 1.00000000000000 ) );
#4878 = DIRECTION( '', ( 0.000000000000000, 0.000000000000000, 1.00000000000000 ) );
#4879 = DIRECTION( '', ( 1.00000000000000, 0.000000000000000, 0.000000000000000 ) );
#4880 = DIRECTION( '', ( 0.000000000000000, 1.00000000000000, -2.16840434497101E-016 ) );
#4881 = DIRECTION( '', ( 1.00000000000000, 0.000000000000000, 0.000000000000000 ) );
#4882 = DIRECTION( '', ( 0.000000000000000, 1.00000000000000, -2.16840434497101E-016 ) );
#4883 = DIRECTION( '', ( 1.00000000000000, 0.000000000000000, 0.000000000000000 ) );
#4884 = DIRECTION( '', ( 0.000000000000000, 1.00000000000000, -2.16840434497101E-016 ) );
#4885 = DIRECTION( '', ( -1.00000000000000, 0.000000000000000, 0.000000000000000 ) );
#4886 = DIRECTION( '', ( 0.000000000000000, -6.67201336914156E-017, -1.00000000000000 ) );
#4887 = DIRECTION( '', ( 1.00000000000000, 0.000000000000000, 0.000000000000000 ) );
#4888 = DIRECTION( '', ( 0.000000000000000, 0.000000000000000, 1.00000000000000 ) );
#4889 = DIRECTION( '', ( 1.00000000000000, 0.000000000000000, 0.000000000000000 ) );
#4890 = DIRECTION( '', ( 0.000000000000000, -1.00000000000000, 0.000000000000000 ) );
#4891 = DIRECTION( '', ( 0.000000000000000, 0.000000000000000, -1.00000000000000 ) );
#4892 = DIRECTION( '', ( 0.000000000000000, 0.000000000000000, 1.00000000000000 ) );
#4893 = DIRECTION( '', ( 0.000000000000000, 1.00000000000000, 0.000000000000000 ) );
#4894 = DIRECTION( '', ( 0.000000000000000, 0.000000000000000, -1.00000000000000 ) );
#4895 = DIRECTION( '', ( 0.000000000000000, 0.000000000000000, -1.00000000000000 ) );
#4896 = DIRECTION( '', ( 1.57702134179710E-015, 1.00000000000000, 0.000000000000000 ) );
#4897 = DIRECTION( '', ( -1.00000000000000, 0.000000000000000, 0.000000000000000 ) );
#4898 = DIRECTION( '', ( 1.00000000000000, 0.000000000000000, 0.000000000000000 ) );
#4899 = DIRECTION( '', ( 0.000000000000000, 0.000000000000000, 1.00000000000000 ) );
#4900 = DIRECTION( '', ( 0.000000000000000, 0.000000000000000, 1.00000000000000 ) );
#4901 = DIRECTION( '', ( 0.000000000000000, 0.000000000000000, 1.00000000000000 ) );
#4902 = DIRECTION( '', ( 0.000000000000000, 0.000000000000000, 1.00000000000000 ) );
#4903 = DIRECTION( '', ( 0.000000000000000, 1.60812264967663E-016, -1.00000000000000 ) );
#4904 = DIRECTION( '', ( 0.000000000000000, 1.60812264967663E-016, -1.00000000000000 ) );
#4905 = DIRECTION( '', ( 0.000000000000000, 1.00000000000000, 0.000000000000000 ) );
#4906 = DIRECTION( '', ( 0.000000000000000, 0.000000000000000, -1.00000000000000 ) );
#4907 = DIRECTION( '', ( 0.000000000000000, 0.000000000000000, 1.00000000000000 ) );
#4908 = DIRECTION( '', ( 0.000000000000000, 0.000000000000000, -1.00000000000000 ) );
#4909 = DIRECTION( '', ( 0.000000000000000, 0.000000000000000, 1.00000000000000 ) );
#4910 = DIRECTION( '', ( 0.000000000000000, 0.000000000000000, -1.00000000000000 ) );
#4911 = CARTESIAN_POINT( '', ( -4.25500000000000, -1.89735380184964E-016, 2.37500000000000 ) );
#4912 = DIRECTION( '', ( 1.00000000000000, 0.000000000000000, 0.000000000000000 ) );
#4913 = DIRECTION( '', ( 0.000000000000000, -1.00000000000000, 0.000000000000000 ) );
#4914 = DIRECTION( '', ( 0.000000000000000, 4.71392248906741E-017, -1.00000000000000 ) );
#4915 = DIRECTION( '', ( 0.000000000000000, 0.000000000000000, 1.00000000000000 ) );
#4916 = DIRECTION( '', ( 0.000000000000000, -4.71392248906741E-017, 1.00000000000000 ) );
#4917 = DIRECTION( '', ( 0.000000000000000, 0.000000000000000, 1.00000000000000 ) );
#4918 = DIRECTION( '', ( -1.00000000000000, 0.000000000000000, 0.000000000000000 ) );
#4919 = DIRECTION( '', ( -1.00000000000000, 0.000000000000000, 0.000000000000000 ) );
#4920 = DIRECTION( '', ( 0.000000000000000, 0.000000000000000, 1.00000000000000 ) );
#4921 = DIRECTION( '', ( 0.000000000000000, 0.000000000000000, 1.00000000000000 ) );
#4922 = DIRECTION( '', ( 1.00000000000000, 0.000000000000000, 0.000000000000000 ) );
#4923 = DIRECTION( '', ( 0.000000000000000, 0.000000000000000, -1.00000000000000 ) );
#4924 = DIRECTION( '', ( -1.00000000000000, 0.000000000000000, 0.000000000000000 ) );
#4925 = DIRECTION( '', ( 0.000000000000000, 0.000000000000000, -1.00000000000000 ) );
#4926 = DIRECTION( '', ( 0.000000000000000, 0.000000000000000, -1.00000000000000 ) );
#4927 = DIRECTION( '', ( 0.000000000000000, -1.00000000000000, 0.000000000000000 ) );
#4928 = DIRECTION( '', ( 0.554700196225236, 0.832050294337839, 0.000000000000000 ) );
#4929 = DIRECTION( '', ( 0.000000000000000, 0.000000000000000, 1.00000000000000 ) );
#4930 = DIRECTION( '', ( 0.000000000000000, 0.000000000000000, -1.00000000000000 ) );
#4931 = DIRECTION( '', ( 0.000000000000000, -1.00000000000000, 0.000000000000000 ) );
#4932 = DIRECTION( '', ( 0.000000000000000, -1.66800334228539E-017, 1.00000000000000 ) );
#4933 = DIRECTION( '', ( 0.000000000000000, 1.00000000000000, 0.000000000000000 ) );
#4934 = DIRECTION( '', ( 1.00000000000000, 0.000000000000000, 0.000000000000000 ) );
#4935 = DIRECTION( '', ( 0.000000000000000, -1.00000000000000, 0.000000000000000 ) );
#4936 = DIRECTION( '', ( 0.000000000000000, 0.000000000000000, -1.00000000000000 ) );
#4937 = DIRECTION( '', ( 0.000000000000000, 1.00000000000000, 1.60812264967663E-016 ) );
#4938 = DIRECTION( '', ( 0.000000000000000, 0.000000000000000, 1.00000000000000 ) );
#4939 = DIRECTION( '', ( 0.000000000000000, -1.00000000000000, 0.000000000000000 ) );
#4940 = DIRECTION( '', ( 0.000000000000000, 1.00000000000000, 0.000000000000000 ) );
#4941 = DIRECTION( '', ( 1.00000000000000, -1.59016318631206E-014, 0.000000000000000 ) );
#4942 = DIRECTION( '', ( 0.000000000000000, 0.000000000000000, 1.00000000000000 ) );
#4943 = DIRECTION( '', ( 1.00000000000000, 0.000000000000000, 0.000000000000000 ) );
#4944 = DIRECTION( '', ( 2.47274179689676E-016, 0.000000000000000, -1.00000000000000 ) );
#4945 = DIRECTION( '', ( 2.47274179689676E-016, 0.000000000000000, -1.00000000000000 ) );
#4946 = DIRECTION( '', ( 0.000000000000000, 0.000000000000000, 1.00000000000000 ) );
#4947 = DIRECTION( '', ( -1.00000000000000, 0.000000000000000, 0.000000000000000 ) );
#4948 = DIRECTION( '', ( 0.000000000000000, 1.00000000000000, 0.000000000000000 ) );
#4949 = DIRECTION( '', ( 0.000000000000000, 0.000000000000000, 1.00000000000000 ) );
ENDSEC;
END-ISO-10303-21;
