ISO-10303-21;
HEADER;
/* Generated by software containing ST-Developer
 * from STEP Tools, Inc. (www.steptools.com) 
 */
/* OPTION: using custom renumber hook */

FILE_DESCRIPTION(
/* description */ ('STEP AP214'),
/* implementation_level */ '2;1');

FILE_NAME(
/* name */ 'CS-4-22YTA',
/* time_stamp */ '2025-04-05T18:56:46+02:00',
/* author */ ('License CC BY-ND 4.0'),
/* organization */ ('CADENAS'),
/* preprocessor_version */ 'ST-DEVELOPER v19.3',
/* originating_system */ 'PARTsolutions',
/* authorisation */ '  ');

FILE_SCHEMA (('AUTOMOTIVE_DESIGN {1 0 10303 214 3 1 1}'));
ENDSEC;

DATA;
#10=PROPERTY_DEFINITION_REPRESENTATION(#14,#12);
#11=PROPERTY_DEFINITION_REPRESENTATION(#15,#13);
#12=REPRESENTATION('',(#16),#10500);
#13=REPRESENTATION('',(#17),#10500);
#14=PROPERTY_DEFINITION('pmi validation property','',#10509);
#15=PROPERTY_DEFINITION('pmi validation property','',#10509);
#16=VALUE_REPRESENTATION_ITEM('number of annotations',COUNT_MEASURE(0.));
#17=VALUE_REPRESENTATION_ITEM('number of views',COUNT_MEASURE(0.));
#18=CONTEXT_DEPENDENT_SHAPE_REPRESENTATION(#22,#10511);
#19=CONTEXT_DEPENDENT_SHAPE_REPRESENTATION(#23,#10513);
#20=NEXT_ASSEMBLY_USAGE_OCCURRENCE('NAUO1','CS-4-22YA Body',
'CS-4-22YA Body',#10514,#10515,'');
#21=NEXT_ASSEMBLY_USAGE_OCCURRENCE('NAUO2','CS-4-22YA11 Dial',
'CS-4-22YA11 Dial',#10514,#10516,'');
#22=(
REPRESENTATION_RELATIONSHIP(' ',' ',#6889,#6888)
REPRESENTATION_RELATIONSHIP_WITH_TRANSFORMATION(#24)
SHAPE_REPRESENTATION_RELATIONSHIP()
);
#23=(
REPRESENTATION_RELATIONSHIP(' ',' ',#6890,#6888)
REPRESENTATION_RELATIONSHIP_WITH_TRANSFORMATION(#25)
SHAPE_REPRESENTATION_RELATIONSHIP()
);
#24=ITEM_DEFINED_TRANSFORMATION(' ',' ',#6891,#7290);
#25=ITEM_DEFINED_TRANSFORMATION(' ',' ',#6891,#7355);
#26=SHAPE_REPRESENTATION_RELATIONSHIP('','',#6889,#28);
#27=SHAPE_REPRESENTATION_RELATIONSHIP('','',#6890,#29);
#28=ADVANCED_BREP_SHAPE_REPRESENTATION('',(#6883),#10501);
#29=ADVANCED_BREP_SHAPE_REPRESENTATION('',(#6884),#10502);
#30=TOROIDAL_SURFACE('',#7091,0.0999999999999998,0.0999999999999994);
#31=TOROIDAL_SURFACE('',#7093,0.0999999999999998,0.0999999999999994);
#32=TOROIDAL_SURFACE('',#7294,1.12,0.0300000000000001);
#33=TOROIDAL_SURFACE('',#7340,1.12,0.0300000000000001);
#34=DEGENERATE_TOROIDAL_SURFACE('',#7090,0.099999999999999,0.0999999999999998,
 .T.);
#35=DEGENERATE_TOROIDAL_SURFACE('',#7092,0.099999999999999,0.0999999999999998,
 .T.);
#36=ELLIPSE('',#6965,0.103077640640442,0.1);
#37=ELLIPSE('',#6966,0.103077640640442,0.100000000000001);
#38=ELLIPSE('',#6968,0.907083237635891,0.220000000000004);
#39=ELLIPSE('',#6969,0.103077640640442,0.1);
#40=ELLIPSE('',#6970,0.103077640640442,0.100000000000001);
#41=ELLIPSE('',#6971,0.907083237635894,0.220000000000004);
#42=ELLIPSE('',#6975,0.282842712474619,0.2);
#43=ELLIPSE('',#6978,0.282842712474619,0.2);
#44=ELLIPSE('',#6981,0.282842712474619,0.2);
#45=ELLIPSE('',#6984,0.282842712474619,0.2);
#46=ELLIPSE('',#7300,1.62634559672906,1.15);
#47=ELLIPSE('',#7302,1.62634559672906,1.15);
#48=ELLIPSE('',#7319,2.1920310216783,1.55);
#49=ELLIPSE('',#7321,2.1920310216783,1.55);
#50=ELLIPSE('',#7323,2.1920310216783,1.55);
#51=ELLIPSE('',#7325,2.1920310216783,1.55);
#52=ELLIPSE('',#7329,2.1920310216783,1.55);
#53=ELLIPSE('',#7331,2.1920310216783,1.55);
#54=ELLIPSE('',#7333,1.62634559672906,1.15);
#55=ELLIPSE('',#7334,2.1920310216783,1.55);
#56=ELLIPSE('',#7336,1.62634559672906,1.15);
#57=ELLIPSE('',#7337,2.1920310216783,1.55);
#58=B_SPLINE_CURVE_WITH_KNOTS('',3,(#8944,#8945,#8946,#8947),
 .UNSPECIFIED.,.F.,.F.,(4,4),(0.000218956775014157,0.000242917822711314),
 .UNSPECIFIED.);
#59=B_SPLINE_CURVE_WITH_KNOTS('',3,(#8955,#8956,#8957,#8958),
 .UNSPECIFIED.,.F.,.F.,(4,4),(0.00021895677501416,0.000242917822711314),
 .UNSPECIFIED.);
#60=B_SPLINE_CURVE_WITH_KNOTS('',3,(#9013,#9014,#9015,#9016),
 .UNSPECIFIED.,.F.,.F.,(4,4),(0.000218956775014167,0.000242917822711314),
 .UNSPECIFIED.);
#61=B_SPLINE_CURVE_WITH_KNOTS('',3,(#9024,#9025,#9026,#9027),
 .UNSPECIFIED.,.F.,.F.,(4,4),(0.000218956775014161,0.000242917822711314),
 .UNSPECIFIED.);
#62=B_SPLINE_CURVE_WITH_KNOTS('',3,(#9189,#9190,#9191,#9192,#9193),
 .UNSPECIFIED.,.F.,.F.,(4,1,4),(7.29825922885964E-20,0.000184117157749197,
0.000368234315498393),.UNSPECIFIED.);
#63=B_SPLINE_CURVE_WITH_KNOTS('',3,(#9198,#9199,#9200,#9201,#9202),
 .UNSPECIFIED.,.F.,.F.,(4,1,4),(9.86638869736393E-20,0.000184052887082516,
0.000368105774165032),.UNSPECIFIED.);
#64=B_SPLINE_CURVE_WITH_KNOTS('',3,(#9206,#9207,#9208,#9209,#9210),
 .UNSPECIFIED.,.F.,.F.,(4,1,4),(0.,0.000346910652413128,0.000693821304826256),
 .UNSPECIFIED.);
#65=B_SPLINE_CURVE_WITH_KNOTS('',3,(#9211,#9212,#9213,#9214,#9215),
 .UNSPECIFIED.,.F.,.F.,(4,1,4),(0.,0.000347447996151021,0.000694895992302042),
 .UNSPECIFIED.);
#66=B_SPLINE_CURVE_WITH_KNOTS('',3,(#9217,#9218,#9219,#9220,#9221),
 .UNSPECIFIED.,.F.,.F.,(4,1,4),(7.29825922885964E-20,0.000184117157749196,
0.000368234315498393),.UNSPECIFIED.);
#67=B_SPLINE_CURVE_WITH_KNOTS('',3,(#9226,#9227,#9228,#9229,#9230),
 .UNSPECIFIED.,.F.,.F.,(4,1,4),(9.86638869736393E-20,0.000184052887082516,
0.000368105774165032),.UNSPECIFIED.);
#68=B_SPLINE_CURVE_WITH_KNOTS('',3,(#9234,#9235,#9236,#9237,#9238),
 .UNSPECIFIED.,.F.,.F.,(4,1,4),(0.,0.000346910652413128,0.000693821304826255),
 .UNSPECIFIED.);
#69=B_SPLINE_CURVE_WITH_KNOTS('',3,(#9239,#9240,#9241,#9242,#9243),
 .UNSPECIFIED.,.F.,.F.,(4,1,4),(0.,0.000347447996151021,0.000694895992302042),
 .UNSPECIFIED.);
#70=B_SPLINE_CURVE_WITH_KNOTS('',3,(#9245,#9246,#9247,#9248),
 .UNSPECIFIED.,.F.,.F.,(4,4),(1.35525271560688E-20,0.000129200971522541),
 .UNSPECIFIED.);
#71=B_SPLINE_CURVE_WITH_KNOTS('',3,(#9249,#9250,#9251,#9252),
 .UNSPECIFIED.,.F.,.F.,(4,4),(2.85133218896059E-20,0.000129203102036593),
 .UNSPECIFIED.);
#72=B_SPLINE_CURVE_WITH_KNOTS('',3,(#9253,#9254,#9255,#9256),
 .UNSPECIFIED.,.F.,.F.,(4,4),(1.35525271560688E-20,0.000129200971522541),
 .UNSPECIFIED.);
#73=B_SPLINE_CURVE_WITH_KNOTS('',3,(#9257,#9258,#9259,#9260),
 .UNSPECIFIED.,.F.,.F.,(4,4),(2.85133218896059E-20,0.000129203102036593),
 .UNSPECIFIED.);
#74=B_SPLINE_CURVE_WITH_KNOTS('',3,(#9262,#9263,#9264,#9265),
 .UNSPECIFIED.,.F.,.F.,(4,4),(2.85427807171372E-20,0.000128898556577171),
 .UNSPECIFIED.);
#75=B_SPLINE_CURVE_WITH_KNOTS('',3,(#9268,#9269,#9270,#9271),
 .UNSPECIFIED.,.F.,.F.,(4,4),(1.35525271560688E-20,0.000128897080628996),
 .UNSPECIFIED.);
#76=B_SPLINE_CURVE_WITH_KNOTS('',3,(#9273,#9274,#9275,#9276),
 .UNSPECIFIED.,.F.,.F.,(4,4),(1.35525271560688E-20,0.000128897080628996),
 .UNSPECIFIED.);
#77=B_SPLINE_CURVE_WITH_KNOTS('',3,(#9277,#9278,#9279,#9280),
 .UNSPECIFIED.,.F.,.F.,(4,4),(0.,0.000128898556577171),.UNSPECIFIED.);
#78=B_SPLINE_CURVE_WITH_KNOTS('',3,(#9404,#9405,#9406,#9407,#9408),
 .UNSPECIFIED.,.F.,.F.,(4,1,4),(2.35623418140306E-7,0.000156336131657136,
0.000312436639896131),.UNSPECIFIED.);
#79=B_SPLINE_CURVE_WITH_KNOTS('',3,(#9410,#9411,#9412,#9413),
 .UNSPECIFIED.,.F.,.F.,(4,4),(0.000218956775013865,0.000242917822711314),
 .UNSPECIFIED.);
#80=B_SPLINE_CURVE_WITH_KNOTS('',3,(#9416,#9417,#9418,#9419),
 .UNSPECIFIED.,.F.,.F.,(4,4),(0.000218956775013229,0.000242917822711314),
 .UNSPECIFIED.);
#81=B_SPLINE_CURVE_WITH_KNOTS('',3,(#9421,#9422,#9423,#9424,#9425),
 .UNSPECIFIED.,.F.,.F.,(4,1,4),(2.35623419054741E-7,0.000156336131657707,
0.000312436639896358),.UNSPECIFIED.);
#82=B_SPLINE_CURVE_WITH_KNOTS('',3,(#9427,#9428,#9429,#9430),
 .UNSPECIFIED.,.F.,.F.,(4,4),(0.000218956775014165,0.000242917822711314),
 .UNSPECIFIED.);
#83=B_SPLINE_CURVE_WITH_KNOTS('',3,(#9432,#9433,#9434,#9435,#9436),
 .UNSPECIFIED.,.F.,.F.,(4,1,4),(2.35623418140306E-7,0.000156336131657245,
0.000312436639896351),.UNSPECIFIED.);
#84=B_SPLINE_CURVE_WITH_KNOTS('',3,(#9440,#9441,#9442,#9443,#9444),
 .UNSPECIFIED.,.F.,.F.,(4,1,4),(2.35623418138885E-7,0.000156336131657246,
0.000312436639896353),.UNSPECIFIED.);
#85=B_SPLINE_CURVE_WITH_KNOTS('',3,(#9446,#9447,#9448,#9449),
 .UNSPECIFIED.,.F.,.F.,(4,4),(0.000218956775014152,0.000242917822711313),
 .UNSPECIFIED.);
#86=B_SPLINE_CURVE_WITH_KNOTS('',3,(#9453,#9454,#9455,#9456),
 .UNSPECIFIED.,.F.,.F.,(4,4),(0.000196662841889064,0.000242917822711314),
 .UNSPECIFIED.);
#87=B_SPLINE_CURVE_WITH_KNOTS('',3,(#9463,#9464,#9465,#9466),
 .UNSPECIFIED.,.F.,.F.,(4,4),(0.000196662841889065,0.000242917822711314),
 .UNSPECIFIED.);
#88=B_SPLINE_CURVE_WITH_KNOTS('',3,(#9595,#9596,#9597,#9598,#9599),
 .UNSPECIFIED.,.F.,.F.,(4,1,4),(0.,0.000176014058948209,0.000352028117896419),
 .UNSPECIFIED.);
#89=B_SPLINE_CURVE_WITH_KNOTS('',3,(#9603,#9604,#9605,#9606,#9607),
 .UNSPECIFIED.,.F.,.F.,(4,1,4),(0.,0.000176014058948209,0.000352028117896419),
 .UNSPECIFIED.);
#90=B_SPLINE_CURVE_WITH_KNOTS('',3,(#9619,#9620,#9621,#9622,#9623),
 .UNSPECIFIED.,.F.,.F.,(4,1,4),(2.71050543121376E-20,0.00017601405894821,
0.00035202811789642),.UNSPECIFIED.);
#91=B_SPLINE_CURVE_WITH_KNOTS('',3,(#9627,#9628,#9629,#9630,#9631),
 .UNSPECIFIED.,.F.,.F.,(4,1,4),(0.,0.00017601405894821,0.000352028117896419),
 .UNSPECIFIED.);
#92=B_SPLINE_CURVE_WITH_KNOTS('',3,(#9649,#9650,#9651,#9652),
 .UNSPECIFIED.,.F.,.F.,(4,4),(3.83577051864795E-16,5.25303851863166E-5),
 .UNSPECIFIED.);
#93=B_SPLINE_CURVE_WITH_KNOTS('',3,(#9654,#9655,#9656,#9657),
 .UNSPECIFIED.,.F.,.F.,(4,4),(0.,5.25297378032828E-5),.UNSPECIFIED.);
#94=B_SPLINE_CURVE_WITH_KNOTS('',3,(#9683,#9684,#9685,#9686),
 .UNSPECIFIED.,.F.,.F.,(4,4),(2.44261509747082E-18,5.59988439652363E-5),
 .UNSPECIFIED.);
#95=B_SPLINE_CURVE_WITH_KNOTS('',3,(#9691,#9692,#9693,#9694),
 .UNSPECIFIED.,.F.,.F.,(4,4),(0.,5.60004352933585E-5),.UNSPECIFIED.);
#96=B_SPLINE_CURVE_WITH_KNOTS('',3,(#10330,#10331,#10332,#10333),
 .UNSPECIFIED.,.F.,.F.,(4,4),(0.00020154473115192,0.000264980991117404),
 .UNSPECIFIED.);
#97=B_SPLINE_CURVE_WITH_KNOTS('',3,(#10337,#10338,#10339,#10340),
 .UNSPECIFIED.,.F.,.F.,(4,4),(0.000108630148656241,0.000156392959540062),
 .UNSPECIFIED.);
#98=B_SPLINE_CURVE_WITH_KNOTS('',3,(#10461,#10462,#10463,#10464),
 .UNSPECIFIED.,.F.,.F.,(4,4),(3.48187920146673E-5,8.26168167114631E-5),
 .UNSPECIFIED.);
#99=B_SPLINE_CURVE_WITH_KNOTS('',3,(#10465,#10466,#10467,#10468),
 .UNSPECIFIED.,.F.,.F.,(4,4),(0.000134054166672032,0.00019740029519252),
 .UNSPECIFIED.);
#100=CYLINDRICAL_SURFACE('',#6920,0.100000000000001);
#101=CYLINDRICAL_SURFACE('',#6923,0.100000000000001);
#102=CYLINDRICAL_SURFACE('',#6927,0.0999999999999994);
#103=CYLINDRICAL_SURFACE('',#6930,0.0999999999999994);
#104=CYLINDRICAL_SURFACE('',#6954,0.13);
#105=CYLINDRICAL_SURFACE('',#6955,0.26);
#106=CYLINDRICAL_SURFACE('',#6956,0.13);
#107=CYLINDRICAL_SURFACE('',#6957,0.26);
#108=CYLINDRICAL_SURFACE('',#6958,1.15);
#109=CYLINDRICAL_SURFACE('',#6959,1.5);
#110=CYLINDRICAL_SURFACE('',#6960,1.5);
#111=CYLINDRICAL_SURFACE('',#6974,0.200000000000001);
#112=CYLINDRICAL_SURFACE('',#6977,0.200000000000001);
#113=CYLINDRICAL_SURFACE('',#6980,0.200000000000001);
#114=CYLINDRICAL_SURFACE('',#6983,0.200000000000001);
#115=CYLINDRICAL_SURFACE('',#6986,0.220000000000001);
#116=CYLINDRICAL_SURFACE('',#6988,0.220000000000001);
#117=CYLINDRICAL_SURFACE('',#6990,0.220000000000002);
#118=CYLINDRICAL_SURFACE('',#6993,0.220000000000001);
#119=CYLINDRICAL_SURFACE('',#6996,0.220000000000001);
#120=CYLINDRICAL_SURFACE('',#6999,0.1);
#121=CYLINDRICAL_SURFACE('',#7002,0.220000000000001);
#122=CYLINDRICAL_SURFACE('',#7005,0.0999999999999994);
#123=CYLINDRICAL_SURFACE('',#7028,0.22);
#124=CYLINDRICAL_SURFACE('',#7031,0.0999999999999998);
#125=CYLINDRICAL_SURFACE('',#7033,0.0999999999999998);
#126=CYLINDRICAL_SURFACE('',#7035,0.219999999999999);
#127=CYLINDRICAL_SURFACE('',#7038,0.0999999999999998);
#128=CYLINDRICAL_SURFACE('',#7040,0.0999999999999998);
#129=CYLINDRICAL_SURFACE('',#7046,0.200000000000001);
#130=CYLINDRICAL_SURFACE('',#7052,0.0800000000000002);
#131=CYLINDRICAL_SURFACE('',#7059,0.0800000000000003);
#132=CYLINDRICAL_SURFACE('',#7063,0.200000000000001);
#133=CYLINDRICAL_SURFACE('',#7065,0.0999999999999998);
#134=CYLINDRICAL_SURFACE('',#7067,0.099999999999999);
#135=CYLINDRICAL_SURFACE('',#7073,0.0999999999999999);
#136=CYLINDRICAL_SURFACE('',#7076,0.0999999999999998);
#137=CYLINDRICAL_SURFACE('',#7079,0.100000000000001);
#138=CYLINDRICAL_SURFACE('',#7081,0.100000000000001);
#139=CYLINDRICAL_SURFACE('',#7102,0.2);
#140=CYLINDRICAL_SURFACE('',#7103,0.2);
#141=CYLINDRICAL_SURFACE('',#7104,0.100000000000001);
#142=CYLINDRICAL_SURFACE('',#7105,0.1);
#143=CYLINDRICAL_SURFACE('',#7106,0.2);
#144=CYLINDRICAL_SURFACE('',#7107,1.7);
#145=CYLINDRICAL_SURFACE('',#7108,0.100000775340633);
#146=CYLINDRICAL_SURFACE('',#7109,0.100000775340632);
#147=CYLINDRICAL_SURFACE('',#7110,0.100000775340634);
#148=CYLINDRICAL_SURFACE('',#7111,1.7);
#149=CYLINDRICAL_SURFACE('',#7113,0.100000775340632);
#150=CYLINDRICAL_SURFACE('',#7114,1.9);
#151=CYLINDRICAL_SURFACE('',#7120,1.7);
#152=CYLINDRICAL_SURFACE('',#7121,0.102);
#153=CYLINDRICAL_SURFACE('',#7122,0.102);
#154=CYLINDRICAL_SURFACE('',#7123,0.102);
#155=CYLINDRICAL_SURFACE('',#7124,0.102);
#156=CYLINDRICAL_SURFACE('',#7135,1.15);
#157=CYLINDRICAL_SURFACE('',#7140,0.15);
#158=CYLINDRICAL_SURFACE('',#7143,0.15);
#159=CYLINDRICAL_SURFACE('',#7148,0.15);
#160=CYLINDRICAL_SURFACE('',#7150,0.15);
#161=CYLINDRICAL_SURFACE('',#7167,0.0999999999999994);
#162=CYLINDRICAL_SURFACE('',#7169,0.0999999999999994);
#163=CYLINDRICAL_SURFACE('',#7172,0.25);
#164=CYLINDRICAL_SURFACE('',#7174,0.25);
#165=CYLINDRICAL_SURFACE('',#7188,0.25);
#166=CYLINDRICAL_SURFACE('',#7190,0.25);
#167=CYLINDRICAL_SURFACE('',#7193,0.0999999999999985);
#168=CYLINDRICAL_SURFACE('',#7195,0.0999999999999994);
#169=CYLINDRICAL_SURFACE('',#7209,0.0999999999999994);
#170=CYLINDRICAL_SURFACE('',#7211,0.0999999999999994);
#171=CYLINDRICAL_SURFACE('',#7214,0.25);
#172=CYLINDRICAL_SURFACE('',#7216,0.25);
#173=CYLINDRICAL_SURFACE('',#7230,0.25);
#174=CYLINDRICAL_SURFACE('',#7232,0.25);
#175=CYLINDRICAL_SURFACE('',#7235,0.0999999999999985);
#176=CYLINDRICAL_SURFACE('',#7237,0.0999999999999994);
#177=CYLINDRICAL_SURFACE('',#7251,0.0999999999999994);
#178=CYLINDRICAL_SURFACE('',#7253,0.0999999999999994);
#179=CYLINDRICAL_SURFACE('',#7256,0.25);
#180=CYLINDRICAL_SURFACE('',#7258,0.25);
#181=CYLINDRICAL_SURFACE('',#7272,0.25);
#182=CYLINDRICAL_SURFACE('',#7274,0.25);
#183=CYLINDRICAL_SURFACE('',#7277,0.0999999999999985);
#184=CYLINDRICAL_SURFACE('',#7279,0.0999999999999994);
#185=CYLINDRICAL_SURFACE('',#7280,0.15);
#186=CYLINDRICAL_SURFACE('',#7283,0.15);
#187=CYLINDRICAL_SURFACE('',#7296,1.15);
#188=CYLINDRICAL_SURFACE('',#7341,1.15);
#189=CYLINDRICAL_SURFACE('',#7348,1.55);
#190=CYLINDRICAL_SURFACE('',#7349,1.55);
#191=CYLINDRICAL_SURFACE('',#7350,1.55);
#192=CYLINDRICAL_SURFACE('',#7351,1.55);
#193=CYLINDRICAL_SURFACE('',#7354,1.7);
#194=LINE('',#8819,#722);
#195=LINE('',#8821,#723);
#196=LINE('',#8823,#724);
#197=LINE('',#8825,#725);
#198=LINE('',#8827,#726);
#199=LINE('',#8829,#727);
#200=LINE('',#8831,#728);
#201=LINE('',#8833,#729);
#202=LINE('',#8835,#730);
#203=LINE('',#8837,#731);
#204=LINE('',#8839,#732);
#205=LINE('',#8841,#733);
#206=LINE('',#8843,#734);
#207=LINE('',#8845,#735);
#208=LINE('',#8847,#736);
#209=LINE('',#8851,#737);
#210=LINE('',#8856,#738);
#211=LINE('',#8859,#739);
#212=LINE('',#8861,#740);
#213=LINE('',#8869,#741);
#214=LINE('',#8873,#742);
#215=LINE('',#8885,#743);
#216=LINE('',#8889,#744);
#217=LINE('',#8899,#745);
#218=LINE('',#8902,#746);
#219=LINE('',#8906,#747);
#220=LINE('',#8910,#748);
#221=LINE('',#8912,#749);
#222=LINE('',#8916,#750);
#223=LINE('',#8920,#751);
#224=LINE('',#8922,#752);
#225=LINE('',#8926,#753);
#226=LINE('',#8930,#754);
#227=LINE('',#8932,#755);
#228=LINE('',#8936,#756);
#229=LINE('',#8942,#757);
#230=LINE('',#8960,#758);
#231=LINE('',#8962,#759);
#232=LINE('',#8965,#760);
#233=LINE('',#8967,#761);
#234=LINE('',#8969,#762);
#235=LINE('',#8970,#763);
#236=LINE('',#8973,#764);
#237=LINE('',#8975,#765);
#238=LINE('',#8977,#766);
#239=LINE('',#8978,#767);
#240=LINE('',#8981,#768);
#241=LINE('',#8983,#769);
#242=LINE('',#8985,#770);
#243=LINE('',#8986,#771);
#244=LINE('',#8988,#772);
#245=LINE('',#8990,#773);
#246=LINE('',#8992,#774);
#247=LINE('',#8994,#775);
#248=LINE('',#8996,#776);
#249=LINE('',#8998,#777);
#250=LINE('',#9000,#778);
#251=LINE('',#9002,#779);
#252=LINE('',#9003,#780);
#253=LINE('',#9005,#781);
#254=LINE('',#9007,#782);
#255=LINE('',#9018,#783);
#256=LINE('',#9022,#784);
#257=LINE('',#9031,#785);
#258=LINE('',#9034,#786);
#259=LINE('',#9036,#787);
#260=LINE('',#9038,#788);
#261=LINE('',#9039,#789);
#262=LINE('',#9042,#790);
#263=LINE('',#9044,#791);
#264=LINE('',#9046,#792);
#265=LINE('',#9047,#793);
#266=LINE('',#9050,#794);
#267=LINE('',#9052,#795);
#268=LINE('',#9054,#796);
#269=LINE('',#9055,#797);
#270=LINE('',#9057,#798);
#271=LINE('',#9059,#799);
#272=LINE('',#9061,#800);
#273=LINE('',#9063,#801);
#274=LINE('',#9065,#802);
#275=LINE('',#9067,#803);
#276=LINE('',#9069,#804);
#277=LINE('',#9071,#805);
#278=LINE('',#9073,#806);
#279=LINE('',#9075,#807);
#280=LINE('',#9077,#808);
#281=LINE('',#9078,#809);
#282=LINE('',#9080,#810);
#283=LINE('',#9082,#811);
#284=LINE('',#9084,#812);
#285=LINE('',#9086,#813);
#286=LINE('',#9088,#814);
#287=LINE('',#9090,#815);
#288=LINE('',#9092,#816);
#289=LINE('',#9094,#817);
#290=LINE('',#9097,#818);
#291=LINE('',#9099,#819);
#292=LINE('',#9101,#820);
#293=LINE('',#9103,#821);
#294=LINE('',#9105,#822);
#295=LINE('',#9107,#823);
#296=LINE('',#9109,#824);
#297=LINE('',#9111,#825);
#298=LINE('',#9115,#826);
#299=LINE('',#9119,#827);
#300=LINE('',#9121,#828);
#301=LINE('',#9123,#829);
#302=LINE('',#9125,#830);
#303=LINE('',#9127,#831);
#304=LINE('',#9129,#832);
#305=LINE('',#9133,#833);
#306=LINE('',#9137,#834);
#307=LINE('',#9139,#835);
#308=LINE('',#9141,#836);
#309=LINE('',#9143,#837);
#310=LINE('',#9145,#838);
#311=LINE('',#9147,#839);
#312=LINE('',#9151,#840);
#313=LINE('',#9156,#841);
#314=LINE('',#9169,#842);
#315=LINE('',#9173,#843);
#316=LINE('',#9185,#844);
#317=LINE('',#9196,#845);
#318=LINE('',#9204,#846);
#319=LINE('',#9224,#847);
#320=LINE('',#9232,#848);
#321=LINE('',#9266,#849);
#322=LINE('',#9267,#850);
#323=LINE('',#9281,#851);
#324=LINE('',#9282,#852);
#325=LINE('',#9288,#853);
#326=LINE('',#9291,#854);
#327=LINE('',#9293,#855);
#328=LINE('',#9295,#856);
#329=LINE('',#9299,#857);
#330=LINE('',#9301,#858);
#331=LINE('',#9303,#859);
#332=LINE('',#9305,#860);
#333=LINE('',#9307,#861);
#334=LINE('',#9319,#862);
#335=LINE('',#9321,#863);
#336=LINE('',#9324,#864);
#337=LINE('',#9326,#865);
#338=LINE('',#9328,#866);
#339=LINE('',#9329,#867);
#340=LINE('',#9331,#868);
#341=LINE('',#9333,#869);
#342=LINE('',#9335,#870);
#343=LINE('',#9337,#871);
#344=LINE('',#9339,#872);
#345=LINE('',#9341,#873);
#346=LINE('',#9343,#874);
#347=LINE('',#9345,#875);
#348=LINE('',#9347,#876);
#349=LINE('',#9350,#877);
#350=LINE('',#9352,#878);
#351=LINE('',#9354,#879);
#352=LINE('',#9355,#880);
#353=LINE('',#9358,#881);
#354=LINE('',#9359,#882);
#355=LINE('',#9361,#883);
#356=LINE('',#9363,#884);
#357=LINE('',#9365,#885);
#358=LINE('',#9367,#886);
#359=LINE('',#9369,#887);
#360=LINE('',#9371,#888);
#361=LINE('',#9373,#889);
#362=LINE('',#9379,#890);
#363=LINE('',#9384,#891);
#364=LINE('',#9388,#892);
#365=LINE('',#9393,#893);
#366=LINE('',#9399,#894);
#367=LINE('',#9475,#895);
#368=LINE('',#9478,#896);
#369=LINE('',#9480,#897);
#370=LINE('',#9482,#898);
#371=LINE('',#9484,#899);
#372=LINE('',#9486,#900);
#373=LINE('',#9488,#901);
#374=LINE('',#9490,#902);
#375=LINE('',#9492,#903);
#376=LINE('',#9494,#904);
#377=LINE('',#9496,#905);
#378=LINE('',#9499,#906);
#379=LINE('',#9501,#907);
#380=LINE('',#9503,#908);
#381=LINE('',#9505,#909);
#382=LINE('',#9507,#910);
#383=LINE('',#9509,#911);
#384=LINE('',#9511,#912);
#385=LINE('',#9513,#913);
#386=LINE('',#9515,#914);
#387=LINE('',#9517,#915);
#388=LINE('',#9519,#916);
#389=LINE('',#9521,#917);
#390=LINE('',#9524,#918);
#391=LINE('',#9526,#919);
#392=LINE('',#9528,#920);
#393=LINE('',#9530,#921);
#394=LINE('',#9532,#922);
#395=LINE('',#9534,#923);
#396=LINE('',#9536,#924);
#397=LINE('',#9538,#925);
#398=LINE('',#9540,#926);
#399=LINE('',#9542,#927);
#400=LINE('',#9545,#928);
#401=LINE('',#9547,#929);
#402=LINE('',#9549,#930);
#403=LINE('',#9551,#931);
#404=LINE('',#9553,#932);
#405=LINE('',#9555,#933);
#406=LINE('',#9557,#934);
#407=LINE('',#9559,#935);
#408=LINE('',#9561,#936);
#409=LINE('',#9563,#937);
#410=LINE('',#9565,#938);
#411=LINE('',#9567,#939);
#412=LINE('',#9568,#940);
#413=LINE('',#9570,#941);
#414=LINE('',#9571,#942);
#415=LINE('',#9573,#943);
#416=LINE('',#9575,#944);
#417=LINE('',#9578,#945);
#418=LINE('',#9580,#946);
#419=LINE('',#9583,#947);
#420=LINE('',#9585,#948);
#421=LINE('',#9588,#949);
#422=LINE('',#9590,#950);
#423=LINE('',#9601,#951);
#424=LINE('',#9625,#952);
#425=LINE('',#9641,#953);
#426=LINE('',#9643,#954);
#427=LINE('',#9645,#955);
#428=LINE('',#9647,#956);
#429=LINE('',#9661,#957);
#430=LINE('',#9665,#958);
#431=LINE('',#9667,#959);
#432=LINE('',#9669,#960);
#433=LINE('',#9671,#961);
#434=LINE('',#9673,#962);
#435=LINE('',#9675,#963);
#436=LINE('',#9677,#964);
#437=LINE('',#9679,#965);
#438=LINE('',#9681,#966);
#439=LINE('',#9700,#967);
#440=LINE('',#9702,#968);
#441=LINE('',#9704,#969);
#442=LINE('',#9706,#970);
#443=LINE('',#9708,#971);
#444=LINE('',#9710,#972);
#445=LINE('',#9712,#973);
#446=LINE('',#9714,#974);
#447=LINE('',#9717,#975);
#448=LINE('',#9719,#976);
#449=LINE('',#9721,#977);
#450=LINE('',#9723,#978);
#451=LINE('',#9725,#979);
#452=LINE('',#9728,#980);
#453=LINE('',#9731,#981);
#454=LINE('',#9732,#982);
#455=LINE('',#9734,#983);
#456=LINE('',#9736,#984);
#457=LINE('',#9738,#985);
#458=LINE('',#9739,#986);
#459=LINE('',#9742,#987);
#460=LINE('',#9743,#988);
#461=LINE('',#9745,#989);
#462=LINE('',#9746,#990);
#463=LINE('',#9748,#991);
#464=LINE('',#9750,#992);
#465=LINE('',#9753,#993);
#466=LINE('',#9755,#994);
#467=LINE('',#9757,#995);
#468=LINE('',#9759,#996);
#469=LINE('',#9761,#997);
#470=LINE('',#9763,#998);
#471=LINE('',#9775,#999);
#472=LINE('',#9776,#1000);
#473=LINE('',#9778,#1001);
#474=LINE('',#9779,#1002);
#475=LINE('',#9782,#1003);
#476=LINE('',#9784,#1004);
#477=LINE('',#9785,#1005);
#478=LINE('',#9787,#1006);
#479=LINE('',#9788,#1007);
#480=LINE('',#9791,#1008);
#481=LINE('',#9798,#1009);
#482=LINE('',#9799,#1010);
#483=LINE('',#9803,#1011);
#484=LINE('',#9805,#1012);
#485=LINE('',#9809,#1013);
#486=LINE('',#9810,#1014);
#487=LINE('',#9827,#1015);
#488=LINE('',#9828,#1016);
#489=LINE('',#9830,#1017);
#490=LINE('',#9832,#1018);
#491=LINE('',#9834,#1019);
#492=LINE('',#9836,#1020);
#493=LINE('',#9837,#1021);
#494=LINE('',#9841,#1022);
#495=LINE('',#9842,#1023);
#496=LINE('',#9844,#1024);
#497=LINE('',#9846,#1025);
#498=LINE('',#9848,#1026);
#499=LINE('',#9850,#1027);
#500=LINE('',#9852,#1028);
#501=LINE('',#9859,#1029);
#502=LINE('',#9861,#1030);
#503=LINE('',#9863,#1031);
#504=LINE('',#9865,#1032);
#505=LINE('',#9869,#1033);
#506=LINE('',#9871,#1034);
#507=LINE('',#9873,#1035);
#508=LINE('',#9877,#1036);
#509=LINE('',#9880,#1037);
#510=LINE('',#9881,#1038);
#511=LINE('',#9883,#1039);
#512=LINE('',#9885,#1040);
#513=LINE('',#9886,#1041);
#514=LINE('',#9888,#1042);
#515=LINE('',#9890,#1043);
#516=LINE('',#9891,#1044);
#517=LINE('',#9893,#1045);
#518=LINE('',#9895,#1046);
#519=LINE('',#9897,#1047);
#520=LINE('',#9899,#1048);
#521=LINE('',#9901,#1049);
#522=LINE('',#9907,#1050);
#523=LINE('',#9909,#1051);
#524=LINE('',#9911,#1052);
#525=LINE('',#9913,#1053);
#526=LINE('',#9915,#1054);
#527=LINE('',#9916,#1055);
#528=LINE('',#9918,#1056);
#529=LINE('',#9920,#1057);
#530=LINE('',#9921,#1058);
#531=LINE('',#9923,#1059);
#532=LINE('',#9925,#1060);
#533=LINE('',#9927,#1061);
#534=LINE('',#9929,#1062);
#535=LINE('',#9931,#1063);
#536=LINE('',#9933,#1064);
#537=LINE('',#9935,#1065);
#538=LINE('',#9937,#1066);
#539=LINE('',#9939,#1067);
#540=LINE('',#9941,#1068);
#541=LINE('',#9943,#1069);
#542=LINE('',#9947,#1070);
#543=LINE('',#9950,#1071);
#544=LINE('',#9952,#1072);
#545=LINE('',#9956,#1073);
#546=LINE('',#9962,#1074);
#547=LINE('',#9966,#1075);
#548=LINE('',#9968,#1076);
#549=LINE('',#9971,#1077);
#550=LINE('',#9975,#1078);
#551=LINE('',#9977,#1079);
#552=LINE('',#9980,#1080);
#553=LINE('',#9982,#1081);
#554=LINE('',#9984,#1082);
#555=LINE('',#9986,#1083);
#556=LINE('',#9989,#1084);
#557=LINE('',#9991,#1085);
#558=LINE('',#9993,#1086);
#559=LINE('',#9995,#1087);
#560=LINE('',#9997,#1088);
#561=LINE('',#9999,#1089);
#562=LINE('',#10001,#1090);
#563=LINE('',#10003,#1091);
#564=LINE('',#10005,#1092);
#565=LINE('',#10009,#1093);
#566=LINE('',#10013,#1094);
#567=LINE('',#10015,#1095);
#568=LINE('',#10018,#1096);
#569=LINE('',#10024,#1097);
#570=LINE('',#10027,#1098);
#571=LINE('',#10029,#1099);
#572=LINE('',#10033,#1100);
#573=LINE('',#10037,#1101);
#574=LINE('',#10039,#1102);
#575=LINE('',#10041,#1103);
#576=LINE('',#10043,#1104);
#577=LINE('',#10046,#1105);
#578=LINE('',#10048,#1106);
#579=LINE('',#10051,#1107);
#580=LINE('',#10053,#1108);
#581=LINE('',#10055,#1109);
#582=LINE('',#10057,#1110);
#583=LINE('',#10059,#1111);
#584=LINE('',#10061,#1112);
#585=LINE('',#10063,#1113);
#586=LINE('',#10065,#1114);
#587=LINE('',#10067,#1115);
#588=LINE('',#10071,#1116);
#589=LINE('',#10074,#1117);
#590=LINE('',#10076,#1118);
#591=LINE('',#10080,#1119);
#592=LINE('',#10086,#1120);
#593=LINE('',#10090,#1121);
#594=LINE('',#10092,#1122);
#595=LINE('',#10095,#1123);
#596=LINE('',#10099,#1124);
#597=LINE('',#10101,#1125);
#598=LINE('',#10104,#1126);
#599=LINE('',#10106,#1127);
#600=LINE('',#10108,#1128);
#601=LINE('',#10110,#1129);
#602=LINE('',#10113,#1130);
#603=LINE('',#10115,#1131);
#604=LINE('',#10117,#1132);
#605=LINE('',#10119,#1133);
#606=LINE('',#10121,#1134);
#607=LINE('',#10123,#1135);
#608=LINE('',#10125,#1136);
#609=LINE('',#10127,#1137);
#610=LINE('',#10129,#1138);
#611=LINE('',#10133,#1139);
#612=LINE('',#10137,#1140);
#613=LINE('',#10139,#1141);
#614=LINE('',#10142,#1142);
#615=LINE('',#10148,#1143);
#616=LINE('',#10151,#1144);
#617=LINE('',#10153,#1145);
#618=LINE('',#10157,#1146);
#619=LINE('',#10161,#1147);
#620=LINE('',#10163,#1148);
#621=LINE('',#10165,#1149);
#622=LINE('',#10167,#1150);
#623=LINE('',#10170,#1151);
#624=LINE('',#10172,#1152);
#625=LINE('',#10175,#1153);
#626=LINE('',#10177,#1154);
#627=LINE('',#10179,#1155);
#628=LINE('',#10181,#1156);
#629=LINE('',#10183,#1157);
#630=LINE('',#10185,#1158);
#631=LINE('',#10187,#1159);
#632=LINE('',#10189,#1160);
#633=LINE('',#10191,#1161);
#634=LINE('',#10195,#1162);
#635=LINE('',#10198,#1163);
#636=LINE('',#10200,#1164);
#637=LINE('',#10204,#1165);
#638=LINE('',#10210,#1166);
#639=LINE('',#10214,#1167);
#640=LINE('',#10216,#1168);
#641=LINE('',#10219,#1169);
#642=LINE('',#10223,#1170);
#643=LINE('',#10225,#1171);
#644=LINE('',#10228,#1172);
#645=LINE('',#10230,#1173);
#646=LINE('',#10232,#1174);
#647=LINE('',#10234,#1175);
#648=LINE('',#10237,#1176);
#649=LINE('',#10239,#1177);
#650=LINE('',#10241,#1178);
#651=LINE('',#10243,#1179);
#652=LINE('',#10245,#1180);
#653=LINE('',#10247,#1181);
#654=LINE('',#10249,#1182);
#655=LINE('',#10251,#1183);
#656=LINE('',#10253,#1184);
#657=LINE('',#10257,#1185);
#658=LINE('',#10261,#1186);
#659=LINE('',#10263,#1187);
#660=LINE('',#10266,#1188);
#661=LINE('',#10272,#1189);
#662=LINE('',#10275,#1190);
#663=LINE('',#10277,#1191);
#664=LINE('',#10281,#1192);
#665=LINE('',#10285,#1193);
#666=LINE('',#10287,#1194);
#667=LINE('',#10289,#1195);
#668=LINE('',#10291,#1196);
#669=LINE('',#10294,#1197);
#670=LINE('',#10296,#1198);
#671=LINE('',#10307,#1199);
#672=LINE('',#10309,#1200);
#673=LINE('',#10311,#1201);
#674=LINE('',#10313,#1202);
#675=LINE('',#10315,#1203);
#676=LINE('',#10319,#1204);
#677=LINE('',#10322,#1205);
#678=LINE('',#10326,#1206);
#679=LINE('',#10329,#1207);
#680=LINE('',#10335,#1208);
#681=LINE('',#10347,#1209);
#682=LINE('',#10351,#1210);
#683=LINE('',#10361,#1211);
#684=LINE('',#10364,#1212);
#685=LINE('',#10368,#1213);
#686=LINE('',#10370,#1214);
#687=LINE('',#10375,#1215);
#688=LINE('',#10379,#1216);
#689=LINE('',#10382,#1217);
#690=LINE('',#10386,#1218);
#691=LINE('',#10388,#1219);
#692=LINE('',#10393,#1220);
#693=LINE('',#10395,#1221);
#694=LINE('',#10396,#1222);
#695=LINE('',#10400,#1223);
#696=LINE('',#10401,#1224);
#697=LINE('',#10403,#1225);
#698=LINE('',#10405,#1226);
#699=LINE('',#10409,#1227);
#700=LINE('',#10411,#1228);
#701=LINE('',#10414,#1229);
#702=LINE('',#10418,#1230);
#703=LINE('',#10422,#1231);
#704=LINE('',#10426,#1232);
#705=LINE('',#10429,#1233);
#706=LINE('',#10432,#1234);
#707=LINE('',#10435,#1235);
#708=LINE('',#10438,#1236);
#709=LINE('',#10440,#1237);
#710=LINE('',#10457,#1238);
#711=LINE('',#10459,#1239);
#712=LINE('',#10470,#1240);
#713=LINE('',#10472,#1241);
#714=LINE('',#10474,#1242);
#715=LINE('',#10476,#1243);
#716=LINE('',#10478,#1244);
#717=LINE('',#10480,#1245);
#718=LINE('',#10482,#1246);
#719=LINE('',#10484,#1247);
#720=LINE('',#10486,#1248);
#721=LINE('',#10488,#1249);
#722=VECTOR('',#7362,1000.);
#723=VECTOR('',#7363,1000.);
#724=VECTOR('',#7364,1000.);
#725=VECTOR('',#7365,1000.);
#726=VECTOR('',#7366,1000.);
#727=VECTOR('',#7367,1000.);
#728=VECTOR('',#7368,1000.);
#729=VECTOR('',#7369,1000.);
#730=VECTOR('',#7370,1000.);
#731=VECTOR('',#7371,1000.);
#732=VECTOR('',#7372,1000.);
#733=VECTOR('',#7373,1000.);
#734=VECTOR('',#7374,1000.);
#735=VECTOR('',#7375,1000.);
#736=VECTOR('',#7376,1000.);
#737=VECTOR('',#7379,1000.);
#738=VECTOR('',#7384,1000.);
#739=VECTOR('',#7385,1000.);
#740=VECTOR('',#7386,1000.);
#741=VECTOR('',#7393,1000.);
#742=VECTOR('',#7396,1000.);
#743=VECTOR('',#7407,1000.);
#744=VECTOR('',#7410,1000.);
#745=VECTOR('',#7421,1000.);
#746=VECTOR('',#7422,1000.);
#747=VECTOR('',#7425,1000.);
#748=VECTOR('',#7428,1000.);
#749=VECTOR('',#7429,1000.);
#750=VECTOR('',#7432,1000.);
#751=VECTOR('',#7435,1000.);
#752=VECTOR('',#7436,1000.);
#753=VECTOR('',#7439,1000.);
#754=VECTOR('',#7442,1000.);
#755=VECTOR('',#7443,1000.);
#756=VECTOR('',#7446,1000.);
#757=VECTOR('',#7453,1000.);
#758=VECTOR('',#7462,1000.);
#759=VECTOR('',#7465,1000.);
#760=VECTOR('',#7466,1000.);
#761=VECTOR('',#7467,1000.);
#762=VECTOR('',#7468,1000.);
#763=VECTOR('',#7469,1000.);
#764=VECTOR('',#7470,1000.);
#765=VECTOR('',#7471,1000.);
#766=VECTOR('',#7472,1000.);
#767=VECTOR('',#7473,1000.);
#768=VECTOR('',#7474,1000.);
#769=VECTOR('',#7475,1000.);
#770=VECTOR('',#7476,1000.);
#771=VECTOR('',#7477,1000.);
#772=VECTOR('',#7478,1000.);
#773=VECTOR('',#7479,1000.);
#774=VECTOR('',#7480,1000.);
#775=VECTOR('',#7481,1000.);
#776=VECTOR('',#7482,1000.);
#777=VECTOR('',#7483,1000.);
#778=VECTOR('',#7484,1000.);
#779=VECTOR('',#7485,1000.);
#780=VECTOR('',#7486,1000.);
#781=VECTOR('',#7487,1000.);
#782=VECTOR('',#7488,1000.);
#783=VECTOR('',#7495,1000.);
#784=VECTOR('',#7500,1000.);
#785=VECTOR('',#7505,1000.);
#786=VECTOR('',#7506,1000.);
#787=VECTOR('',#7507,1000.);
#788=VECTOR('',#7508,1000.);
#789=VECTOR('',#7509,1000.);
#790=VECTOR('',#7510,1000.);
#791=VECTOR('',#7511,1000.);
#792=VECTOR('',#7512,1000.);
#793=VECTOR('',#7513,1000.);
#794=VECTOR('',#7514,1000.);
#795=VECTOR('',#7515,1000.);
#796=VECTOR('',#7516,1000.);
#797=VECTOR('',#7517,1000.);
#798=VECTOR('',#7518,1000.);
#799=VECTOR('',#7519,1000.);
#800=VECTOR('',#7520,1000.);
#801=VECTOR('',#7521,1000.);
#802=VECTOR('',#7522,1000.);
#803=VECTOR('',#7523,1000.);
#804=VECTOR('',#7524,1000.);
#805=VECTOR('',#7525,1000.);
#806=VECTOR('',#7526,1000.);
#807=VECTOR('',#7527,1000.);
#808=VECTOR('',#7528,1000.);
#809=VECTOR('',#7529,1000.);
#810=VECTOR('',#7530,1000.);
#811=VECTOR('',#7531,1000.);
#812=VECTOR('',#7532,1000.);
#813=VECTOR('',#7533,1000.);
#814=VECTOR('',#7534,1000.);
#815=VECTOR('',#7535,1000.);
#816=VECTOR('',#7536,1000.);
#817=VECTOR('',#7539,1000.);
#818=VECTOR('',#7540,1000.);
#819=VECTOR('',#7541,1000.);
#820=VECTOR('',#7542,1000.);
#821=VECTOR('',#7543,1000.);
#822=VECTOR('',#7544,1000.);
#823=VECTOR('',#7545,1000.);
#824=VECTOR('',#7546,1000.);
#825=VECTOR('',#7547,1000.);
#826=VECTOR('',#7550,1000.);
#827=VECTOR('',#7553,1000.);
#828=VECTOR('',#7554,1000.);
#829=VECTOR('',#7555,1000.);
#830=VECTOR('',#7556,1000.);
#831=VECTOR('',#7557,1000.);
#832=VECTOR('',#7558,1000.);
#833=VECTOR('',#7561,1000.);
#834=VECTOR('',#7564,1000.);
#835=VECTOR('',#7565,1000.);
#836=VECTOR('',#7566,1000.);
#837=VECTOR('',#7567,1000.);
#838=VECTOR('',#7568,1000.);
#839=VECTOR('',#7569,1000.);
#840=VECTOR('',#7572,1000.);
#841=VECTOR('',#7577,1000.);
#842=VECTOR('',#7588,1000.);
#843=VECTOR('',#7591,1000.);
#844=VECTOR('',#7602,1000.);
#845=VECTOR('',#7607,1000.);
#846=VECTOR('',#7608,1000.);
#847=VECTOR('',#7613,1000.);
#848=VECTOR('',#7614,1000.);
#849=VECTOR('',#7621,1000.);
#850=VECTOR('',#7622,1000.);
#851=VECTOR('',#7625,1000.);
#852=VECTOR('',#7626,1000.);
#853=VECTOR('',#7633,1000.);
#854=VECTOR('',#7634,1000.);
#855=VECTOR('',#7635,1000.);
#856=VECTOR('',#7636,1000.);
#857=VECTOR('',#7641,1000.);
#858=VECTOR('',#7642,1000.);
#859=VECTOR('',#7643,1000.);
#860=VECTOR('',#7644,1000.);
#861=VECTOR('',#7645,1000.);
#862=VECTOR('',#7658,1000.);
#863=VECTOR('',#7661,1000.);
#864=VECTOR('',#7662,1000.);
#865=VECTOR('',#7663,1000.);
#866=VECTOR('',#7664,1000.);
#867=VECTOR('',#7665,1000.);
#868=VECTOR('',#7666,1000.);
#869=VECTOR('',#7667,1000.);
#870=VECTOR('',#7668,1000.);
#871=VECTOR('',#7669,1000.);
#872=VECTOR('',#7670,1000.);
#873=VECTOR('',#7671,1000.);
#874=VECTOR('',#7672,1000.);
#875=VECTOR('',#7673,1000.);
#876=VECTOR('',#7676,1000.);
#877=VECTOR('',#7677,1000.);
#878=VECTOR('',#7678,1000.);
#879=VECTOR('',#7679,1000.);
#880=VECTOR('',#7680,1000.);
#881=VECTOR('',#7681,1000.);
#882=VECTOR('',#7682,1000.);
#883=VECTOR('',#7683,1000.);
#884=VECTOR('',#7684,1000.);
#885=VECTOR('',#7685,1000.);
#886=VECTOR('',#7686,1000.);
#887=VECTOR('',#7687,1000.);
#888=VECTOR('',#7688,1000.);
#889=VECTOR('',#7691,1000.);
#890=VECTOR('',#7698,1000.);
#891=VECTOR('',#7701,1000.);
#892=VECTOR('',#7706,1000.);
#893=VECTOR('',#7709,1000.);
#894=VECTOR('',#7716,1000.);
#895=VECTOR('',#7769,1000.);
#896=VECTOR('',#7770,1000.);
#897=VECTOR('',#7771,1000.);
#898=VECTOR('',#7772,1000.);
#899=VECTOR('',#7773,1000.);
#900=VECTOR('',#7774,1000.);
#901=VECTOR('',#7775,1000.);
#902=VECTOR('',#7776,1000.);
#903=VECTOR('',#7777,1000.);
#904=VECTOR('',#7778,1000.);
#905=VECTOR('',#7781,1000.);
#906=VECTOR('',#7782,1000.);
#907=VECTOR('',#7783,1000.);
#908=VECTOR('',#7784,1000.);
#909=VECTOR('',#7785,1000.);
#910=VECTOR('',#7786,1000.);
#911=VECTOR('',#7787,1000.);
#912=VECTOR('',#7788,1000.);
#913=VECTOR('',#7789,1000.);
#914=VECTOR('',#7790,1000.);
#915=VECTOR('',#7791,1000.);
#916=VECTOR('',#7792,1000.);
#917=VECTOR('',#7795,1000.);
#918=VECTOR('',#7796,1000.);
#919=VECTOR('',#7797,1000.);
#920=VECTOR('',#7798,1000.);
#921=VECTOR('',#7799,1000.);
#922=VECTOR('',#7800,1000.);
#923=VECTOR('',#7801,1000.);
#924=VECTOR('',#7802,1000.);
#925=VECTOR('',#7803,1000.);
#926=VECTOR('',#7804,1000.);
#927=VECTOR('',#7807,1000.);
#928=VECTOR('',#7808,1000.);
#929=VECTOR('',#7809,1000.);
#930=VECTOR('',#7810,1000.);
#931=VECTOR('',#7811,1000.);
#932=VECTOR('',#7812,1000.);
#933=VECTOR('',#7813,1000.);
#934=VECTOR('',#7814,1000.);
#935=VECTOR('',#7815,1000.);
#936=VECTOR('',#7816,1000.);
#937=VECTOR('',#7817,1000.);
#938=VECTOR('',#7818,1000.);
#939=VECTOR('',#7821,1000.);
#940=VECTOR('',#7822,1000.);
#941=VECTOR('',#7825,1000.);
#942=VECTOR('',#7826,1000.);
#943=VECTOR('',#7829,1000.);
#944=VECTOR('',#7832,1000.);
#945=VECTOR('',#7837,1000.);
#946=VECTOR('',#7840,1000.);
#947=VECTOR('',#7845,1000.);
#948=VECTOR('',#7848,1000.);
#949=VECTOR('',#7853,1000.);
#950=VECTOR('',#7856,1000.);
#951=VECTOR('',#7863,1000.);
#952=VECTOR('',#7880,1000.);
#953=VECTOR('',#7895,1000.);
#954=VECTOR('',#7896,1000.);
#955=VECTOR('',#7897,1000.);
#956=VECTOR('',#7900,1000.);
#957=VECTOR('',#7905,1000.);
#958=VECTOR('',#7910,1000.);
#959=VECTOR('',#7911,1000.);
#960=VECTOR('',#7912,1000.);
#961=VECTOR('',#7915,1000.);
#962=VECTOR('',#7916,1000.);
#963=VECTOR('',#7917,1000.);
#964=VECTOR('',#7920,1000.);
#965=VECTOR('',#7921,1000.);
#966=VECTOR('',#7922,1000.);
#967=VECTOR('',#7935,1000.);
#968=VECTOR('',#7936,1000.);
#969=VECTOR('',#7937,1000.);
#970=VECTOR('',#7940,1000.);
#971=VECTOR('',#7943,1000.);
#972=VECTOR('',#7946,1000.);
#973=VECTOR('',#7949,1000.);
#974=VECTOR('',#7952,1000.);
#975=VECTOR('',#7957,1000.);
#976=VECTOR('',#7960,1000.);
#977=VECTOR('',#7963,1000.);
#978=VECTOR('',#7966,1000.);
#979=VECTOR('',#7969,1000.);
#980=VECTOR('',#7974,1000.);
#981=VECTOR('',#7979,1000.);
#982=VECTOR('',#7980,1000.);
#983=VECTOR('',#7983,1000.);
#984=VECTOR('',#7986,1000.);
#985=VECTOR('',#7989,1000.);
#986=VECTOR('',#7990,1000.);
#987=VECTOR('',#7995,1000.);
#988=VECTOR('',#7996,1000.);
#989=VECTOR('',#7999,1000.);
#990=VECTOR('',#8000,1000.);
#991=VECTOR('',#8003,1000.);
#992=VECTOR('',#8006,1000.);
#993=VECTOR('',#8011,1000.);
#994=VECTOR('',#8012,1000.);
#995=VECTOR('',#8013,1000.);
#996=VECTOR('',#8016,1000.);
#997=VECTOR('',#8017,1000.);
#998=VECTOR('',#8018,1000.);
#999=VECTOR('',#8041,1000.);
#1000=VECTOR('',#8042,1000.);
#1001=VECTOR('',#8045,1000.);
#1002=VECTOR('',#8046,1000.);
#1003=VECTOR('',#8051,1000.);
#1004=VECTOR('',#8054,1000.);
#1005=VECTOR('',#8055,1000.);
#1006=VECTOR('',#8058,1000.);
#1007=VECTOR('',#8059,1000.);
#1008=VECTOR('',#8064,1000.);
#1009=VECTOR('',#8077,1000.);
#1010=VECTOR('',#8078,1000.);
#1011=VECTOR('',#8085,1000.);
#1012=VECTOR('',#8088,1000.);
#1013=VECTOR('',#8091,1000.);
#1014=VECTOR('',#8092,1000.);
#1015=VECTOR('',#8119,1000.);
#1016=VECTOR('',#8120,1000.);
#1017=VECTOR('',#8123,1000.);
#1018=VECTOR('',#8124,1000.);
#1019=VECTOR('',#8125,1000.);
#1020=VECTOR('',#8128,1000.);
#1021=VECTOR('',#8129,1000.);
#1022=VECTOR('',#8136,1000.);
#1023=VECTOR('',#8137,1000.);
#1024=VECTOR('',#8140,1000.);
#1025=VECTOR('',#8141,1000.);
#1026=VECTOR('',#8144,1000.);
#1027=VECTOR('',#8145,1000.);
#1028=VECTOR('',#8148,1000.);
#1029=VECTOR('',#8159,1000.);
#1030=VECTOR('',#8160,1000.);
#1031=VECTOR('',#8163,1000.);
#1032=VECTOR('',#8164,1000.);
#1033=VECTOR('',#8169,1000.);
#1034=VECTOR('',#8172,1000.);
#1035=VECTOR('',#8173,1000.);
#1036=VECTOR('',#8180,1000.);
#1037=VECTOR('',#8181,1000.);
#1038=VECTOR('',#8182,1000.);
#1039=VECTOR('',#8183,1000.);
#1040=VECTOR('',#8184,1000.);
#1041=VECTOR('',#8185,1000.);
#1042=VECTOR('',#8186,1000.);
#1043=VECTOR('',#8187,1000.);
#1044=VECTOR('',#8188,1000.);
#1045=VECTOR('',#8191,1000.);
#1046=VECTOR('',#8192,1000.);
#1047=VECTOR('',#8195,1000.);
#1048=VECTOR('',#8196,1000.);
#1049=VECTOR('',#8199,1000.);
#1050=VECTOR('',#8206,1000.);
#1051=VECTOR('',#8209,1000.);
#1052=VECTOR('',#8212,1000.);
#1053=VECTOR('',#8213,1000.);
#1054=VECTOR('',#8214,1000.);
#1055=VECTOR('',#8215,1000.);
#1056=VECTOR('',#8216,1000.);
#1057=VECTOR('',#8217,1000.);
#1058=VECTOR('',#8218,1000.);
#1059=VECTOR('',#8219,1000.);
#1060=VECTOR('',#8220,1000.);
#1061=VECTOR('',#8223,1000.);
#1062=VECTOR('',#8224,1000.);
#1063=VECTOR('',#8225,1000.);
#1064=VECTOR('',#8228,1000.);
#1065=VECTOR('',#8229,1000.);
#1066=VECTOR('',#8230,1000.);
#1067=VECTOR('',#8233,1000.);
#1068=VECTOR('',#8234,1000.);
#1069=VECTOR('',#8235,1000.);
#1070=VECTOR('',#8240,1000.);
#1071=VECTOR('',#8243,1000.);
#1072=VECTOR('',#8244,1000.);
#1073=VECTOR('',#8247,1000.);
#1074=VECTOR('',#8254,1000.);
#1075=VECTOR('',#8257,1000.);
#1076=VECTOR('',#8258,1000.);
#1077=VECTOR('',#8261,1000.);
#1078=VECTOR('',#8266,1000.);
#1079=VECTOR('',#8269,1000.);
#1080=VECTOR('',#8274,1000.);
#1081=VECTOR('',#8277,1000.);
#1082=VECTOR('',#8280,1000.);
#1083=VECTOR('',#8283,1000.);
#1084=VECTOR('',#8288,1000.);
#1085=VECTOR('',#8289,1000.);
#1086=VECTOR('',#8290,1000.);
#1087=VECTOR('',#8293,1000.);
#1088=VECTOR('',#8294,1000.);
#1089=VECTOR('',#8295,1000.);
#1090=VECTOR('',#8298,1000.);
#1091=VECTOR('',#8299,1000.);
#1092=VECTOR('',#8300,1000.);
#1093=VECTOR('',#8305,1000.);
#1094=VECTOR('',#8308,1000.);
#1095=VECTOR('',#8309,1000.);
#1096=VECTOR('',#8312,1000.);
#1097=VECTOR('',#8319,1000.);
#1098=VECTOR('',#8322,1000.);
#1099=VECTOR('',#8323,1000.);
#1100=VECTOR('',#8326,1000.);
#1101=VECTOR('',#8331,1000.);
#1102=VECTOR('',#8334,1000.);
#1103=VECTOR('',#8337,1000.);
#1104=VECTOR('',#8340,1000.);
#1105=VECTOR('',#8345,1000.);
#1106=VECTOR('',#8348,1000.);
#1107=VECTOR('',#8353,1000.);
#1108=VECTOR('',#8354,1000.);
#1109=VECTOR('',#8355,1000.);
#1110=VECTOR('',#8358,1000.);
#1111=VECTOR('',#8359,1000.);
#1112=VECTOR('',#8360,1000.);
#1113=VECTOR('',#8363,1000.);
#1114=VECTOR('',#8364,1000.);
#1115=VECTOR('',#8365,1000.);
#1116=VECTOR('',#8370,1000.);
#1117=VECTOR('',#8373,1000.);
#1118=VECTOR('',#8374,1000.);
#1119=VECTOR('',#8377,1000.);
#1120=VECTOR('',#8384,1000.);
#1121=VECTOR('',#8387,1000.);
#1122=VECTOR('',#8388,1000.);
#1123=VECTOR('',#8391,1000.);
#1124=VECTOR('',#8396,1000.);
#1125=VECTOR('',#8399,1000.);
#1126=VECTOR('',#8404,1000.);
#1127=VECTOR('',#8407,1000.);
#1128=VECTOR('',#8410,1000.);
#1129=VECTOR('',#8413,1000.);
#1130=VECTOR('',#8418,1000.);
#1131=VECTOR('',#8419,1000.);
#1132=VECTOR('',#8420,1000.);
#1133=VECTOR('',#8423,1000.);
#1134=VECTOR('',#8424,1000.);
#1135=VECTOR('',#8425,1000.);
#1136=VECTOR('',#8428,1000.);
#1137=VECTOR('',#8429,1000.);
#1138=VECTOR('',#8430,1000.);
#1139=VECTOR('',#8435,1000.);
#1140=VECTOR('',#8438,1000.);
#1141=VECTOR('',#8439,1000.);
#1142=VECTOR('',#8442,1000.);
#1143=VECTOR('',#8449,1000.);
#1144=VECTOR('',#8452,1000.);
#1145=VECTOR('',#8453,1000.);
#1146=VECTOR('',#8456,1000.);
#1147=VECTOR('',#8461,1000.);
#1148=VECTOR('',#8464,1000.);
#1149=VECTOR('',#8467,1000.);
#1150=VECTOR('',#8470,1000.);
#1151=VECTOR('',#8475,1000.);
#1152=VECTOR('',#8478,1000.);
#1153=VECTOR('',#8483,1000.);
#1154=VECTOR('',#8484,1000.);
#1155=VECTOR('',#8485,1000.);
#1156=VECTOR('',#8488,1000.);
#1157=VECTOR('',#8489,1000.);
#1158=VECTOR('',#8490,1000.);
#1159=VECTOR('',#8493,1000.);
#1160=VECTOR('',#8494,1000.);
#1161=VECTOR('',#8495,1000.);
#1162=VECTOR('',#8500,1000.);
#1163=VECTOR('',#8503,1000.);
#1164=VECTOR('',#8504,1000.);
#1165=VECTOR('',#8507,1000.);
#1166=VECTOR('',#8514,1000.);
#1167=VECTOR('',#8517,1000.);
#1168=VECTOR('',#8518,1000.);
#1169=VECTOR('',#8521,1000.);
#1170=VECTOR('',#8526,1000.);
#1171=VECTOR('',#8529,1000.);
#1172=VECTOR('',#8534,1000.);
#1173=VECTOR('',#8537,1000.);
#1174=VECTOR('',#8540,1000.);
#1175=VECTOR('',#8543,1000.);
#1176=VECTOR('',#8548,1000.);
#1177=VECTOR('',#8549,1000.);
#1178=VECTOR('',#8550,1000.);
#1179=VECTOR('',#8553,1000.);
#1180=VECTOR('',#8554,1000.);
#1181=VECTOR('',#8555,1000.);
#1182=VECTOR('',#8558,1000.);
#1183=VECTOR('',#8559,1000.);
#1184=VECTOR('',#8560,1000.);
#1185=VECTOR('',#8565,1000.);
#1186=VECTOR('',#8568,1000.);
#1187=VECTOR('',#8569,1000.);
#1188=VECTOR('',#8572,1000.);
#1189=VECTOR('',#8579,1000.);
#1190=VECTOR('',#8582,1000.);
#1191=VECTOR('',#8583,1000.);
#1192=VECTOR('',#8586,1000.);
#1193=VECTOR('',#8591,1000.);
#1194=VECTOR('',#8594,1000.);
#1195=VECTOR('',#8597,1000.);
#1196=VECTOR('',#8600,1000.);
#1197=VECTOR('',#8605,1000.);
#1198=VECTOR('',#8608,1000.);
#1199=VECTOR('',#8625,1000.);
#1200=VECTOR('',#8626,1000.);
#1201=VECTOR('',#8629,1000.);
#1202=VECTOR('',#8630,1000.);
#1203=VECTOR('',#8633,1000.);
#1204=VECTOR('',#8640,1000.);
#1205=VECTOR('',#8641,1000.);
#1206=VECTOR('',#8646,1000.);
#1207=VECTOR('',#8647,1000.);
#1208=VECTOR('',#8648,1000.);
#1209=VECTOR('',#8657,1000.);
#1210=VECTOR('',#8660,1000.);
#1211=VECTOR('',#8671,1000.);
#1212=VECTOR('',#8672,1000.);
#1213=VECTOR('',#8675,1000.);
#1214=VECTOR('',#8678,1000.);
#1215=VECTOR('',#8681,1000.);
#1216=VECTOR('',#8686,1000.);
#1217=VECTOR('',#8687,1000.);
#1218=VECTOR('',#8690,1000.);
#1219=VECTOR('',#8693,1000.);
#1220=VECTOR('',#8696,1000.);
#1221=VECTOR('',#8697,1000.);
#1222=VECTOR('',#8698,1000.);
#1223=VECTOR('',#8701,1000.);
#1224=VECTOR('',#8702,1000.);
#1225=VECTOR('',#8703,1000.);
#1226=VECTOR('',#8704,1000.);
#1227=VECTOR('',#8707,1000.);
#1228=VECTOR('',#8708,1000.);
#1229=VECTOR('',#8711,1000.);
#1230=VECTOR('',#8714,1000.);
#1231=VECTOR('',#8717,1000.);
#1232=VECTOR('',#8722,1000.);
#1233=VECTOR('',#8727,1000.);
#1234=VECTOR('',#8732,1000.);
#1235=VECTOR('',#8737,1000.);
#1236=VECTOR('',#8742,1000.);
#1237=VECTOR('',#8743,1000.);
#1238=VECTOR('',#8770,1000.);
#1239=VECTOR('',#8771,1000.);
#1240=VECTOR('',#8776,1000.);
#1241=VECTOR('',#8779,1000.);
#1242=VECTOR('',#8782,1000.);
#1243=VECTOR('',#8783,1000.);
#1244=VECTOR('',#8784,1000.);
#1245=VECTOR('',#8787,1000.);
#1246=VECTOR('',#8788,1000.);
#1247=VECTOR('',#8791,1000.);
#1248=VECTOR('',#8792,1000.);
#1249=VECTOR('',#8795,1000.);
#1250=ORIENTED_EDGE('',*,*,#2786,.F.);
#1251=ORIENTED_EDGE('',*,*,#2787,.T.);
#1252=ORIENTED_EDGE('',*,*,#2788,.T.);
#1253=ORIENTED_EDGE('',*,*,#2789,.F.);
#1254=ORIENTED_EDGE('',*,*,#2790,.T.);
#1255=ORIENTED_EDGE('',*,*,#2791,.T.);
#1256=ORIENTED_EDGE('',*,*,#2792,.F.);
#1257=ORIENTED_EDGE('',*,*,#2793,.F.);
#1258=ORIENTED_EDGE('',*,*,#2794,.T.);
#1259=ORIENTED_EDGE('',*,*,#2795,.T.);
#1260=ORIENTED_EDGE('',*,*,#2796,.F.);
#1261=ORIENTED_EDGE('',*,*,#2797,.F.);
#1262=ORIENTED_EDGE('',*,*,#2798,.T.);
#1263=ORIENTED_EDGE('',*,*,#2799,.T.);
#1264=ORIENTED_EDGE('',*,*,#2800,.T.);
#1265=ORIENTED_EDGE('',*,*,#2801,.T.);
#1266=ORIENTED_EDGE('',*,*,#2802,.F.);
#1267=ORIENTED_EDGE('',*,*,#2803,.F.);
#1268=ORIENTED_EDGE('',*,*,#2804,.F.);
#1269=ORIENTED_EDGE('',*,*,#2805,.F.);
#1270=ORIENTED_EDGE('',*,*,#2806,.F.);
#1271=ORIENTED_EDGE('',*,*,#2807,.F.);
#1272=ORIENTED_EDGE('',*,*,#2808,.F.);
#1273=ORIENTED_EDGE('',*,*,#2809,.F.);
#1274=ORIENTED_EDGE('',*,*,#2810,.F.);
#1275=ORIENTED_EDGE('',*,*,#2811,.T.);
#1276=ORIENTED_EDGE('',*,*,#2812,.F.);
#1277=ORIENTED_EDGE('',*,*,#2813,.F.);
#1278=ORIENTED_EDGE('',*,*,#2814,.F.);
#1279=ORIENTED_EDGE('',*,*,#2815,.T.);
#1280=ORIENTED_EDGE('',*,*,#2816,.F.);
#1281=ORIENTED_EDGE('',*,*,#2817,.F.);
#1282=ORIENTED_EDGE('',*,*,#2818,.F.);
#1283=ORIENTED_EDGE('',*,*,#2819,.T.);
#1284=ORIENTED_EDGE('',*,*,#2820,.T.);
#1285=ORIENTED_EDGE('',*,*,#2821,.F.);
#1286=ORIENTED_EDGE('',*,*,#2822,.T.);
#1287=ORIENTED_EDGE('',*,*,#2823,.T.);
#1288=ORIENTED_EDGE('',*,*,#2824,.F.);
#1289=ORIENTED_EDGE('',*,*,#2825,.F.);
#1290=ORIENTED_EDGE('',*,*,#2826,.T.);
#1291=ORIENTED_EDGE('',*,*,#2827,.T.);
#1292=ORIENTED_EDGE('',*,*,#2828,.T.);
#1293=ORIENTED_EDGE('',*,*,#2829,.T.);
#1294=ORIENTED_EDGE('',*,*,#2830,.F.);
#1295=ORIENTED_EDGE('',*,*,#2831,.T.);
#1296=ORIENTED_EDGE('',*,*,#2832,.F.);
#1297=ORIENTED_EDGE('',*,*,#2833,.T.);
#1298=ORIENTED_EDGE('',*,*,#2834,.T.);
#1299=ORIENTED_EDGE('',*,*,#2835,.T.);
#1300=ORIENTED_EDGE('',*,*,#2836,.T.);
#1301=ORIENTED_EDGE('',*,*,#2837,.T.);
#1302=ORIENTED_EDGE('',*,*,#2838,.F.);
#1303=ORIENTED_EDGE('',*,*,#2839,.F.);
#1304=ORIENTED_EDGE('',*,*,#2840,.T.);
#1305=ORIENTED_EDGE('',*,*,#2841,.F.);
#1306=ORIENTED_EDGE('',*,*,#2842,.T.);
#1307=ORIENTED_EDGE('',*,*,#2843,.T.);
#1308=ORIENTED_EDGE('',*,*,#2844,.T.);
#1309=ORIENTED_EDGE('',*,*,#2845,.T.);
#1310=ORIENTED_EDGE('',*,*,#2846,.T.);
#1311=ORIENTED_EDGE('',*,*,#2847,.F.);
#1312=ORIENTED_EDGE('',*,*,#2848,.T.);
#1313=ORIENTED_EDGE('',*,*,#2849,.F.);
#1314=ORIENTED_EDGE('',*,*,#2850,.F.);
#1315=ORIENTED_EDGE('',*,*,#2828,.F.);
#1316=ORIENTED_EDGE('',*,*,#2851,.F.);
#1317=ORIENTED_EDGE('',*,*,#2842,.F.);
#1318=ORIENTED_EDGE('',*,*,#2852,.F.);
#1319=ORIENTED_EDGE('',*,*,#2853,.F.);
#1320=ORIENTED_EDGE('',*,*,#2854,.T.);
#1321=ORIENTED_EDGE('',*,*,#2855,.F.);
#1322=ORIENTED_EDGE('',*,*,#2856,.T.);
#1323=ORIENTED_EDGE('',*,*,#2857,.F.);
#1324=ORIENTED_EDGE('',*,*,#2858,.F.);
#1325=ORIENTED_EDGE('',*,*,#2859,.F.);
#1326=ORIENTED_EDGE('',*,*,#2860,.T.);
#1327=ORIENTED_EDGE('',*,*,#2861,.F.);
#1328=ORIENTED_EDGE('',*,*,#2862,.F.);
#1329=ORIENTED_EDGE('',*,*,#2863,.F.);
#1330=ORIENTED_EDGE('',*,*,#2864,.T.);
#1331=ORIENTED_EDGE('',*,*,#2865,.F.);
#1332=ORIENTED_EDGE('',*,*,#2866,.F.);
#1333=ORIENTED_EDGE('',*,*,#2867,.F.);
#1334=ORIENTED_EDGE('',*,*,#2868,.T.);
#1335=ORIENTED_EDGE('',*,*,#2869,.T.);
#1336=ORIENTED_EDGE('',*,*,#2870,.T.);
#1337=ORIENTED_EDGE('',*,*,#2871,.T.);
#1338=ORIENTED_EDGE('',*,*,#2872,.T.);
#1339=ORIENTED_EDGE('',*,*,#2873,.T.);
#1340=ORIENTED_EDGE('',*,*,#2874,.T.);
#1341=ORIENTED_EDGE('',*,*,#2875,.T.);
#1342=ORIENTED_EDGE('',*,*,#2854,.F.);
#1343=ORIENTED_EDGE('',*,*,#2876,.T.);
#1344=ORIENTED_EDGE('',*,*,#2877,.T.);
#1345=ORIENTED_EDGE('',*,*,#2878,.F.);
#1346=ORIENTED_EDGE('',*,*,#2848,.F.);
#1347=ORIENTED_EDGE('',*,*,#2879,.F.);
#1348=ORIENTED_EDGE('',*,*,#2832,.T.);
#1349=ORIENTED_EDGE('',*,*,#2880,.T.);
#1350=ORIENTED_EDGE('',*,*,#2881,.F.);
#1351=ORIENTED_EDGE('',*,*,#2882,.F.);
#1352=ORIENTED_EDGE('',*,*,#2883,.F.);
#1353=ORIENTED_EDGE('',*,*,#2884,.F.);
#1354=ORIENTED_EDGE('',*,*,#2885,.F.);
#1355=ORIENTED_EDGE('',*,*,#2886,.T.);
#1356=ORIENTED_EDGE('',*,*,#2838,.T.);
#1357=ORIENTED_EDGE('',*,*,#2887,.F.);
#1358=ORIENTED_EDGE('',*,*,#2888,.T.);
#1359=ORIENTED_EDGE('',*,*,#2889,.F.);
#1360=ORIENTED_EDGE('',*,*,#2890,.F.);
#1361=ORIENTED_EDGE('',*,*,#2891,.F.);
#1362=ORIENTED_EDGE('',*,*,#2892,.T.);
#1363=ORIENTED_EDGE('',*,*,#2893,.F.);
#1364=ORIENTED_EDGE('',*,*,#2894,.F.);
#1365=ORIENTED_EDGE('',*,*,#2895,.F.);
#1366=ORIENTED_EDGE('',*,*,#2896,.T.);
#1367=ORIENTED_EDGE('',*,*,#2897,.F.);
#1368=ORIENTED_EDGE('',*,*,#2898,.F.);
#1369=ORIENTED_EDGE('',*,*,#2899,.T.);
#1370=ORIENTED_EDGE('',*,*,#2882,.T.);
#1371=ORIENTED_EDGE('',*,*,#2900,.T.);
#1372=ORIENTED_EDGE('',*,*,#2901,.T.);
#1373=ORIENTED_EDGE('',*,*,#2902,.T.);
#1374=ORIENTED_EDGE('',*,*,#2903,.F.);
#1375=ORIENTED_EDGE('',*,*,#2904,.T.);
#1376=ORIENTED_EDGE('',*,*,#2905,.F.);
#1377=ORIENTED_EDGE('',*,*,#2906,.F.);
#1378=ORIENTED_EDGE('',*,*,#2907,.F.);
#1379=ORIENTED_EDGE('',*,*,#2908,.F.);
#1380=ORIENTED_EDGE('',*,*,#2909,.T.);
#1381=ORIENTED_EDGE('',*,*,#2910,.F.);
#1382=ORIENTED_EDGE('',*,*,#2884,.T.);
#1383=ORIENTED_EDGE('',*,*,#2911,.F.);
#1384=ORIENTED_EDGE('',*,*,#2912,.T.);
#1385=ORIENTED_EDGE('',*,*,#2913,.T.);
#1386=ORIENTED_EDGE('',*,*,#2914,.T.);
#1387=ORIENTED_EDGE('',*,*,#2915,.T.);
#1388=ORIENTED_EDGE('',*,*,#2916,.T.);
#1389=ORIENTED_EDGE('',*,*,#2917,.T.);
#1390=ORIENTED_EDGE('',*,*,#2918,.T.);
#1391=ORIENTED_EDGE('',*,*,#2919,.F.);
#1392=ORIENTED_EDGE('',*,*,#2920,.T.);
#1393=ORIENTED_EDGE('',*,*,#2921,.F.);
#1394=ORIENTED_EDGE('',*,*,#2922,.T.);
#1395=ORIENTED_EDGE('',*,*,#2923,.F.);
#1396=ORIENTED_EDGE('',*,*,#2924,.F.);
#1397=ORIENTED_EDGE('',*,*,#2925,.F.);
#1398=ORIENTED_EDGE('',*,*,#2926,.F.);
#1399=ORIENTED_EDGE('',*,*,#2927,.F.);
#1400=ORIENTED_EDGE('',*,*,#2928,.T.);
#1401=ORIENTED_EDGE('',*,*,#2929,.T.);
#1402=ORIENTED_EDGE('',*,*,#2930,.T.);
#1403=ORIENTED_EDGE('',*,*,#2931,.T.);
#1404=ORIENTED_EDGE('',*,*,#2932,.F.);
#1405=ORIENTED_EDGE('',*,*,#2933,.T.);
#1406=ORIENTED_EDGE('',*,*,#2934,.F.);
#1407=ORIENTED_EDGE('',*,*,#2935,.F.);
#1408=ORIENTED_EDGE('',*,*,#2936,.F.);
#1409=ORIENTED_EDGE('',*,*,#2937,.F.);
#1410=ORIENTED_EDGE('',*,*,#2938,.T.);
#1411=ORIENTED_EDGE('',*,*,#2939,.F.);
#1412=ORIENTED_EDGE('',*,*,#2940,.F.);
#1413=ORIENTED_EDGE('',*,*,#2941,.F.);
#1414=ORIENTED_EDGE('',*,*,#2942,.T.);
#1415=ORIENTED_EDGE('',*,*,#2943,.T.);
#1416=ORIENTED_EDGE('',*,*,#2944,.T.);
#1417=ORIENTED_EDGE('',*,*,#2945,.T.);
#1418=ORIENTED_EDGE('',*,*,#2946,.T.);
#1419=ORIENTED_EDGE('',*,*,#2947,.T.);
#1420=ORIENTED_EDGE('',*,*,#2948,.T.);
#1421=ORIENTED_EDGE('',*,*,#2949,.T.);
#1422=ORIENTED_EDGE('',*,*,#2950,.F.);
#1423=ORIENTED_EDGE('',*,*,#2951,.F.);
#1424=ORIENTED_EDGE('',*,*,#2952,.T.);
#1425=ORIENTED_EDGE('',*,*,#2953,.T.);
#1426=ORIENTED_EDGE('',*,*,#2954,.T.);
#1427=ORIENTED_EDGE('',*,*,#2955,.F.);
#1428=ORIENTED_EDGE('',*,*,#2956,.T.);
#1429=ORIENTED_EDGE('',*,*,#2957,.T.);
#1430=ORIENTED_EDGE('',*,*,#2958,.T.);
#1431=ORIENTED_EDGE('',*,*,#2959,.F.);
#1432=ORIENTED_EDGE('',*,*,#2960,.T.);
#1433=ORIENTED_EDGE('',*,*,#2961,.T.);
#1434=ORIENTED_EDGE('',*,*,#2962,.T.);
#1435=ORIENTED_EDGE('',*,*,#2963,.F.);
#1436=ORIENTED_EDGE('',*,*,#2964,.F.);
#1437=ORIENTED_EDGE('',*,*,#2965,.T.);
#1438=ORIENTED_EDGE('',*,*,#2966,.F.);
#1439=ORIENTED_EDGE('',*,*,#2967,.F.);
#1440=ORIENTED_EDGE('',*,*,#2968,.T.);
#1441=ORIENTED_EDGE('',*,*,#2969,.T.);
#1442=ORIENTED_EDGE('',*,*,#2970,.F.);
#1443=ORIENTED_EDGE('',*,*,#2950,.T.);
#1444=ORIENTED_EDGE('',*,*,#2971,.T.);
#1445=ORIENTED_EDGE('',*,*,#2956,.F.);
#1446=ORIENTED_EDGE('',*,*,#2972,.F.);
#1447=ORIENTED_EDGE('',*,*,#2973,.T.);
#1448=ORIENTED_EDGE('',*,*,#2974,.T.);
#1449=ORIENTED_EDGE('',*,*,#2975,.F.);
#1450=ORIENTED_EDGE('',*,*,#2976,.F.);
#1451=ORIENTED_EDGE('',*,*,#2958,.F.);
#1452=ORIENTED_EDGE('',*,*,#2977,.T.);
#1453=ORIENTED_EDGE('',*,*,#2964,.T.);
#1454=ORIENTED_EDGE('',*,*,#2957,.F.);
#1455=ORIENTED_EDGE('',*,*,#2971,.F.);
#1456=ORIENTED_EDGE('',*,*,#2965,.F.);
#1457=ORIENTED_EDGE('',*,*,#2977,.F.);
#1458=ORIENTED_EDGE('',*,*,#2972,.T.);
#1459=ORIENTED_EDGE('',*,*,#2978,.T.);
#1460=ORIENTED_EDGE('',*,*,#2821,.T.);
#1461=ORIENTED_EDGE('',*,*,#2979,.T.);
#1462=ORIENTED_EDGE('',*,*,#2966,.T.);
#1463=ORIENTED_EDGE('',*,*,#2980,.T.);
#1464=ORIENTED_EDGE('',*,*,#2813,.T.);
#1465=ORIENTED_EDGE('',*,*,#2981,.T.);
#1466=ORIENTED_EDGE('',*,*,#2982,.F.);
#1467=ORIENTED_EDGE('',*,*,#2819,.F.);
#1468=ORIENTED_EDGE('',*,*,#2983,.F.);
#1469=ORIENTED_EDGE('',*,*,#2951,.T.);
#1470=ORIENTED_EDGE('',*,*,#2970,.T.);
#1471=ORIENTED_EDGE('',*,*,#2955,.T.);
#1472=ORIENTED_EDGE('',*,*,#2984,.T.);
#1473=ORIENTED_EDGE('',*,*,#2815,.F.);
#1474=ORIENTED_EDGE('',*,*,#2985,.F.);
#1475=ORIENTED_EDGE('',*,*,#2968,.F.);
#1476=ORIENTED_EDGE('',*,*,#2986,.F.);
#1477=ORIENTED_EDGE('',*,*,#2974,.F.);
#1478=ORIENTED_EDGE('',*,*,#2987,.F.);
#1479=ORIENTED_EDGE('',*,*,#2811,.F.);
#1480=ORIENTED_EDGE('',*,*,#2988,.F.);
#1481=ORIENTED_EDGE('',*,*,#2959,.T.);
#1482=ORIENTED_EDGE('',*,*,#2976,.T.);
#1483=ORIENTED_EDGE('',*,*,#2963,.T.);
#1484=ORIENTED_EDGE('',*,*,#2989,.T.);
#1485=ORIENTED_EDGE('',*,*,#2823,.F.);
#1486=ORIENTED_EDGE('',*,*,#2990,.T.);
#1487=ORIENTED_EDGE('',*,*,#2991,.T.);
#1488=ORIENTED_EDGE('',*,*,#2992,.T.);
#1489=ORIENTED_EDGE('',*,*,#2993,.F.);
#1490=ORIENTED_EDGE('',*,*,#2994,.F.);
#1491=ORIENTED_EDGE('',*,*,#2995,.T.);
#1492=ORIENTED_EDGE('',*,*,#2993,.T.);
#1493=ORIENTED_EDGE('',*,*,#2996,.T.);
#1494=ORIENTED_EDGE('',*,*,#2997,.T.);
#1495=ORIENTED_EDGE('',*,*,#2998,.T.);
#1496=ORIENTED_EDGE('',*,*,#2999,.F.);
#1497=ORIENTED_EDGE('',*,*,#3000,.F.);
#1498=ORIENTED_EDGE('',*,*,#3001,.F.);
#1499=ORIENTED_EDGE('',*,*,#3002,.T.);
#1500=ORIENTED_EDGE('',*,*,#3003,.T.);
#1501=ORIENTED_EDGE('',*,*,#3004,.T.);
#1502=ORIENTED_EDGE('',*,*,#2995,.F.);
#1503=ORIENTED_EDGE('',*,*,#3005,.T.);
#1504=ORIENTED_EDGE('',*,*,#3006,.T.);
#1505=ORIENTED_EDGE('',*,*,#3007,.T.);
#1506=ORIENTED_EDGE('',*,*,#3008,.F.);
#1507=ORIENTED_EDGE('',*,*,#3009,.T.);
#1508=ORIENTED_EDGE('',*,*,#3010,.T.);
#1509=ORIENTED_EDGE('',*,*,#3011,.F.);
#1510=ORIENTED_EDGE('',*,*,#3012,.F.);
#1511=ORIENTED_EDGE('',*,*,#3013,.F.);
#1512=ORIENTED_EDGE('',*,*,#3014,.T.);
#1513=ORIENTED_EDGE('',*,*,#3015,.T.);
#1514=ORIENTED_EDGE('',*,*,#3016,.F.);
#1515=ORIENTED_EDGE('',*,*,#3017,.F.);
#1516=ORIENTED_EDGE('',*,*,#3018,.T.);
#1517=ORIENTED_EDGE('',*,*,#3019,.T.);
#1518=ORIENTED_EDGE('',*,*,#3020,.T.);
#1519=ORIENTED_EDGE('',*,*,#2997,.F.);
#1520=ORIENTED_EDGE('',*,*,#3021,.F.);
#1521=ORIENTED_EDGE('',*,*,#3022,.T.);
#1522=ORIENTED_EDGE('',*,*,#3023,.T.);
#1523=ORIENTED_EDGE('',*,*,#3024,.F.);
#1524=ORIENTED_EDGE('',*,*,#3025,.F.);
#1525=ORIENTED_EDGE('',*,*,#3026,.T.);
#1526=ORIENTED_EDGE('',*,*,#3001,.T.);
#1527=ORIENTED_EDGE('',*,*,#3027,.F.);
#1528=ORIENTED_EDGE('',*,*,#3028,.F.);
#1529=ORIENTED_EDGE('',*,*,#3029,.F.);
#1530=ORIENTED_EDGE('',*,*,#3030,.F.);
#1531=ORIENTED_EDGE('',*,*,#3031,.T.);
#1532=ORIENTED_EDGE('',*,*,#3032,.F.);
#1533=ORIENTED_EDGE('',*,*,#3033,.F.);
#1534=ORIENTED_EDGE('',*,*,#3034,.T.);
#1535=ORIENTED_EDGE('',*,*,#3035,.T.);
#1536=ORIENTED_EDGE('',*,*,#2902,.F.);
#1537=ORIENTED_EDGE('',*,*,#3036,.T.);
#1538=ORIENTED_EDGE('',*,*,#3037,.T.);
#1539=ORIENTED_EDGE('',*,*,#3038,.T.);
#1540=ORIENTED_EDGE('',*,*,#3039,.F.);
#1541=ORIENTED_EDGE('',*,*,#3040,.T.);
#1542=ORIENTED_EDGE('',*,*,#3041,.T.);
#1543=ORIENTED_EDGE('',*,*,#3042,.T.);
#1544=ORIENTED_EDGE('',*,*,#3043,.F.);
#1545=ORIENTED_EDGE('',*,*,#3044,.T.);
#1546=ORIENTED_EDGE('',*,*,#2908,.T.);
#1547=ORIENTED_EDGE('',*,*,#3045,.T.);
#1548=ORIENTED_EDGE('',*,*,#3046,.F.);
#1549=ORIENTED_EDGE('',*,*,#3047,.T.);
#1550=ORIENTED_EDGE('',*,*,#3017,.T.);
#1551=ORIENTED_EDGE('',*,*,#3048,.T.);
#1552=ORIENTED_EDGE('',*,*,#2900,.F.);
#1553=ORIENTED_EDGE('',*,*,#2881,.T.);
#1554=ORIENTED_EDGE('',*,*,#3049,.T.);
#1555=ORIENTED_EDGE('',*,*,#3050,.F.);
#1556=ORIENTED_EDGE('',*,*,#2910,.T.);
#1557=ORIENTED_EDGE('',*,*,#3051,.T.);
#1558=ORIENTED_EDGE('',*,*,#3030,.T.);
#1559=ORIENTED_EDGE('',*,*,#3052,.F.);
#1560=ORIENTED_EDGE('',*,*,#3053,.T.);
#1561=ORIENTED_EDGE('',*,*,#2885,.T.);
#1562=ORIENTED_EDGE('',*,*,#3054,.F.);
#1563=ORIENTED_EDGE('',*,*,#3055,.T.);
#1564=ORIENTED_EDGE('',*,*,#2849,.T.);
#1565=ORIENTED_EDGE('',*,*,#2878,.T.);
#1566=ORIENTED_EDGE('',*,*,#3056,.F.);
#1567=ORIENTED_EDGE('',*,*,#3057,.F.);
#1568=ORIENTED_EDGE('',*,*,#3019,.F.);
#1569=ORIENTED_EDGE('',*,*,#2853,.T.);
#1570=ORIENTED_EDGE('',*,*,#3058,.T.);
#1571=ORIENTED_EDGE('',*,*,#3059,.F.);
#1572=ORIENTED_EDGE('',*,*,#3028,.T.);
#1573=ORIENTED_EDGE('',*,*,#3060,.F.);
#1574=ORIENTED_EDGE('',*,*,#3061,.F.);
#1575=ORIENTED_EDGE('',*,*,#2876,.F.);
#1576=ORIENTED_EDGE('',*,*,#3062,.F.);
#1577=ORIENTED_EDGE('',*,*,#3003,.F.);
#1578=ORIENTED_EDGE('',*,*,#3063,.F.);
#1579=ORIENTED_EDGE('',*,*,#2904,.F.);
#1580=ORIENTED_EDGE('',*,*,#3064,.F.);
#1581=ORIENTED_EDGE('',*,*,#3013,.T.);
#1582=ORIENTED_EDGE('',*,*,#2830,.T.);
#1583=ORIENTED_EDGE('',*,*,#3065,.T.);
#1584=ORIENTED_EDGE('',*,*,#3054,.T.);
#1585=ORIENTED_EDGE('',*,*,#3018,.F.);
#1586=ORIENTED_EDGE('',*,*,#3050,.T.);
#1587=ORIENTED_EDGE('',*,*,#3066,.F.);
#1588=ORIENTED_EDGE('',*,*,#3067,.F.);
#1589=ORIENTED_EDGE('',*,*,#3025,.T.);
#1590=ORIENTED_EDGE('',*,*,#3068,.F.);
#1591=ORIENTED_EDGE('',*,*,#2906,.T.);
#1592=ORIENTED_EDGE('',*,*,#3069,.F.);
#1593=ORIENTED_EDGE('',*,*,#3006,.F.);
#1594=ORIENTED_EDGE('',*,*,#3059,.T.);
#1595=ORIENTED_EDGE('',*,*,#3070,.T.);
#1596=ORIENTED_EDGE('',*,*,#2840,.F.);
#1597=ORIENTED_EDGE('',*,*,#3071,.F.);
#1598=ORIENTED_EDGE('',*,*,#3052,.T.);
#1599=ORIENTED_EDGE('',*,*,#3029,.T.);
#1600=ORIENTED_EDGE('',*,*,#3061,.T.);
#1601=ORIENTED_EDGE('',*,*,#2999,.T.);
#1602=ORIENTED_EDGE('',*,*,#3056,.T.);
#1603=ORIENTED_EDGE('',*,*,#2877,.F.);
#1604=ORIENTED_EDGE('',*,*,#3063,.T.);
#1605=ORIENTED_EDGE('',*,*,#3007,.F.);
#1606=ORIENTED_EDGE('',*,*,#3069,.T.);
#1607=ORIENTED_EDGE('',*,*,#2905,.T.);
#1608=ORIENTED_EDGE('',*,*,#3072,.T.);
#1609=ORIENTED_EDGE('',*,*,#3073,.T.);
#1610=ORIENTED_EDGE('',*,*,#3074,.T.);
#1611=ORIENTED_EDGE('',*,*,#3075,.T.);
#1612=ORIENTED_EDGE('',*,*,#3076,.F.);
#1613=ORIENTED_EDGE('',*,*,#3077,.F.);
#1614=ORIENTED_EDGE('',*,*,#3078,.T.);
#1615=ORIENTED_EDGE('',*,*,#3079,.T.);
#1616=ORIENTED_EDGE('',*,*,#3080,.T.);
#1617=ORIENTED_EDGE('',*,*,#3081,.F.);
#1618=ORIENTED_EDGE('',*,*,#3082,.F.);
#1619=ORIENTED_EDGE('',*,*,#3083,.T.);
#1620=ORIENTED_EDGE('',*,*,#3084,.T.);
#1621=ORIENTED_EDGE('',*,*,#3085,.T.);
#1622=ORIENTED_EDGE('',*,*,#3086,.T.);
#1623=ORIENTED_EDGE('',*,*,#3087,.T.);
#1624=ORIENTED_EDGE('',*,*,#3088,.T.);
#1625=ORIENTED_EDGE('',*,*,#3089,.T.);
#1626=ORIENTED_EDGE('',*,*,#3090,.T.);
#1627=ORIENTED_EDGE('',*,*,#3091,.T.);
#1628=ORIENTED_EDGE('',*,*,#3092,.F.);
#1629=ORIENTED_EDGE('',*,*,#3093,.T.);
#1630=ORIENTED_EDGE('',*,*,#3094,.F.);
#1631=ORIENTED_EDGE('',*,*,#3095,.T.);
#1632=ORIENTED_EDGE('',*,*,#3096,.T.);
#1633=ORIENTED_EDGE('',*,*,#3097,.T.);
#1634=ORIENTED_EDGE('',*,*,#3098,.T.);
#1635=ORIENTED_EDGE('',*,*,#3099,.T.);
#1636=ORIENTED_EDGE('',*,*,#3100,.T.);
#1637=ORIENTED_EDGE('',*,*,#3101,.T.);
#1638=ORIENTED_EDGE('',*,*,#3102,.F.);
#1639=ORIENTED_EDGE('',*,*,#3103,.T.);
#1640=ORIENTED_EDGE('',*,*,#3104,.T.);
#1641=ORIENTED_EDGE('',*,*,#3105,.T.);
#1642=ORIENTED_EDGE('',*,*,#3106,.T.);
#1643=ORIENTED_EDGE('',*,*,#3107,.T.);
#1644=ORIENTED_EDGE('',*,*,#3108,.F.);
#1645=ORIENTED_EDGE('',*,*,#3109,.F.);
#1646=ORIENTED_EDGE('',*,*,#3110,.T.);
#1647=ORIENTED_EDGE('',*,*,#3111,.T.);
#1648=ORIENTED_EDGE('',*,*,#3112,.T.);
#1649=ORIENTED_EDGE('',*,*,#3113,.T.);
#1650=ORIENTED_EDGE('',*,*,#3114,.T.);
#1651=ORIENTED_EDGE('',*,*,#3115,.F.);
#1652=ORIENTED_EDGE('',*,*,#3074,.F.);
#1653=ORIENTED_EDGE('',*,*,#3116,.T.);
#1654=ORIENTED_EDGE('',*,*,#3082,.T.);
#1655=ORIENTED_EDGE('',*,*,#3117,.T.);
#1656=ORIENTED_EDGE('',*,*,#3106,.F.);
#1657=ORIENTED_EDGE('',*,*,#3118,.T.);
#1658=ORIENTED_EDGE('',*,*,#3094,.T.);
#1659=ORIENTED_EDGE('',*,*,#3119,.T.);
#1660=ORIENTED_EDGE('',*,*,#3120,.F.);
#1661=ORIENTED_EDGE('',*,*,#3072,.F.);
#1662=ORIENTED_EDGE('',*,*,#3121,.F.);
#1663=ORIENTED_EDGE('',*,*,#2790,.F.);
#1664=ORIENTED_EDGE('',*,*,#3122,.F.);
#1665=ORIENTED_EDGE('',*,*,#2933,.F.);
#1666=ORIENTED_EDGE('',*,*,#3123,.T.);
#1667=ORIENTED_EDGE('',*,*,#3084,.F.);
#1668=ORIENTED_EDGE('',*,*,#3124,.F.);
#1669=ORIENTED_EDGE('',*,*,#3104,.F.);
#1670=ORIENTED_EDGE('',*,*,#3125,.T.);
#1671=ORIENTED_EDGE('',*,*,#2943,.F.);
#1672=ORIENTED_EDGE('',*,*,#3126,.F.);
#1673=ORIENTED_EDGE('',*,*,#2798,.F.);
#1674=ORIENTED_EDGE('',*,*,#3127,.F.);
#1675=ORIENTED_EDGE('',*,*,#3096,.F.);
#1676=ORIENTED_EDGE('',*,*,#3076,.T.);
#1677=ORIENTED_EDGE('',*,*,#3128,.T.);
#1678=ORIENTED_EDGE('',*,*,#3092,.T.);
#1679=ORIENTED_EDGE('',*,*,#3129,.F.);
#1680=ORIENTED_EDGE('',*,*,#2925,.T.);
#1681=ORIENTED_EDGE('',*,*,#3130,.T.);
#1682=ORIENTED_EDGE('',*,*,#2792,.T.);
#1683=ORIENTED_EDGE('',*,*,#3131,.T.);
#1684=ORIENTED_EDGE('',*,*,#3108,.T.);
#1685=ORIENTED_EDGE('',*,*,#3132,.T.);
#1686=ORIENTED_EDGE('',*,*,#3102,.T.);
#1687=ORIENTED_EDGE('',*,*,#3133,.T.);
#1688=ORIENTED_EDGE('',*,*,#2796,.T.);
#1689=ORIENTED_EDGE('',*,*,#3134,.T.);
#1690=ORIENTED_EDGE('',*,*,#2921,.T.);
#1691=ORIENTED_EDGE('',*,*,#3135,.F.);
#1692=ORIENTED_EDGE('',*,*,#3081,.T.);
#1693=ORIENTED_EDGE('',*,*,#3136,.F.);
#1694=ORIENTED_EDGE('',*,*,#3137,.F.);
#1695=ORIENTED_EDGE('',*,*,#3138,.F.);
#1696=ORIENTED_EDGE('',*,*,#3139,.F.);
#1697=ORIENTED_EDGE('',*,*,#3140,.F.);
#1698=ORIENTED_EDGE('',*,*,#3077,.T.);
#1699=ORIENTED_EDGE('',*,*,#3131,.F.);
#1700=ORIENTED_EDGE('',*,*,#2791,.F.);
#1701=ORIENTED_EDGE('',*,*,#3121,.T.);
#1702=ORIENTED_EDGE('',*,*,#3141,.F.);
#1703=ORIENTED_EDGE('',*,*,#3085,.F.);
#1704=ORIENTED_EDGE('',*,*,#3123,.F.);
#1705=ORIENTED_EDGE('',*,*,#2932,.T.);
#1706=ORIENTED_EDGE('',*,*,#3142,.F.);
#1707=ORIENTED_EDGE('',*,*,#2926,.T.);
#1708=ORIENTED_EDGE('',*,*,#3129,.T.);
#1709=ORIENTED_EDGE('',*,*,#3091,.F.);
#1710=ORIENTED_EDGE('',*,*,#3143,.F.);
#1711=ORIENTED_EDGE('',*,*,#3097,.F.);
#1712=ORIENTED_EDGE('',*,*,#3127,.T.);
#1713=ORIENTED_EDGE('',*,*,#2797,.T.);
#1714=ORIENTED_EDGE('',*,*,#3133,.F.);
#1715=ORIENTED_EDGE('',*,*,#3101,.F.);
#1716=ORIENTED_EDGE('',*,*,#3144,.F.);
#1717=ORIENTED_EDGE('',*,*,#3145,.F.);
#1718=ORIENTED_EDGE('',*,*,#3146,.F.);
#1719=ORIENTED_EDGE('',*,*,#3147,.F.);
#1720=ORIENTED_EDGE('',*,*,#3148,.F.);
#1721=ORIENTED_EDGE('',*,*,#2944,.F.);
#1722=ORIENTED_EDGE('',*,*,#3125,.F.);
#1723=ORIENTED_EDGE('',*,*,#3115,.T.);
#1724=ORIENTED_EDGE('',*,*,#3149,.F.);
#1725=ORIENTED_EDGE('',*,*,#3109,.T.);
#1726=ORIENTED_EDGE('',*,*,#3135,.T.);
#1727=ORIENTED_EDGE('',*,*,#2920,.F.);
#1728=ORIENTED_EDGE('',*,*,#3150,.T.);
#1729=ORIENTED_EDGE('',*,*,#2922,.F.);
#1730=ORIENTED_EDGE('',*,*,#3134,.F.);
#1731=ORIENTED_EDGE('',*,*,#2795,.F.);
#1732=ORIENTED_EDGE('',*,*,#3151,.F.);
#1733=ORIENTED_EDGE('',*,*,#3152,.F.);
#1734=ORIENTED_EDGE('',*,*,#3153,.F.);
#1735=ORIENTED_EDGE('',*,*,#3154,.F.);
#1736=ORIENTED_EDGE('',*,*,#2934,.T.);
#1737=ORIENTED_EDGE('',*,*,#3122,.T.);
#1738=ORIENTED_EDGE('',*,*,#2789,.T.);
#1739=ORIENTED_EDGE('',*,*,#3155,.F.);
#1740=ORIENTED_EDGE('',*,*,#3156,.F.);
#1741=ORIENTED_EDGE('',*,*,#2803,.T.);
#1742=ORIENTED_EDGE('',*,*,#3157,.F.);
#1743=ORIENTED_EDGE('',*,*,#3158,.F.);
#1744=ORIENTED_EDGE('',*,*,#3159,.F.);
#1745=ORIENTED_EDGE('',*,*,#3160,.F.);
#1746=ORIENTED_EDGE('',*,*,#3161,.F.);
#1747=ORIENTED_EDGE('',*,*,#3159,.T.);
#1748=ORIENTED_EDGE('',*,*,#3162,.F.);
#1749=ORIENTED_EDGE('',*,*,#3163,.F.);
#1750=ORIENTED_EDGE('',*,*,#3164,.F.);
#1751=ORIENTED_EDGE('',*,*,#3163,.T.);
#1752=ORIENTED_EDGE('',*,*,#3165,.F.);
#1753=ORIENTED_EDGE('',*,*,#3166,.F.);
#1754=ORIENTED_EDGE('',*,*,#3167,.F.);
#1755=ORIENTED_EDGE('',*,*,#3166,.T.);
#1756=ORIENTED_EDGE('',*,*,#3168,.F.);
#1757=ORIENTED_EDGE('',*,*,#3169,.F.);
#1758=ORIENTED_EDGE('',*,*,#2938,.F.);
#1759=ORIENTED_EDGE('',*,*,#3170,.T.);
#1760=ORIENTED_EDGE('',*,*,#3171,.T.);
#1761=ORIENTED_EDGE('',*,*,#3169,.T.);
#1762=ORIENTED_EDGE('',*,*,#3172,.T.);
#1763=ORIENTED_EDGE('',*,*,#3173,.T.);
#1764=ORIENTED_EDGE('',*,*,#3174,.T.);
#1765=ORIENTED_EDGE('',*,*,#2793,.T.);
#1766=ORIENTED_EDGE('',*,*,#3130,.F.);
#1767=ORIENTED_EDGE('',*,*,#2924,.T.);
#1768=ORIENTED_EDGE('',*,*,#3175,.F.);
#1769=ORIENTED_EDGE('',*,*,#3176,.T.);
#1770=ORIENTED_EDGE('',*,*,#3177,.T.);
#1771=ORIENTED_EDGE('',*,*,#3178,.T.);
#1772=ORIENTED_EDGE('',*,*,#2799,.F.);
#1773=ORIENTED_EDGE('',*,*,#3126,.T.);
#1774=ORIENTED_EDGE('',*,*,#2942,.F.);
#1775=ORIENTED_EDGE('',*,*,#3179,.T.);
#1776=ORIENTED_EDGE('',*,*,#3150,.F.);
#1777=ORIENTED_EDGE('',*,*,#3180,.F.);
#1778=ORIENTED_EDGE('',*,*,#3175,.T.);
#1779=ORIENTED_EDGE('',*,*,#2923,.T.);
#1780=ORIENTED_EDGE('',*,*,#3154,.T.);
#1781=ORIENTED_EDGE('',*,*,#3181,.F.);
#1782=ORIENTED_EDGE('',*,*,#3176,.F.);
#1783=ORIENTED_EDGE('',*,*,#3180,.T.);
#1784=ORIENTED_EDGE('',*,*,#3153,.T.);
#1785=ORIENTED_EDGE('',*,*,#3182,.F.);
#1786=ORIENTED_EDGE('',*,*,#3177,.F.);
#1787=ORIENTED_EDGE('',*,*,#3181,.T.);
#1788=ORIENTED_EDGE('',*,*,#3152,.T.);
#1789=ORIENTED_EDGE('',*,*,#3183,.F.);
#1790=ORIENTED_EDGE('',*,*,#3178,.F.);
#1791=ORIENTED_EDGE('',*,*,#3182,.T.);
#1792=ORIENTED_EDGE('',*,*,#3151,.T.);
#1793=ORIENTED_EDGE('',*,*,#2794,.F.);
#1794=ORIENTED_EDGE('',*,*,#3174,.F.);
#1795=ORIENTED_EDGE('',*,*,#3183,.T.);
#1796=ORIENTED_EDGE('',*,*,#3158,.T.);
#1797=ORIENTED_EDGE('',*,*,#3184,.T.);
#1798=ORIENTED_EDGE('',*,*,#3172,.F.);
#1799=ORIENTED_EDGE('',*,*,#3168,.T.);
#1800=ORIENTED_EDGE('',*,*,#3165,.T.);
#1801=ORIENTED_EDGE('',*,*,#3162,.T.);
#1802=ORIENTED_EDGE('',*,*,#2802,.T.);
#1803=ORIENTED_EDGE('',*,*,#3185,.F.);
#1804=ORIENTED_EDGE('',*,*,#2939,.T.);
#1805=ORIENTED_EDGE('',*,*,#3173,.F.);
#1806=ORIENTED_EDGE('',*,*,#3184,.F.);
#1807=ORIENTED_EDGE('',*,*,#3157,.T.);
#1808=ORIENTED_EDGE('',*,*,#3160,.T.);
#1809=ORIENTED_EDGE('',*,*,#3161,.T.);
#1810=ORIENTED_EDGE('',*,*,#3164,.T.);
#1811=ORIENTED_EDGE('',*,*,#3167,.T.);
#1812=ORIENTED_EDGE('',*,*,#3171,.F.);
#1813=ORIENTED_EDGE('',*,*,#3186,.F.);
#1814=ORIENTED_EDGE('',*,*,#3156,.T.);
#1815=ORIENTED_EDGE('',*,*,#3186,.T.);
#1816=ORIENTED_EDGE('',*,*,#3170,.F.);
#1817=ORIENTED_EDGE('',*,*,#2937,.T.);
#1818=ORIENTED_EDGE('',*,*,#3187,.T.);
#1819=ORIENTED_EDGE('',*,*,#2786,.T.);
#1820=ORIENTED_EDGE('',*,*,#2800,.F.);
#1821=ORIENTED_EDGE('',*,*,#3179,.F.);
#1822=ORIENTED_EDGE('',*,*,#2941,.T.);
#1823=ORIENTED_EDGE('',*,*,#3188,.T.);
#1824=ORIENTED_EDGE('',*,*,#2801,.F.);
#1825=ORIENTED_EDGE('',*,*,#3188,.F.);
#1826=ORIENTED_EDGE('',*,*,#2940,.T.);
#1827=ORIENTED_EDGE('',*,*,#3185,.T.);
#1828=ORIENTED_EDGE('',*,*,#2787,.F.);
#1829=ORIENTED_EDGE('',*,*,#3187,.F.);
#1830=ORIENTED_EDGE('',*,*,#2936,.T.);
#1831=ORIENTED_EDGE('',*,*,#3189,.T.);
#1832=ORIENTED_EDGE('',*,*,#2788,.F.);
#1833=ORIENTED_EDGE('',*,*,#3189,.F.);
#1834=ORIENTED_EDGE('',*,*,#2935,.T.);
#1835=ORIENTED_EDGE('',*,*,#3155,.T.);
#1836=ORIENTED_EDGE('',*,*,#3138,.T.);
#1837=ORIENTED_EDGE('',*,*,#3190,.F.);
#1838=ORIENTED_EDGE('',*,*,#2929,.F.);
#1839=ORIENTED_EDGE('',*,*,#3191,.T.);
#1840=ORIENTED_EDGE('',*,*,#3137,.T.);
#1841=ORIENTED_EDGE('',*,*,#3192,.F.);
#1842=ORIENTED_EDGE('',*,*,#2930,.F.);
#1843=ORIENTED_EDGE('',*,*,#3190,.T.);
#1844=ORIENTED_EDGE('',*,*,#3136,.T.);
#1845=ORIENTED_EDGE('',*,*,#3080,.F.);
#1846=ORIENTED_EDGE('',*,*,#3193,.T.);
#1847=ORIENTED_EDGE('',*,*,#3086,.F.);
#1848=ORIENTED_EDGE('',*,*,#3141,.T.);
#1849=ORIENTED_EDGE('',*,*,#2931,.F.);
#1850=ORIENTED_EDGE('',*,*,#3192,.T.);
#1851=ORIENTED_EDGE('',*,*,#3140,.T.);
#1852=ORIENTED_EDGE('',*,*,#3194,.F.);
#1853=ORIENTED_EDGE('',*,*,#2927,.T.);
#1854=ORIENTED_EDGE('',*,*,#3142,.T.);
#1855=ORIENTED_EDGE('',*,*,#3090,.F.);
#1856=ORIENTED_EDGE('',*,*,#3195,.F.);
#1857=ORIENTED_EDGE('',*,*,#3078,.F.);
#1858=ORIENTED_EDGE('',*,*,#3139,.T.);
#1859=ORIENTED_EDGE('',*,*,#3191,.F.);
#1860=ORIENTED_EDGE('',*,*,#2928,.F.);
#1861=ORIENTED_EDGE('',*,*,#3194,.T.);
#1862=ORIENTED_EDGE('',*,*,#3144,.T.);
#1863=ORIENTED_EDGE('',*,*,#3100,.F.);
#1864=ORIENTED_EDGE('',*,*,#3196,.F.);
#1865=ORIENTED_EDGE('',*,*,#3110,.F.);
#1866=ORIENTED_EDGE('',*,*,#3149,.T.);
#1867=ORIENTED_EDGE('',*,*,#2919,.T.);
#1868=ORIENTED_EDGE('',*,*,#3197,.T.);
#1869=ORIENTED_EDGE('',*,*,#3143,.T.);
#1870=ORIENTED_EDGE('',*,*,#3198,.F.);
#1871=ORIENTED_EDGE('',*,*,#2945,.F.);
#1872=ORIENTED_EDGE('',*,*,#3148,.T.);
#1873=ORIENTED_EDGE('',*,*,#3114,.F.);
#1874=ORIENTED_EDGE('',*,*,#3199,.T.);
#1875=ORIENTED_EDGE('',*,*,#3098,.F.);
#1876=ORIENTED_EDGE('',*,*,#3147,.T.);
#1877=ORIENTED_EDGE('',*,*,#3200,.F.);
#1878=ORIENTED_EDGE('',*,*,#2946,.F.);
#1879=ORIENTED_EDGE('',*,*,#3198,.T.);
#1880=ORIENTED_EDGE('',*,*,#3146,.T.);
#1881=ORIENTED_EDGE('',*,*,#3201,.F.);
#1882=ORIENTED_EDGE('',*,*,#2947,.F.);
#1883=ORIENTED_EDGE('',*,*,#3200,.T.);
#1884=ORIENTED_EDGE('',*,*,#3145,.T.);
#1885=ORIENTED_EDGE('',*,*,#3197,.F.);
#1886=ORIENTED_EDGE('',*,*,#2948,.F.);
#1887=ORIENTED_EDGE('',*,*,#3201,.T.);
#1888=ORIENTED_EDGE('',*,*,#3202,.F.);
#1889=ORIENTED_EDGE('',*,*,#3111,.F.);
#1890=ORIENTED_EDGE('',*,*,#3196,.T.);
#1891=ORIENTED_EDGE('',*,*,#3099,.F.);
#1892=ORIENTED_EDGE('',*,*,#3199,.F.);
#1893=ORIENTED_EDGE('',*,*,#3113,.F.);
#1894=ORIENTED_EDGE('',*,*,#3203,.T.);
#1895=ORIENTED_EDGE('',*,*,#3204,.F.);
#1896=ORIENTED_EDGE('',*,*,#3205,.F.);
#1897=ORIENTED_EDGE('',*,*,#3206,.T.);
#1898=ORIENTED_EDGE('',*,*,#3207,.T.);
#1899=ORIENTED_EDGE('',*,*,#3087,.F.);
#1900=ORIENTED_EDGE('',*,*,#3193,.F.);
#1901=ORIENTED_EDGE('',*,*,#3079,.F.);
#1902=ORIENTED_EDGE('',*,*,#3195,.T.);
#1903=ORIENTED_EDGE('',*,*,#3089,.F.);
#1904=ORIENTED_EDGE('',*,*,#3103,.F.);
#1905=ORIENTED_EDGE('',*,*,#3132,.F.);
#1906=ORIENTED_EDGE('',*,*,#3107,.F.);
#1907=ORIENTED_EDGE('',*,*,#3119,.F.);
#1908=ORIENTED_EDGE('',*,*,#3093,.F.);
#1909=ORIENTED_EDGE('',*,*,#3128,.F.);
#1910=ORIENTED_EDGE('',*,*,#3075,.F.);
#1911=ORIENTED_EDGE('',*,*,#3117,.F.);
#1912=ORIENTED_EDGE('',*,*,#3105,.F.);
#1913=ORIENTED_EDGE('',*,*,#3124,.T.);
#1914=ORIENTED_EDGE('',*,*,#3095,.F.);
#1915=ORIENTED_EDGE('',*,*,#3118,.F.);
#1916=ORIENTED_EDGE('',*,*,#3073,.F.);
#1917=ORIENTED_EDGE('',*,*,#3120,.T.);
#1918=ORIENTED_EDGE('',*,*,#3083,.F.);
#1919=ORIENTED_EDGE('',*,*,#3116,.F.);
#1920=ORIENTED_EDGE('',*,*,#3020,.F.);
#1921=ORIENTED_EDGE('',*,*,#3057,.T.);
#1922=ORIENTED_EDGE('',*,*,#2998,.F.);
#1923=ORIENTED_EDGE('',*,*,#3060,.T.);
#1924=ORIENTED_EDGE('',*,*,#3027,.T.);
#1925=ORIENTED_EDGE('',*,*,#3000,.T.);
#1926=ORIENTED_EDGE('',*,*,#3071,.T.);
#1927=ORIENTED_EDGE('',*,*,#2839,.T.);
#1928=ORIENTED_EDGE('',*,*,#2886,.F.);
#1929=ORIENTED_EDGE('',*,*,#3053,.F.);
#1930=ORIENTED_EDGE('',*,*,#2880,.F.);
#1931=ORIENTED_EDGE('',*,*,#2831,.F.);
#1932=ORIENTED_EDGE('',*,*,#3066,.T.);
#1933=ORIENTED_EDGE('',*,*,#3049,.F.);
#1934=ORIENTED_EDGE('',*,*,#2852,.T.);
#1935=ORIENTED_EDGE('',*,*,#2841,.T.);
#1936=ORIENTED_EDGE('',*,*,#3070,.F.);
#1937=ORIENTED_EDGE('',*,*,#3058,.F.);
#1938=ORIENTED_EDGE('',*,*,#3065,.F.);
#1939=ORIENTED_EDGE('',*,*,#2829,.F.);
#1940=ORIENTED_EDGE('',*,*,#2850,.T.);
#1941=ORIENTED_EDGE('',*,*,#3055,.F.);
#1942=ORIENTED_EDGE('',*,*,#3208,.F.);
#1943=ORIENTED_EDGE('',*,*,#3032,.T.);
#1944=ORIENTED_EDGE('',*,*,#3209,.T.);
#1945=ORIENTED_EDGE('',*,*,#3043,.T.);
#1946=ORIENTED_EDGE('',*,*,#3210,.F.);
#1947=ORIENTED_EDGE('',*,*,#3041,.F.);
#1948=ORIENTED_EDGE('',*,*,#3211,.T.);
#1949=ORIENTED_EDGE('',*,*,#3046,.T.);
#1950=ORIENTED_EDGE('',*,*,#3051,.F.);
#1951=ORIENTED_EDGE('',*,*,#2909,.F.);
#1952=ORIENTED_EDGE('',*,*,#3047,.F.);
#1953=ORIENTED_EDGE('',*,*,#3211,.F.);
#1954=ORIENTED_EDGE('',*,*,#3044,.F.);
#1955=ORIENTED_EDGE('',*,*,#3209,.F.);
#1956=ORIENTED_EDGE('',*,*,#3031,.F.);
#1957=ORIENTED_EDGE('',*,*,#3212,.T.);
#1958=ORIENTED_EDGE('',*,*,#2907,.T.);
#1959=ORIENTED_EDGE('',*,*,#3068,.T.);
#1960=ORIENTED_EDGE('',*,*,#3033,.T.);
#1961=ORIENTED_EDGE('',*,*,#3208,.T.);
#1962=ORIENTED_EDGE('',*,*,#3015,.F.);
#1963=ORIENTED_EDGE('',*,*,#3213,.F.);
#1964=ORIENTED_EDGE('',*,*,#3037,.F.);
#1965=ORIENTED_EDGE('',*,*,#3214,.T.);
#1966=ORIENTED_EDGE('',*,*,#3215,.T.);
#1967=ORIENTED_EDGE('',*,*,#3034,.F.);
#1968=ORIENTED_EDGE('',*,*,#3216,.T.);
#1969=ORIENTED_EDGE('',*,*,#3039,.T.);
#1970=ORIENTED_EDGE('',*,*,#3048,.F.);
#1971=ORIENTED_EDGE('',*,*,#3016,.T.);
#1972=ORIENTED_EDGE('',*,*,#3214,.F.);
#1973=ORIENTED_EDGE('',*,*,#3040,.F.);
#1974=ORIENTED_EDGE('',*,*,#3216,.F.);
#1975=ORIENTED_EDGE('',*,*,#3036,.F.);
#1976=ORIENTED_EDGE('',*,*,#2901,.F.);
#1977=ORIENTED_EDGE('',*,*,#3217,.F.);
#1978=ORIENTED_EDGE('',*,*,#3213,.T.);
#1979=ORIENTED_EDGE('',*,*,#3014,.F.);
#1980=ORIENTED_EDGE('',*,*,#3064,.T.);
#1981=ORIENTED_EDGE('',*,*,#2903,.T.);
#1982=ORIENTED_EDGE('',*,*,#3210,.T.);
#1983=ORIENTED_EDGE('',*,*,#3045,.F.);
#1984=ORIENTED_EDGE('',*,*,#3212,.F.);
#1985=ORIENTED_EDGE('',*,*,#3042,.F.);
#1986=ORIENTED_EDGE('',*,*,#3215,.F.);
#1987=ORIENTED_EDGE('',*,*,#3038,.F.);
#1988=ORIENTED_EDGE('',*,*,#3217,.T.);
#1989=ORIENTED_EDGE('',*,*,#3035,.F.);
#1990=ORIENTED_EDGE('',*,*,#3026,.F.);
#1991=ORIENTED_EDGE('',*,*,#3067,.T.);
#1992=ORIENTED_EDGE('',*,*,#3005,.F.);
#1993=ORIENTED_EDGE('',*,*,#2994,.T.);
#1994=ORIENTED_EDGE('',*,*,#3002,.F.);
#1995=ORIENTED_EDGE('',*,*,#2992,.F.);
#1996=ORIENTED_EDGE('',*,*,#3004,.F.);
#1997=ORIENTED_EDGE('',*,*,#3062,.T.);
#1998=ORIENTED_EDGE('',*,*,#3012,.T.);
#1999=ORIENTED_EDGE('',*,*,#2996,.F.);
#2000=ORIENTED_EDGE('',*,*,#2949,.F.);
#2001=ORIENTED_EDGE('',*,*,#2991,.F.);
#2002=ORIENTED_EDGE('',*,*,#2817,.T.);
#2003=ORIENTED_EDGE('',*,*,#3218,.F.);
#2004=ORIENTED_EDGE('',*,*,#2953,.F.);
#2005=ORIENTED_EDGE('',*,*,#3219,.T.);
#2006=ORIENTED_EDGE('',*,*,#2816,.T.);
#2007=ORIENTED_EDGE('',*,*,#2984,.F.);
#2008=ORIENTED_EDGE('',*,*,#2954,.F.);
#2009=ORIENTED_EDGE('',*,*,#3218,.T.);
#2010=ORIENTED_EDGE('',*,*,#2818,.T.);
#2011=ORIENTED_EDGE('',*,*,#3219,.F.);
#2012=ORIENTED_EDGE('',*,*,#2952,.F.);
#2013=ORIENTED_EDGE('',*,*,#2983,.T.);
#2014=ORIENTED_EDGE('',*,*,#2824,.T.);
#2015=ORIENTED_EDGE('',*,*,#2989,.F.);
#2016=ORIENTED_EDGE('',*,*,#2962,.F.);
#2017=ORIENTED_EDGE('',*,*,#3220,.T.);
#2018=ORIENTED_EDGE('',*,*,#2809,.T.);
#2019=ORIENTED_EDGE('',*,*,#3221,.F.);
#2020=ORIENTED_EDGE('',*,*,#3222,.T.);
#2021=ORIENTED_EDGE('',*,*,#3223,.T.);
#2022=ORIENTED_EDGE('',*,*,#2825,.T.);
#2023=ORIENTED_EDGE('',*,*,#3220,.F.);
#2024=ORIENTED_EDGE('',*,*,#2961,.F.);
#2025=ORIENTED_EDGE('',*,*,#3224,.T.);
#2026=ORIENTED_EDGE('',*,*,#2810,.T.);
#2027=ORIENTED_EDGE('',*,*,#3224,.F.);
#2028=ORIENTED_EDGE('',*,*,#2960,.F.);
#2029=ORIENTED_EDGE('',*,*,#2988,.T.);
#2030=ORIENTED_EDGE('',*,*,#3225,.F.);
#2031=ORIENTED_EDGE('',*,*,#2990,.F.);
#2032=ORIENTED_EDGE('',*,*,#3225,.T.);
#2033=ORIENTED_EDGE('',*,*,#3226,.T.);
#2034=ORIENTED_EDGE('',*,*,#3227,.T.);
#2035=ORIENTED_EDGE('',*,*,#3227,.F.);
#2036=ORIENTED_EDGE('',*,*,#3226,.F.);
#2037=ORIENTED_EDGE('',*,*,#2820,.F.);
#2038=ORIENTED_EDGE('',*,*,#2982,.T.);
#2039=ORIENTED_EDGE('',*,*,#2967,.T.);
#2040=ORIENTED_EDGE('',*,*,#2979,.F.);
#2041=ORIENTED_EDGE('',*,*,#2969,.F.);
#2042=ORIENTED_EDGE('',*,*,#2985,.T.);
#2043=ORIENTED_EDGE('',*,*,#2814,.T.);
#2044=ORIENTED_EDGE('',*,*,#2980,.F.);
#2045=ORIENTED_EDGE('',*,*,#2812,.T.);
#2046=ORIENTED_EDGE('',*,*,#2987,.T.);
#2047=ORIENTED_EDGE('',*,*,#2973,.F.);
#2048=ORIENTED_EDGE('',*,*,#2981,.F.);
#2049=ORIENTED_EDGE('',*,*,#2975,.T.);
#2050=ORIENTED_EDGE('',*,*,#2986,.T.);
#2051=ORIENTED_EDGE('',*,*,#2822,.F.);
#2052=ORIENTED_EDGE('',*,*,#2978,.F.);
#2053=ORIENTED_EDGE('',*,*,#3022,.F.);
#2054=ORIENTED_EDGE('',*,*,#3228,.F.);
#2055=ORIENTED_EDGE('',*,*,#3088,.F.);
#2056=ORIENTED_EDGE('',*,*,#3229,.T.);
#2057=ORIENTED_EDGE('',*,*,#3230,.T.);
#2058=ORIENTED_EDGE('',*,*,#3231,.F.);
#2059=ORIENTED_EDGE('',*,*,#3232,.F.);
#2060=ORIENTED_EDGE('',*,*,#3024,.T.);
#2061=ORIENTED_EDGE('',*,*,#3233,.T.);
#2062=ORIENTED_EDGE('',*,*,#3206,.F.);
#2063=ORIENTED_EDGE('',*,*,#3234,.F.);
#2064=ORIENTED_EDGE('',*,*,#3231,.T.);
#2065=ORIENTED_EDGE('',*,*,#3228,.T.);
#2066=ORIENTED_EDGE('',*,*,#3021,.T.);
#2067=ORIENTED_EDGE('',*,*,#3232,.T.);
#2068=ORIENTED_EDGE('',*,*,#3234,.T.);
#2069=ORIENTED_EDGE('',*,*,#3205,.T.);
#2070=ORIENTED_EDGE('',*,*,#3023,.F.);
#2071=ORIENTED_EDGE('',*,*,#3229,.F.);
#2072=ORIENTED_EDGE('',*,*,#3207,.F.);
#2073=ORIENTED_EDGE('',*,*,#3233,.F.);
#2074=ORIENTED_EDGE('',*,*,#3230,.F.);
#2075=ORIENTED_EDGE('',*,*,#3235,.F.);
#2076=ORIENTED_EDGE('',*,*,#3008,.T.);
#2077=ORIENTED_EDGE('',*,*,#3236,.T.);
#2078=ORIENTED_EDGE('',*,*,#3112,.F.);
#2079=ORIENTED_EDGE('',*,*,#3009,.F.);
#2080=ORIENTED_EDGE('',*,*,#3235,.T.);
#2081=ORIENTED_EDGE('',*,*,#3202,.T.);
#2082=ORIENTED_EDGE('',*,*,#3237,.T.);
#2083=ORIENTED_EDGE('',*,*,#3238,.T.);
#2084=ORIENTED_EDGE('',*,*,#3236,.F.);
#2085=ORIENTED_EDGE('',*,*,#3011,.T.);
#2086=ORIENTED_EDGE('',*,*,#3239,.F.);
#2087=ORIENTED_EDGE('',*,*,#3240,.F.);
#2088=ORIENTED_EDGE('',*,*,#3203,.F.);
#2089=ORIENTED_EDGE('',*,*,#3240,.T.);
#2090=ORIENTED_EDGE('',*,*,#3241,.F.);
#2091=ORIENTED_EDGE('',*,*,#3237,.F.);
#2092=ORIENTED_EDGE('',*,*,#3204,.T.);
#2093=ORIENTED_EDGE('',*,*,#3239,.T.);
#2094=ORIENTED_EDGE('',*,*,#3010,.F.);
#2095=ORIENTED_EDGE('',*,*,#3238,.F.);
#2096=ORIENTED_EDGE('',*,*,#3241,.T.);
#2097=ORIENTED_EDGE('',*,*,#3242,.T.);
#2098=ORIENTED_EDGE('',*,*,#2826,.F.);
#2099=ORIENTED_EDGE('',*,*,#3242,.F.);
#2100=ORIENTED_EDGE('',*,*,#2879,.T.);
#2101=ORIENTED_EDGE('',*,*,#2899,.F.);
#2102=ORIENTED_EDGE('',*,*,#3243,.T.);
#2103=ORIENTED_EDGE('',*,*,#3244,.T.);
#2104=ORIENTED_EDGE('',*,*,#2833,.F.);
#2105=ORIENTED_EDGE('',*,*,#2883,.T.);
#2106=ORIENTED_EDGE('',*,*,#2837,.F.);
#2107=ORIENTED_EDGE('',*,*,#3245,.F.);
#2108=ORIENTED_EDGE('',*,*,#3246,.T.);
#2109=ORIENTED_EDGE('',*,*,#2911,.T.);
#2110=ORIENTED_EDGE('',*,*,#2834,.F.);
#2111=ORIENTED_EDGE('',*,*,#3244,.F.);
#2112=ORIENTED_EDGE('',*,*,#3247,.T.);
#2113=ORIENTED_EDGE('',*,*,#3248,.T.);
#2114=ORIENTED_EDGE('',*,*,#2835,.F.);
#2115=ORIENTED_EDGE('',*,*,#3248,.F.);
#2116=ORIENTED_EDGE('',*,*,#3249,.T.);
#2117=ORIENTED_EDGE('',*,*,#3250,.T.);
#2118=ORIENTED_EDGE('',*,*,#2836,.F.);
#2119=ORIENTED_EDGE('',*,*,#3250,.F.);
#2120=ORIENTED_EDGE('',*,*,#3251,.T.);
#2121=ORIENTED_EDGE('',*,*,#3245,.T.);
#2122=ORIENTED_EDGE('',*,*,#3252,.F.);
#2123=ORIENTED_EDGE('',*,*,#3253,.T.);
#2124=ORIENTED_EDGE('',*,*,#2916,.F.);
#2125=ORIENTED_EDGE('',*,*,#3254,.F.);
#2126=ORIENTED_EDGE('',*,*,#3255,.F.);
#2127=ORIENTED_EDGE('',*,*,#3256,.T.);
#2128=ORIENTED_EDGE('',*,*,#2914,.F.);
#2129=ORIENTED_EDGE('',*,*,#3257,.F.);
#2130=ORIENTED_EDGE('',*,*,#3258,.F.);
#2131=ORIENTED_EDGE('',*,*,#3259,.T.);
#2132=ORIENTED_EDGE('',*,*,#2912,.F.);
#2133=ORIENTED_EDGE('',*,*,#3246,.F.);
#2134=ORIENTED_EDGE('',*,*,#3251,.F.);
#2135=ORIENTED_EDGE('',*,*,#3249,.F.);
#2136=ORIENTED_EDGE('',*,*,#3247,.F.);
#2137=ORIENTED_EDGE('',*,*,#3243,.F.);
#2138=ORIENTED_EDGE('',*,*,#2918,.F.);
#2139=ORIENTED_EDGE('',*,*,#3260,.F.);
#2140=ORIENTED_EDGE('',*,*,#2847,.T.);
#2141=ORIENTED_EDGE('',*,*,#2827,.F.);
#2142=ORIENTED_EDGE('',*,*,#3261,.F.);
#2143=ORIENTED_EDGE('',*,*,#3262,.T.);
#2144=ORIENTED_EDGE('',*,*,#2867,.T.);
#2145=ORIENTED_EDGE('',*,*,#2851,.T.);
#2146=ORIENTED_EDGE('',*,*,#2875,.F.);
#2147=ORIENTED_EDGE('',*,*,#3263,.T.);
#2148=ORIENTED_EDGE('',*,*,#3264,.T.);
#2149=ORIENTED_EDGE('',*,*,#2843,.F.);
#2150=ORIENTED_EDGE('',*,*,#2846,.F.);
#2151=ORIENTED_EDGE('',*,*,#3265,.F.);
#2152=ORIENTED_EDGE('',*,*,#3266,.T.);
#2153=ORIENTED_EDGE('',*,*,#3261,.T.);
#2154=ORIENTED_EDGE('',*,*,#2844,.F.);
#2155=ORIENTED_EDGE('',*,*,#3264,.F.);
#2156=ORIENTED_EDGE('',*,*,#3267,.T.);
#2157=ORIENTED_EDGE('',*,*,#3268,.T.);
#2158=ORIENTED_EDGE('',*,*,#2845,.F.);
#2159=ORIENTED_EDGE('',*,*,#3268,.F.);
#2160=ORIENTED_EDGE('',*,*,#3269,.T.);
#2161=ORIENTED_EDGE('',*,*,#3265,.T.);
#2162=ORIENTED_EDGE('',*,*,#2870,.F.);
#2163=ORIENTED_EDGE('',*,*,#3270,.F.);
#2164=ORIENTED_EDGE('',*,*,#3271,.T.);
#2165=ORIENTED_EDGE('',*,*,#3272,.T.);
#2166=ORIENTED_EDGE('',*,*,#2868,.F.);
#2167=ORIENTED_EDGE('',*,*,#3262,.F.);
#2168=ORIENTED_EDGE('',*,*,#3266,.F.);
#2169=ORIENTED_EDGE('',*,*,#3269,.F.);
#2170=ORIENTED_EDGE('',*,*,#3267,.F.);
#2171=ORIENTED_EDGE('',*,*,#3263,.F.);
#2172=ORIENTED_EDGE('',*,*,#2874,.F.);
#2173=ORIENTED_EDGE('',*,*,#3273,.F.);
#2174=ORIENTED_EDGE('',*,*,#3274,.T.);
#2175=ORIENTED_EDGE('',*,*,#3275,.T.);
#2176=ORIENTED_EDGE('',*,*,#2872,.F.);
#2177=ORIENTED_EDGE('',*,*,#3276,.F.);
#2178=ORIENTED_EDGE('',*,*,#3277,.T.);
#2179=ORIENTED_EDGE('',*,*,#3278,.T.);
#2180=ORIENTED_EDGE('',*,*,#3279,.T.);
#2181=ORIENTED_EDGE('',*,*,#2897,.T.);
#2182=ORIENTED_EDGE('',*,*,#3280,.F.);
#2183=ORIENTED_EDGE('',*,*,#3281,.T.);
#2184=ORIENTED_EDGE('',*,*,#3282,.F.);
#2185=ORIENTED_EDGE('',*,*,#2895,.T.);
#2186=ORIENTED_EDGE('',*,*,#3283,.T.);
#2187=ORIENTED_EDGE('',*,*,#3284,.F.);
#2188=ORIENTED_EDGE('',*,*,#3285,.T.);
#2189=ORIENTED_EDGE('',*,*,#2915,.F.);
#2190=ORIENTED_EDGE('',*,*,#3286,.F.);
#2191=ORIENTED_EDGE('',*,*,#3287,.T.);
#2192=ORIENTED_EDGE('',*,*,#2896,.F.);
#2193=ORIENTED_EDGE('',*,*,#3282,.T.);
#2194=ORIENTED_EDGE('',*,*,#3288,.F.);
#2195=ORIENTED_EDGE('',*,*,#3289,.T.);
#2196=ORIENTED_EDGE('',*,*,#3290,.F.);
#2197=ORIENTED_EDGE('',*,*,#3286,.T.);
#2198=ORIENTED_EDGE('',*,*,#3256,.F.);
#2199=ORIENTED_EDGE('',*,*,#3291,.T.);
#2200=ORIENTED_EDGE('',*,*,#3292,.T.);
#2201=ORIENTED_EDGE('',*,*,#3293,.T.);
#2202=ORIENTED_EDGE('',*,*,#3294,.T.);
#2203=ORIENTED_EDGE('',*,*,#3295,.T.);
#2204=ORIENTED_EDGE('',*,*,#3280,.T.);
#2205=ORIENTED_EDGE('',*,*,#3283,.F.);
#2206=ORIENTED_EDGE('',*,*,#2898,.T.);
#2207=ORIENTED_EDGE('',*,*,#3279,.F.);
#2208=ORIENTED_EDGE('',*,*,#3296,.F.);
#2209=ORIENTED_EDGE('',*,*,#3297,.F.);
#2210=ORIENTED_EDGE('',*,*,#3298,.F.);
#2211=ORIENTED_EDGE('',*,*,#3299,.F.);
#2212=ORIENTED_EDGE('',*,*,#3300,.F.);
#2213=ORIENTED_EDGE('',*,*,#3254,.T.);
#2214=ORIENTED_EDGE('',*,*,#3285,.F.);
#2215=ORIENTED_EDGE('',*,*,#3301,.T.);
#2216=ORIENTED_EDGE('',*,*,#3302,.F.);
#2217=ORIENTED_EDGE('',*,*,#3303,.T.);
#2218=ORIENTED_EDGE('',*,*,#3303,.F.);
#2219=ORIENTED_EDGE('',*,*,#3304,.F.);
#2220=ORIENTED_EDGE('',*,*,#3288,.T.);
#2221=ORIENTED_EDGE('',*,*,#3284,.T.);
#2222=ORIENTED_EDGE('',*,*,#3302,.T.);
#2223=ORIENTED_EDGE('',*,*,#3305,.F.);
#2224=ORIENTED_EDGE('',*,*,#3289,.F.);
#2225=ORIENTED_EDGE('',*,*,#3304,.T.);
#2226=ORIENTED_EDGE('',*,*,#3301,.F.);
#2227=ORIENTED_EDGE('',*,*,#3287,.F.);
#2228=ORIENTED_EDGE('',*,*,#3290,.T.);
#2229=ORIENTED_EDGE('',*,*,#3305,.T.);
#2230=ORIENTED_EDGE('',*,*,#3300,.T.);
#2231=ORIENTED_EDGE('',*,*,#3306,.F.);
#2232=ORIENTED_EDGE('',*,*,#3291,.F.);
#2233=ORIENTED_EDGE('',*,*,#3255,.T.);
#2234=ORIENTED_EDGE('',*,*,#3299,.T.);
#2235=ORIENTED_EDGE('',*,*,#3307,.F.);
#2236=ORIENTED_EDGE('',*,*,#3292,.F.);
#2237=ORIENTED_EDGE('',*,*,#3306,.T.);
#2238=ORIENTED_EDGE('',*,*,#3298,.T.);
#2239=ORIENTED_EDGE('',*,*,#3308,.F.);
#2240=ORIENTED_EDGE('',*,*,#3293,.F.);
#2241=ORIENTED_EDGE('',*,*,#3307,.T.);
#2242=ORIENTED_EDGE('',*,*,#3297,.T.);
#2243=ORIENTED_EDGE('',*,*,#3309,.F.);
#2244=ORIENTED_EDGE('',*,*,#3294,.F.);
#2245=ORIENTED_EDGE('',*,*,#3308,.T.);
#2246=ORIENTED_EDGE('',*,*,#3296,.T.);
#2247=ORIENTED_EDGE('',*,*,#3281,.F.);
#2248=ORIENTED_EDGE('',*,*,#3295,.F.);
#2249=ORIENTED_EDGE('',*,*,#3309,.T.);
#2250=ORIENTED_EDGE('',*,*,#3310,.F.);
#2251=ORIENTED_EDGE('',*,*,#2863,.T.);
#2252=ORIENTED_EDGE('',*,*,#3311,.T.);
#2253=ORIENTED_EDGE('',*,*,#3312,.F.);
#2254=ORIENTED_EDGE('',*,*,#3313,.F.);
#2255=ORIENTED_EDGE('',*,*,#2871,.F.);
#2256=ORIENTED_EDGE('',*,*,#3314,.T.);
#2257=ORIENTED_EDGE('',*,*,#3315,.F.);
#2258=ORIENTED_EDGE('',*,*,#3316,.T.);
#2259=ORIENTED_EDGE('',*,*,#2865,.T.);
#2260=ORIENTED_EDGE('',*,*,#3317,.F.);
#2261=ORIENTED_EDGE('',*,*,#3318,.T.);
#2262=ORIENTED_EDGE('',*,*,#2864,.F.);
#2263=ORIENTED_EDGE('',*,*,#3310,.T.);
#2264=ORIENTED_EDGE('',*,*,#3319,.T.);
#2265=ORIENTED_EDGE('',*,*,#3320,.T.);
#2266=ORIENTED_EDGE('',*,*,#3321,.T.);
#2267=ORIENTED_EDGE('',*,*,#3322,.T.);
#2268=ORIENTED_EDGE('',*,*,#3323,.T.);
#2269=ORIENTED_EDGE('',*,*,#3276,.T.);
#2270=ORIENTED_EDGE('',*,*,#3313,.T.);
#2271=ORIENTED_EDGE('',*,*,#3324,.F.);
#2272=ORIENTED_EDGE('',*,*,#3325,.T.);
#2273=ORIENTED_EDGE('',*,*,#3326,.F.);
#2274=ORIENTED_EDGE('',*,*,#3317,.T.);
#2275=ORIENTED_EDGE('',*,*,#3311,.F.);
#2276=ORIENTED_EDGE('',*,*,#2866,.T.);
#2277=ORIENTED_EDGE('',*,*,#3316,.F.);
#2278=ORIENTED_EDGE('',*,*,#3327,.T.);
#2279=ORIENTED_EDGE('',*,*,#3328,.F.);
#2280=ORIENTED_EDGE('',*,*,#3329,.T.);
#2281=ORIENTED_EDGE('',*,*,#3314,.F.);
#2282=ORIENTED_EDGE('',*,*,#3278,.F.);
#2283=ORIENTED_EDGE('',*,*,#3330,.F.);
#2284=ORIENTED_EDGE('',*,*,#3331,.F.);
#2285=ORIENTED_EDGE('',*,*,#3332,.F.);
#2286=ORIENTED_EDGE('',*,*,#3333,.F.);
#2287=ORIENTED_EDGE('',*,*,#3334,.F.);
#2288=ORIENTED_EDGE('',*,*,#3334,.T.);
#2289=ORIENTED_EDGE('',*,*,#3335,.F.);
#2290=ORIENTED_EDGE('',*,*,#3319,.F.);
#2291=ORIENTED_EDGE('',*,*,#3312,.T.);
#2292=ORIENTED_EDGE('',*,*,#3333,.T.);
#2293=ORIENTED_EDGE('',*,*,#3336,.F.);
#2294=ORIENTED_EDGE('',*,*,#3320,.F.);
#2295=ORIENTED_EDGE('',*,*,#3335,.T.);
#2296=ORIENTED_EDGE('',*,*,#3332,.T.);
#2297=ORIENTED_EDGE('',*,*,#3337,.F.);
#2298=ORIENTED_EDGE('',*,*,#3321,.F.);
#2299=ORIENTED_EDGE('',*,*,#3336,.T.);
#2300=ORIENTED_EDGE('',*,*,#3331,.T.);
#2301=ORIENTED_EDGE('',*,*,#3338,.F.);
#2302=ORIENTED_EDGE('',*,*,#3322,.F.);
#2303=ORIENTED_EDGE('',*,*,#3337,.T.);
#2304=ORIENTED_EDGE('',*,*,#3330,.T.);
#2305=ORIENTED_EDGE('',*,*,#3277,.F.);
#2306=ORIENTED_EDGE('',*,*,#3323,.F.);
#2307=ORIENTED_EDGE('',*,*,#3338,.T.);
#2308=ORIENTED_EDGE('',*,*,#3329,.F.);
#2309=ORIENTED_EDGE('',*,*,#3339,.F.);
#2310=ORIENTED_EDGE('',*,*,#3324,.T.);
#2311=ORIENTED_EDGE('',*,*,#3315,.T.);
#2312=ORIENTED_EDGE('',*,*,#3328,.T.);
#2313=ORIENTED_EDGE('',*,*,#3340,.F.);
#2314=ORIENTED_EDGE('',*,*,#3325,.F.);
#2315=ORIENTED_EDGE('',*,*,#3339,.T.);
#2316=ORIENTED_EDGE('',*,*,#3327,.F.);
#2317=ORIENTED_EDGE('',*,*,#3318,.F.);
#2318=ORIENTED_EDGE('',*,*,#3326,.T.);
#2319=ORIENTED_EDGE('',*,*,#3340,.T.);
#2320=ORIENTED_EDGE('',*,*,#3341,.T.);
#2321=ORIENTED_EDGE('',*,*,#2893,.T.);
#2322=ORIENTED_EDGE('',*,*,#3342,.F.);
#2323=ORIENTED_EDGE('',*,*,#3343,.T.);
#2324=ORIENTED_EDGE('',*,*,#3344,.F.);
#2325=ORIENTED_EDGE('',*,*,#2891,.T.);
#2326=ORIENTED_EDGE('',*,*,#3345,.T.);
#2327=ORIENTED_EDGE('',*,*,#3346,.F.);
#2328=ORIENTED_EDGE('',*,*,#3347,.T.);
#2329=ORIENTED_EDGE('',*,*,#2913,.F.);
#2330=ORIENTED_EDGE('',*,*,#3348,.F.);
#2331=ORIENTED_EDGE('',*,*,#3349,.T.);
#2332=ORIENTED_EDGE('',*,*,#2892,.F.);
#2333=ORIENTED_EDGE('',*,*,#3344,.T.);
#2334=ORIENTED_EDGE('',*,*,#3350,.F.);
#2335=ORIENTED_EDGE('',*,*,#3351,.T.);
#2336=ORIENTED_EDGE('',*,*,#3352,.F.);
#2337=ORIENTED_EDGE('',*,*,#3348,.T.);
#2338=ORIENTED_EDGE('',*,*,#3259,.F.);
#2339=ORIENTED_EDGE('',*,*,#3353,.T.);
#2340=ORIENTED_EDGE('',*,*,#3354,.T.);
#2341=ORIENTED_EDGE('',*,*,#3355,.T.);
#2342=ORIENTED_EDGE('',*,*,#3356,.T.);
#2343=ORIENTED_EDGE('',*,*,#3357,.T.);
#2344=ORIENTED_EDGE('',*,*,#3342,.T.);
#2345=ORIENTED_EDGE('',*,*,#3345,.F.);
#2346=ORIENTED_EDGE('',*,*,#2894,.T.);
#2347=ORIENTED_EDGE('',*,*,#3341,.F.);
#2348=ORIENTED_EDGE('',*,*,#3358,.F.);
#2349=ORIENTED_EDGE('',*,*,#3359,.F.);
#2350=ORIENTED_EDGE('',*,*,#3360,.F.);
#2351=ORIENTED_EDGE('',*,*,#3361,.F.);
#2352=ORIENTED_EDGE('',*,*,#3362,.F.);
#2353=ORIENTED_EDGE('',*,*,#3257,.T.);
#2354=ORIENTED_EDGE('',*,*,#3347,.F.);
#2355=ORIENTED_EDGE('',*,*,#3363,.T.);
#2356=ORIENTED_EDGE('',*,*,#3364,.F.);
#2357=ORIENTED_EDGE('',*,*,#3365,.T.);
#2358=ORIENTED_EDGE('',*,*,#3365,.F.);
#2359=ORIENTED_EDGE('',*,*,#3366,.F.);
#2360=ORIENTED_EDGE('',*,*,#3350,.T.);
#2361=ORIENTED_EDGE('',*,*,#3346,.T.);
#2362=ORIENTED_EDGE('',*,*,#3364,.T.);
#2363=ORIENTED_EDGE('',*,*,#3367,.F.);
#2364=ORIENTED_EDGE('',*,*,#3351,.F.);
#2365=ORIENTED_EDGE('',*,*,#3366,.T.);
#2366=ORIENTED_EDGE('',*,*,#3363,.F.);
#2367=ORIENTED_EDGE('',*,*,#3349,.F.);
#2368=ORIENTED_EDGE('',*,*,#3352,.T.);
#2369=ORIENTED_EDGE('',*,*,#3367,.T.);
#2370=ORIENTED_EDGE('',*,*,#3362,.T.);
#2371=ORIENTED_EDGE('',*,*,#3368,.F.);
#2372=ORIENTED_EDGE('',*,*,#3353,.F.);
#2373=ORIENTED_EDGE('',*,*,#3258,.T.);
#2374=ORIENTED_EDGE('',*,*,#3361,.T.);
#2375=ORIENTED_EDGE('',*,*,#3369,.F.);
#2376=ORIENTED_EDGE('',*,*,#3354,.F.);
#2377=ORIENTED_EDGE('',*,*,#3368,.T.);
#2378=ORIENTED_EDGE('',*,*,#3360,.T.);
#2379=ORIENTED_EDGE('',*,*,#3370,.F.);
#2380=ORIENTED_EDGE('',*,*,#3355,.F.);
#2381=ORIENTED_EDGE('',*,*,#3369,.T.);
#2382=ORIENTED_EDGE('',*,*,#3359,.T.);
#2383=ORIENTED_EDGE('',*,*,#3371,.F.);
#2384=ORIENTED_EDGE('',*,*,#3356,.F.);
#2385=ORIENTED_EDGE('',*,*,#3370,.T.);
#2386=ORIENTED_EDGE('',*,*,#3358,.T.);
#2387=ORIENTED_EDGE('',*,*,#3343,.F.);
#2388=ORIENTED_EDGE('',*,*,#3357,.F.);
#2389=ORIENTED_EDGE('',*,*,#3371,.T.);
#2390=ORIENTED_EDGE('',*,*,#3372,.F.);
#2391=ORIENTED_EDGE('',*,*,#2859,.T.);
#2392=ORIENTED_EDGE('',*,*,#3373,.T.);
#2393=ORIENTED_EDGE('',*,*,#3374,.F.);
#2394=ORIENTED_EDGE('',*,*,#3375,.F.);
#2395=ORIENTED_EDGE('',*,*,#2873,.F.);
#2396=ORIENTED_EDGE('',*,*,#3376,.T.);
#2397=ORIENTED_EDGE('',*,*,#3377,.F.);
#2398=ORIENTED_EDGE('',*,*,#3378,.T.);
#2399=ORIENTED_EDGE('',*,*,#2861,.T.);
#2400=ORIENTED_EDGE('',*,*,#3379,.F.);
#2401=ORIENTED_EDGE('',*,*,#3380,.T.);
#2402=ORIENTED_EDGE('',*,*,#2860,.F.);
#2403=ORIENTED_EDGE('',*,*,#3372,.T.);
#2404=ORIENTED_EDGE('',*,*,#3381,.T.);
#2405=ORIENTED_EDGE('',*,*,#3382,.T.);
#2406=ORIENTED_EDGE('',*,*,#3383,.T.);
#2407=ORIENTED_EDGE('',*,*,#3384,.T.);
#2408=ORIENTED_EDGE('',*,*,#3385,.T.);
#2409=ORIENTED_EDGE('',*,*,#3273,.T.);
#2410=ORIENTED_EDGE('',*,*,#3375,.T.);
#2411=ORIENTED_EDGE('',*,*,#3386,.F.);
#2412=ORIENTED_EDGE('',*,*,#3387,.T.);
#2413=ORIENTED_EDGE('',*,*,#3388,.F.);
#2414=ORIENTED_EDGE('',*,*,#3379,.T.);
#2415=ORIENTED_EDGE('',*,*,#3373,.F.);
#2416=ORIENTED_EDGE('',*,*,#2862,.T.);
#2417=ORIENTED_EDGE('',*,*,#3378,.F.);
#2418=ORIENTED_EDGE('',*,*,#3389,.T.);
#2419=ORIENTED_EDGE('',*,*,#3390,.F.);
#2420=ORIENTED_EDGE('',*,*,#3391,.T.);
#2421=ORIENTED_EDGE('',*,*,#3376,.F.);
#2422=ORIENTED_EDGE('',*,*,#3275,.F.);
#2423=ORIENTED_EDGE('',*,*,#3392,.F.);
#2424=ORIENTED_EDGE('',*,*,#3393,.F.);
#2425=ORIENTED_EDGE('',*,*,#3394,.F.);
#2426=ORIENTED_EDGE('',*,*,#3395,.F.);
#2427=ORIENTED_EDGE('',*,*,#3396,.F.);
#2428=ORIENTED_EDGE('',*,*,#3396,.T.);
#2429=ORIENTED_EDGE('',*,*,#3397,.F.);
#2430=ORIENTED_EDGE('',*,*,#3381,.F.);
#2431=ORIENTED_EDGE('',*,*,#3374,.T.);
#2432=ORIENTED_EDGE('',*,*,#3395,.T.);
#2433=ORIENTED_EDGE('',*,*,#3398,.F.);
#2434=ORIENTED_EDGE('',*,*,#3382,.F.);
#2435=ORIENTED_EDGE('',*,*,#3397,.T.);
#2436=ORIENTED_EDGE('',*,*,#3394,.T.);
#2437=ORIENTED_EDGE('',*,*,#3399,.F.);
#2438=ORIENTED_EDGE('',*,*,#3383,.F.);
#2439=ORIENTED_EDGE('',*,*,#3398,.T.);
#2440=ORIENTED_EDGE('',*,*,#3393,.T.);
#2441=ORIENTED_EDGE('',*,*,#3400,.F.);
#2442=ORIENTED_EDGE('',*,*,#3384,.F.);
#2443=ORIENTED_EDGE('',*,*,#3399,.T.);
#2444=ORIENTED_EDGE('',*,*,#3392,.T.);
#2445=ORIENTED_EDGE('',*,*,#3274,.F.);
#2446=ORIENTED_EDGE('',*,*,#3385,.F.);
#2447=ORIENTED_EDGE('',*,*,#3400,.T.);
#2448=ORIENTED_EDGE('',*,*,#3391,.F.);
#2449=ORIENTED_EDGE('',*,*,#3401,.F.);
#2450=ORIENTED_EDGE('',*,*,#3386,.T.);
#2451=ORIENTED_EDGE('',*,*,#3377,.T.);
#2452=ORIENTED_EDGE('',*,*,#3390,.T.);
#2453=ORIENTED_EDGE('',*,*,#3402,.F.);
#2454=ORIENTED_EDGE('',*,*,#3387,.F.);
#2455=ORIENTED_EDGE('',*,*,#3401,.T.);
#2456=ORIENTED_EDGE('',*,*,#3389,.F.);
#2457=ORIENTED_EDGE('',*,*,#3380,.F.);
#2458=ORIENTED_EDGE('',*,*,#3388,.T.);
#2459=ORIENTED_EDGE('',*,*,#3402,.T.);
#2460=ORIENTED_EDGE('',*,*,#3403,.T.);
#2461=ORIENTED_EDGE('',*,*,#2889,.T.);
#2462=ORIENTED_EDGE('',*,*,#3404,.F.);
#2463=ORIENTED_EDGE('',*,*,#3405,.T.);
#2464=ORIENTED_EDGE('',*,*,#3406,.F.);
#2465=ORIENTED_EDGE('',*,*,#2887,.T.);
#2466=ORIENTED_EDGE('',*,*,#3407,.T.);
#2467=ORIENTED_EDGE('',*,*,#3408,.F.);
#2468=ORIENTED_EDGE('',*,*,#3409,.T.);
#2469=ORIENTED_EDGE('',*,*,#2917,.F.);
#2470=ORIENTED_EDGE('',*,*,#3410,.F.);
#2471=ORIENTED_EDGE('',*,*,#3411,.T.);
#2472=ORIENTED_EDGE('',*,*,#2888,.F.);
#2473=ORIENTED_EDGE('',*,*,#3406,.T.);
#2474=ORIENTED_EDGE('',*,*,#3412,.F.);
#2475=ORIENTED_EDGE('',*,*,#3413,.T.);
#2476=ORIENTED_EDGE('',*,*,#3414,.F.);
#2477=ORIENTED_EDGE('',*,*,#3410,.T.);
#2478=ORIENTED_EDGE('',*,*,#3253,.F.);
#2479=ORIENTED_EDGE('',*,*,#3415,.T.);
#2480=ORIENTED_EDGE('',*,*,#3416,.T.);
#2481=ORIENTED_EDGE('',*,*,#3417,.T.);
#2482=ORIENTED_EDGE('',*,*,#3418,.T.);
#2483=ORIENTED_EDGE('',*,*,#3419,.T.);
#2484=ORIENTED_EDGE('',*,*,#3404,.T.);
#2485=ORIENTED_EDGE('',*,*,#3407,.F.);
#2486=ORIENTED_EDGE('',*,*,#2890,.T.);
#2487=ORIENTED_EDGE('',*,*,#3403,.F.);
#2488=ORIENTED_EDGE('',*,*,#3420,.F.);
#2489=ORIENTED_EDGE('',*,*,#3421,.F.);
#2490=ORIENTED_EDGE('',*,*,#3422,.F.);
#2491=ORIENTED_EDGE('',*,*,#3423,.F.);
#2492=ORIENTED_EDGE('',*,*,#3424,.F.);
#2493=ORIENTED_EDGE('',*,*,#3260,.T.);
#2494=ORIENTED_EDGE('',*,*,#3409,.F.);
#2495=ORIENTED_EDGE('',*,*,#3425,.T.);
#2496=ORIENTED_EDGE('',*,*,#3426,.F.);
#2497=ORIENTED_EDGE('',*,*,#3427,.T.);
#2498=ORIENTED_EDGE('',*,*,#3427,.F.);
#2499=ORIENTED_EDGE('',*,*,#3428,.F.);
#2500=ORIENTED_EDGE('',*,*,#3412,.T.);
#2501=ORIENTED_EDGE('',*,*,#3408,.T.);
#2502=ORIENTED_EDGE('',*,*,#3426,.T.);
#2503=ORIENTED_EDGE('',*,*,#3429,.F.);
#2504=ORIENTED_EDGE('',*,*,#3413,.F.);
#2505=ORIENTED_EDGE('',*,*,#3428,.T.);
#2506=ORIENTED_EDGE('',*,*,#3425,.F.);
#2507=ORIENTED_EDGE('',*,*,#3411,.F.);
#2508=ORIENTED_EDGE('',*,*,#3414,.T.);
#2509=ORIENTED_EDGE('',*,*,#3429,.T.);
#2510=ORIENTED_EDGE('',*,*,#3424,.T.);
#2511=ORIENTED_EDGE('',*,*,#3430,.F.);
#2512=ORIENTED_EDGE('',*,*,#3415,.F.);
#2513=ORIENTED_EDGE('',*,*,#3252,.T.);
#2514=ORIENTED_EDGE('',*,*,#3423,.T.);
#2515=ORIENTED_EDGE('',*,*,#3431,.F.);
#2516=ORIENTED_EDGE('',*,*,#3416,.F.);
#2517=ORIENTED_EDGE('',*,*,#3430,.T.);
#2518=ORIENTED_EDGE('',*,*,#3422,.T.);
#2519=ORIENTED_EDGE('',*,*,#3432,.F.);
#2520=ORIENTED_EDGE('',*,*,#3417,.F.);
#2521=ORIENTED_EDGE('',*,*,#3431,.T.);
#2522=ORIENTED_EDGE('',*,*,#3421,.T.);
#2523=ORIENTED_EDGE('',*,*,#3433,.F.);
#2524=ORIENTED_EDGE('',*,*,#3418,.F.);
#2525=ORIENTED_EDGE('',*,*,#3432,.T.);
#2526=ORIENTED_EDGE('',*,*,#3420,.T.);
#2527=ORIENTED_EDGE('',*,*,#3405,.F.);
#2528=ORIENTED_EDGE('',*,*,#3419,.F.);
#2529=ORIENTED_EDGE('',*,*,#3433,.T.);
#2530=ORIENTED_EDGE('',*,*,#3434,.F.);
#2531=ORIENTED_EDGE('',*,*,#2855,.T.);
#2532=ORIENTED_EDGE('',*,*,#3435,.T.);
#2533=ORIENTED_EDGE('',*,*,#3436,.F.);
#2534=ORIENTED_EDGE('',*,*,#3437,.F.);
#2535=ORIENTED_EDGE('',*,*,#2869,.F.);
#2536=ORIENTED_EDGE('',*,*,#3438,.T.);
#2537=ORIENTED_EDGE('',*,*,#3439,.F.);
#2538=ORIENTED_EDGE('',*,*,#3440,.T.);
#2539=ORIENTED_EDGE('',*,*,#2857,.T.);
#2540=ORIENTED_EDGE('',*,*,#3441,.F.);
#2541=ORIENTED_EDGE('',*,*,#3442,.T.);
#2542=ORIENTED_EDGE('',*,*,#2856,.F.);
#2543=ORIENTED_EDGE('',*,*,#3434,.T.);
#2544=ORIENTED_EDGE('',*,*,#3443,.T.);
#2545=ORIENTED_EDGE('',*,*,#3444,.T.);
#2546=ORIENTED_EDGE('',*,*,#3445,.T.);
#2547=ORIENTED_EDGE('',*,*,#3446,.T.);
#2548=ORIENTED_EDGE('',*,*,#3447,.T.);
#2549=ORIENTED_EDGE('',*,*,#3270,.T.);
#2550=ORIENTED_EDGE('',*,*,#3437,.T.);
#2551=ORIENTED_EDGE('',*,*,#3448,.F.);
#2552=ORIENTED_EDGE('',*,*,#3449,.T.);
#2553=ORIENTED_EDGE('',*,*,#3450,.F.);
#2554=ORIENTED_EDGE('',*,*,#3441,.T.);
#2555=ORIENTED_EDGE('',*,*,#3435,.F.);
#2556=ORIENTED_EDGE('',*,*,#2858,.T.);
#2557=ORIENTED_EDGE('',*,*,#3440,.F.);
#2558=ORIENTED_EDGE('',*,*,#3451,.T.);
#2559=ORIENTED_EDGE('',*,*,#3452,.F.);
#2560=ORIENTED_EDGE('',*,*,#3453,.T.);
#2561=ORIENTED_EDGE('',*,*,#3438,.F.);
#2562=ORIENTED_EDGE('',*,*,#3272,.F.);
#2563=ORIENTED_EDGE('',*,*,#3454,.F.);
#2564=ORIENTED_EDGE('',*,*,#3455,.F.);
#2565=ORIENTED_EDGE('',*,*,#3456,.F.);
#2566=ORIENTED_EDGE('',*,*,#3457,.F.);
#2567=ORIENTED_EDGE('',*,*,#3458,.F.);
#2568=ORIENTED_EDGE('',*,*,#3458,.T.);
#2569=ORIENTED_EDGE('',*,*,#3459,.F.);
#2570=ORIENTED_EDGE('',*,*,#3443,.F.);
#2571=ORIENTED_EDGE('',*,*,#3436,.T.);
#2572=ORIENTED_EDGE('',*,*,#3457,.T.);
#2573=ORIENTED_EDGE('',*,*,#3460,.F.);
#2574=ORIENTED_EDGE('',*,*,#3444,.F.);
#2575=ORIENTED_EDGE('',*,*,#3459,.T.);
#2576=ORIENTED_EDGE('',*,*,#3456,.T.);
#2577=ORIENTED_EDGE('',*,*,#3461,.F.);
#2578=ORIENTED_EDGE('',*,*,#3445,.F.);
#2579=ORIENTED_EDGE('',*,*,#3460,.T.);
#2580=ORIENTED_EDGE('',*,*,#3455,.T.);
#2581=ORIENTED_EDGE('',*,*,#3462,.F.);
#2582=ORIENTED_EDGE('',*,*,#3446,.F.);
#2583=ORIENTED_EDGE('',*,*,#3461,.T.);
#2584=ORIENTED_EDGE('',*,*,#3454,.T.);
#2585=ORIENTED_EDGE('',*,*,#3271,.F.);
#2586=ORIENTED_EDGE('',*,*,#3447,.F.);
#2587=ORIENTED_EDGE('',*,*,#3462,.T.);
#2588=ORIENTED_EDGE('',*,*,#3453,.F.);
#2589=ORIENTED_EDGE('',*,*,#3463,.F.);
#2590=ORIENTED_EDGE('',*,*,#3448,.T.);
#2591=ORIENTED_EDGE('',*,*,#3439,.T.);
#2592=ORIENTED_EDGE('',*,*,#3452,.T.);
#2593=ORIENTED_EDGE('',*,*,#3464,.F.);
#2594=ORIENTED_EDGE('',*,*,#3449,.F.);
#2595=ORIENTED_EDGE('',*,*,#3463,.T.);
#2596=ORIENTED_EDGE('',*,*,#3451,.F.);
#2597=ORIENTED_EDGE('',*,*,#3442,.F.);
#2598=ORIENTED_EDGE('',*,*,#3450,.T.);
#2599=ORIENTED_EDGE('',*,*,#3464,.T.);
#2600=ORIENTED_EDGE('',*,*,#3465,.F.);
#2601=ORIENTED_EDGE('',*,*,#2804,.T.);
#2602=ORIENTED_EDGE('',*,*,#3465,.T.);
#2603=ORIENTED_EDGE('',*,*,#3466,.F.);
#2604=ORIENTED_EDGE('',*,*,#2805,.T.);
#2605=ORIENTED_EDGE('',*,*,#3466,.T.);
#2606=ORIENTED_EDGE('',*,*,#2806,.T.);
#2607=ORIENTED_EDGE('',*,*,#3223,.F.);
#2608=ORIENTED_EDGE('',*,*,#3467,.F.);
#2609=ORIENTED_EDGE('',*,*,#3468,.T.);
#2610=ORIENTED_EDGE('',*,*,#2807,.T.);
#2611=ORIENTED_EDGE('',*,*,#3468,.F.);
#2612=ORIENTED_EDGE('',*,*,#3469,.F.);
#2613=ORIENTED_EDGE('',*,*,#3470,.T.);
#2614=ORIENTED_EDGE('',*,*,#2808,.T.);
#2615=ORIENTED_EDGE('',*,*,#3470,.F.);
#2616=ORIENTED_EDGE('',*,*,#3471,.F.);
#2617=ORIENTED_EDGE('',*,*,#3221,.T.);
#2618=ORIENTED_EDGE('',*,*,#3222,.F.);
#2619=ORIENTED_EDGE('',*,*,#3471,.T.);
#2620=ORIENTED_EDGE('',*,*,#3469,.T.);
#2621=ORIENTED_EDGE('',*,*,#3467,.T.);
#2622=ORIENTED_EDGE('',*,*,#3472,.F.);
#2623=ORIENTED_EDGE('',*,*,#3473,.F.);
#2624=ORIENTED_EDGE('',*,*,#3474,.F.);
#2625=ORIENTED_EDGE('',*,*,#3475,.F.);
#2626=ORIENTED_EDGE('',*,*,#3476,.T.);
#2627=ORIENTED_EDGE('',*,*,#3472,.T.);
#2628=ORIENTED_EDGE('',*,*,#3477,.T.);
#2629=ORIENTED_EDGE('',*,*,#3478,.F.);
#2630=ORIENTED_EDGE('',*,*,#3479,.F.);
#2631=ORIENTED_EDGE('',*,*,#3480,.F.);
#2632=ORIENTED_EDGE('',*,*,#3477,.F.);
#2633=ORIENTED_EDGE('',*,*,#3474,.T.);
#2634=ORIENTED_EDGE('',*,*,#3481,.T.);
#2635=ORIENTED_EDGE('',*,*,#3482,.T.);
#2636=ORIENTED_EDGE('',*,*,#3483,.T.);
#2637=ORIENTED_EDGE('',*,*,#3484,.T.);
#2638=ORIENTED_EDGE('',*,*,#3485,.T.);
#2639=ORIENTED_EDGE('',*,*,#3486,.F.);
#2640=ORIENTED_EDGE('',*,*,#3487,.F.);
#2641=ORIENTED_EDGE('',*,*,#3488,.F.);
#2642=ORIENTED_EDGE('',*,*,#3489,.F.);
#2643=ORIENTED_EDGE('',*,*,#3490,.T.);
#2644=ORIENTED_EDGE('',*,*,#3491,.T.);
#2645=ORIENTED_EDGE('',*,*,#3492,.F.);
#2646=ORIENTED_EDGE('',*,*,#3493,.F.);
#2647=ORIENTED_EDGE('',*,*,#3494,.T.);
#2648=ORIENTED_EDGE('',*,*,#3495,.T.);
#2649=ORIENTED_EDGE('',*,*,#3496,.T.);
#2650=ORIENTED_EDGE('',*,*,#3497,.F.);
#2651=ORIENTED_EDGE('',*,*,#3498,.F.);
#2652=ORIENTED_EDGE('',*,*,#3499,.T.);
#2653=ORIENTED_EDGE('',*,*,#3500,.T.);
#2654=ORIENTED_EDGE('',*,*,#3501,.F.);
#2655=ORIENTED_EDGE('',*,*,#3502,.T.);
#2656=ORIENTED_EDGE('',*,*,#3503,.T.);
#2657=ORIENTED_EDGE('',*,*,#3504,.F.);
#2658=ORIENTED_EDGE('',*,*,#3481,.F.);
#2659=ORIENTED_EDGE('',*,*,#3505,.F.);
#2660=ORIENTED_EDGE('',*,*,#3506,.T.);
#2661=ORIENTED_EDGE('',*,*,#3507,.T.);
#2662=ORIENTED_EDGE('',*,*,#3485,.F.);
#2663=ORIENTED_EDGE('',*,*,#3508,.T.);
#2664=ORIENTED_EDGE('',*,*,#3509,.T.);
#2665=ORIENTED_EDGE('',*,*,#3510,.T.);
#2666=ORIENTED_EDGE('',*,*,#3511,.T.);
#2667=ORIENTED_EDGE('',*,*,#3512,.F.);
#2668=ORIENTED_EDGE('',*,*,#3513,.F.);
#2669=ORIENTED_EDGE('',*,*,#3475,.T.);
#2670=ORIENTED_EDGE('',*,*,#3514,.F.);
#2671=ORIENTED_EDGE('',*,*,#3515,.T.);
#2672=ORIENTED_EDGE('',*,*,#3516,.T.);
#2673=ORIENTED_EDGE('',*,*,#3517,.F.);
#2674=ORIENTED_EDGE('',*,*,#3518,.F.);
#2675=ORIENTED_EDGE('',*,*,#3519,.F.);
#2676=ORIENTED_EDGE('',*,*,#3520,.F.);
#2677=ORIENTED_EDGE('',*,*,#3521,.F.);
#2678=ORIENTED_EDGE('',*,*,#3500,.F.);
#2679=ORIENTED_EDGE('',*,*,#3522,.T.);
#2680=ORIENTED_EDGE('',*,*,#3501,.T.);
#2681=ORIENTED_EDGE('',*,*,#3523,.F.);
#2682=ORIENTED_EDGE('',*,*,#3512,.T.);
#2683=ORIENTED_EDGE('',*,*,#3524,.T.);
#2684=ORIENTED_EDGE('',*,*,#3490,.F.);
#2685=ORIENTED_EDGE('',*,*,#3525,.F.);
#2686=ORIENTED_EDGE('',*,*,#3503,.F.);
#2687=ORIENTED_EDGE('',*,*,#3526,.T.);
#2688=ORIENTED_EDGE('',*,*,#3498,.T.);
#2689=ORIENTED_EDGE('',*,*,#3527,.F.);
#2690=ORIENTED_EDGE('',*,*,#3492,.T.);
#2691=ORIENTED_EDGE('',*,*,#3528,.T.);
#2692=ORIENTED_EDGE('',*,*,#3510,.F.);
#2693=ORIENTED_EDGE('',*,*,#3529,.T.);
#2694=ORIENTED_EDGE('',*,*,#3487,.T.);
#2695=ORIENTED_EDGE('',*,*,#3530,.F.);
#2696=ORIENTED_EDGE('',*,*,#3531,.T.);
#2697=ORIENTED_EDGE('',*,*,#3530,.T.);
#2698=ORIENTED_EDGE('',*,*,#3486,.T.);
#2699=ORIENTED_EDGE('',*,*,#3507,.F.);
#2700=ORIENTED_EDGE('',*,*,#3532,.T.);
#2701=ORIENTED_EDGE('',*,*,#3505,.T.);
#2702=ORIENTED_EDGE('',*,*,#3488,.T.);
#2703=ORIENTED_EDGE('',*,*,#3529,.F.);
#2704=ORIENTED_EDGE('',*,*,#3533,.T.);
#2705=ORIENTED_EDGE('',*,*,#3495,.F.);
#2706=ORIENTED_EDGE('',*,*,#3534,.T.);
#2707=ORIENTED_EDGE('',*,*,#3517,.T.);
#2708=ORIENTED_EDGE('',*,*,#3535,.T.);
#2709=ORIENTED_EDGE('',*,*,#3515,.F.);
#2710=ORIENTED_EDGE('',*,*,#3536,.T.);
#2711=ORIENTED_EDGE('',*,*,#3493,.T.);
#2712=ORIENTED_EDGE('',*,*,#3537,.T.);
#2713=ORIENTED_EDGE('',*,*,#3538,.F.);
#2714=ORIENTED_EDGE('',*,*,#3539,.F.);
#2715=ORIENTED_EDGE('',*,*,#3540,.F.);
#2716=ORIENTED_EDGE('',*,*,#3541,.F.);
#2717=ORIENTED_EDGE('',*,*,#3538,.T.);
#2718=ORIENTED_EDGE('',*,*,#3542,.F.);
#2719=ORIENTED_EDGE('',*,*,#3483,.F.);
#2720=ORIENTED_EDGE('',*,*,#3480,.T.);
#2721=ORIENTED_EDGE('',*,*,#3543,.T.);
#2722=ORIENTED_EDGE('',*,*,#3518,.T.);
#2723=ORIENTED_EDGE('',*,*,#3534,.F.);
#2724=ORIENTED_EDGE('',*,*,#3494,.F.);
#2725=ORIENTED_EDGE('',*,*,#3536,.F.);
#2726=ORIENTED_EDGE('',*,*,#3514,.T.);
#2727=ORIENTED_EDGE('',*,*,#3478,.T.);
#2728=ORIENTED_EDGE('',*,*,#3540,.T.);
#2729=ORIENTED_EDGE('',*,*,#3544,.T.);
#2730=ORIENTED_EDGE('',*,*,#3508,.F.);
#2731=ORIENTED_EDGE('',*,*,#3484,.F.);
#2732=ORIENTED_EDGE('',*,*,#3542,.T.);
#2733=ORIENTED_EDGE('',*,*,#3479,.T.);
#2734=ORIENTED_EDGE('',*,*,#3473,.T.);
#2735=ORIENTED_EDGE('',*,*,#3476,.F.);
#2736=ORIENTED_EDGE('',*,*,#3513,.T.);
#2737=ORIENTED_EDGE('',*,*,#3545,.F.);
#2738=ORIENTED_EDGE('',*,*,#3546,.F.);
#2739=ORIENTED_EDGE('',*,*,#3547,.T.);
#2740=ORIENTED_EDGE('',*,*,#3519,.T.);
#2741=ORIENTED_EDGE('',*,*,#3543,.F.);
#2742=ORIENTED_EDGE('',*,*,#3523,.T.);
#2743=ORIENTED_EDGE('',*,*,#3489,.T.);
#2744=ORIENTED_EDGE('',*,*,#3527,.T.);
#2745=ORIENTED_EDGE('',*,*,#3548,.F.);
#2746=ORIENTED_EDGE('',*,*,#3549,.F.);
#2747=ORIENTED_EDGE('',*,*,#3545,.T.);
#2748=ORIENTED_EDGE('',*,*,#3504,.T.);
#2749=ORIENTED_EDGE('',*,*,#3550,.F.);
#2750=ORIENTED_EDGE('',*,*,#3551,.F.);
#2751=ORIENTED_EDGE('',*,*,#3548,.T.);
#2752=ORIENTED_EDGE('',*,*,#3509,.F.);
#2753=ORIENTED_EDGE('',*,*,#3544,.F.);
#2754=ORIENTED_EDGE('',*,*,#3539,.T.);
#2755=ORIENTED_EDGE('',*,*,#3541,.T.);
#2756=ORIENTED_EDGE('',*,*,#3482,.F.);
#2757=ORIENTED_EDGE('',*,*,#3525,.T.);
#2758=ORIENTED_EDGE('',*,*,#3497,.T.);
#2759=ORIENTED_EDGE('',*,*,#3521,.T.);
#2760=ORIENTED_EDGE('',*,*,#3547,.F.);
#2761=ORIENTED_EDGE('',*,*,#3552,.F.);
#2762=ORIENTED_EDGE('',*,*,#3550,.T.);
#2763=ORIENTED_EDGE('',*,*,#3546,.T.);
#2764=ORIENTED_EDGE('',*,*,#3549,.T.);
#2765=ORIENTED_EDGE('',*,*,#3551,.T.);
#2766=ORIENTED_EDGE('',*,*,#3552,.T.);
#2767=ORIENTED_EDGE('',*,*,#3502,.F.);
#2768=ORIENTED_EDGE('',*,*,#3522,.F.);
#2769=ORIENTED_EDGE('',*,*,#3499,.F.);
#2770=ORIENTED_EDGE('',*,*,#3526,.F.);
#2771=ORIENTED_EDGE('',*,*,#3491,.F.);
#2772=ORIENTED_EDGE('',*,*,#3524,.F.);
#2773=ORIENTED_EDGE('',*,*,#3511,.F.);
#2774=ORIENTED_EDGE('',*,*,#3528,.F.);
#2775=ORIENTED_EDGE('',*,*,#3531,.F.);
#2776=ORIENTED_EDGE('',*,*,#3532,.F.);
#2777=ORIENTED_EDGE('',*,*,#3506,.F.);
#2778=ORIENTED_EDGE('',*,*,#3533,.F.);
#2779=ORIENTED_EDGE('',*,*,#3496,.F.);
#2780=ORIENTED_EDGE('',*,*,#3535,.F.);
#2781=ORIENTED_EDGE('',*,*,#3516,.F.);
#2782=ORIENTED_EDGE('',*,*,#3537,.F.);
#2783=ORIENTED_EDGE('',*,*,#3553,.T.);
#2784=ORIENTED_EDGE('',*,*,#3553,.F.);
#2785=ORIENTED_EDGE('',*,*,#3520,.T.);
#2786=EDGE_CURVE('',#3554,#3555,#4062,.F.);
#2787=EDGE_CURVE('',#3554,#3556,#194,.T.);
#2788=EDGE_CURVE('',#3556,#3557,#195,.T.);
#2789=EDGE_CURVE('',#3558,#3557,#196,.T.);
#2790=EDGE_CURVE('',#3558,#3559,#197,.T.);
#2791=EDGE_CURVE('',#3559,#3560,#198,.T.);
#2792=EDGE_CURVE('',#3561,#3560,#199,.T.);
#2793=EDGE_CURVE('',#3562,#3561,#200,.T.);
#2794=EDGE_CURVE('',#3562,#3563,#201,.T.);
#2795=EDGE_CURVE('',#3563,#3564,#202,.T.);
#2796=EDGE_CURVE('',#3565,#3564,#203,.T.);
#2797=EDGE_CURVE('',#3566,#3565,#204,.T.);
#2798=EDGE_CURVE('',#3566,#3567,#205,.T.);
#2799=EDGE_CURVE('',#3567,#3568,#206,.T.);
#2800=EDGE_CURVE('',#3568,#3569,#207,.T.);
#2801=EDGE_CURVE('',#3569,#3570,#208,.T.);
#2802=EDGE_CURVE('',#3571,#3570,#4063,.F.);
#2803=EDGE_CURVE('',#3555,#3571,#209,.T.);
#2804=EDGE_CURVE('',#3572,#3572,#4064,.F.);
#2805=EDGE_CURVE('',#3573,#3573,#4065,.F.);
#2806=EDGE_CURVE('',#3574,#3575,#210,.T.);
#2807=EDGE_CURVE('',#3576,#3574,#211,.T.);
#2808=EDGE_CURVE('',#3577,#3576,#212,.T.);
#2809=EDGE_CURVE('',#3578,#3577,#4066,.T.);
#2810=EDGE_CURVE('',#3579,#3578,#4067,.T.);
#2811=EDGE_CURVE('',#3579,#3580,#4068,.T.);
#2812=EDGE_CURVE('',#3581,#3580,#213,.T.);
#2813=EDGE_CURVE('',#3582,#3581,#4069,.T.);
#2814=EDGE_CURVE('',#3583,#3582,#214,.T.);
#2815=EDGE_CURVE('',#3583,#3584,#4070,.T.);
#2816=EDGE_CURVE('',#3585,#3584,#4071,.T.);
#2817=EDGE_CURVE('',#3586,#3585,#4072,.T.);
#2818=EDGE_CURVE('',#3587,#3586,#4073,.T.);
#2819=EDGE_CURVE('',#3587,#3588,#4074,.T.);
#2820=EDGE_CURVE('',#3588,#3589,#215,.T.);
#2821=EDGE_CURVE('',#3590,#3589,#4075,.T.);
#2822=EDGE_CURVE('',#3590,#3591,#216,.T.);
#2823=EDGE_CURVE('',#3591,#3592,#4076,.T.);
#2824=EDGE_CURVE('',#3593,#3592,#4077,.T.);
#2825=EDGE_CURVE('',#3575,#3593,#4078,.T.);
#2826=EDGE_CURVE('',#3594,#3594,#4079,.T.);
#2827=EDGE_CURVE('',#3595,#3596,#217,.T.);
#2828=EDGE_CURVE('',#3596,#3597,#218,.T.);
#2829=EDGE_CURVE('',#3597,#3598,#4080,.T.);
#2830=EDGE_CURVE('',#3599,#3598,#219,.T.);
#2831=EDGE_CURVE('',#3599,#3600,#4081,.T.);
#2832=EDGE_CURVE('',#3601,#3600,#220,.T.);
#2833=EDGE_CURVE('',#3601,#3602,#221,.T.);
#2834=EDGE_CURVE('',#3602,#3603,#4082,.T.);
#2835=EDGE_CURVE('',#3603,#3604,#222,.T.);
#2836=EDGE_CURVE('',#3604,#3605,#4083,.T.);
#2837=EDGE_CURVE('',#3605,#3606,#223,.T.);
#2838=EDGE_CURVE('',#3607,#3606,#224,.T.);
#2839=EDGE_CURVE('',#3608,#3607,#4084,.T.);
#2840=EDGE_CURVE('',#3608,#3609,#225,.T.);
#2841=EDGE_CURVE('',#3610,#3609,#4085,.T.);
#2842=EDGE_CURVE('',#3610,#3611,#226,.T.);
#2843=EDGE_CURVE('',#3611,#3612,#227,.T.);
#2844=EDGE_CURVE('',#3612,#3613,#4086,.T.);
#2845=EDGE_CURVE('',#3613,#3614,#228,.T.);
#2846=EDGE_CURVE('',#3614,#3595,#4087,.T.);
#2847=EDGE_CURVE('',#3615,#3596,#4088,.T.);
#2848=EDGE_CURVE('',#3615,#3616,#229,.T.);
#2849=EDGE_CURVE('',#3617,#3616,#58,.T.);
#2850=EDGE_CURVE('',#3597,#3617,#4089,.T.);
#2851=EDGE_CURVE('',#3611,#3618,#4090,.T.);
#2852=EDGE_CURVE('',#3619,#3610,#4091,.T.);
#2853=EDGE_CURVE('',#3620,#3619,#59,.F.);
#2854=EDGE_CURVE('',#3620,#3618,#230,.T.);
#2855=EDGE_CURVE('',#3621,#3622,#231,.T.);
#2856=EDGE_CURVE('',#3621,#3623,#232,.T.);
#2857=EDGE_CURVE('',#3624,#3623,#233,.T.);
#2858=EDGE_CURVE('',#3622,#3624,#234,.T.);
#2859=EDGE_CURVE('',#3625,#3626,#235,.T.);
#2860=EDGE_CURVE('',#3625,#3627,#236,.T.);
#2861=EDGE_CURVE('',#3628,#3627,#237,.T.);
#2862=EDGE_CURVE('',#3626,#3628,#238,.T.);
#2863=EDGE_CURVE('',#3629,#3630,#239,.T.);
#2864=EDGE_CURVE('',#3629,#3631,#240,.T.);
#2865=EDGE_CURVE('',#3632,#3631,#241,.T.);
#2866=EDGE_CURVE('',#3630,#3632,#242,.T.);
#2867=EDGE_CURVE('',#3633,#3615,#243,.T.);
#2868=EDGE_CURVE('',#3633,#3634,#244,.T.);
#2869=EDGE_CURVE('',#3634,#3635,#245,.T.);
#2870=EDGE_CURVE('',#3635,#3636,#246,.T.);
#2871=EDGE_CURVE('',#3636,#3637,#247,.T.);
#2872=EDGE_CURVE('',#3637,#3638,#248,.T.);
#2873=EDGE_CURVE('',#3638,#3639,#249,.T.);
#2874=EDGE_CURVE('',#3639,#3640,#250,.T.);
#2875=EDGE_CURVE('',#3640,#3618,#251,.T.);
#2876=EDGE_CURVE('',#3620,#3641,#252,.T.);
#2877=EDGE_CURVE('',#3641,#3642,#253,.T.);
#2878=EDGE_CURVE('',#3616,#3642,#254,.T.);
#2879=EDGE_CURVE('',#3601,#3643,#4092,.T.);
#2880=EDGE_CURVE('',#3600,#3644,#4093,.T.);
#2881=EDGE_CURVE('',#3645,#3644,#60,.F.);
#2882=EDGE_CURVE('',#3643,#3645,#255,.T.);
#2883=EDGE_CURVE('',#3646,#3606,#4094,.T.);
#2884=EDGE_CURVE('',#3647,#3646,#256,.T.);
#2885=EDGE_CURVE('',#3648,#3647,#61,.T.);
#2886=EDGE_CURVE('',#3648,#3607,#4095,.T.);
#2887=EDGE_CURVE('',#3649,#3650,#257,.T.);
#2888=EDGE_CURVE('',#3649,#3651,#258,.T.);
#2889=EDGE_CURVE('',#3652,#3651,#259,.T.);
#2890=EDGE_CURVE('',#3650,#3652,#260,.T.);
#2891=EDGE_CURVE('',#3653,#3654,#261,.T.);
#2892=EDGE_CURVE('',#3653,#3655,#262,.T.);
#2893=EDGE_CURVE('',#3656,#3655,#263,.T.);
#2894=EDGE_CURVE('',#3654,#3656,#264,.T.);
#2895=EDGE_CURVE('',#3657,#3658,#265,.T.);
#2896=EDGE_CURVE('',#3657,#3659,#266,.T.);
#2897=EDGE_CURVE('',#3660,#3659,#267,.T.);
#2898=EDGE_CURVE('',#3658,#3660,#268,.T.);
#2899=EDGE_CURVE('',#3661,#3643,#269,.T.);
#2900=EDGE_CURVE('',#3645,#3662,#270,.T.);
#2901=EDGE_CURVE('',#3662,#3663,#271,.T.);
#2902=EDGE_CURVE('',#3663,#3664,#272,.T.);
#2903=EDGE_CURVE('',#3665,#3664,#273,.T.);
#2904=EDGE_CURVE('',#3665,#3666,#274,.T.);
#2905=EDGE_CURVE('',#3667,#3666,#275,.T.);
#2906=EDGE_CURVE('',#3668,#3667,#276,.T.);
#2907=EDGE_CURVE('',#3669,#3668,#277,.T.);
#2908=EDGE_CURVE('',#3670,#3669,#278,.T.);
#2909=EDGE_CURVE('',#3670,#3671,#279,.T.);
#2910=EDGE_CURVE('',#3647,#3671,#280,.T.);
#2911=EDGE_CURVE('',#3672,#3646,#281,.T.);
#2912=EDGE_CURVE('',#3672,#3673,#282,.T.);
#2913=EDGE_CURVE('',#3673,#3674,#283,.T.);
#2914=EDGE_CURVE('',#3674,#3675,#284,.T.);
#2915=EDGE_CURVE('',#3675,#3676,#285,.T.);
#2916=EDGE_CURVE('',#3676,#3677,#286,.T.);
#2917=EDGE_CURVE('',#3677,#3678,#287,.T.);
#2918=EDGE_CURVE('',#3678,#3661,#288,.T.);
#2919=EDGE_CURVE('',#3679,#3680,#289,.T.);
#2920=EDGE_CURVE('',#3679,#3681,#290,.T.);
#2921=EDGE_CURVE('',#3682,#3681,#291,.T.);
#2922=EDGE_CURVE('',#3682,#3683,#292,.T.);
#2923=EDGE_CURVE('',#3684,#3683,#293,.T.);
#2924=EDGE_CURVE('',#3685,#3684,#294,.T.);
#2925=EDGE_CURVE('',#3686,#3685,#295,.T.);
#2926=EDGE_CURVE('',#3687,#3686,#296,.T.);
#2927=EDGE_CURVE('',#3688,#3687,#297,.T.);
#2928=EDGE_CURVE('',#3688,#3689,#4096,.T.);
#2929=EDGE_CURVE('',#3689,#3690,#298,.T.);
#2930=EDGE_CURVE('',#3690,#3691,#4097,.T.);
#2931=EDGE_CURVE('',#3691,#3692,#299,.T.);
#2932=EDGE_CURVE('',#3693,#3692,#300,.T.);
#2933=EDGE_CURVE('',#3693,#3694,#301,.T.);
#2934=EDGE_CURVE('',#3695,#3694,#302,.T.);
#2935=EDGE_CURVE('',#3696,#3695,#303,.T.);
#2936=EDGE_CURVE('',#3697,#3696,#304,.T.);
#2937=EDGE_CURVE('',#3698,#3697,#4098,.F.);
#2938=EDGE_CURVE('',#3698,#3699,#305,.T.);
#2939=EDGE_CURVE('',#3700,#3699,#4099,.F.);
#2940=EDGE_CURVE('',#3701,#3700,#306,.T.);
#2941=EDGE_CURVE('',#3702,#3701,#307,.T.);
#2942=EDGE_CURVE('',#3702,#3703,#308,.T.);
#2943=EDGE_CURVE('',#3703,#3704,#309,.T.);
#2944=EDGE_CURVE('',#3704,#3705,#310,.T.);
#2945=EDGE_CURVE('',#3705,#3706,#311,.T.);
#2946=EDGE_CURVE('',#3706,#3707,#4100,.T.);
#2947=EDGE_CURVE('',#3707,#3708,#312,.T.);
#2948=EDGE_CURVE('',#3708,#3680,#4101,.T.);
#2949=EDGE_CURVE('',#3709,#3709,#4102,.T.);
#2950=EDGE_CURVE('',#3710,#3711,#313,.T.);
#2951=EDGE_CURVE('',#3712,#3710,#4103,.T.);
#2952=EDGE_CURVE('',#3712,#3713,#4104,.T.);
#2953=EDGE_CURVE('',#3713,#3714,#4105,.T.);
#2954=EDGE_CURVE('',#3714,#3715,#4106,.T.);
#2955=EDGE_CURVE('',#3716,#3715,#4107,.T.);
#2956=EDGE_CURVE('',#3716,#3717,#314,.T.);
#2957=EDGE_CURVE('',#3717,#3718,#4108,.T.);
#2958=EDGE_CURVE('',#3718,#3719,#315,.T.);
#2959=EDGE_CURVE('',#3720,#3719,#4109,.T.);
#2960=EDGE_CURVE('',#3720,#3721,#4110,.T.);
#2961=EDGE_CURVE('',#3721,#3722,#4111,.T.);
#2962=EDGE_CURVE('',#3722,#3723,#4112,.T.);
#2963=EDGE_CURVE('',#3724,#3723,#4113,.T.);
#2964=EDGE_CURVE('',#3725,#3724,#316,.T.);
#2965=EDGE_CURVE('',#3725,#3711,#4114,.T.);
#2966=EDGE_CURVE('',#3726,#3727,#62,.T.);
#2967=EDGE_CURVE('',#3728,#3726,#317,.T.);
#2968=EDGE_CURVE('',#3728,#3729,#63,.T.);
#2969=EDGE_CURVE('',#3729,#3727,#318,.T.);
#2970=EDGE_CURVE('',#3710,#3716,#64,.T.);
#2971=EDGE_CURVE('',#3711,#3717,#65,.T.);
#2972=EDGE_CURVE('',#3730,#3731,#66,.T.);
#2973=EDGE_CURVE('',#3730,#3732,#319,.T.);
#2974=EDGE_CURVE('',#3732,#3733,#67,.T.);
#2975=EDGE_CURVE('',#3731,#3733,#320,.T.);
#2976=EDGE_CURVE('',#3719,#3724,#68,.T.);
#2977=EDGE_CURVE('',#3718,#3725,#69,.T.);
#2978=EDGE_CURVE('',#3731,#3590,#70,.T.);
#2979=EDGE_CURVE('',#3589,#3726,#71,.T.);
#2980=EDGE_CURVE('',#3727,#3582,#72,.T.);
#2981=EDGE_CURVE('',#3581,#3730,#73,.T.);
#2982=EDGE_CURVE('',#3588,#3728,#74,.T.);
#2983=EDGE_CURVE('',#3712,#3587,#321,.T.);
#2984=EDGE_CURVE('',#3715,#3584,#322,.T.);
#2985=EDGE_CURVE('',#3729,#3583,#75,.T.);
#2986=EDGE_CURVE('',#3733,#3591,#76,.T.);
#2987=EDGE_CURVE('',#3580,#3732,#77,.T.);
#2988=EDGE_CURVE('',#3720,#3579,#323,.T.);
#2989=EDGE_CURVE('',#3723,#3592,#324,.T.);
#2990=EDGE_CURVE('',#3734,#3734,#4115,.T.);
#2991=EDGE_CURVE('',#3735,#3735,#4116,.T.);
#2992=EDGE_CURVE('',#3736,#3737,#325,.T.);
#2993=EDGE_CURVE('',#3738,#3737,#326,.T.);
#2994=EDGE_CURVE('',#3739,#3738,#327,.T.);
#2995=EDGE_CURVE('',#3739,#3736,#328,.T.);
#2996=EDGE_CURVE('',#3737,#3740,#36,.F.);
#2997=EDGE_CURVE('',#3740,#3741,#329,.T.);
#2998=EDGE_CURVE('',#3741,#3742,#330,.T.);
#2999=EDGE_CURVE('',#3743,#3742,#331,.T.);
#3000=EDGE_CURVE('',#3744,#3743,#332,.T.);
#3001=EDGE_CURVE('',#3745,#3744,#333,.T.);
#3002=EDGE_CURVE('',#3745,#3738,#37,.F.);
#3003=EDGE_CURVE('',#3746,#3747,#38,.F.);
#3004=EDGE_CURVE('',#3747,#3736,#39,.F.);
#3005=EDGE_CURVE('',#3739,#3748,#40,.F.);
#3006=EDGE_CURVE('',#3748,#3749,#41,.F.);
#3007=EDGE_CURVE('',#3749,#3746,#334,.T.);
#3008=EDGE_CURVE('',#3750,#3751,#335,.T.);
#3009=EDGE_CURVE('',#3750,#3752,#336,.T.);
#3010=EDGE_CURVE('',#3752,#3753,#337,.T.);
#3011=EDGE_CURVE('',#3751,#3753,#338,.T.);
#3012=EDGE_CURVE('',#3754,#3740,#339,.T.);
#3013=EDGE_CURVE('',#3755,#3754,#340,.T.);
#3014=EDGE_CURVE('',#3755,#3756,#341,.T.);
#3015=EDGE_CURVE('',#3756,#3757,#342,.T.);
#3016=EDGE_CURVE('',#3758,#3757,#343,.T.);
#3017=EDGE_CURVE('',#3759,#3758,#344,.T.);
#3018=EDGE_CURVE('',#3759,#3760,#345,.T.);
#3019=EDGE_CURVE('',#3760,#3761,#346,.T.);
#3020=EDGE_CURVE('',#3761,#3741,#347,.T.);
#3021=EDGE_CURVE('',#3762,#3763,#348,.T.);
#3022=EDGE_CURVE('',#3762,#3764,#349,.T.);
#3023=EDGE_CURVE('',#3764,#3765,#350,.T.);
#3024=EDGE_CURVE('',#3763,#3765,#351,.T.);
#3025=EDGE_CURVE('',#3766,#3767,#352,.T.);
#3026=EDGE_CURVE('',#3766,#3745,#353,.T.);
#3027=EDGE_CURVE('',#3768,#3744,#354,.T.);
#3028=EDGE_CURVE('',#3769,#3768,#355,.T.);
#3029=EDGE_CURVE('',#3770,#3769,#356,.T.);
#3030=EDGE_CURVE('',#3771,#3770,#357,.T.);
#3031=EDGE_CURVE('',#3771,#3772,#358,.T.);
#3032=EDGE_CURVE('',#3773,#3772,#359,.T.);
#3033=EDGE_CURVE('',#3767,#3773,#360,.T.);
#3034=EDGE_CURVE('',#3774,#3775,#361,.T.);
#3035=EDGE_CURVE('',#3775,#3664,#42,.F.);
#3036=EDGE_CURVE('',#3663,#3774,#4117,.T.);
#3037=EDGE_CURVE('',#3776,#3777,#362,.T.);
#3038=EDGE_CURVE('',#3777,#3778,#43,.F.);
#3039=EDGE_CURVE('',#3779,#3778,#363,.T.);
#3040=EDGE_CURVE('',#3779,#3776,#4118,.T.);
#3041=EDGE_CURVE('',#3780,#3781,#364,.T.);
#3042=EDGE_CURVE('',#3781,#3782,#44,.F.);
#3043=EDGE_CURVE('',#3783,#3782,#365,.T.);
#3044=EDGE_CURVE('',#3783,#3780,#4119,.T.);
#3045=EDGE_CURVE('',#3669,#3784,#45,.F.);
#3046=EDGE_CURVE('',#3785,#3784,#366,.T.);
#3047=EDGE_CURVE('',#3785,#3670,#4120,.T.);
#3048=EDGE_CURVE('',#3758,#3662,#4121,.F.);
#3049=EDGE_CURVE('',#3644,#3786,#78,.T.);
#3050=EDGE_CURVE('',#3759,#3786,#79,.F.);
#3051=EDGE_CURVE('',#3671,#3771,#4122,.F.);
#3052=EDGE_CURVE('',#3787,#3770,#80,.T.);
#3053=EDGE_CURVE('',#3787,#3648,#81,.T.);
#3054=EDGE_CURVE('',#3788,#3760,#82,.T.);
#3055=EDGE_CURVE('',#3788,#3617,#83,.T.);
#3056=EDGE_CURVE('',#3742,#3642,#4123,.T.);
#3057=EDGE_CURVE('',#3761,#3742,#4124,.T.);
#3058=EDGE_CURVE('',#3619,#3789,#84,.T.);
#3059=EDGE_CURVE('',#3769,#3789,#85,.F.);
#3060=EDGE_CURVE('',#3743,#3768,#4125,.T.);
#3061=EDGE_CURVE('',#3641,#3743,#4126,.T.);
#3062=EDGE_CURVE('',#3747,#3754,#86,.T.);
#3063=EDGE_CURVE('',#3666,#3746,#4127,.T.);
#3064=EDGE_CURVE('',#3755,#3665,#4128,.F.);
#3065=EDGE_CURVE('',#3598,#3788,#4129,.T.);
#3066=EDGE_CURVE('',#3599,#3786,#4130,.T.);
#3067=EDGE_CURVE('',#3766,#3748,#87,.F.);
#3068=EDGE_CURVE('',#3668,#3767,#4131,.F.);
#3069=EDGE_CURVE('',#3749,#3667,#4132,.T.);
#3070=EDGE_CURVE('',#3789,#3609,#4133,.T.);
#3071=EDGE_CURVE('',#3787,#3608,#4134,.T.);
#3072=EDGE_CURVE('',#3790,#3791,#367,.T.);
#3073=EDGE_CURVE('',#3791,#3792,#368,.T.);
#3074=EDGE_CURVE('',#3792,#3793,#369,.T.);
#3075=EDGE_CURVE('',#3793,#3794,#370,.T.);
#3076=EDGE_CURVE('',#3795,#3794,#371,.T.);
#3077=EDGE_CURVE('',#3796,#3795,#372,.T.);
#3078=EDGE_CURVE('',#3796,#3797,#373,.T.);
#3079=EDGE_CURVE('',#3797,#3798,#374,.T.);
#3080=EDGE_CURVE('',#3798,#3799,#375,.T.);
#3081=EDGE_CURVE('',#3790,#3799,#376,.T.);
#3082=EDGE_CURVE('',#3800,#3801,#377,.T.);
#3083=EDGE_CURVE('',#3800,#3802,#378,.T.);
#3084=EDGE_CURVE('',#3802,#3803,#379,.T.);
#3085=EDGE_CURVE('',#3803,#3804,#380,.T.);
#3086=EDGE_CURVE('',#3804,#3805,#381,.T.);
#3087=EDGE_CURVE('',#3805,#3806,#382,.T.);
#3088=EDGE_CURVE('',#3806,#3807,#383,.T.);
#3089=EDGE_CURVE('',#3807,#3808,#384,.T.);
#3090=EDGE_CURVE('',#3808,#3809,#385,.T.);
#3091=EDGE_CURVE('',#3809,#3810,#386,.T.);
#3092=EDGE_CURVE('',#3811,#3810,#387,.T.);
#3093=EDGE_CURVE('',#3811,#3801,#388,.T.);
#3094=EDGE_CURVE('',#3812,#3813,#389,.T.);
#3095=EDGE_CURVE('',#3812,#3814,#390,.T.);
#3096=EDGE_CURVE('',#3814,#3815,#391,.T.);
#3097=EDGE_CURVE('',#3815,#3816,#392,.T.);
#3098=EDGE_CURVE('',#3816,#3817,#393,.T.);
#3099=EDGE_CURVE('',#3817,#3818,#394,.T.);
#3100=EDGE_CURVE('',#3818,#3819,#395,.T.);
#3101=EDGE_CURVE('',#3819,#3820,#396,.T.);
#3102=EDGE_CURVE('',#3821,#3820,#397,.T.);
#3103=EDGE_CURVE('',#3821,#3813,#398,.T.);
#3104=EDGE_CURVE('',#3822,#3823,#399,.T.);
#3105=EDGE_CURVE('',#3823,#3824,#400,.T.);
#3106=EDGE_CURVE('',#3824,#3825,#401,.T.);
#3107=EDGE_CURVE('',#3825,#3826,#402,.T.);
#3108=EDGE_CURVE('',#3827,#3826,#403,.T.);
#3109=EDGE_CURVE('',#3828,#3827,#404,.T.);
#3110=EDGE_CURVE('',#3828,#3829,#405,.T.);
#3111=EDGE_CURVE('',#3829,#3830,#406,.T.);
#3112=EDGE_CURVE('',#3830,#3831,#407,.T.);
#3113=EDGE_CURVE('',#3831,#3832,#408,.T.);
#3114=EDGE_CURVE('',#3832,#3833,#409,.T.);
#3115=EDGE_CURVE('',#3822,#3833,#410,.T.);
#3116=EDGE_CURVE('',#3792,#3800,#411,.T.);
#3117=EDGE_CURVE('',#3801,#3793,#412,.T.);
#3118=EDGE_CURVE('',#3824,#3812,#413,.T.);
#3119=EDGE_CURVE('',#3813,#3825,#414,.T.);
#3120=EDGE_CURVE('',#3791,#3802,#415,.T.);
#3121=EDGE_CURVE('',#3559,#3790,#4135,.T.);
#3122=EDGE_CURVE('',#3694,#3558,#416,.T.);
#3123=EDGE_CURVE('',#3693,#3803,#4136,.T.);
#3124=EDGE_CURVE('',#3823,#3814,#417,.T.);
#3125=EDGE_CURVE('',#3822,#3704,#4137,.T.);
#3126=EDGE_CURVE('',#3567,#3703,#418,.T.);
#3127=EDGE_CURVE('',#3815,#3566,#4138,.T.);
#3128=EDGE_CURVE('',#3794,#3811,#419,.T.);
#3129=EDGE_CURVE('',#3686,#3810,#4139,.T.);
#3130=EDGE_CURVE('',#3685,#3561,#420,.T.);
#3131=EDGE_CURVE('',#3560,#3795,#4140,.T.);
#3132=EDGE_CURVE('',#3826,#3821,#421,.T.);
#3133=EDGE_CURVE('',#3820,#3565,#4141,.T.);
#3134=EDGE_CURVE('',#3564,#3682,#422,.T.);
#3135=EDGE_CURVE('',#3827,#3681,#4142,.T.);
#3136=EDGE_CURVE('',#3834,#3799,#4143,.F.);
#3137=EDGE_CURVE('',#3835,#3834,#88,.T.);
#3138=EDGE_CURVE('',#3836,#3835,#423,.F.);
#3139=EDGE_CURVE('',#3837,#3836,#89,.T.);
#3140=EDGE_CURVE('',#3796,#3837,#4144,.F.);
#3141=EDGE_CURVE('',#3804,#3692,#4145,.F.);
#3142=EDGE_CURVE('',#3687,#3809,#4146,.F.);
#3143=EDGE_CURVE('',#3816,#3838,#4147,.F.);
#3144=EDGE_CURVE('',#3839,#3819,#4148,.F.);
#3145=EDGE_CURVE('',#3840,#3839,#90,.T.);
#3146=EDGE_CURVE('',#3841,#3840,#424,.T.);
#3147=EDGE_CURVE('',#3838,#3841,#91,.T.);
#3148=EDGE_CURVE('',#3705,#3833,#4149,.F.);
#3149=EDGE_CURVE('',#3828,#3679,#4150,.F.);
#3150=EDGE_CURVE('',#3842,#3683,#4151,.T.);
#3151=EDGE_CURVE('',#3843,#3563,#4152,.T.);
#3152=EDGE_CURVE('',#3844,#3843,#425,.T.);
#3153=EDGE_CURVE('',#3845,#3844,#426,.T.);
#3154=EDGE_CURVE('',#3842,#3845,#427,.T.);
#3155=EDGE_CURVE('',#3695,#3557,#428,.T.);
#3156=EDGE_CURVE('',#3555,#3846,#92,.T.);
#3157=EDGE_CURVE('',#3847,#3571,#93,.T.);
#3158=EDGE_CURVE('',#3848,#3847,#4153,.T.);
#3159=EDGE_CURVE('',#3849,#3848,#429,.T.);
#3160=EDGE_CURVE('',#3846,#3849,#4154,.T.);
#3161=EDGE_CURVE('',#3849,#3850,#430,.T.);
#3162=EDGE_CURVE('',#3851,#3848,#431,.T.);
#3163=EDGE_CURVE('',#3850,#3851,#432,.T.);
#3164=EDGE_CURVE('',#3850,#3852,#433,.T.);
#3165=EDGE_CURVE('',#3853,#3851,#434,.T.);
#3166=EDGE_CURVE('',#3852,#3853,#435,.T.);
#3167=EDGE_CURVE('',#3852,#3854,#436,.T.);
#3168=EDGE_CURVE('',#3855,#3853,#437,.T.);
#3169=EDGE_CURVE('',#3854,#3855,#438,.T.);
#3170=EDGE_CURVE('',#3698,#3856,#94,.T.);
#3171=EDGE_CURVE('',#3856,#3854,#4155,.T.);
#3172=EDGE_CURVE('',#3855,#3857,#4156,.T.);
#3173=EDGE_CURVE('',#3857,#3699,#95,.T.);
#3174=EDGE_CURVE('',#3858,#3562,#4157,.T.);
#3175=EDGE_CURVE('',#3859,#3684,#4158,.T.);
#3176=EDGE_CURVE('',#3859,#3860,#439,.T.);
#3177=EDGE_CURVE('',#3860,#3861,#440,.T.);
#3178=EDGE_CURVE('',#3861,#3858,#441,.T.);
#3179=EDGE_CURVE('',#3702,#3568,#442,.T.);
#3180=EDGE_CURVE('',#3859,#3842,#443,.T.);
#3181=EDGE_CURVE('',#3860,#3845,#444,.T.);
#3182=EDGE_CURVE('',#3861,#3844,#445,.T.);
#3183=EDGE_CURVE('',#3858,#3843,#446,.T.);
#3184=EDGE_CURVE('',#3847,#3857,#447,.T.);
#3185=EDGE_CURVE('',#3700,#3570,#448,.T.);
#3186=EDGE_CURVE('',#3846,#3856,#449,.T.);
#3187=EDGE_CURVE('',#3697,#3554,#450,.T.);
#3188=EDGE_CURVE('',#3701,#3569,#451,.T.);
#3189=EDGE_CURVE('',#3696,#3556,#452,.T.);
#3190=EDGE_CURVE('',#3690,#3835,#453,.T.);
#3191=EDGE_CURVE('',#3689,#3836,#454,.T.);
#3192=EDGE_CURVE('',#3691,#3834,#455,.T.);
#3193=EDGE_CURVE('',#3798,#3805,#456,.T.);
#3194=EDGE_CURVE('',#3688,#3837,#457,.T.);
#3195=EDGE_CURVE('',#3797,#3808,#458,.T.);
#3196=EDGE_CURVE('',#3829,#3818,#459,.T.);
#3197=EDGE_CURVE('',#3680,#3839,#460,.T.);
#3198=EDGE_CURVE('',#3706,#3838,#461,.T.);
#3199=EDGE_CURVE('',#3832,#3817,#462,.T.);
#3200=EDGE_CURVE('',#3707,#3841,#463,.T.);
#3201=EDGE_CURVE('',#3708,#3840,#464,.T.);
#3202=EDGE_CURVE('',#3830,#3862,#465,.T.);
#3203=EDGE_CURVE('',#3831,#3863,#466,.T.);
#3204=EDGE_CURVE('',#3862,#3863,#467,.T.);
#3205=EDGE_CURVE('',#3864,#3807,#468,.T.);
#3206=EDGE_CURVE('',#3864,#3865,#469,.T.);
#3207=EDGE_CURVE('',#3865,#3806,#470,.T.);
#3208=EDGE_CURVE('',#3773,#3782,#471,.T.);
#3209=EDGE_CURVE('',#3772,#3783,#472,.T.);
#3210=EDGE_CURVE('',#3781,#3784,#473,.T.);
#3211=EDGE_CURVE('',#3780,#3785,#474,.T.);
#3212=EDGE_CURVE('',#3782,#3669,#475,.T.);
#3213=EDGE_CURVE('',#3777,#3756,#476,.T.);
#3214=EDGE_CURVE('',#3776,#3757,#477,.T.);
#3215=EDGE_CURVE('',#3778,#3775,#478,.T.);
#3216=EDGE_CURVE('',#3774,#3779,#479,.T.);
#3217=EDGE_CURVE('',#3777,#3664,#480,.T.);
#3218=EDGE_CURVE('',#3714,#3585,#481,.T.);
#3219=EDGE_CURVE('',#3713,#3586,#482,.T.);
#3220=EDGE_CURVE('',#3722,#3593,#483,.T.);
#3221=EDGE_CURVE('',#3866,#3577,#484,.T.);
#3222=EDGE_CURVE('',#3866,#3867,#4159,.T.);
#3223=EDGE_CURVE('',#3867,#3575,#485,.T.);
#3224=EDGE_CURVE('',#3721,#3578,#486,.T.);
#3225=EDGE_CURVE('',#3868,#3868,#4160,.T.);
#3226=EDGE_CURVE('',#3869,#3869,#4161,.F.);
#3227=EDGE_CURVE('',#3870,#3870,#4162,.T.);
#3228=EDGE_CURVE('',#3807,#3762,#487,.T.);
#3229=EDGE_CURVE('',#3806,#3764,#488,.T.);
#3230=EDGE_CURVE('',#3765,#3871,#489,.T.);
#3231=EDGE_CURVE('',#3872,#3871,#490,.T.);
#3232=EDGE_CURVE('',#3763,#3872,#491,.T.);
#3233=EDGE_CURVE('',#3871,#3865,#492,.T.);
#3234=EDGE_CURVE('',#3872,#3864,#493,.T.);
#3235=EDGE_CURVE('',#3750,#3830,#494,.T.);
#3236=EDGE_CURVE('',#3751,#3831,#495,.T.);
#3237=EDGE_CURVE('',#3862,#3873,#496,.T.);
#3238=EDGE_CURVE('',#3873,#3752,#497,.T.);
#3239=EDGE_CURVE('',#3874,#3753,#498,.T.);
#3240=EDGE_CURVE('',#3863,#3874,#499,.T.);
#3241=EDGE_CURVE('',#3873,#3874,#500,.T.);
#3242=EDGE_CURVE('',#3875,#3875,#4163,.T.);
#3243=EDGE_CURVE('',#3661,#3876,#501,.T.);
#3244=EDGE_CURVE('',#3876,#3602,#502,.T.);
#3245=EDGE_CURVE('',#3877,#3605,#503,.T.);
#3246=EDGE_CURVE('',#3877,#3672,#504,.T.);
#3247=EDGE_CURVE('',#3876,#3878,#4164,.T.);
#3248=EDGE_CURVE('',#3878,#3603,#505,.T.);
#3249=EDGE_CURVE('',#3878,#3879,#506,.T.);
#3250=EDGE_CURVE('',#3879,#3604,#507,.T.);
#3251=EDGE_CURVE('',#3879,#3877,#4165,.T.);
#3252=EDGE_CURVE('',#3880,#3881,#508,.T.);
#3253=EDGE_CURVE('',#3880,#3677,#509,.T.);
#3254=EDGE_CURVE('',#3882,#3676,#510,.T.);
#3255=EDGE_CURVE('',#3883,#3882,#511,.T.);
#3256=EDGE_CURVE('',#3883,#3675,#512,.T.);
#3257=EDGE_CURVE('',#3884,#3674,#513,.T.);
#3258=EDGE_CURVE('',#3885,#3884,#514,.T.);
#3259=EDGE_CURVE('',#3885,#3673,#515,.T.);
#3260=EDGE_CURVE('',#3881,#3678,#516,.T.);
#3261=EDGE_CURVE('',#3886,#3595,#517,.T.);
#3262=EDGE_CURVE('',#3886,#3633,#518,.T.);
#3263=EDGE_CURVE('',#3640,#3887,#519,.T.);
#3264=EDGE_CURVE('',#3887,#3612,#520,.T.);
#3265=EDGE_CURVE('',#3888,#3614,#521,.T.);
#3266=EDGE_CURVE('',#3888,#3886,#4166,.T.);
#3267=EDGE_CURVE('',#3887,#3889,#4167,.T.);
#3268=EDGE_CURVE('',#3889,#3613,#522,.T.);
#3269=EDGE_CURVE('',#3889,#3888,#523,.T.);
#3270=EDGE_CURVE('',#3890,#3635,#524,.T.);
#3271=EDGE_CURVE('',#3890,#3891,#525,.T.);
#3272=EDGE_CURVE('',#3891,#3634,#526,.T.);
#3273=EDGE_CURVE('',#3892,#3639,#527,.T.);
#3274=EDGE_CURVE('',#3892,#3893,#528,.T.);
#3275=EDGE_CURVE('',#3893,#3638,#529,.T.);
#3276=EDGE_CURVE('',#3894,#3637,#530,.T.);
#3277=EDGE_CURVE('',#3894,#3895,#531,.T.);
#3278=EDGE_CURVE('',#3895,#3636,#532,.T.);
#3279=EDGE_CURVE('',#3896,#3660,#533,.T.);
#3280=EDGE_CURVE('',#3897,#3659,#534,.T.);
#3281=EDGE_CURVE('',#3897,#3896,#535,.T.);
#3282=EDGE_CURVE('',#3657,#3898,#536,.T.);
#3283=EDGE_CURVE('',#3658,#3899,#537,.T.);
#3284=EDGE_CURVE('',#3898,#3899,#538,.T.);
#3285=EDGE_CURVE('',#3900,#3676,#539,.T.);
#3286=EDGE_CURVE('',#3901,#3675,#540,.T.);
#3287=EDGE_CURVE('',#3901,#3900,#541,.T.);
#3288=EDGE_CURVE('',#3902,#3898,#4168,.T.);
#3289=EDGE_CURVE('',#3902,#3903,#542,.T.);
#3290=EDGE_CURVE('',#3901,#3903,#4169,.T.);
#3291=EDGE_CURVE('',#3883,#3904,#543,.T.);
#3292=EDGE_CURVE('',#3904,#3905,#544,.T.);
#3293=EDGE_CURVE('',#3905,#3906,#4170,.T.);
#3294=EDGE_CURVE('',#3906,#3907,#545,.T.);
#3295=EDGE_CURVE('',#3907,#3897,#4171,.T.);
#3296=EDGE_CURVE('',#3908,#3896,#4172,.T.);
#3297=EDGE_CURVE('',#3909,#3908,#546,.T.);
#3298=EDGE_CURVE('',#3910,#3909,#4173,.T.);
#3299=EDGE_CURVE('',#3911,#3910,#547,.T.);
#3300=EDGE_CURVE('',#3882,#3911,#548,.T.);
#3301=EDGE_CURVE('',#3900,#3912,#4174,.T.);
#3302=EDGE_CURVE('',#3913,#3912,#549,.T.);
#3303=EDGE_CURVE('',#3913,#3899,#4175,.T.);
#3304=EDGE_CURVE('',#3902,#3913,#550,.T.);
#3305=EDGE_CURVE('',#3903,#3912,#551,.T.);
#3306=EDGE_CURVE('',#3904,#3911,#552,.T.);
#3307=EDGE_CURVE('',#3905,#3910,#553,.T.);
#3308=EDGE_CURVE('',#3906,#3909,#554,.T.);
#3309=EDGE_CURVE('',#3907,#3908,#555,.T.);
#3310=EDGE_CURVE('',#3629,#3914,#556,.T.);
#3311=EDGE_CURVE('',#3630,#3915,#557,.T.);
#3312=EDGE_CURVE('',#3914,#3915,#558,.T.);
#3313=EDGE_CURVE('',#3637,#3916,#559,.T.);
#3314=EDGE_CURVE('',#3636,#3917,#560,.T.);
#3315=EDGE_CURVE('',#3916,#3917,#561,.T.);
#3316=EDGE_CURVE('',#3918,#3632,#562,.T.);
#3317=EDGE_CURVE('',#3919,#3631,#563,.T.);
#3318=EDGE_CURVE('',#3919,#3918,#564,.T.);
#3319=EDGE_CURVE('',#3914,#3920,#4176,.T.);
#3320=EDGE_CURVE('',#3920,#3921,#565,.T.);
#3321=EDGE_CURVE('',#3921,#3922,#4177,.T.);
#3322=EDGE_CURVE('',#3922,#3923,#566,.T.);
#3323=EDGE_CURVE('',#3923,#3894,#567,.T.);
#3324=EDGE_CURVE('',#3924,#3916,#4178,.T.);
#3325=EDGE_CURVE('',#3924,#3925,#568,.T.);
#3326=EDGE_CURVE('',#3919,#3925,#4179,.T.);
#3327=EDGE_CURVE('',#3918,#3926,#4180,.T.);
#3328=EDGE_CURVE('',#3927,#3926,#569,.T.);
#3329=EDGE_CURVE('',#3927,#3917,#4181,.T.);
#3330=EDGE_CURVE('',#3928,#3895,#570,.T.);
#3331=EDGE_CURVE('',#3929,#3928,#571,.T.);
#3332=EDGE_CURVE('',#3930,#3929,#4182,.T.);
#3333=EDGE_CURVE('',#3931,#3930,#572,.T.);
#3334=EDGE_CURVE('',#3915,#3931,#4183,.T.);
#3335=EDGE_CURVE('',#3920,#3931,#573,.T.);
#3336=EDGE_CURVE('',#3921,#3930,#574,.T.);
#3337=EDGE_CURVE('',#3922,#3929,#575,.T.);
#3338=EDGE_CURVE('',#3923,#3928,#576,.T.);
#3339=EDGE_CURVE('',#3924,#3927,#577,.T.);
#3340=EDGE_CURVE('',#3925,#3926,#578,.T.);
#3341=EDGE_CURVE('',#3932,#3656,#579,.T.);
#3342=EDGE_CURVE('',#3933,#3655,#580,.T.);
#3343=EDGE_CURVE('',#3933,#3932,#581,.T.);
#3344=EDGE_CURVE('',#3653,#3934,#582,.T.);
#3345=EDGE_CURVE('',#3654,#3935,#583,.T.);
#3346=EDGE_CURVE('',#3934,#3935,#584,.T.);
#3347=EDGE_CURVE('',#3936,#3674,#585,.T.);
#3348=EDGE_CURVE('',#3937,#3673,#586,.T.);
#3349=EDGE_CURVE('',#3937,#3936,#587,.T.);
#3350=EDGE_CURVE('',#3938,#3934,#4184,.T.);
#3351=EDGE_CURVE('',#3938,#3939,#588,.T.);
#3352=EDGE_CURVE('',#3937,#3939,#4185,.T.);
#3353=EDGE_CURVE('',#3885,#3940,#589,.T.);
#3354=EDGE_CURVE('',#3940,#3941,#590,.T.);
#3355=EDGE_CURVE('',#3941,#3942,#4186,.T.);
#3356=EDGE_CURVE('',#3942,#3943,#591,.T.);
#3357=EDGE_CURVE('',#3943,#3933,#4187,.T.);
#3358=EDGE_CURVE('',#3944,#3932,#4188,.T.);
#3359=EDGE_CURVE('',#3945,#3944,#592,.T.);
#3360=EDGE_CURVE('',#3946,#3945,#4189,.T.);
#3361=EDGE_CURVE('',#3947,#3946,#593,.T.);
#3362=EDGE_CURVE('',#3884,#3947,#594,.T.);
#3363=EDGE_CURVE('',#3936,#3948,#4190,.T.);
#3364=EDGE_CURVE('',#3949,#3948,#595,.T.);
#3365=EDGE_CURVE('',#3949,#3935,#4191,.T.);
#3366=EDGE_CURVE('',#3938,#3949,#596,.T.);
#3367=EDGE_CURVE('',#3939,#3948,#597,.T.);
#3368=EDGE_CURVE('',#3940,#3947,#598,.T.);
#3369=EDGE_CURVE('',#3941,#3946,#599,.T.);
#3370=EDGE_CURVE('',#3942,#3945,#600,.T.);
#3371=EDGE_CURVE('',#3943,#3944,#601,.T.);
#3372=EDGE_CURVE('',#3625,#3950,#602,.T.);
#3373=EDGE_CURVE('',#3626,#3951,#603,.T.);
#3374=EDGE_CURVE('',#3950,#3951,#604,.T.);
#3375=EDGE_CURVE('',#3639,#3952,#605,.T.);
#3376=EDGE_CURVE('',#3638,#3953,#606,.T.);
#3377=EDGE_CURVE('',#3952,#3953,#607,.T.);
#3378=EDGE_CURVE('',#3954,#3628,#608,.T.);
#3379=EDGE_CURVE('',#3955,#3627,#609,.T.);
#3380=EDGE_CURVE('',#3955,#3954,#610,.T.);
#3381=EDGE_CURVE('',#3950,#3956,#4192,.T.);
#3382=EDGE_CURVE('',#3956,#3957,#611,.T.);
#3383=EDGE_CURVE('',#3957,#3958,#4193,.T.);
#3384=EDGE_CURVE('',#3958,#3959,#612,.T.);
#3385=EDGE_CURVE('',#3959,#3892,#613,.T.);
#3386=EDGE_CURVE('',#3960,#3952,#4194,.T.);
#3387=EDGE_CURVE('',#3960,#3961,#614,.T.);
#3388=EDGE_CURVE('',#3955,#3961,#4195,.T.);
#3389=EDGE_CURVE('',#3954,#3962,#4196,.T.);
#3390=EDGE_CURVE('',#3963,#3962,#615,.T.);
#3391=EDGE_CURVE('',#3963,#3953,#4197,.T.);
#3392=EDGE_CURVE('',#3964,#3893,#616,.T.);
#3393=EDGE_CURVE('',#3965,#3964,#617,.T.);
#3394=EDGE_CURVE('',#3966,#3965,#4198,.T.);
#3395=EDGE_CURVE('',#3967,#3966,#618,.T.);
#3396=EDGE_CURVE('',#3951,#3967,#4199,.T.);
#3397=EDGE_CURVE('',#3956,#3967,#619,.T.);
#3398=EDGE_CURVE('',#3957,#3966,#620,.T.);
#3399=EDGE_CURVE('',#3958,#3965,#621,.T.);
#3400=EDGE_CURVE('',#3959,#3964,#622,.T.);
#3401=EDGE_CURVE('',#3960,#3963,#623,.T.);
#3402=EDGE_CURVE('',#3961,#3962,#624,.T.);
#3403=EDGE_CURVE('',#3968,#3652,#625,.T.);
#3404=EDGE_CURVE('',#3969,#3651,#626,.T.);
#3405=EDGE_CURVE('',#3969,#3968,#627,.T.);
#3406=EDGE_CURVE('',#3649,#3970,#628,.T.);
#3407=EDGE_CURVE('',#3650,#3971,#629,.T.);
#3408=EDGE_CURVE('',#3970,#3971,#630,.T.);
#3409=EDGE_CURVE('',#3972,#3678,#631,.T.);
#3410=EDGE_CURVE('',#3973,#3677,#632,.T.);
#3411=EDGE_CURVE('',#3973,#3972,#633,.T.);
#3412=EDGE_CURVE('',#3974,#3970,#4200,.T.);
#3413=EDGE_CURVE('',#3974,#3975,#634,.T.);
#3414=EDGE_CURVE('',#3973,#3975,#4201,.T.);
#3415=EDGE_CURVE('',#3880,#3976,#635,.T.);
#3416=EDGE_CURVE('',#3976,#3977,#636,.T.);
#3417=EDGE_CURVE('',#3977,#3978,#4202,.T.);
#3418=EDGE_CURVE('',#3978,#3979,#637,.T.);
#3419=EDGE_CURVE('',#3979,#3969,#4203,.T.);
#3420=EDGE_CURVE('',#3980,#3968,#4204,.T.);
#3421=EDGE_CURVE('',#3981,#3980,#638,.T.);
#3422=EDGE_CURVE('',#3982,#3981,#4205,.T.);
#3423=EDGE_CURVE('',#3983,#3982,#639,.T.);
#3424=EDGE_CURVE('',#3881,#3983,#640,.T.);
#3425=EDGE_CURVE('',#3972,#3984,#4206,.T.);
#3426=EDGE_CURVE('',#3985,#3984,#641,.T.);
#3427=EDGE_CURVE('',#3985,#3971,#4207,.T.);
#3428=EDGE_CURVE('',#3974,#3985,#642,.T.);
#3429=EDGE_CURVE('',#3975,#3984,#643,.T.);
#3430=EDGE_CURVE('',#3976,#3983,#644,.T.);
#3431=EDGE_CURVE('',#3977,#3982,#645,.T.);
#3432=EDGE_CURVE('',#3978,#3981,#646,.T.);
#3433=EDGE_CURVE('',#3979,#3980,#647,.T.);
#3434=EDGE_CURVE('',#3621,#3986,#648,.T.);
#3435=EDGE_CURVE('',#3622,#3987,#649,.T.);
#3436=EDGE_CURVE('',#3986,#3987,#650,.T.);
#3437=EDGE_CURVE('',#3635,#3988,#651,.T.);
#3438=EDGE_CURVE('',#3634,#3989,#652,.T.);
#3439=EDGE_CURVE('',#3988,#3989,#653,.T.);
#3440=EDGE_CURVE('',#3990,#3624,#654,.T.);
#3441=EDGE_CURVE('',#3991,#3623,#655,.T.);
#3442=EDGE_CURVE('',#3991,#3990,#656,.T.);
#3443=EDGE_CURVE('',#3986,#3992,#4208,.T.);
#3444=EDGE_CURVE('',#3992,#3993,#657,.T.);
#3445=EDGE_CURVE('',#3993,#3994,#4209,.T.);
#3446=EDGE_CURVE('',#3994,#3995,#658,.T.);
#3447=EDGE_CURVE('',#3995,#3890,#659,.T.);
#3448=EDGE_CURVE('',#3996,#3988,#4210,.T.);
#3449=EDGE_CURVE('',#3996,#3997,#660,.T.);
#3450=EDGE_CURVE('',#3991,#3997,#4211,.T.);
#3451=EDGE_CURVE('',#3990,#3998,#4212,.T.);
#3452=EDGE_CURVE('',#3999,#3998,#661,.T.);
#3453=EDGE_CURVE('',#3999,#3989,#4213,.T.);
#3454=EDGE_CURVE('',#4000,#3891,#662,.T.);
#3455=EDGE_CURVE('',#4001,#4000,#663,.T.);
#3456=EDGE_CURVE('',#4002,#4001,#4214,.T.);
#3457=EDGE_CURVE('',#4003,#4002,#664,.T.);
#3458=EDGE_CURVE('',#3987,#4003,#4215,.T.);
#3459=EDGE_CURVE('',#3992,#4003,#665,.T.);
#3460=EDGE_CURVE('',#3993,#4002,#666,.T.);
#3461=EDGE_CURVE('',#3994,#4001,#667,.T.);
#3462=EDGE_CURVE('',#3995,#4000,#668,.T.);
#3463=EDGE_CURVE('',#3996,#3999,#669,.T.);
#3464=EDGE_CURVE('',#3997,#3998,#670,.T.);
#3465=EDGE_CURVE('',#4004,#4004,#4216,.T.);
#3466=EDGE_CURVE('',#4005,#4005,#4217,.T.);
#3467=EDGE_CURVE('',#4006,#3867,#671,.T.);
#3468=EDGE_CURVE('',#4006,#3574,#672,.T.);
#3469=EDGE_CURVE('',#4007,#4006,#673,.T.);
#3470=EDGE_CURVE('',#4007,#3576,#674,.T.);
#3471=EDGE_CURVE('',#3866,#4007,#675,.T.);
#3472=EDGE_CURVE('',#4008,#4009,#676,.T.);
#3473=EDGE_CURVE('',#4010,#4008,#677,.T.);
#3474=EDGE_CURVE('',#4009,#4010,#4218,.T.);
#3475=EDGE_CURVE('',#4011,#4012,#678,.T.);
#3476=EDGE_CURVE('',#4011,#4008,#679,.T.);
#3477=EDGE_CURVE('',#4009,#4013,#96,.T.);
#3478=EDGE_CURVE('',#4012,#4013,#680,.F.);
#3479=EDGE_CURVE('',#4014,#4010,#97,.T.);
#3480=EDGE_CURVE('',#4013,#4014,#4219,.T.);
#3481=EDGE_CURVE('',#4015,#4016,#4220,.F.);
#3482=EDGE_CURVE('',#4016,#4017,#681,.F.);
#3483=EDGE_CURVE('',#4017,#4018,#4221,.T.);
#3484=EDGE_CURVE('',#4018,#4019,#682,.T.);
#3485=EDGE_CURVE('',#4019,#4020,#4222,.F.);
#3486=EDGE_CURVE('',#4021,#4020,#46,.F.);
#3487=EDGE_CURVE('',#4022,#4021,#4223,.F.);
#3488=EDGE_CURVE('',#4015,#4022,#47,.F.);
#3489=EDGE_CURVE('',#4023,#4024,#683,.T.);
#3490=EDGE_CURVE('',#4023,#4025,#684,.T.);
#3491=EDGE_CURVE('',#4025,#4026,#4224,.T.);
#3492=EDGE_CURVE('',#4024,#4026,#685,.T.);
#3493=EDGE_CURVE('',#4027,#4028,#686,.T.);
#3494=EDGE_CURVE('',#4027,#4029,#4225,.F.);
#3495=EDGE_CURVE('',#4029,#4030,#687,.T.);
#3496=EDGE_CURVE('',#4030,#4028,#4226,.T.);
#3497=EDGE_CURVE('',#4031,#4032,#688,.T.);
#3498=EDGE_CURVE('',#4033,#4031,#689,.T.);
#3499=EDGE_CURVE('',#4033,#4034,#4227,.T.);
#3500=EDGE_CURVE('',#4034,#4032,#690,.T.);
#3501=EDGE_CURVE('',#4035,#4036,#691,.T.);
#3502=EDGE_CURVE('',#4035,#4037,#4228,.T.);
#3503=EDGE_CURVE('',#4037,#4038,#692,.T.);
#3504=EDGE_CURVE('',#4016,#4038,#693,.T.);
#3505=EDGE_CURVE('',#4039,#4015,#694,.T.);
#3506=EDGE_CURVE('',#4039,#4040,#4229,.T.);
#3507=EDGE_CURVE('',#4040,#4020,#695,.T.);
#3508=EDGE_CURVE('',#4019,#4041,#696,.T.);
#3509=EDGE_CURVE('',#4041,#4042,#697,.T.);
#3510=EDGE_CURVE('',#4042,#4043,#698,.T.);
#3511=EDGE_CURVE('',#4043,#4044,#4230,.T.);
#3512=EDGE_CURVE('',#4045,#4044,#699,.T.);
#3513=EDGE_CURVE('',#4011,#4045,#700,.T.);
#3514=EDGE_CURVE('',#4046,#4012,#4231,.F.);
#3515=EDGE_CURVE('',#4046,#4047,#701,.T.);
#3516=EDGE_CURVE('',#4047,#4048,#4232,.T.);
#3517=EDGE_CURVE('',#4049,#4048,#702,.T.);
#3518=EDGE_CURVE('',#4050,#4049,#4233,.F.);
#3519=EDGE_CURVE('',#4036,#4050,#703,.T.);
#3520=EDGE_CURVE('',#4051,#4051,#4234,.T.);
#3521=EDGE_CURVE('',#4032,#4036,#704,.T.);
#3522=EDGE_CURVE('',#4034,#4035,#48,.T.);
#3523=EDGE_CURVE('',#4045,#4023,#705,.T.);
#3524=EDGE_CURVE('',#4044,#4025,#49,.T.);
#3525=EDGE_CURVE('',#4038,#4031,#706,.T.);
#3526=EDGE_CURVE('',#4037,#4033,#50,.T.);
#3527=EDGE_CURVE('',#4024,#4042,#707,.T.);
#3528=EDGE_CURVE('',#4026,#4043,#51,.T.);
#3529=EDGE_CURVE('',#4052,#4022,#708,.T.);
#3530=EDGE_CURVE('',#4053,#4021,#709,.T.);
#3531=EDGE_CURVE('',#4053,#4052,#4235,.T.);
#3532=EDGE_CURVE('',#4040,#4053,#52,.T.);
#3533=EDGE_CURVE('',#4052,#4039,#53,.T.);
#3534=EDGE_CURVE('',#4029,#4049,#54,.F.);
#3535=EDGE_CURVE('',#4048,#4030,#55,.T.);
#3536=EDGE_CURVE('',#4046,#4027,#56,.F.);
#3537=EDGE_CURVE('',#4028,#4047,#57,.T.);
#3538=EDGE_CURVE('',#4054,#4055,#4236,.T.);
#3539=EDGE_CURVE('',#4056,#4054,#710,.T.);
#3540=EDGE_CURVE('',#4055,#4056,#711,.T.);
#3541=EDGE_CURVE('',#4054,#4017,#98,.T.);
#3542=EDGE_CURVE('',#4018,#4055,#99,.T.);
#3543=EDGE_CURVE('',#4014,#4050,#712,.T.);
#3544=EDGE_CURVE('',#4056,#4041,#713,.T.);
#3545=EDGE_CURVE('',#4057,#4045,#714,.T.);
#3546=EDGE_CURVE('',#4058,#4057,#715,.T.);
#3547=EDGE_CURVE('',#4058,#4036,#716,.T.);
#3548=EDGE_CURVE('',#4059,#4042,#717,.T.);
#3549=EDGE_CURVE('',#4057,#4059,#718,.T.);
#3550=EDGE_CURVE('',#4060,#4038,#719,.T.);
#3551=EDGE_CURVE('',#4059,#4060,#720,.T.);
#3552=EDGE_CURVE('',#4060,#4058,#721,.T.);
#3553=EDGE_CURVE('',#4061,#4061,#4237,.T.);
#3554=VERTEX_POINT('',#8817);
#3555=VERTEX_POINT('',#8818);
#3556=VERTEX_POINT('',#8820);
#3557=VERTEX_POINT('',#8822);
#3558=VERTEX_POINT('',#8824);
#3559=VERTEX_POINT('',#8826);
#3560=VERTEX_POINT('',#8828);
#3561=VERTEX_POINT('',#8830);
#3562=VERTEX_POINT('',#8832);
#3563=VERTEX_POINT('',#8834);
#3564=VERTEX_POINT('',#8836);
#3565=VERTEX_POINT('',#8838);
#3566=VERTEX_POINT('',#8840);
#3567=VERTEX_POINT('',#8842);
#3568=VERTEX_POINT('',#8844);
#3569=VERTEX_POINT('',#8846);
#3570=VERTEX_POINT('',#8848);
#3571=VERTEX_POINT('',#8850);
#3572=VERTEX_POINT('',#8853);
#3573=VERTEX_POINT('',#8855);
#3574=VERTEX_POINT('',#8857);
#3575=VERTEX_POINT('',#8858);
#3576=VERTEX_POINT('',#8860);
#3577=VERTEX_POINT('',#8862);
#3578=VERTEX_POINT('',#8864);
#3579=VERTEX_POINT('',#8866);
#3580=VERTEX_POINT('',#8868);
#3581=VERTEX_POINT('',#8870);
#3582=VERTEX_POINT('',#8872);
#3583=VERTEX_POINT('',#8874);
#3584=VERTEX_POINT('',#8876);
#3585=VERTEX_POINT('',#8878);
#3586=VERTEX_POINT('',#8880);
#3587=VERTEX_POINT('',#8882);
#3588=VERTEX_POINT('',#8884);
#3589=VERTEX_POINT('',#8886);
#3590=VERTEX_POINT('',#8888);
#3591=VERTEX_POINT('',#8890);
#3592=VERTEX_POINT('',#8892);
#3593=VERTEX_POINT('',#8894);
#3594=VERTEX_POINT('',#8898);
#3595=VERTEX_POINT('',#8900);
#3596=VERTEX_POINT('',#8901);
#3597=VERTEX_POINT('',#8903);
#3598=VERTEX_POINT('',#8905);
#3599=VERTEX_POINT('',#8907);
#3600=VERTEX_POINT('',#8909);
#3601=VERTEX_POINT('',#8911);
#3602=VERTEX_POINT('',#8913);
#3603=VERTEX_POINT('',#8915);
#3604=VERTEX_POINT('',#8917);
#3605=VERTEX_POINT('',#8919);
#3606=VERTEX_POINT('',#8921);
#3607=VERTEX_POINT('',#8923);
#3608=VERTEX_POINT('',#8925);
#3609=VERTEX_POINT('',#8927);
#3610=VERTEX_POINT('',#8929);
#3611=VERTEX_POINT('',#8931);
#3612=VERTEX_POINT('',#8933);
#3613=VERTEX_POINT('',#8935);
#3614=VERTEX_POINT('',#8937);
#3615=VERTEX_POINT('',#8941);
#3616=VERTEX_POINT('',#8943);
#3617=VERTEX_POINT('',#8948);
#3618=VERTEX_POINT('',#8952);
#3619=VERTEX_POINT('',#8954);
#3620=VERTEX_POINT('',#8959);
#3621=VERTEX_POINT('',#8963);
#3622=VERTEX_POINT('',#8964);
#3623=VERTEX_POINT('',#8966);
#3624=VERTEX_POINT('',#8968);
#3625=VERTEX_POINT('',#8971);
#3626=VERTEX_POINT('',#8972);
#3627=VERTEX_POINT('',#8974);
#3628=VERTEX_POINT('',#8976);
#3629=VERTEX_POINT('',#8979);
#3630=VERTEX_POINT('',#8980);
#3631=VERTEX_POINT('',#8982);
#3632=VERTEX_POINT('',#8984);
#3633=VERTEX_POINT('',#8987);
#3634=VERTEX_POINT('',#8989);
#3635=VERTEX_POINT('',#8991);
#3636=VERTEX_POINT('',#8993);
#3637=VERTEX_POINT('',#8995);
#3638=VERTEX_POINT('',#8997);
#3639=VERTEX_POINT('',#8999);
#3640=VERTEX_POINT('',#9001);
#3641=VERTEX_POINT('',#9004);
#3642=VERTEX_POINT('',#9006);
#3643=VERTEX_POINT('',#9010);
#3644=VERTEX_POINT('',#9012);
#3645=VERTEX_POINT('',#9017);
#3646=VERTEX_POINT('',#9021);
#3647=VERTEX_POINT('',#9023);
#3648=VERTEX_POINT('',#9028);
#3649=VERTEX_POINT('',#9032);
#3650=VERTEX_POINT('',#9033);
#3651=VERTEX_POINT('',#9035);
#3652=VERTEX_POINT('',#9037);
#3653=VERTEX_POINT('',#9040);
#3654=VERTEX_POINT('',#9041);
#3655=VERTEX_POINT('',#9043);
#3656=VERTEX_POINT('',#9045);
#3657=VERTEX_POINT('',#9048);
#3658=VERTEX_POINT('',#9049);
#3659=VERTEX_POINT('',#9051);
#3660=VERTEX_POINT('',#9053);
#3661=VERTEX_POINT('',#9056);
#3662=VERTEX_POINT('',#9058);
#3663=VERTEX_POINT('',#9060);
#3664=VERTEX_POINT('',#9062);
#3665=VERTEX_POINT('',#9064);
#3666=VERTEX_POINT('',#9066);
#3667=VERTEX_POINT('',#9068);
#3668=VERTEX_POINT('',#9070);
#3669=VERTEX_POINT('',#9072);
#3670=VERTEX_POINT('',#9074);
#3671=VERTEX_POINT('',#9076);
#3672=VERTEX_POINT('',#9079);
#3673=VERTEX_POINT('',#9081);
#3674=VERTEX_POINT('',#9083);
#3675=VERTEX_POINT('',#9085);
#3676=VERTEX_POINT('',#9087);
#3677=VERTEX_POINT('',#9089);
#3678=VERTEX_POINT('',#9091);
#3679=VERTEX_POINT('',#9095);
#3680=VERTEX_POINT('',#9096);
#3681=VERTEX_POINT('',#9098);
#3682=VERTEX_POINT('',#9100);
#3683=VERTEX_POINT('',#9102);
#3684=VERTEX_POINT('',#9104);
#3685=VERTEX_POINT('',#9106);
#3686=VERTEX_POINT('',#9108);
#3687=VERTEX_POINT('',#9110);
#3688=VERTEX_POINT('',#9112);
#3689=VERTEX_POINT('',#9114);
#3690=VERTEX_POINT('',#9116);
#3691=VERTEX_POINT('',#9118);
#3692=VERTEX_POINT('',#9120);
#3693=VERTEX_POINT('',#9122);
#3694=VERTEX_POINT('',#9124);
#3695=VERTEX_POINT('',#9126);
#3696=VERTEX_POINT('',#9128);
#3697=VERTEX_POINT('',#9130);
#3698=VERTEX_POINT('',#9132);
#3699=VERTEX_POINT('',#9134);
#3700=VERTEX_POINT('',#9136);
#3701=VERTEX_POINT('',#9138);
#3702=VERTEX_POINT('',#9140);
#3703=VERTEX_POINT('',#9142);
#3704=VERTEX_POINT('',#9144);
#3705=VERTEX_POINT('',#9146);
#3706=VERTEX_POINT('',#9148);
#3707=VERTEX_POINT('',#9150);
#3708=VERTEX_POINT('',#9152);
#3709=VERTEX_POINT('',#9155);
#3710=VERTEX_POINT('',#9157);
#3711=VERTEX_POINT('',#9158);
#3712=VERTEX_POINT('',#9160);
#3713=VERTEX_POINT('',#9162);
#3714=VERTEX_POINT('',#9164);
#3715=VERTEX_POINT('',#9166);
#3716=VERTEX_POINT('',#9168);
#3717=VERTEX_POINT('',#9170);
#3718=VERTEX_POINT('',#9172);
#3719=VERTEX_POINT('',#9174);
#3720=VERTEX_POINT('',#9176);
#3721=VERTEX_POINT('',#9178);
#3722=VERTEX_POINT('',#9180);
#3723=VERTEX_POINT('',#9182);
#3724=VERTEX_POINT('',#9184);
#3725=VERTEX_POINT('',#9186);
#3726=VERTEX_POINT('',#9194);
#3727=VERTEX_POINT('',#9195);
#3728=VERTEX_POINT('',#9197);
#3729=VERTEX_POINT('',#9203);
#3730=VERTEX_POINT('',#9222);
#3731=VERTEX_POINT('',#9223);
#3732=VERTEX_POINT('',#9225);
#3733=VERTEX_POINT('',#9231);
#3734=VERTEX_POINT('',#9285);
#3735=VERTEX_POINT('',#9287);
#3736=VERTEX_POINT('',#9289);
#3737=VERTEX_POINT('',#9290);
#3738=VERTEX_POINT('',#9292);
#3739=VERTEX_POINT('',#9294);
#3740=VERTEX_POINT('',#9298);
#3741=VERTEX_POINT('',#9300);
#3742=VERTEX_POINT('',#9302);
#3743=VERTEX_POINT('',#9304);
#3744=VERTEX_POINT('',#9306);
#3745=VERTEX_POINT('',#9308);
#3746=VERTEX_POINT('',#9312);
#3747=VERTEX_POINT('',#9313);
#3748=VERTEX_POINT('',#9316);
#3749=VERTEX_POINT('',#9318);
#3750=VERTEX_POINT('',#9322);
#3751=VERTEX_POINT('',#9323);
#3752=VERTEX_POINT('',#9325);
#3753=VERTEX_POINT('',#9327);
#3754=VERTEX_POINT('',#9330);
#3755=VERTEX_POINT('',#9332);
#3756=VERTEX_POINT('',#9334);
#3757=VERTEX_POINT('',#9336);
#3758=VERTEX_POINT('',#9338);
#3759=VERTEX_POINT('',#9340);
#3760=VERTEX_POINT('',#9342);
#3761=VERTEX_POINT('',#9344);
#3762=VERTEX_POINT('',#9348);
#3763=VERTEX_POINT('',#9349);
#3764=VERTEX_POINT('',#9351);
#3765=VERTEX_POINT('',#9353);
#3766=VERTEX_POINT('',#9356);
#3767=VERTEX_POINT('',#9357);
#3768=VERTEX_POINT('',#9360);
#3769=VERTEX_POINT('',#9362);
#3770=VERTEX_POINT('',#9364);
#3771=VERTEX_POINT('',#9366);
#3772=VERTEX_POINT('',#9368);
#3773=VERTEX_POINT('',#9370);
#3774=VERTEX_POINT('',#9374);
#3775=VERTEX_POINT('',#9375);
#3776=VERTEX_POINT('',#9380);
#3777=VERTEX_POINT('',#9381);
#3778=VERTEX_POINT('',#9383);
#3779=VERTEX_POINT('',#9385);
#3780=VERTEX_POINT('',#9389);
#3781=VERTEX_POINT('',#9390);
#3782=VERTEX_POINT('',#9392);
#3783=VERTEX_POINT('',#9394);
#3784=VERTEX_POINT('',#9398);
#3785=VERTEX_POINT('',#9400);
#3786=VERTEX_POINT('',#9409);
#3787=VERTEX_POINT('',#9420);
#3788=VERTEX_POINT('',#9431);
#3789=VERTEX_POINT('',#9445);
#3790=VERTEX_POINT('',#9476);
#3791=VERTEX_POINT('',#9477);
#3792=VERTEX_POINT('',#9479);
#3793=VERTEX_POINT('',#9481);
#3794=VERTEX_POINT('',#9483);
#3795=VERTEX_POINT('',#9485);
#3796=VERTEX_POINT('',#9487);
#3797=VERTEX_POINT('',#9489);
#3798=VERTEX_POINT('',#9491);
#3799=VERTEX_POINT('',#9493);
#3800=VERTEX_POINT('',#9497);
#3801=VERTEX_POINT('',#9498);
#3802=VERTEX_POINT('',#9500);
#3803=VERTEX_POINT('',#9502);
#3804=VERTEX_POINT('',#9504);
#3805=VERTEX_POINT('',#9506);
#3806=VERTEX_POINT('',#9508);
#3807=VERTEX_POINT('',#9510);
#3808=VERTEX_POINT('',#9512);
#3809=VERTEX_POINT('',#9514);
#3810=VERTEX_POINT('',#9516);
#3811=VERTEX_POINT('',#9518);
#3812=VERTEX_POINT('',#9522);
#3813=VERTEX_POINT('',#9523);
#3814=VERTEX_POINT('',#9525);
#3815=VERTEX_POINT('',#9527);
#3816=VERTEX_POINT('',#9529);
#3817=VERTEX_POINT('',#9531);
#3818=VERTEX_POINT('',#9533);
#3819=VERTEX_POINT('',#9535);
#3820=VERTEX_POINT('',#9537);
#3821=VERTEX_POINT('',#9539);
#3822=VERTEX_POINT('',#9543);
#3823=VERTEX_POINT('',#9544);
#3824=VERTEX_POINT('',#9546);
#3825=VERTEX_POINT('',#9548);
#3826=VERTEX_POINT('',#9550);
#3827=VERTEX_POINT('',#9552);
#3828=VERTEX_POINT('',#9554);
#3829=VERTEX_POINT('',#9556);
#3830=VERTEX_POINT('',#9558);
#3831=VERTEX_POINT('',#9560);
#3832=VERTEX_POINT('',#9562);
#3833=VERTEX_POINT('',#9564);
#3834=VERTEX_POINT('',#9594);
#3835=VERTEX_POINT('',#9600);
#3836=VERTEX_POINT('',#9602);
#3837=VERTEX_POINT('',#9608);
#3838=VERTEX_POINT('',#9616);
#3839=VERTEX_POINT('',#9618);
#3840=VERTEX_POINT('',#9624);
#3841=VERTEX_POINT('',#9626);
#3842=VERTEX_POINT('',#9638);
#3843=VERTEX_POINT('',#9640);
#3844=VERTEX_POINT('',#9642);
#3845=VERTEX_POINT('',#9644);
#3846=VERTEX_POINT('',#9653);
#3847=VERTEX_POINT('',#9658);
#3848=VERTEX_POINT('',#9660);
#3849=VERTEX_POINT('',#9662);
#3850=VERTEX_POINT('',#9666);
#3851=VERTEX_POINT('',#9668);
#3852=VERTEX_POINT('',#9672);
#3853=VERTEX_POINT('',#9674);
#3854=VERTEX_POINT('',#9678);
#3855=VERTEX_POINT('',#9680);
#3856=VERTEX_POINT('',#9687);
#3857=VERTEX_POINT('',#9690);
#3858=VERTEX_POINT('',#9697);
#3859=VERTEX_POINT('',#9699);
#3860=VERTEX_POINT('',#9701);
#3861=VERTEX_POINT('',#9703);
#3862=VERTEX_POINT('',#9754);
#3863=VERTEX_POINT('',#9756);
#3864=VERTEX_POINT('',#9760);
#3865=VERTEX_POINT('',#9762);
#3866=VERTEX_POINT('',#9806);
#3867=VERTEX_POINT('',#9808);
#3868=VERTEX_POINT('',#9814);
#3869=VERTEX_POINT('',#9817);
#3870=VERTEX_POINT('',#9820);
#3871=VERTEX_POINT('',#9831);
#3872=VERTEX_POINT('',#9833);
#3873=VERTEX_POINT('',#9845);
#3874=VERTEX_POINT('',#9849);
#3875=VERTEX_POINT('',#9856);
#3876=VERTEX_POINT('',#9860);
#3877=VERTEX_POINT('',#9864);
#3878=VERTEX_POINT('',#9868);
#3879=VERTEX_POINT('',#9872);
#3880=VERTEX_POINT('',#9878);
#3881=VERTEX_POINT('',#9879);
#3882=VERTEX_POINT('',#9882);
#3883=VERTEX_POINT('',#9884);
#3884=VERTEX_POINT('',#9887);
#3885=VERTEX_POINT('',#9889);
#3886=VERTEX_POINT('',#9894);
#3887=VERTEX_POINT('',#9898);
#3888=VERTEX_POINT('',#9902);
#3889=VERTEX_POINT('',#9906);
#3890=VERTEX_POINT('',#9912);
#3891=VERTEX_POINT('',#9914);
#3892=VERTEX_POINT('',#9917);
#3893=VERTEX_POINT('',#9919);
#3894=VERTEX_POINT('',#9922);
#3895=VERTEX_POINT('',#9924);
#3896=VERTEX_POINT('',#9928);
#3897=VERTEX_POINT('',#9930);
#3898=VERTEX_POINT('',#9934);
#3899=VERTEX_POINT('',#9936);
#3900=VERTEX_POINT('',#9940);
#3901=VERTEX_POINT('',#9942);
#3902=VERTEX_POINT('',#9946);
#3903=VERTEX_POINT('',#9948);
#3904=VERTEX_POINT('',#9951);
#3905=VERTEX_POINT('',#9953);
#3906=VERTEX_POINT('',#9955);
#3907=VERTEX_POINT('',#9957);
#3908=VERTEX_POINT('',#9961);
#3909=VERTEX_POINT('',#9963);
#3910=VERTEX_POINT('',#9965);
#3911=VERTEX_POINT('',#9967);
#3912=VERTEX_POINT('',#9970);
#3913=VERTEX_POINT('',#9972);
#3914=VERTEX_POINT('',#9990);
#3915=VERTEX_POINT('',#9992);
#3916=VERTEX_POINT('',#9996);
#3917=VERTEX_POINT('',#9998);
#3918=VERTEX_POINT('',#10002);
#3919=VERTEX_POINT('',#10004);
#3920=VERTEX_POINT('',#10008);
#3921=VERTEX_POINT('',#10010);
#3922=VERTEX_POINT('',#10012);
#3923=VERTEX_POINT('',#10014);
#3924=VERTEX_POINT('',#10017);
#3925=VERTEX_POINT('',#10019);
#3926=VERTEX_POINT('',#10023);
#3927=VERTEX_POINT('',#10025);
#3928=VERTEX_POINT('',#10028);
#3929=VERTEX_POINT('',#10030);
#3930=VERTEX_POINT('',#10032);
#3931=VERTEX_POINT('',#10034);
#3932=VERTEX_POINT('',#10052);
#3933=VERTEX_POINT('',#10054);
#3934=VERTEX_POINT('',#10058);
#3935=VERTEX_POINT('',#10060);
#3936=VERTEX_POINT('',#10064);
#3937=VERTEX_POINT('',#10066);
#3938=VERTEX_POINT('',#10070);
#3939=VERTEX_POINT('',#10072);
#3940=VERTEX_POINT('',#10075);
#3941=VERTEX_POINT('',#10077);
#3942=VERTEX_POINT('',#10079);
#3943=VERTEX_POINT('',#10081);
#3944=VERTEX_POINT('',#10085);
#3945=VERTEX_POINT('',#10087);
#3946=VERTEX_POINT('',#10089);
#3947=VERTEX_POINT('',#10091);
#3948=VERTEX_POINT('',#10094);
#3949=VERTEX_POINT('',#10096);
#3950=VERTEX_POINT('',#10114);
#3951=VERTEX_POINT('',#10116);
#3952=VERTEX_POINT('',#10120);
#3953=VERTEX_POINT('',#10122);
#3954=VERTEX_POINT('',#10126);
#3955=VERTEX_POINT('',#10128);
#3956=VERTEX_POINT('',#10132);
#3957=VERTEX_POINT('',#10134);
#3958=VERTEX_POINT('',#10136);
#3959=VERTEX_POINT('',#10138);
#3960=VERTEX_POINT('',#10141);
#3961=VERTEX_POINT('',#10143);
#3962=VERTEX_POINT('',#10147);
#3963=VERTEX_POINT('',#10149);
#3964=VERTEX_POINT('',#10152);
#3965=VERTEX_POINT('',#10154);
#3966=VERTEX_POINT('',#10156);
#3967=VERTEX_POINT('',#10158);
#3968=VERTEX_POINT('',#10176);
#3969=VERTEX_POINT('',#10178);
#3970=VERTEX_POINT('',#10182);
#3971=VERTEX_POINT('',#10184);
#3972=VERTEX_POINT('',#10188);
#3973=VERTEX_POINT('',#10190);
#3974=VERTEX_POINT('',#10194);
#3975=VERTEX_POINT('',#10196);
#3976=VERTEX_POINT('',#10199);
#3977=VERTEX_POINT('',#10201);
#3978=VERTEX_POINT('',#10203);
#3979=VERTEX_POINT('',#10205);
#3980=VERTEX_POINT('',#10209);
#3981=VERTEX_POINT('',#10211);
#3982=VERTEX_POINT('',#10213);
#3983=VERTEX_POINT('',#10215);
#3984=VERTEX_POINT('',#10218);
#3985=VERTEX_POINT('',#10220);
#3986=VERTEX_POINT('',#10238);
#3987=VERTEX_POINT('',#10240);
#3988=VERTEX_POINT('',#10244);
#3989=VERTEX_POINT('',#10246);
#3990=VERTEX_POINT('',#10250);
#3991=VERTEX_POINT('',#10252);
#3992=VERTEX_POINT('',#10256);
#3993=VERTEX_POINT('',#10258);
#3994=VERTEX_POINT('',#10260);
#3995=VERTEX_POINT('',#10262);
#3996=VERTEX_POINT('',#10265);
#3997=VERTEX_POINT('',#10267);
#3998=VERTEX_POINT('',#10271);
#3999=VERTEX_POINT('',#10273);
#4000=VERTEX_POINT('',#10276);
#4001=VERTEX_POINT('',#10278);
#4002=VERTEX_POINT('',#10280);
#4003=VERTEX_POINT('',#10282);
#4004=VERTEX_POINT('',#10300);
#4005=VERTEX_POINT('',#10304);
#4006=VERTEX_POINT('',#10308);
#4007=VERTEX_POINT('',#10312);
#4008=VERTEX_POINT('',#10320);
#4009=VERTEX_POINT('',#10321);
#4010=VERTEX_POINT('',#10323);
#4011=VERTEX_POINT('',#10327);
#4012=VERTEX_POINT('',#10328);
#4013=VERTEX_POINT('',#10334);
#4014=VERTEX_POINT('',#10341);
#4015=VERTEX_POINT('',#10345);
#4016=VERTEX_POINT('',#10346);
#4017=VERTEX_POINT('',#10348);
#4018=VERTEX_POINT('',#10350);
#4019=VERTEX_POINT('',#10352);
#4020=VERTEX_POINT('',#10354);
#4021=VERTEX_POINT('',#10356);
#4022=VERTEX_POINT('',#10358);
#4023=VERTEX_POINT('',#10362);
#4024=VERTEX_POINT('',#10363);
#4025=VERTEX_POINT('',#10365);
#4026=VERTEX_POINT('',#10367);
#4027=VERTEX_POINT('',#10371);
#4028=VERTEX_POINT('',#10372);
#4029=VERTEX_POINT('',#10374);
#4030=VERTEX_POINT('',#10376);
#4031=VERTEX_POINT('',#10380);
#4032=VERTEX_POINT('',#10381);
#4033=VERTEX_POINT('',#10383);
#4034=VERTEX_POINT('',#10385);
#4035=VERTEX_POINT('',#10389);
#4036=VERTEX_POINT('',#10390);
#4037=VERTEX_POINT('',#10392);
#4038=VERTEX_POINT('',#10394);
#4039=VERTEX_POINT('',#10397);
#4040=VERTEX_POINT('',#10399);
#4041=VERTEX_POINT('',#10402);
#4042=VERTEX_POINT('',#10404);
#4043=VERTEX_POINT('',#10406);
#4044=VERTEX_POINT('',#10408);
#4045=VERTEX_POINT('',#10410);
#4046=VERTEX_POINT('',#10413);
#4047=VERTEX_POINT('',#10415);
#4048=VERTEX_POINT('',#10417);
#4049=VERTEX_POINT('',#10419);
#4050=VERTEX_POINT('',#10421);
#4051=VERTEX_POINT('',#10424);
#4052=VERTEX_POINT('',#10439);
#4053=VERTEX_POINT('',#10441);
#4054=VERTEX_POINT('',#10455);
#4055=VERTEX_POINT('',#10456);
#4056=VERTEX_POINT('',#10458);
#4057=VERTEX_POINT('',#10475);
#4058=VERTEX_POINT('',#10477);
#4059=VERTEX_POINT('',#10481);
#4060=VERTEX_POINT('',#10485);
#4061=VERTEX_POINT('',#10496);
#4062=CIRCLE('',#6893,0.099999999999999);
#4063=CIRCLE('',#6894,0.0999999999999998);
#4064=CIRCLE('',#6895,0.15);
#4065=CIRCLE('',#6896,0.15);
#4066=CIRCLE('',#6897,1.7);
#4067=CIRCLE('',#6898,0.100000775340632);
#4068=CIRCLE('',#6899,1.5);
#4069=CIRCLE('',#6900,1.15);
#4070=CIRCLE('',#6901,1.5);
#4071=CIRCLE('',#6902,0.100000775340633);
#4072=CIRCLE('',#6903,1.7);
#4073=CIRCLE('',#6904,0.100000775340632);
#4074=CIRCLE('',#6905,1.5);
#4075=CIRCLE('',#6906,1.15);
#4076=CIRCLE('',#6907,1.5);
#4077=CIRCLE('',#6908,0.100000775340634);
#4078=CIRCLE('',#6909,1.7);
#4079=CIRCLE('',#6911,1.15);
#4080=CIRCLE('',#6912,0.099999999999999);
#4081=CIRCLE('',#6913,0.099999999999999);
#4082=CIRCLE('',#6914,0.15);
#4083=CIRCLE('',#6915,0.15);
#4084=CIRCLE('',#6916,0.099999999999999);
#4085=CIRCLE('',#6917,0.099999999999999);
#4086=CIRCLE('',#6918,0.15);
#4087=CIRCLE('',#6919,0.15);
#4088=CIRCLE('',#6921,0.100000000000001);
#4089=CIRCLE('',#6922,0.0999999999999994);
#4090=CIRCLE('',#6924,0.100000000000001);
#4091=CIRCLE('',#6925,0.0999999999999998);
#4092=CIRCLE('',#6928,0.0999999999999994);
#4093=CIRCLE('',#6929,0.0999999999999994);
#4094=CIRCLE('',#6931,0.0999999999999994);
#4095=CIRCLE('',#6932,0.0999999999999998);
#4096=CIRCLE('',#6935,0.0999999999999998);
#4097=CIRCLE('',#6936,0.0999999999999999);
#4098=CIRCLE('',#6937,0.099999999999999);
#4099=CIRCLE('',#6938,0.0999999999999998);
#4100=CIRCLE('',#6939,0.100000000000001);
#4101=CIRCLE('',#6940,0.100000000000001);
#4102=CIRCLE('',#6941,0.2);
#4103=CIRCLE('',#6942,1.5);
#4104=CIRCLE('',#6943,0.100000775340632);
#4105=CIRCLE('',#6944,1.7);
#4106=CIRCLE('',#6945,0.100000775340633);
#4107=CIRCLE('',#6946,1.5);
#4108=CIRCLE('',#6947,1.15);
#4109=CIRCLE('',#6948,1.5);
#4110=CIRCLE('',#6949,0.100000775340632);
#4111=CIRCLE('',#6950,1.7);
#4112=CIRCLE('',#6951,0.100000775340634);
#4113=CIRCLE('',#6952,1.5);
#4114=CIRCLE('',#6953,1.15);
#4115=CIRCLE('',#6962,1.9);
#4116=CIRCLE('',#6963,0.2);
#4117=CIRCLE('',#6976,0.200000000000001);
#4118=CIRCLE('',#6979,0.200000000000001);
#4119=CIRCLE('',#6982,0.200000000000001);
#4120=CIRCLE('',#6985,0.200000000000001);
#4121=CIRCLE('',#6987,0.220000000000001);
#4122=CIRCLE('',#6989,0.220000000000001);
#4123=CIRCLE('',#6991,0.220000000000002);
#4124=CIRCLE('',#6992,0.220000000000002);
#4125=CIRCLE('',#6994,0.220000000000001);
#4126=CIRCLE('',#6995,0.220000000000001);
#4127=CIRCLE('',#6997,0.220000000000001);
#4128=CIRCLE('',#6998,0.220000000000001);
#4129=CIRCLE('',#7000,0.0999999999999994);
#4130=CIRCLE('',#7001,0.0999999999999994);
#4131=CIRCLE('',#7003,0.220000000000001);
#4132=CIRCLE('',#7004,0.220000000000001);
#4133=CIRCLE('',#7006,0.0999999999999998);
#4134=CIRCLE('',#7007,0.0999999999999994);
#4135=CIRCLE('',#7017,0.22);
#4136=CIRCLE('',#7018,0.0999999999999998);
#4137=CIRCLE('',#7020,0.0999999999999998);
#4138=CIRCLE('',#7021,0.219999999999999);
#4139=CIRCLE('',#7023,0.0999999999999998);
#4140=CIRCLE('',#7024,0.22);
#4141=CIRCLE('',#7026,0.219999999999999);
#4142=CIRCLE('',#7027,0.0999999999999998);
#4143=CIRCLE('',#7029,0.22);
#4144=CIRCLE('',#7030,0.22);
#4145=CIRCLE('',#7032,0.0999999999999998);
#4146=CIRCLE('',#7034,0.0999999999999998);
#4147=CIRCLE('',#7036,0.219999999999999);
#4148=CIRCLE('',#7037,0.219999999999999);
#4149=CIRCLE('',#7039,0.0999999999999998);
#4150=CIRCLE('',#7041,0.0999999999999998);
#4151=CIRCLE('',#7043,0.0800000000000003);
#4152=CIRCLE('',#7044,0.200000000000001);
#4153=CIRCLE('',#7047,0.200000000000001);
#4154=CIRCLE('',#7048,0.200000000000001);
#4155=CIRCLE('',#7053,0.0800000000000002);
#4156=CIRCLE('',#7054,0.0800000000000002);
#4157=CIRCLE('',#7056,0.200000000000001);
#4158=CIRCLE('',#7057,0.0800000000000003);
#4159=CIRCLE('',#7112,1.69999999999998);
#4160=CIRCLE('',#7115,1.9);
#4161=CIRCLE('',#7117,1.7);
#4162=CIRCLE('',#7119,1.7);
#4163=CIRCLE('',#7136,1.15);
#4164=CIRCLE('',#7141,0.15);
#4165=CIRCLE('',#7144,0.15);
#4166=CIRCLE('',#7149,0.15);
#4167=CIRCLE('',#7151,0.15);
#4168=CIRCLE('',#7158,0.0999999999999994);
#4169=CIRCLE('',#7159,0.0999999999999994);
#4170=CIRCLE('',#7160,0.25);
#4171=CIRCLE('',#7161,0.25);
#4172=CIRCLE('',#7163,0.25);
#4173=CIRCLE('',#7164,0.25);
#4174=CIRCLE('',#7165,0.0999999999999994);
#4175=CIRCLE('',#7166,0.0999999999999994);
#4176=CIRCLE('',#7179,0.25);
#4177=CIRCLE('',#7180,0.25);
#4178=CIRCLE('',#7181,0.0999999999999985);
#4179=CIRCLE('',#7182,0.0999999999999994);
#4180=CIRCLE('',#7184,0.0999999999999994);
#4181=CIRCLE('',#7185,0.0999999999999985);
#4182=CIRCLE('',#7186,0.25);
#4183=CIRCLE('',#7187,0.25);
#4184=CIRCLE('',#7200,0.0999999999999994);
#4185=CIRCLE('',#7201,0.0999999999999994);
#4186=CIRCLE('',#7202,0.25);
#4187=CIRCLE('',#7203,0.25);
#4188=CIRCLE('',#7205,0.25);
#4189=CIRCLE('',#7206,0.25);
#4190=CIRCLE('',#7207,0.0999999999999994);
#4191=CIRCLE('',#7208,0.0999999999999994);
#4192=CIRCLE('',#7221,0.25);
#4193=CIRCLE('',#7222,0.25);
#4194=CIRCLE('',#7223,0.0999999999999985);
#4195=CIRCLE('',#7224,0.0999999999999994);
#4196=CIRCLE('',#7226,0.0999999999999994);
#4197=CIRCLE('',#7227,0.0999999999999985);
#4198=CIRCLE('',#7228,0.25);
#4199=CIRCLE('',#7229,0.25);
#4200=CIRCLE('',#7242,0.0999999999999994);
#4201=CIRCLE('',#7243,0.0999999999999994);
#4202=CIRCLE('',#7244,0.25);
#4203=CIRCLE('',#7245,0.25);
#4204=CIRCLE('',#7247,0.25);
#4205=CIRCLE('',#7248,0.25);
#4206=CIRCLE('',#7249,0.0999999999999994);
#4207=CIRCLE('',#7250,0.0999999999999994);
#4208=CIRCLE('',#7263,0.25);
#4209=CIRCLE('',#7264,0.25);
#4210=CIRCLE('',#7265,0.0999999999999985);
#4211=CIRCLE('',#7266,0.0999999999999994);
#4212=CIRCLE('',#7268,0.0999999999999994);
#4213=CIRCLE('',#7269,0.0999999999999985);
#4214=CIRCLE('',#7270,0.25);
#4215=CIRCLE('',#7271,0.25);
#4216=CIRCLE('',#7281,0.15);
#4217=CIRCLE('',#7284,0.15);
#4218=CIRCLE('',#7292,1.12);
#4219=CIRCLE('',#7295,1.15);
#4220=CIRCLE('',#7297,1.15);
#4221=CIRCLE('',#7298,1.15);
#4222=CIRCLE('',#7299,1.15);
#4223=CIRCLE('',#7301,1.15);
#4224=CIRCLE('',#7304,1.55);
#4225=CIRCLE('',#7306,1.15);
#4226=CIRCLE('',#7307,1.55);
#4227=CIRCLE('',#7309,1.55);
#4228=CIRCLE('',#7311,1.55);
#4229=CIRCLE('',#7312,1.55);
#4230=CIRCLE('',#7313,1.55);
#4231=CIRCLE('',#7314,1.15);
#4232=CIRCLE('',#7315,1.55);
#4233=CIRCLE('',#7316,1.15);
#4234=CIRCLE('',#7317,1.7);
#4235=CIRCLE('',#7327,1.55);
#4236=CIRCLE('',#7339,1.12);
#4237=CIRCLE('',#7353,1.7);
#4238=EDGE_LOOP('',(#1250,#1251,#1252,#1253,#1254,#1255,#1256,#1257,#1258,
#1259,#1260,#1261,#1262,#1263,#1264,#1265,#1266,#1267));
#4239=EDGE_LOOP('',(#1268));
#4240=EDGE_LOOP('',(#1269));
#4241=EDGE_LOOP('',(#1270,#1271,#1272,#1273,#1274,#1275,#1276,#1277,#1278,
#1279,#1280,#1281,#1282,#1283,#1284,#1285,#1286,#1287,#1288,#1289));
#4242=EDGE_LOOP('',(#1290));
#4243=EDGE_LOOP('',(#1291,#1292,#1293,#1294,#1295,#1296,#1297,#1298,#1299,
#1300,#1301,#1302,#1303,#1304,#1305,#1306,#1307,#1308,#1309,#1310));
#4244=EDGE_LOOP('',(#1311,#1312,#1313,#1314,#1315));
#4245=EDGE_LOOP('',(#1316,#1317,#1318,#1319,#1320));
#4246=EDGE_LOOP('',(#1321,#1322,#1323,#1324));
#4247=EDGE_LOOP('',(#1325,#1326,#1327,#1328));
#4248=EDGE_LOOP('',(#1329,#1330,#1331,#1332));
#4249=EDGE_LOOP('',(#1333,#1334,#1335,#1336,#1337,#1338,#1339,#1340,#1341,
#1342,#1343,#1344,#1345,#1346));
#4250=EDGE_LOOP('',(#1347,#1348,#1349,#1350,#1351));
#4251=EDGE_LOOP('',(#1352,#1353,#1354,#1355,#1356));
#4252=EDGE_LOOP('',(#1357,#1358,#1359,#1360));
#4253=EDGE_LOOP('',(#1361,#1362,#1363,#1364));
#4254=EDGE_LOOP('',(#1365,#1366,#1367,#1368));
#4255=EDGE_LOOP('',(#1369,#1370,#1371,#1372,#1373,#1374,#1375,#1376,#1377,
#1378,#1379,#1380,#1381,#1382,#1383,#1384,#1385,#1386,#1387,#1388,#1389,
#1390));
#4256=EDGE_LOOP('',(#1391,#1392,#1393,#1394,#1395,#1396,#1397,#1398,#1399,
#1400,#1401,#1402,#1403,#1404,#1405,#1406,#1407,#1408,#1409,#1410,#1411,
#1412,#1413,#1414,#1415,#1416,#1417,#1418,#1419,#1420));
#4257=EDGE_LOOP('',(#1421));
#4258=EDGE_LOOP('',(#1422,#1423,#1424,#1425,#1426,#1427,#1428,#1429,#1430,
#1431,#1432,#1433,#1434,#1435,#1436,#1437));
#4259=EDGE_LOOP('',(#1438,#1439,#1440,#1441));
#4260=EDGE_LOOP('',(#1442,#1443,#1444,#1445));
#4261=EDGE_LOOP('',(#1446,#1447,#1448,#1449));
#4262=EDGE_LOOP('',(#1450,#1451,#1452,#1453));
#4263=EDGE_LOOP('',(#1454,#1455,#1456,#1457));
#4264=EDGE_LOOP('',(#1458,#1459,#1460,#1461,#1462,#1463,#1464,#1465));
#4265=EDGE_LOOP('',(#1466,#1467,#1468,#1469,#1470,#1471,#1472,#1473,#1474,
#1475));
#4266=EDGE_LOOP('',(#1476,#1477,#1478,#1479,#1480,#1481,#1482,#1483,#1484,
#1485));
#4267=EDGE_LOOP('',(#1486));
#4268=EDGE_LOOP('',(#1487));
#4269=EDGE_LOOP('',(#1488,#1489,#1490,#1491));
#4270=EDGE_LOOP('',(#1492,#1493,#1494,#1495,#1496,#1497,#1498,#1499));
#4271=EDGE_LOOP('',(#1500,#1501,#1502,#1503,#1504,#1505));
#4272=EDGE_LOOP('',(#1506,#1507,#1508,#1509));
#4273=EDGE_LOOP('',(#1510,#1511,#1512,#1513,#1514,#1515,#1516,#1517,#1518,
#1519));
#4274=EDGE_LOOP('',(#1520,#1521,#1522,#1523));
#4275=EDGE_LOOP('',(#1524,#1525,#1526,#1527,#1528,#1529,#1530,#1531,#1532,
#1533));
#4276=EDGE_LOOP('',(#1534,#1535,#1536,#1537));
#4277=EDGE_LOOP('',(#1538,#1539,#1540,#1541));
#4278=EDGE_LOOP('',(#1542,#1543,#1544,#1545));
#4279=EDGE_LOOP('',(#1546,#1547,#1548,#1549));
#4280=EDGE_LOOP('',(#1550,#1551,#1552,#1553,#1554,#1555));
#4281=EDGE_LOOP('',(#1556,#1557,#1558,#1559,#1560,#1561));
#4282=EDGE_LOOP('',(#1562,#1563,#1564,#1565,#1566,#1567,#1568));
#4283=EDGE_LOOP('',(#1569,#1570,#1571,#1572,#1573,#1574,#1575));
#4284=EDGE_LOOP('',(#1576,#1577,#1578,#1579,#1580,#1581));
#4285=EDGE_LOOP('',(#1582,#1583,#1584,#1585,#1586,#1587));
#4286=EDGE_LOOP('',(#1588,#1589,#1590,#1591,#1592,#1593));
#4287=EDGE_LOOP('',(#1594,#1595,#1596,#1597,#1598,#1599));
#4288=EDGE_LOOP('',(#1600,#1601,#1602,#1603));
#4289=EDGE_LOOP('',(#1604,#1605,#1606,#1607));
#4290=EDGE_LOOP('',(#1608,#1609,#1610,#1611,#1612,#1613,#1614,#1615,#1616,
#1617));
#4291=EDGE_LOOP('',(#1618,#1619,#1620,#1621,#1622,#1623,#1624,#1625,#1626,
#1627,#1628,#1629));
#4292=EDGE_LOOP('',(#1630,#1631,#1632,#1633,#1634,#1635,#1636,#1637,#1638,
#1639));
#4293=EDGE_LOOP('',(#1640,#1641,#1642,#1643,#1644,#1645,#1646,#1647,#1648,
#1649,#1650,#1651));
#4294=EDGE_LOOP('',(#1652,#1653,#1654,#1655));
#4295=EDGE_LOOP('',(#1656,#1657,#1658,#1659));
#4296=EDGE_LOOP('',(#1660,#1661,#1662,#1663,#1664,#1665,#1666,#1667));
#4297=EDGE_LOOP('',(#1668,#1669,#1670,#1671,#1672,#1673,#1674,#1675));
#4298=EDGE_LOOP('',(#1676,#1677,#1678,#1679,#1680,#1681,#1682,#1683));
#4299=EDGE_LOOP('',(#1684,#1685,#1686,#1687,#1688,#1689,#1690,#1691));
#4300=EDGE_LOOP('',(#1692,#1693,#1694,#1695,#1696,#1697,#1698,#1699,#1700,
#1701));
#4301=EDGE_LOOP('',(#1702,#1703,#1704,#1705));
#4302=EDGE_LOOP('',(#1706,#1707,#1708,#1709));
#4303=EDGE_LOOP('',(#1710,#1711,#1712,#1713,#1714,#1715,#1716,#1717,#1718,
#1719));
#4304=EDGE_LOOP('',(#1720,#1721,#1722,#1723));
#4305=EDGE_LOOP('',(#1724,#1725,#1726,#1727));
#4306=EDGE_LOOP('',(#1728,#1729,#1730,#1731,#1732,#1733,#1734,#1735));
#4307=EDGE_LOOP('',(#1736,#1737,#1738,#1739));
#4308=EDGE_LOOP('',(#1740,#1741,#1742,#1743,#1744,#1745));
#4309=EDGE_LOOP('',(#1746,#1747,#1748,#1749));
#4310=EDGE_LOOP('',(#1750,#1751,#1752,#1753));
#4311=EDGE_LOOP('',(#1754,#1755,#1756,#1757));
#4312=EDGE_LOOP('',(#1758,#1759,#1760,#1761,#1762,#1763));
#4313=EDGE_LOOP('',(#1764,#1765,#1766,#1767,#1768,#1769,#1770,#1771));
#4314=EDGE_LOOP('',(#1772,#1773,#1774,#1775));
#4315=EDGE_LOOP('',(#1776,#1777,#1778,#1779));
#4316=EDGE_LOOP('',(#1780,#1781,#1782,#1783));
#4317=EDGE_LOOP('',(#1784,#1785,#1786,#1787));
#4318=EDGE_LOOP('',(#1788,#1789,#1790,#1791));
#4319=EDGE_LOOP('',(#1792,#1793,#1794,#1795));
#4320=EDGE_LOOP('',(#1796,#1797,#1798,#1799,#1800,#1801));
#4321=EDGE_LOOP('',(#1802,#1803,#1804,#1805,#1806,#1807));
#4322=EDGE_LOOP('',(#1808,#1809,#1810,#1811,#1812,#1813));
#4323=EDGE_LOOP('',(#1814,#1815,#1816,#1817,#1818,#1819));
#4324=EDGE_LOOP('',(#1820,#1821,#1822,#1823));
#4325=EDGE_LOOP('',(#1824,#1825,#1826,#1827));
#4326=EDGE_LOOP('',(#1828,#1829,#1830,#1831));
#4327=EDGE_LOOP('',(#1832,#1833,#1834,#1835));
#4328=EDGE_LOOP('',(#1836,#1837,#1838,#1839));
#4329=EDGE_LOOP('',(#1840,#1841,#1842,#1843));
#4330=EDGE_LOOP('',(#1844,#1845,#1846,#1847,#1848,#1849,#1850));
#4331=EDGE_LOOP('',(#1851,#1852,#1853,#1854,#1855,#1856,#1857));
#4332=EDGE_LOOP('',(#1858,#1859,#1860,#1861));
#4333=EDGE_LOOP('',(#1862,#1863,#1864,#1865,#1866,#1867,#1868));
#4334=EDGE_LOOP('',(#1869,#1870,#1871,#1872,#1873,#1874,#1875));
#4335=EDGE_LOOP('',(#1876,#1877,#1878,#1879));
#4336=EDGE_LOOP('',(#1880,#1881,#1882,#1883));
#4337=EDGE_LOOP('',(#1884,#1885,#1886,#1887));
#4338=EDGE_LOOP('',(#1888,#1889,#1890,#1891,#1892,#1893,#1894,#1895));
#4339=EDGE_LOOP('',(#1896,#1897,#1898,#1899,#1900,#1901,#1902,#1903));
#4340=EDGE_LOOP('',(#1904,#1905,#1906,#1907));
#4341=EDGE_LOOP('',(#1908,#1909,#1910,#1911));
#4342=EDGE_LOOP('',(#1912,#1913,#1914,#1915));
#4343=EDGE_LOOP('',(#1916,#1917,#1918,#1919));
#4344=EDGE_LOOP('',(#1920,#1921,#1922));
#4345=EDGE_LOOP('',(#1923,#1924,#1925));
#4346=EDGE_LOOP('',(#1926,#1927,#1928,#1929));
#4347=EDGE_LOOP('',(#1930,#1931,#1932,#1933));
#4348=EDGE_LOOP('',(#1934,#1935,#1936,#1937));
#4349=EDGE_LOOP('',(#1938,#1939,#1940,#1941));
#4350=EDGE_LOOP('',(#1942,#1943,#1944,#1945));
#4351=EDGE_LOOP('',(#1946,#1947,#1948,#1949));
#4352=EDGE_LOOP('',(#1950,#1951,#1952,#1953,#1954,#1955,#1956));
#4353=EDGE_LOOP('',(#1957,#1958,#1959,#1960,#1961));
#4354=EDGE_LOOP('',(#1962,#1963,#1964,#1965));
#4355=EDGE_LOOP('',(#1966,#1967,#1968,#1969));
#4356=EDGE_LOOP('',(#1970,#1971,#1972,#1973,#1974,#1975,#1976));
#4357=EDGE_LOOP('',(#1977,#1978,#1979,#1980,#1981));
#4358=EDGE_LOOP('',(#1982,#1983,#1984,#1985));
#4359=EDGE_LOOP('',(#1986,#1987,#1988,#1989));
#4360=EDGE_LOOP('',(#1990,#1991,#1992,#1993,#1994));
#4361=EDGE_LOOP('',(#1995,#1996,#1997,#1998,#1999));
#4362=EDGE_LOOP('',(#2000));
#4363=EDGE_LOOP('',(#2001));
#4364=EDGE_LOOP('',(#2002,#2003,#2004,#2005));
#4365=EDGE_LOOP('',(#2006,#2007,#2008,#2009));
#4366=EDGE_LOOP('',(#2010,#2011,#2012,#2013));
#4367=EDGE_LOOP('',(#2014,#2015,#2016,#2017));
#4368=EDGE_LOOP('',(#2018,#2019,#2020,#2021,#2022,#2023,#2024,#2025));
#4369=EDGE_LOOP('',(#2026,#2027,#2028,#2029));
#4370=EDGE_LOOP('',(#2030));
#4371=EDGE_LOOP('',(#2031));
#4372=EDGE_LOOP('',(#2032));
#4373=EDGE_LOOP('',(#2033));
#4374=EDGE_LOOP('',(#2034));
#4375=EDGE_LOOP('',(#2035));
#4376=EDGE_LOOP('',(#2036));
#4377=EDGE_LOOP('',(#2037,#2038,#2039,#2040));
#4378=EDGE_LOOP('',(#2041,#2042,#2043,#2044));
#4379=EDGE_LOOP('',(#2045,#2046,#2047,#2048));
#4380=EDGE_LOOP('',(#2049,#2050,#2051,#2052));
#4381=EDGE_LOOP('',(#2053,#2054,#2055,#2056));
#4382=EDGE_LOOP('',(#2057,#2058,#2059,#2060));
#4383=EDGE_LOOP('',(#2061,#2062,#2063,#2064));
#4384=EDGE_LOOP('',(#2065,#2066,#2067,#2068,#2069));
#4385=EDGE_LOOP('',(#2070,#2071,#2072,#2073,#2074));
#4386=EDGE_LOOP('',(#2075,#2076,#2077,#2078));
#4387=EDGE_LOOP('',(#2079,#2080,#2081,#2082,#2083));
#4388=EDGE_LOOP('',(#2084,#2085,#2086,#2087,#2088));
#4389=EDGE_LOOP('',(#2089,#2090,#2091,#2092));
#4390=EDGE_LOOP('',(#2093,#2094,#2095,#2096));
#4391=EDGE_LOOP('',(#2097));
#4392=EDGE_LOOP('',(#2098));
#4393=EDGE_LOOP('',(#2099));
#4394=EDGE_LOOP('',(#2100,#2101,#2102,#2103,#2104));
#4395=EDGE_LOOP('',(#2105,#2106,#2107,#2108,#2109));
#4396=EDGE_LOOP('',(#2110,#2111,#2112,#2113));
#4397=EDGE_LOOP('',(#2114,#2115,#2116,#2117));
#4398=EDGE_LOOP('',(#2118,#2119,#2120,#2121));
#4399=EDGE_LOOP('',(#2122,#2123,#2124,#2125,#2126,#2127,#2128,#2129,#2130,
#2131,#2132,#2133,#2134,#2135,#2136,#2137,#2138,#2139));
#4400=EDGE_LOOP('',(#2140,#2141,#2142,#2143,#2144));
#4401=EDGE_LOOP('',(#2145,#2146,#2147,#2148,#2149));
#4402=EDGE_LOOP('',(#2150,#2151,#2152,#2153));
#4403=EDGE_LOOP('',(#2154,#2155,#2156,#2157));
#4404=EDGE_LOOP('',(#2158,#2159,#2160,#2161));
#4405=EDGE_LOOP('',(#2162,#2163,#2164,#2165,#2166,#2167,#2168,#2169,#2170,
#2171,#2172,#2173,#2174,#2175,#2176,#2177,#2178,#2179));
#4406=EDGE_LOOP('',(#2180,#2181,#2182,#2183));
#4407=EDGE_LOOP('',(#2184,#2185,#2186,#2187));
#4408=EDGE_LOOP('',(#2188,#2189,#2190,#2191));
#4409=EDGE_LOOP('',(#2192,#2193,#2194,#2195,#2196,#2197,#2198,#2199,#2200,
#2201,#2202,#2203,#2204));
#4410=EDGE_LOOP('',(#2205,#2206,#2207,#2208,#2209,#2210,#2211,#2212,#2213,
#2214,#2215,#2216,#2217));
#4411=EDGE_LOOP('',(#2218,#2219,#2220,#2221));
#4412=EDGE_LOOP('',(#2222,#2223,#2224,#2225));
#4413=EDGE_LOOP('',(#2226,#2227,#2228,#2229));
#4414=EDGE_LOOP('',(#2230,#2231,#2232,#2233));
#4415=EDGE_LOOP('',(#2234,#2235,#2236,#2237));
#4416=EDGE_LOOP('',(#2238,#2239,#2240,#2241));
#4417=EDGE_LOOP('',(#2242,#2243,#2244,#2245));
#4418=EDGE_LOOP('',(#2246,#2247,#2248,#2249));
#4419=EDGE_LOOP('',(#2250,#2251,#2252,#2253));
#4420=EDGE_LOOP('',(#2254,#2255,#2256,#2257));
#4421=EDGE_LOOP('',(#2258,#2259,#2260,#2261));
#4422=EDGE_LOOP('',(#2262,#2263,#2264,#2265,#2266,#2267,#2268,#2269,#2270,
#2271,#2272,#2273,#2274));
#4423=EDGE_LOOP('',(#2275,#2276,#2277,#2278,#2279,#2280,#2281,#2282,#2283,
#2284,#2285,#2286,#2287));
#4424=EDGE_LOOP('',(#2288,#2289,#2290,#2291));
#4425=EDGE_LOOP('',(#2292,#2293,#2294,#2295));
#4426=EDGE_LOOP('',(#2296,#2297,#2298,#2299));
#4427=EDGE_LOOP('',(#2300,#2301,#2302,#2303));
#4428=EDGE_LOOP('',(#2304,#2305,#2306,#2307));
#4429=EDGE_LOOP('',(#2308,#2309,#2310,#2311));
#4430=EDGE_LOOP('',(#2312,#2313,#2314,#2315));
#4431=EDGE_LOOP('',(#2316,#2317,#2318,#2319));
#4432=EDGE_LOOP('',(#2320,#2321,#2322,#2323));
#4433=EDGE_LOOP('',(#2324,#2325,#2326,#2327));
#4434=EDGE_LOOP('',(#2328,#2329,#2330,#2331));
#4435=EDGE_LOOP('',(#2332,#2333,#2334,#2335,#2336,#2337,#2338,#2339,#2340,
#2341,#2342,#2343,#2344));
#4436=EDGE_LOOP('',(#2345,#2346,#2347,#2348,#2349,#2350,#2351,#2352,#2353,
#2354,#2355,#2356,#2357));
#4437=EDGE_LOOP('',(#2358,#2359,#2360,#2361));
#4438=EDGE_LOOP('',(#2362,#2363,#2364,#2365));
#4439=EDGE_LOOP('',(#2366,#2367,#2368,#2369));
#4440=EDGE_LOOP('',(#2370,#2371,#2372,#2373));
#4441=EDGE_LOOP('',(#2374,#2375,#2376,#2377));
#4442=EDGE_LOOP('',(#2378,#2379,#2380,#2381));
#4443=EDGE_LOOP('',(#2382,#2383,#2384,#2385));
#4444=EDGE_LOOP('',(#2386,#2387,#2388,#2389));
#4445=EDGE_LOOP('',(#2390,#2391,#2392,#2393));
#4446=EDGE_LOOP('',(#2394,#2395,#2396,#2397));
#4447=EDGE_LOOP('',(#2398,#2399,#2400,#2401));
#4448=EDGE_LOOP('',(#2402,#2403,#2404,#2405,#2406,#2407,#2408,#2409,#2410,
#2411,#2412,#2413,#2414));
#4449=EDGE_LOOP('',(#2415,#2416,#2417,#2418,#2419,#2420,#2421,#2422,#2423,
#2424,#2425,#2426,#2427));
#4450=EDGE_LOOP('',(#2428,#2429,#2430,#2431));
#4451=EDGE_LOOP('',(#2432,#2433,#2434,#2435));
#4452=EDGE_LOOP('',(#2436,#2437,#2438,#2439));
#4453=EDGE_LOOP('',(#2440,#2441,#2442,#2443));
#4454=EDGE_LOOP('',(#2444,#2445,#2446,#2447));
#4455=EDGE_LOOP('',(#2448,#2449,#2450,#2451));
#4456=EDGE_LOOP('',(#2452,#2453,#2454,#2455));
#4457=EDGE_LOOP('',(#2456,#2457,#2458,#2459));
#4458=EDGE_LOOP('',(#2460,#2461,#2462,#2463));
#4459=EDGE_LOOP('',(#2464,#2465,#2466,#2467));
#4460=EDGE_LOOP('',(#2468,#2469,#2470,#2471));
#4461=EDGE_LOOP('',(#2472,#2473,#2474,#2475,#2476,#2477,#2478,#2479,#2480,
#2481,#2482,#2483,#2484));
#4462=EDGE_LOOP('',(#2485,#2486,#2487,#2488,#2489,#2490,#2491,#2492,#2493,
#2494,#2495,#2496,#2497));
#4463=EDGE_LOOP('',(#2498,#2499,#2500,#2501));
#4464=EDGE_LOOP('',(#2502,#2503,#2504,#2505));
#4465=EDGE_LOOP('',(#2506,#2507,#2508,#2509));
#4466=EDGE_LOOP('',(#2510,#2511,#2512,#2513));
#4467=EDGE_LOOP('',(#2514,#2515,#2516,#2517));
#4468=EDGE_LOOP('',(#2518,#2519,#2520,#2521));
#4469=EDGE_LOOP('',(#2522,#2523,#2524,#2525));
#4470=EDGE_LOOP('',(#2526,#2527,#2528,#2529));
#4471=EDGE_LOOP('',(#2530,#2531,#2532,#2533));
#4472=EDGE_LOOP('',(#2534,#2535,#2536,#2537));
#4473=EDGE_LOOP('',(#2538,#2539,#2540,#2541));
#4474=EDGE_LOOP('',(#2542,#2543,#2544,#2545,#2546,#2547,#2548,#2549,#2550,
#2551,#2552,#2553,#2554));
#4475=EDGE_LOOP('',(#2555,#2556,#2557,#2558,#2559,#2560,#2561,#2562,#2563,
#2564,#2565,#2566,#2567));
#4476=EDGE_LOOP('',(#2568,#2569,#2570,#2571));
#4477=EDGE_LOOP('',(#2572,#2573,#2574,#2575));
#4478=EDGE_LOOP('',(#2576,#2577,#2578,#2579));
#4479=EDGE_LOOP('',(#2580,#2581,#2582,#2583));
#4480=EDGE_LOOP('',(#2584,#2585,#2586,#2587));
#4481=EDGE_LOOP('',(#2588,#2589,#2590,#2591));
#4482=EDGE_LOOP('',(#2592,#2593,#2594,#2595));
#4483=EDGE_LOOP('',(#2596,#2597,#2598,#2599));
#4484=EDGE_LOOP('',(#2600));
#4485=EDGE_LOOP('',(#2601));
#4486=EDGE_LOOP('',(#2602));
#4487=EDGE_LOOP('',(#2603));
#4488=EDGE_LOOP('',(#2604));
#4489=EDGE_LOOP('',(#2605));
#4490=EDGE_LOOP('',(#2606,#2607,#2608,#2609));
#4491=EDGE_LOOP('',(#2610,#2611,#2612,#2613));
#4492=EDGE_LOOP('',(#2614,#2615,#2616,#2617));
#4493=EDGE_LOOP('',(#2618,#2619,#2620,#2621));
#4494=EDGE_LOOP('',(#2622,#2623,#2624));
#4495=EDGE_LOOP('',(#2625,#2626,#2627,#2628,#2629));
#4496=EDGE_LOOP('',(#2630,#2631,#2632,#2633));
#4497=EDGE_LOOP('',(#2634,#2635,#2636,#2637,#2638,#2639,#2640,#2641));
#4498=EDGE_LOOP('',(#2642,#2643,#2644,#2645));
#4499=EDGE_LOOP('',(#2646,#2647,#2648,#2649));
#4500=EDGE_LOOP('',(#2650,#2651,#2652,#2653));
#4501=EDGE_LOOP('',(#2654,#2655,#2656,#2657,#2658,#2659,#2660,#2661,#2662,
#2663,#2664,#2665,#2666,#2667,#2668,#2669,#2670,#2671,#2672,#2673,#2674,
#2675));
#4502=EDGE_LOOP('',(#2676));
#4503=EDGE_LOOP('',(#2677,#2678,#2679,#2680));
#4504=EDGE_LOOP('',(#2681,#2682,#2683,#2684));
#4505=EDGE_LOOP('',(#2685,#2686,#2687,#2688));
#4506=EDGE_LOOP('',(#2689,#2690,#2691,#2692));
#4507=EDGE_LOOP('',(#2693,#2694,#2695,#2696));
#4508=EDGE_LOOP('',(#2697,#2698,#2699,#2700));
#4509=EDGE_LOOP('',(#2701,#2702,#2703,#2704));
#4510=EDGE_LOOP('',(#2705,#2706,#2707,#2708));
#4511=EDGE_LOOP('',(#2709,#2710,#2711,#2712));
#4512=EDGE_LOOP('',(#2713,#2714,#2715));
#4513=EDGE_LOOP('',(#2716,#2717,#2718,#2719));
#4514=EDGE_LOOP('',(#2720,#2721,#2722,#2723,#2724,#2725,#2726,#2727));
#4515=EDGE_LOOP('',(#2728,#2729,#2730,#2731,#2732));
#4516=EDGE_LOOP('',(#2733,#2734,#2735,#2736,#2737,#2738,#2739,#2740,#2741));
#4517=EDGE_LOOP('',(#2742,#2743,#2744,#2745,#2746,#2747));
#4518=EDGE_LOOP('',(#2748,#2749,#2750,#2751,#2752,#2753,#2754,#2755,#2756));
#4519=EDGE_LOOP('',(#2757,#2758,#2759,#2760,#2761,#2762));
#4520=EDGE_LOOP('',(#2763,#2764,#2765,#2766));
#4521=EDGE_LOOP('',(#2767,#2768,#2769,#2770));
#4522=EDGE_LOOP('',(#2771,#2772,#2773,#2774));
#4523=EDGE_LOOP('',(#2775,#2776,#2777,#2778));
#4524=EDGE_LOOP('',(#2779,#2780,#2781,#2782));
#4525=EDGE_LOOP('',(#2783));
#4526=EDGE_LOOP('',(#2784));
#4527=EDGE_LOOP('',(#2785));
#4528=FACE_BOUND('',#4238,.T.);
#4529=FACE_BOUND('',#4239,.T.);
#4530=FACE_BOUND('',#4240,.T.);
#4531=FACE_BOUND('',#4241,.T.);
#4532=FACE_BOUND('',#4242,.T.);
#4533=FACE_BOUND('',#4243,.T.);
#4534=FACE_BOUND('',#4244,.T.);
#4535=FACE_BOUND('',#4245,.T.);
#4536=FACE_BOUND('',#4246,.T.);
#4537=FACE_BOUND('',#4247,.T.);
#4538=FACE_BOUND('',#4248,.T.);
#4539=FACE_BOUND('',#4249,.T.);
#4540=FACE_BOUND('',#4250,.T.);
#4541=FACE_BOUND('',#4251,.T.);
#4542=FACE_BOUND('',#4252,.T.);
#4543=FACE_BOUND('',#4253,.T.);
#4544=FACE_BOUND('',#4254,.T.);
#4545=FACE_BOUND('',#4255,.T.);
#4546=FACE_BOUND('',#4256,.T.);
#4547=FACE_BOUND('',#4257,.T.);
#4548=FACE_BOUND('',#4258,.T.);
#4549=FACE_BOUND('',#4259,.T.);
#4550=FACE_BOUND('',#4260,.T.);
#4551=FACE_BOUND('',#4261,.T.);
#4552=FACE_BOUND('',#4262,.T.);
#4553=FACE_BOUND('',#4263,.T.);
#4554=FACE_BOUND('',#4264,.T.);
#4555=FACE_BOUND('',#4265,.T.);
#4556=FACE_BOUND('',#4266,.T.);
#4557=FACE_BOUND('',#4267,.T.);
#4558=FACE_BOUND('',#4268,.T.);
#4559=FACE_BOUND('',#4269,.T.);
#4560=FACE_BOUND('',#4270,.T.);
#4561=FACE_BOUND('',#4271,.T.);
#4562=FACE_BOUND('',#4272,.T.);
#4563=FACE_BOUND('',#4273,.T.);
#4564=FACE_BOUND('',#4274,.T.);
#4565=FACE_BOUND('',#4275,.T.);
#4566=FACE_BOUND('',#4276,.T.);
#4567=FACE_BOUND('',#4277,.T.);
#4568=FACE_BOUND('',#4278,.T.);
#4569=FACE_BOUND('',#4279,.T.);
#4570=FACE_BOUND('',#4280,.T.);
#4571=FACE_BOUND('',#4281,.T.);
#4572=FACE_BOUND('',#4282,.T.);
#4573=FACE_BOUND('',#4283,.T.);
#4574=FACE_BOUND('',#4284,.T.);
#4575=FACE_BOUND('',#4285,.T.);
#4576=FACE_BOUND('',#4286,.T.);
#4577=FACE_BOUND('',#4287,.T.);
#4578=FACE_BOUND('',#4288,.T.);
#4579=FACE_BOUND('',#4289,.T.);
#4580=FACE_BOUND('',#4290,.T.);
#4581=FACE_BOUND('',#4291,.T.);
#4582=FACE_BOUND('',#4292,.T.);
#4583=FACE_BOUND('',#4293,.T.);
#4584=FACE_BOUND('',#4294,.T.);
#4585=FACE_BOUND('',#4295,.T.);
#4586=FACE_BOUND('',#4296,.T.);
#4587=FACE_BOUND('',#4297,.T.);
#4588=FACE_BOUND('',#4298,.T.);
#4589=FACE_BOUND('',#4299,.T.);
#4590=FACE_BOUND('',#4300,.T.);
#4591=FACE_BOUND('',#4301,.T.);
#4592=FACE_BOUND('',#4302,.T.);
#4593=FACE_BOUND('',#4303,.T.);
#4594=FACE_BOUND('',#4304,.T.);
#4595=FACE_BOUND('',#4305,.T.);
#4596=FACE_BOUND('',#4306,.T.);
#4597=FACE_BOUND('',#4307,.T.);
#4598=FACE_BOUND('',#4308,.T.);
#4599=FACE_BOUND('',#4309,.T.);
#4600=FACE_BOUND('',#4310,.T.);
#4601=FACE_BOUND('',#4311,.T.);
#4602=FACE_BOUND('',#4312,.T.);
#4603=FACE_BOUND('',#4313,.T.);
#4604=FACE_BOUND('',#4314,.T.);
#4605=FACE_BOUND('',#4315,.T.);
#4606=FACE_BOUND('',#4316,.T.);
#4607=FACE_BOUND('',#4317,.T.);
#4608=FACE_BOUND('',#4318,.T.);
#4609=FACE_BOUND('',#4319,.T.);
#4610=FACE_BOUND('',#4320,.T.);
#4611=FACE_BOUND('',#4321,.T.);
#4612=FACE_BOUND('',#4322,.T.);
#4613=FACE_BOUND('',#4323,.T.);
#4614=FACE_BOUND('',#4324,.T.);
#4615=FACE_BOUND('',#4325,.T.);
#4616=FACE_BOUND('',#4326,.T.);
#4617=FACE_BOUND('',#4327,.T.);
#4618=FACE_BOUND('',#4328,.T.);
#4619=FACE_BOUND('',#4329,.T.);
#4620=FACE_BOUND('',#4330,.T.);
#4621=FACE_BOUND('',#4331,.T.);
#4622=FACE_BOUND('',#4332,.T.);
#4623=FACE_BOUND('',#4333,.T.);
#4624=FACE_BOUND('',#4334,.T.);
#4625=FACE_BOUND('',#4335,.T.);
#4626=FACE_BOUND('',#4336,.T.);
#4627=FACE_BOUND('',#4337,.T.);
#4628=FACE_BOUND('',#4338,.T.);
#4629=FACE_BOUND('',#4339,.T.);
#4630=FACE_BOUND('',#4340,.T.);
#4631=FACE_BOUND('',#4341,.T.);
#4632=FACE_BOUND('',#4342,.T.);
#4633=FACE_BOUND('',#4343,.T.);
#4634=FACE_BOUND('',#4344,.T.);
#4635=FACE_BOUND('',#4345,.T.);
#4636=FACE_BOUND('',#4346,.T.);
#4637=FACE_BOUND('',#4347,.T.);
#4638=FACE_BOUND('',#4348,.T.);
#4639=FACE_BOUND('',#4349,.T.);
#4640=FACE_BOUND('',#4350,.T.);
#4641=FACE_BOUND('',#4351,.T.);
#4642=FACE_BOUND('',#4352,.T.);
#4643=FACE_BOUND('',#4353,.T.);
#4644=FACE_BOUND('',#4354,.T.);
#4645=FACE_BOUND('',#4355,.T.);
#4646=FACE_BOUND('',#4356,.T.);
#4647=FACE_BOUND('',#4357,.T.);
#4648=FACE_BOUND('',#4358,.T.);
#4649=FACE_BOUND('',#4359,.T.);
#4650=FACE_BOUND('',#4360,.T.);
#4651=FACE_BOUND('',#4361,.T.);
#4652=FACE_BOUND('',#4362,.T.);
#4653=FACE_BOUND('',#4363,.T.);
#4654=FACE_BOUND('',#4364,.T.);
#4655=FACE_BOUND('',#4365,.T.);
#4656=FACE_BOUND('',#4366,.T.);
#4657=FACE_BOUND('',#4367,.T.);
#4658=FACE_BOUND('',#4368,.T.);
#4659=FACE_BOUND('',#4369,.T.);
#4660=FACE_BOUND('',#4370,.T.);
#4661=FACE_BOUND('',#4371,.T.);
#4662=FACE_BOUND('',#4372,.T.);
#4663=FACE_BOUND('',#4373,.T.);
#4664=FACE_BOUND('',#4374,.T.);
#4665=FACE_BOUND('',#4375,.T.);
#4666=FACE_BOUND('',#4376,.T.);
#4667=FACE_BOUND('',#4377,.T.);
#4668=FACE_BOUND('',#4378,.T.);
#4669=FACE_BOUND('',#4379,.T.);
#4670=FACE_BOUND('',#4380,.T.);
#4671=FACE_BOUND('',#4381,.T.);
#4672=FACE_BOUND('',#4382,.T.);
#4673=FACE_BOUND('',#4383,.T.);
#4674=FACE_BOUND('',#4384,.T.);
#4675=FACE_BOUND('',#4385,.T.);
#4676=FACE_BOUND('',#4386,.T.);
#4677=FACE_BOUND('',#4387,.T.);
#4678=FACE_BOUND('',#4388,.T.);
#4679=FACE_BOUND('',#4389,.T.);
#4680=FACE_BOUND('',#4390,.T.);
#4681=FACE_BOUND('',#4391,.T.);
#4682=FACE_BOUND('',#4392,.T.);
#4683=FACE_BOUND('',#4393,.T.);
#4684=FACE_BOUND('',#4394,.T.);
#4685=FACE_BOUND('',#4395,.T.);
#4686=FACE_BOUND('',#4396,.T.);
#4687=FACE_BOUND('',#4397,.T.);
#4688=FACE_BOUND('',#4398,.T.);
#4689=FACE_BOUND('',#4399,.T.);
#4690=FACE_BOUND('',#4400,.T.);
#4691=FACE_BOUND('',#4401,.T.);
#4692=FACE_BOUND('',#4402,.T.);
#4693=FACE_BOUND('',#4403,.T.);
#4694=FACE_BOUND('',#4404,.T.);
#4695=FACE_BOUND('',#4405,.T.);
#4696=FACE_BOUND('',#4406,.T.);
#4697=FACE_BOUND('',#4407,.T.);
#4698=FACE_BOUND('',#4408,.T.);
#4699=FACE_BOUND('',#4409,.T.);
#4700=FACE_BOUND('',#4410,.T.);
#4701=FACE_BOUND('',#4411,.T.);
#4702=FACE_BOUND('',#4412,.T.);
#4703=FACE_BOUND('',#4413,.T.);
#4704=FACE_BOUND('',#4414,.T.);
#4705=FACE_BOUND('',#4415,.T.);
#4706=FACE_BOUND('',#4416,.T.);
#4707=FACE_BOUND('',#4417,.T.);
#4708=FACE_BOUND('',#4418,.T.);
#4709=FACE_BOUND('',#4419,.T.);
#4710=FACE_BOUND('',#4420,.T.);
#4711=FACE_BOUND('',#4421,.T.);
#4712=FACE_BOUND('',#4422,.T.);
#4713=FACE_BOUND('',#4423,.T.);
#4714=FACE_BOUND('',#4424,.T.);
#4715=FACE_BOUND('',#4425,.T.);
#4716=FACE_BOUND('',#4426,.T.);
#4717=FACE_BOUND('',#4427,.T.);
#4718=FACE_BOUND('',#4428,.T.);
#4719=FACE_BOUND('',#4429,.T.);
#4720=FACE_BOUND('',#4430,.T.);
#4721=FACE_BOUND('',#4431,.T.);
#4722=FACE_BOUND('',#4432,.T.);
#4723=FACE_BOUND('',#4433,.T.);
#4724=FACE_BOUND('',#4434,.T.);
#4725=FACE_BOUND('',#4435,.T.);
#4726=FACE_BOUND('',#4436,.T.);
#4727=FACE_BOUND('',#4437,.T.);
#4728=FACE_BOUND('',#4438,.T.);
#4729=FACE_BOUND('',#4439,.T.);
#4730=FACE_BOUND('',#4440,.T.);
#4731=FACE_BOUND('',#4441,.T.);
#4732=FACE_BOUND('',#4442,.T.);
#4733=FACE_BOUND('',#4443,.T.);
#4734=FACE_BOUND('',#4444,.T.);
#4735=FACE_BOUND('',#4445,.T.);
#4736=FACE_BOUND('',#4446,.T.);
#4737=FACE_BOUND('',#4447,.T.);
#4738=FACE_BOUND('',#4448,.T.);
#4739=FACE_BOUND('',#4449,.T.);
#4740=FACE_BOUND('',#4450,.T.);
#4741=FACE_BOUND('',#4451,.T.);
#4742=FACE_BOUND('',#4452,.T.);
#4743=FACE_BOUND('',#4453,.T.);
#4744=FACE_BOUND('',#4454,.T.);
#4745=FACE_BOUND('',#4455,.T.);
#4746=FACE_BOUND('',#4456,.T.);
#4747=FACE_BOUND('',#4457,.T.);
#4748=FACE_BOUND('',#4458,.T.);
#4749=FACE_BOUND('',#4459,.T.);
#4750=FACE_BOUND('',#4460,.T.);
#4751=FACE_BOUND('',#4461,.T.);
#4752=FACE_BOUND('',#4462,.T.);
#4753=FACE_BOUND('',#4463,.T.);
#4754=FACE_BOUND('',#4464,.T.);
#4755=FACE_BOUND('',#4465,.T.);
#4756=FACE_BOUND('',#4466,.T.);
#4757=FACE_BOUND('',#4467,.T.);
#4758=FACE_BOUND('',#4468,.T.);
#4759=FACE_BOUND('',#4469,.T.);
#4760=FACE_BOUND('',#4470,.T.);
#4761=FACE_BOUND('',#4471,.T.);
#4762=FACE_BOUND('',#4472,.T.);
#4763=FACE_BOUND('',#4473,.T.);
#4764=FACE_BOUND('',#4474,.T.);
#4765=FACE_BOUND('',#4475,.T.);
#4766=FACE_BOUND('',#4476,.T.);
#4767=FACE_BOUND('',#4477,.T.);
#4768=FACE_BOUND('',#4478,.T.);
#4769=FACE_BOUND('',#4479,.T.);
#4770=FACE_BOUND('',#4480,.T.);
#4771=FACE_BOUND('',#4481,.T.);
#4772=FACE_BOUND('',#4482,.T.);
#4773=FACE_BOUND('',#4483,.T.);
#4774=FACE_BOUND('',#4484,.T.);
#4775=FACE_BOUND('',#4485,.T.);
#4776=FACE_BOUND('',#4486,.T.);
#4777=FACE_BOUND('',#4487,.T.);
#4778=FACE_BOUND('',#4488,.T.);
#4779=FACE_BOUND('',#4489,.T.);
#4780=FACE_BOUND('',#4490,.T.);
#4781=FACE_BOUND('',#4491,.T.);
#4782=FACE_BOUND('',#4492,.T.);
#4783=FACE_BOUND('',#4493,.T.);
#4784=FACE_BOUND('',#4494,.T.);
#4785=FACE_BOUND('',#4495,.T.);
#4786=FACE_BOUND('',#4496,.T.);
#4787=FACE_BOUND('',#4497,.T.);
#4788=FACE_BOUND('',#4498,.T.);
#4789=FACE_BOUND('',#4499,.T.);
#4790=FACE_BOUND('',#4500,.T.);
#4791=FACE_BOUND('',#4501,.T.);
#4792=FACE_BOUND('',#4502,.T.);
#4793=FACE_BOUND('',#4503,.T.);
#4794=FACE_BOUND('',#4504,.T.);
#4795=FACE_BOUND('',#4505,.T.);
#4796=FACE_BOUND('',#4506,.T.);
#4797=FACE_BOUND('',#4507,.T.);
#4798=FACE_BOUND('',#4508,.T.);
#4799=FACE_BOUND('',#4509,.T.);
#4800=FACE_BOUND('',#4510,.T.);
#4801=FACE_BOUND('',#4511,.T.);
#4802=FACE_BOUND('',#4512,.T.);
#4803=FACE_BOUND('',#4513,.T.);
#4804=FACE_BOUND('',#4514,.T.);
#4805=FACE_BOUND('',#4515,.T.);
#4806=FACE_BOUND('',#4516,.T.);
#4807=FACE_BOUND('',#4517,.T.);
#4808=FACE_BOUND('',#4518,.T.);
#4809=FACE_BOUND('',#4519,.T.);
#4810=FACE_BOUND('',#4520,.T.);
#4811=FACE_BOUND('',#4521,.T.);
#4812=FACE_BOUND('',#4522,.T.);
#4813=FACE_BOUND('',#4523,.T.);
#4814=FACE_BOUND('',#4524,.T.);
#4815=FACE_BOUND('',#4525,.T.);
#4816=FACE_BOUND('',#4526,.T.);
#4817=FACE_BOUND('',#4527,.T.);
#4818=PLANE('',#6892);
#4819=PLANE('',#6910);
#4820=PLANE('',#6926);
#4821=PLANE('',#6933);
#4822=PLANE('',#6934);
#4823=PLANE('',#6961);
#4824=PLANE('',#6964);
#4825=PLANE('',#6967);
#4826=PLANE('',#6972);
#4827=PLANE('',#6973);
#4828=PLANE('',#7008);
#4829=PLANE('',#7009);
#4830=PLANE('',#7010);
#4831=PLANE('',#7011);
#4832=PLANE('',#7012);
#4833=PLANE('',#7013);
#4834=PLANE('',#7014);
#4835=PLANE('',#7015);
#4836=PLANE('',#7016);
#4837=PLANE('',#7019);
#4838=PLANE('',#7022);
#4839=PLANE('',#7025);
#4840=PLANE('',#7042);
#4841=PLANE('',#7045);
#4842=PLANE('',#7049);
#4843=PLANE('',#7050);
#4844=PLANE('',#7051);
#4845=PLANE('',#7055);
#4846=PLANE('',#7058);
#4847=PLANE('',#7060);
#4848=PLANE('',#7061);
#4849=PLANE('',#7062);
#4850=PLANE('',#7064);
#4851=PLANE('',#7066);
#4852=PLANE('',#7068);
#4853=PLANE('',#7069);
#4854=PLANE('',#7070);
#4855=PLANE('',#7071);
#4856=PLANE('',#7072);
#4857=PLANE('',#7074);
#4858=PLANE('',#7075);
#4859=PLANE('',#7077);
#4860=PLANE('',#7078);
#4861=PLANE('',#7080);
#4862=PLANE('',#7082);
#4863=PLANE('',#7083);
#4864=PLANE('',#7084);
#4865=PLANE('',#7085);
#4866=PLANE('',#7086);
#4867=PLANE('',#7087);
#4868=PLANE('',#7088);
#4869=PLANE('',#7089);
#4870=PLANE('',#7094);
#4871=PLANE('',#7095);
#4872=PLANE('',#7096);
#4873=PLANE('',#7097);
#4874=PLANE('',#7098);
#4875=PLANE('',#7099);
#4876=PLANE('',#7100);
#4877=PLANE('',#7101);
#4878=PLANE('',#7116);
#4879=PLANE('',#7118);
#4880=PLANE('',#7125);
#4881=PLANE('',#7126);
#4882=PLANE('',#7127);
#4883=PLANE('',#7128);
#4884=PLANE('',#7129);
#4885=PLANE('',#7130);
#4886=PLANE('',#7131);
#4887=PLANE('',#7132);
#4888=PLANE('',#7133);
#4889=PLANE('',#7134);
#4890=PLANE('',#7137);
#4891=PLANE('',#7138);
#4892=PLANE('',#7139);
#4893=PLANE('',#7142);
#4894=PLANE('',#7145);
#4895=PLANE('',#7146);
#4896=PLANE('',#7147);
#4897=PLANE('',#7152);
#4898=PLANE('',#7153);
#4899=PLANE('',#7154);
#4900=PLANE('',#7155);
#4901=PLANE('',#7156);
#4902=PLANE('',#7157);
#4903=PLANE('',#7162);
#4904=PLANE('',#7168);
#4905=PLANE('',#7170);
#4906=PLANE('',#7171);
#4907=PLANE('',#7173);
#4908=PLANE('',#7175);
#4909=PLANE('',#7176);
#4910=PLANE('',#7177);
#4911=PLANE('',#7178);
#4912=PLANE('',#7183);
#4913=PLANE('',#7189);
#4914=PLANE('',#7191);
#4915=PLANE('',#7192);
#4916=PLANE('',#7194);
#4917=PLANE('',#7196);
#4918=PLANE('',#7197);
#4919=PLANE('',#7198);
#4920=PLANE('',#7199);
#4921=PLANE('',#7204);
#4922=PLANE('',#7210);
#4923=PLANE('',#7212);
#4924=PLANE('',#7213);
#4925=PLANE('',#7215);
#4926=PLANE('',#7217);
#4927=PLANE('',#7218);
#4928=PLANE('',#7219);
#4929=PLANE('',#7220);
#4930=PLANE('',#7225);
#4931=PLANE('',#7231);
#4932=PLANE('',#7233);
#4933=PLANE('',#7234);
#4934=PLANE('',#7236);
#4935=PLANE('',#7238);
#4936=PLANE('',#7239);
#4937=PLANE('',#7240);
#4938=PLANE('',#7241);
#4939=PLANE('',#7246);
#4940=PLANE('',#7252);
#4941=PLANE('',#7254);
#4942=PLANE('',#7255);
#4943=PLANE('',#7257);
#4944=PLANE('',#7259);
#4945=PLANE('',#7260);
#4946=PLANE('',#7261);
#4947=PLANE('',#7262);
#4948=PLANE('',#7267);
#4949=PLANE('',#7273);
#4950=PLANE('',#7275);
#4951=PLANE('',#7276);
#4952=PLANE('',#7278);
#4953=PLANE('',#7282);
#4954=PLANE('',#7285);
#4955=PLANE('',#7286);
#4956=PLANE('',#7287);
#4957=PLANE('',#7288);
#4958=PLANE('',#7289);
#4959=PLANE('',#7291);
#4960=PLANE('',#7293);
#4961=PLANE('',#7303);
#4962=PLANE('',#7305);
#4963=PLANE('',#7308);
#4964=PLANE('',#7310);
#4965=PLANE('',#7318);
#4966=PLANE('',#7320);
#4967=PLANE('',#7322);
#4968=PLANE('',#7324);
#4969=PLANE('',#7326);
#4970=PLANE('',#7328);
#4971=PLANE('',#7330);
#4972=PLANE('',#7332);
#4973=PLANE('',#7335);
#4974=PLANE('',#7338);
#4975=PLANE('',#7342);
#4976=PLANE('',#7343);
#4977=PLANE('',#7344);
#4978=PLANE('',#7345);
#4979=PLANE('',#7346);
#4980=PLANE('',#7347);
#4981=PLANE('',#7352);
#4982=STYLED_ITEM('',(#5215),#6617);
#4983=STYLED_ITEM('',(#5216),#6618);
#4984=STYLED_ITEM('',(#5217),#6619);
#4985=STYLED_ITEM('',(#5218),#6620);
#4986=STYLED_ITEM('',(#5219),#6621);
#4987=STYLED_ITEM('',(#5220),#6622);
#4988=STYLED_ITEM('',(#5221),#6623);
#4989=STYLED_ITEM('',(#5222),#6624);
#4990=STYLED_ITEM('',(#5223),#6625);
#4991=STYLED_ITEM('',(#5224),#6626);
#4992=STYLED_ITEM('',(#5225),#6627);
#4993=STYLED_ITEM('',(#5226),#6628);
#4994=STYLED_ITEM('',(#5227),#6629);
#4995=STYLED_ITEM('',(#5228),#6630);
#4996=STYLED_ITEM('',(#5229),#6631);
#4997=STYLED_ITEM('',(#5230),#6632);
#4998=STYLED_ITEM('',(#5231),#6633);
#4999=STYLED_ITEM('',(#5232),#6634);
#5000=STYLED_ITEM('',(#5233),#6635);
#5001=STYLED_ITEM('',(#5234),#6636);
#5002=STYLED_ITEM('',(#5235),#6637);
#5003=STYLED_ITEM('',(#5236),#6638);
#5004=STYLED_ITEM('',(#5237),#6639);
#5005=STYLED_ITEM('',(#5238),#6640);
#5006=STYLED_ITEM('',(#5239),#6641);
#5007=STYLED_ITEM('',(#5240),#6642);
#5008=STYLED_ITEM('',(#5241),#6643);
#5009=STYLED_ITEM('',(#5242),#6644);
#5010=STYLED_ITEM('',(#5243),#6645);
#5011=STYLED_ITEM('',(#5244),#6646);
#5012=STYLED_ITEM('',(#5245),#6647);
#5013=STYLED_ITEM('',(#5246),#6648);
#5014=STYLED_ITEM('',(#5247),#6649);
#5015=STYLED_ITEM('',(#5248),#6650);
#5016=STYLED_ITEM('',(#5249),#6651);
#5017=STYLED_ITEM('',(#5250),#6652);
#5018=STYLED_ITEM('',(#5251),#6653);
#5019=STYLED_ITEM('',(#5252),#6654);
#5020=STYLED_ITEM('',(#5253),#6655);
#5021=STYLED_ITEM('',(#5254),#6656);
#5022=STYLED_ITEM('',(#5255),#6657);
#5023=STYLED_ITEM('',(#5256),#6658);
#5024=STYLED_ITEM('',(#5257),#6659);
#5025=STYLED_ITEM('',(#5258),#6660);
#5026=STYLED_ITEM('',(#5259),#6661);
#5027=STYLED_ITEM('',(#5260),#6662);
#5028=STYLED_ITEM('',(#5261),#6663);
#5029=STYLED_ITEM('',(#5262),#6664);
#5030=STYLED_ITEM('',(#5263),#6665);
#5031=STYLED_ITEM('',(#5264),#6666);
#5032=STYLED_ITEM('',(#5265),#6667);
#5033=STYLED_ITEM('',(#5266),#6668);
#5034=STYLED_ITEM('',(#5267),#6669);
#5035=STYLED_ITEM('',(#5268),#6670);
#5036=STYLED_ITEM('',(#5269),#6671);
#5037=STYLED_ITEM('',(#5270),#6672);
#5038=STYLED_ITEM('',(#5271),#6673);
#5039=STYLED_ITEM('',(#5272),#6674);
#5040=STYLED_ITEM('',(#5273),#6675);
#5041=STYLED_ITEM('',(#5274),#6676);
#5042=STYLED_ITEM('',(#5275),#6677);
#5043=STYLED_ITEM('',(#5276),#6678);
#5044=STYLED_ITEM('',(#5277),#6679);
#5045=STYLED_ITEM('',(#5278),#6680);
#5046=STYLED_ITEM('',(#5279),#6681);
#5047=STYLED_ITEM('',(#5280),#6682);
#5048=STYLED_ITEM('',(#5281),#6683);
#5049=STYLED_ITEM('',(#5282),#6684);
#5050=STYLED_ITEM('',(#5283),#6685);
#5051=STYLED_ITEM('',(#5284),#6686);
#5052=STYLED_ITEM('',(#5285),#6687);
#5053=STYLED_ITEM('',(#5286),#6688);
#5054=STYLED_ITEM('',(#5287),#6689);
#5055=STYLED_ITEM('',(#5288),#6690);
#5056=STYLED_ITEM('',(#5289),#6691);
#5057=STYLED_ITEM('',(#5290),#6692);
#5058=STYLED_ITEM('',(#5291),#6693);
#5059=STYLED_ITEM('',(#5292),#6694);
#5060=STYLED_ITEM('',(#5293),#6695);
#5061=STYLED_ITEM('',(#5294),#6696);
#5062=STYLED_ITEM('',(#5295),#6697);
#5063=STYLED_ITEM('',(#5296),#6698);
#5064=STYLED_ITEM('',(#5297),#6699);
#5065=STYLED_ITEM('',(#5298),#6700);
#5066=STYLED_ITEM('',(#5299),#6701);
#5067=STYLED_ITEM('',(#5300),#6702);
#5068=STYLED_ITEM('',(#5301),#6703);
#5069=STYLED_ITEM('',(#5302),#6704);
#5070=STYLED_ITEM('',(#5303),#6705);
#5071=STYLED_ITEM('',(#5304),#6706);
#5072=STYLED_ITEM('',(#5305),#6707);
#5073=STYLED_ITEM('',(#5306),#6708);
#5074=STYLED_ITEM('',(#5307),#6709);
#5075=STYLED_ITEM('',(#5308),#6710);
#5076=STYLED_ITEM('',(#5309),#6711);
#5077=STYLED_ITEM('',(#5310),#6712);
#5078=STYLED_ITEM('',(#5311),#6713);
#5079=STYLED_ITEM('',(#5312),#6714);
#5080=STYLED_ITEM('',(#5313),#6715);
#5081=STYLED_ITEM('',(#5314),#6716);
#5082=STYLED_ITEM('',(#5315),#6717);
#5083=STYLED_ITEM('',(#5316),#6718);
#5084=STYLED_ITEM('',(#5317),#6719);
#5085=STYLED_ITEM('',(#5318),#6720);
#5086=STYLED_ITEM('',(#5319),#6721);
#5087=STYLED_ITEM('',(#5320),#6722);
#5088=STYLED_ITEM('',(#5321),#6723);
#5089=STYLED_ITEM('',(#5322),#6724);
#5090=STYLED_ITEM('',(#5323),#6725);
#5091=STYLED_ITEM('',(#5324),#6726);
#5092=STYLED_ITEM('',(#5325),#6727);
#5093=STYLED_ITEM('',(#5326),#6728);
#5094=STYLED_ITEM('',(#5327),#6729);
#5095=STYLED_ITEM('',(#5328),#6730);
#5096=STYLED_ITEM('',(#5329),#6731);
#5097=STYLED_ITEM('',(#5330),#6732);
#5098=STYLED_ITEM('',(#5331),#6733);
#5099=STYLED_ITEM('',(#5332),#6734);
#5100=STYLED_ITEM('',(#5333),#6735);
#5101=STYLED_ITEM('',(#5334),#6736);
#5102=STYLED_ITEM('',(#5335),#6737);
#5103=STYLED_ITEM('',(#5336),#6738);
#5104=STYLED_ITEM('',(#5337),#6739);
#5105=STYLED_ITEM('',(#5338),#6740);
#5106=STYLED_ITEM('',(#5339),#6741);
#5107=STYLED_ITEM('',(#5340),#6742);
#5108=STYLED_ITEM('',(#5341),#6743);
#5109=STYLED_ITEM('',(#5342),#6744);
#5110=STYLED_ITEM('',(#5343),#6745);
#5111=STYLED_ITEM('',(#5344),#6746);
#5112=STYLED_ITEM('',(#5345),#6747);
#5113=STYLED_ITEM('',(#5346),#6748);
#5114=STYLED_ITEM('',(#5347),#6749);
#5115=STYLED_ITEM('',(#5348),#6750);
#5116=STYLED_ITEM('',(#5349),#6751);
#5117=STYLED_ITEM('',(#5350),#6752);
#5118=STYLED_ITEM('',(#5351),#6753);
#5119=STYLED_ITEM('',(#5352),#6754);
#5120=STYLED_ITEM('',(#5353),#6755);
#5121=STYLED_ITEM('',(#5354),#6756);
#5122=STYLED_ITEM('',(#5355),#6757);
#5123=STYLED_ITEM('',(#5356),#6758);
#5124=STYLED_ITEM('',(#5357),#6759);
#5125=STYLED_ITEM('',(#5358),#6760);
#5126=STYLED_ITEM('',(#5359),#6761);
#5127=STYLED_ITEM('',(#5360),#6762);
#5128=STYLED_ITEM('',(#5361),#6763);
#5129=STYLED_ITEM('',(#5362),#6764);
#5130=STYLED_ITEM('',(#5363),#6765);
#5131=STYLED_ITEM('',(#5364),#6766);
#5132=STYLED_ITEM('',(#5365),#6767);
#5133=STYLED_ITEM('',(#5366),#6768);
#5134=STYLED_ITEM('',(#5367),#6769);
#5135=STYLED_ITEM('',(#5368),#6770);
#5136=STYLED_ITEM('',(#5369),#6771);
#5137=STYLED_ITEM('',(#5370),#6772);
#5138=STYLED_ITEM('',(#5371),#6773);
#5139=STYLED_ITEM('',(#5372),#6774);
#5140=STYLED_ITEM('',(#5373),#6775);
#5141=STYLED_ITEM('',(#5374),#6776);
#5142=STYLED_ITEM('',(#5375),#6777);
#5143=STYLED_ITEM('',(#5376),#6778);
#5144=STYLED_ITEM('',(#5377),#6779);
#5145=STYLED_ITEM('',(#5378),#6780);
#5146=STYLED_ITEM('',(#5379),#6781);
#5147=STYLED_ITEM('',(#5380),#6782);
#5148=STYLED_ITEM('',(#5381),#6783);
#5149=STYLED_ITEM('',(#5382),#6784);
#5150=STYLED_ITEM('',(#5383),#6785);
#5151=STYLED_ITEM('',(#5384),#6786);
#5152=STYLED_ITEM('',(#5385),#6787);
#5153=STYLED_ITEM('',(#5386),#6788);
#5154=STYLED_ITEM('',(#5387),#6789);
#5155=STYLED_ITEM('',(#5388),#6790);
#5156=STYLED_ITEM('',(#5389),#6791);
#5157=STYLED_ITEM('',(#5390),#6792);
#5158=STYLED_ITEM('',(#5391),#6793);
#5159=STYLED_ITEM('',(#5392),#6794);
#5160=STYLED_ITEM('',(#5393),#6795);
#5161=STYLED_ITEM('',(#5394),#6796);
#5162=STYLED_ITEM('',(#5395),#6797);
#5163=STYLED_ITEM('',(#5396),#6798);
#5164=STYLED_ITEM('',(#5397),#6799);
#5165=STYLED_ITEM('',(#5398),#6800);
#5166=STYLED_ITEM('',(#5399),#6801);
#5167=STYLED_ITEM('',(#5400),#6802);
#5168=STYLED_ITEM('',(#5401),#6803);
#5169=STYLED_ITEM('',(#5402),#6804);
#5170=STYLED_ITEM('',(#5403),#6805);
#5171=STYLED_ITEM('',(#5404),#6806);
#5172=STYLED_ITEM('',(#5405),#6807);
#5173=STYLED_ITEM('',(#5406),#6808);
#5174=STYLED_ITEM('',(#5407),#6809);
#5175=STYLED_ITEM('',(#5408),#6810);
#5176=STYLED_ITEM('',(#5409),#6811);
#5177=STYLED_ITEM('',(#5410),#6812);
#5178=STYLED_ITEM('',(#5411),#6813);
#5179=STYLED_ITEM('',(#5412),#6814);
#5180=STYLED_ITEM('',(#5413),#6815);
#5181=STYLED_ITEM('',(#5414),#6816);
#5182=STYLED_ITEM('',(#5415),#6817);
#5183=STYLED_ITEM('',(#5416),#6818);
#5184=STYLED_ITEM('',(#5417),#6819);
#5185=STYLED_ITEM('',(#5418),#6820);
#5186=STYLED_ITEM('',(#5419),#6821);
#5187=STYLED_ITEM('',(#5420),#6822);
#5188=STYLED_ITEM('',(#5421),#6823);
#5189=STYLED_ITEM('',(#5422),#6824);
#5190=STYLED_ITEM('',(#5423),#6825);
#5191=STYLED_ITEM('',(#5424),#6826);
#5192=STYLED_ITEM('',(#5425),#6827);
#5193=STYLED_ITEM('',(#5426),#6828);
#5194=STYLED_ITEM('',(#5427),#6829);
#5195=STYLED_ITEM('',(#5428),#6830);
#5196=STYLED_ITEM('',(#5429),#6831);
#5197=STYLED_ITEM('',(#5430),#6832);
#5198=STYLED_ITEM('',(#5431),#6833);
#5199=STYLED_ITEM('',(#5432),#6834);
#5200=STYLED_ITEM('',(#5433),#6835);
#5201=STYLED_ITEM('',(#5434),#6836);
#5202=STYLED_ITEM('',(#5435),#6837);
#5203=STYLED_ITEM('',(#5436),#6838);
#5204=STYLED_ITEM('',(#5437),#6839);
#5205=STYLED_ITEM('',(#5438),#6840);
#5206=STYLED_ITEM('',(#5439),#6841);
#5207=STYLED_ITEM('',(#5440),#6842);
#5208=STYLED_ITEM('',(#5441),#6843);
#5209=STYLED_ITEM('',(#5442),#6844);
#5210=STYLED_ITEM('',(#5443),#6845);
#5211=STYLED_ITEM('',(#5444),#6846);
#5212=STYLED_ITEM('',(#5445),#6847);
#5213=STYLED_ITEM('',(#5446),#6848);
#5214=STYLED_ITEM('',(#5447),#6884);
#5215=PRESENTATION_STYLE_ASSIGNMENT((#5448));
#5216=PRESENTATION_STYLE_ASSIGNMENT((#5449));
#5217=PRESENTATION_STYLE_ASSIGNMENT((#5450));
#5218=PRESENTATION_STYLE_ASSIGNMENT((#5451));
#5219=PRESENTATION_STYLE_ASSIGNMENT((#5452));
#5220=PRESENTATION_STYLE_ASSIGNMENT((#5453));
#5221=PRESENTATION_STYLE_ASSIGNMENT((#5454));
#5222=PRESENTATION_STYLE_ASSIGNMENT((#5455));
#5223=PRESENTATION_STYLE_ASSIGNMENT((#5456));
#5224=PRESENTATION_STYLE_ASSIGNMENT((#5457));
#5225=PRESENTATION_STYLE_ASSIGNMENT((#5458));
#5226=PRESENTATION_STYLE_ASSIGNMENT((#5459));
#5227=PRESENTATION_STYLE_ASSIGNMENT((#5460));
#5228=PRESENTATION_STYLE_ASSIGNMENT((#5461));
#5229=PRESENTATION_STYLE_ASSIGNMENT((#5462));
#5230=PRESENTATION_STYLE_ASSIGNMENT((#5463));
#5231=PRESENTATION_STYLE_ASSIGNMENT((#5464));
#5232=PRESENTATION_STYLE_ASSIGNMENT((#5465));
#5233=PRESENTATION_STYLE_ASSIGNMENT((#5466));
#5234=PRESENTATION_STYLE_ASSIGNMENT((#5467));
#5235=PRESENTATION_STYLE_ASSIGNMENT((#5468));
#5236=PRESENTATION_STYLE_ASSIGNMENT((#5469));
#5237=PRESENTATION_STYLE_ASSIGNMENT((#5470));
#5238=PRESENTATION_STYLE_ASSIGNMENT((#5471));
#5239=PRESENTATION_STYLE_ASSIGNMENT((#5472));
#5240=PRESENTATION_STYLE_ASSIGNMENT((#5473));
#5241=PRESENTATION_STYLE_ASSIGNMENT((#5474));
#5242=PRESENTATION_STYLE_ASSIGNMENT((#5475));
#5243=PRESENTATION_STYLE_ASSIGNMENT((#5476));
#5244=PRESENTATION_STYLE_ASSIGNMENT((#5477));
#5245=PRESENTATION_STYLE_ASSIGNMENT((#5478));
#5246=PRESENTATION_STYLE_ASSIGNMENT((#5479));
#5247=PRESENTATION_STYLE_ASSIGNMENT((#5480));
#5248=PRESENTATION_STYLE_ASSIGNMENT((#5481));
#5249=PRESENTATION_STYLE_ASSIGNMENT((#5482));
#5250=PRESENTATION_STYLE_ASSIGNMENT((#5483));
#5251=PRESENTATION_STYLE_ASSIGNMENT((#5484));
#5252=PRESENTATION_STYLE_ASSIGNMENT((#5485));
#5253=PRESENTATION_STYLE_ASSIGNMENT((#5486));
#5254=PRESENTATION_STYLE_ASSIGNMENT((#5487));
#5255=PRESENTATION_STYLE_ASSIGNMENT((#5488));
#5256=PRESENTATION_STYLE_ASSIGNMENT((#5489));
#5257=PRESENTATION_STYLE_ASSIGNMENT((#5490));
#5258=PRESENTATION_STYLE_ASSIGNMENT((#5491));
#5259=PRESENTATION_STYLE_ASSIGNMENT((#5492));
#5260=PRESENTATION_STYLE_ASSIGNMENT((#5493));
#5261=PRESENTATION_STYLE_ASSIGNMENT((#5494));
#5262=PRESENTATION_STYLE_ASSIGNMENT((#5495));
#5263=PRESENTATION_STYLE_ASSIGNMENT((#5496));
#5264=PRESENTATION_STYLE_ASSIGNMENT((#5497));
#5265=PRESENTATION_STYLE_ASSIGNMENT((#5498));
#5266=PRESENTATION_STYLE_ASSIGNMENT((#5499));
#5267=PRESENTATION_STYLE_ASSIGNMENT((#5500));
#5268=PRESENTATION_STYLE_ASSIGNMENT((#5501));
#5269=PRESENTATION_STYLE_ASSIGNMENT((#5502));
#5270=PRESENTATION_STYLE_ASSIGNMENT((#5503));
#5271=PRESENTATION_STYLE_ASSIGNMENT((#5504));
#5272=PRESENTATION_STYLE_ASSIGNMENT((#5505));
#5273=PRESENTATION_STYLE_ASSIGNMENT((#5506));
#5274=PRESENTATION_STYLE_ASSIGNMENT((#5507));
#5275=PRESENTATION_STYLE_ASSIGNMENT((#5508));
#5276=PRESENTATION_STYLE_ASSIGNMENT((#5509));
#5277=PRESENTATION_STYLE_ASSIGNMENT((#5510));
#5278=PRESENTATION_STYLE_ASSIGNMENT((#5511));
#5279=PRESENTATION_STYLE_ASSIGNMENT((#5512));
#5280=PRESENTATION_STYLE_ASSIGNMENT((#5513));
#5281=PRESENTATION_STYLE_ASSIGNMENT((#5514));
#5282=PRESENTATION_STYLE_ASSIGNMENT((#5515));
#5283=PRESENTATION_STYLE_ASSIGNMENT((#5516));
#5284=PRESENTATION_STYLE_ASSIGNMENT((#5517));
#5285=PRESENTATION_STYLE_ASSIGNMENT((#5518));
#5286=PRESENTATION_STYLE_ASSIGNMENT((#5519));
#5287=PRESENTATION_STYLE_ASSIGNMENT((#5520));
#5288=PRESENTATION_STYLE_ASSIGNMENT((#5521));
#5289=PRESENTATION_STYLE_ASSIGNMENT((#5522));
#5290=PRESENTATION_STYLE_ASSIGNMENT((#5523));
#5291=PRESENTATION_STYLE_ASSIGNMENT((#5524));
#5292=PRESENTATION_STYLE_ASSIGNMENT((#5525));
#5293=PRESENTATION_STYLE_ASSIGNMENT((#5526));
#5294=PRESENTATION_STYLE_ASSIGNMENT((#5527));
#5295=PRESENTATION_STYLE_ASSIGNMENT((#5528));
#5296=PRESENTATION_STYLE_ASSIGNMENT((#5529));
#5297=PRESENTATION_STYLE_ASSIGNMENT((#5530));
#5298=PRESENTATION_STYLE_ASSIGNMENT((#5531));
#5299=PRESENTATION_STYLE_ASSIGNMENT((#5532));
#5300=PRESENTATION_STYLE_ASSIGNMENT((#5533));
#5301=PRESENTATION_STYLE_ASSIGNMENT((#5534));
#5302=PRESENTATION_STYLE_ASSIGNMENT((#5535));
#5303=PRESENTATION_STYLE_ASSIGNMENT((#5536));
#5304=PRESENTATION_STYLE_ASSIGNMENT((#5537));
#5305=PRESENTATION_STYLE_ASSIGNMENT((#5538));
#5306=PRESENTATION_STYLE_ASSIGNMENT((#5539));
#5307=PRESENTATION_STYLE_ASSIGNMENT((#5540));
#5308=PRESENTATION_STYLE_ASSIGNMENT((#5541));
#5309=PRESENTATION_STYLE_ASSIGNMENT((#5542));
#5310=PRESENTATION_STYLE_ASSIGNMENT((#5543));
#5311=PRESENTATION_STYLE_ASSIGNMENT((#5544));
#5312=PRESENTATION_STYLE_ASSIGNMENT((#5545));
#5313=PRESENTATION_STYLE_ASSIGNMENT((#5546));
#5314=PRESENTATION_STYLE_ASSIGNMENT((#5547));
#5315=PRESENTATION_STYLE_ASSIGNMENT((#5548));
#5316=PRESENTATION_STYLE_ASSIGNMENT((#5549));
#5317=PRESENTATION_STYLE_ASSIGNMENT((#5550));
#5318=PRESENTATION_STYLE_ASSIGNMENT((#5551));
#5319=PRESENTATION_STYLE_ASSIGNMENT((#5552));
#5320=PRESENTATION_STYLE_ASSIGNMENT((#5553));
#5321=PRESENTATION_STYLE_ASSIGNMENT((#5554));
#5322=PRESENTATION_STYLE_ASSIGNMENT((#5555));
#5323=PRESENTATION_STYLE_ASSIGNMENT((#5556));
#5324=PRESENTATION_STYLE_ASSIGNMENT((#5557));
#5325=PRESENTATION_STYLE_ASSIGNMENT((#5558));
#5326=PRESENTATION_STYLE_ASSIGNMENT((#5559));
#5327=PRESENTATION_STYLE_ASSIGNMENT((#5560));
#5328=PRESENTATION_STYLE_ASSIGNMENT((#5561));
#5329=PRESENTATION_STYLE_ASSIGNMENT((#5562));
#5330=PRESENTATION_STYLE_ASSIGNMENT((#5563));
#5331=PRESENTATION_STYLE_ASSIGNMENT((#5564));
#5332=PRESENTATION_STYLE_ASSIGNMENT((#5565));
#5333=PRESENTATION_STYLE_ASSIGNMENT((#5566));
#5334=PRESENTATION_STYLE_ASSIGNMENT((#5567));
#5335=PRESENTATION_STYLE_ASSIGNMENT((#5568));
#5336=PRESENTATION_STYLE_ASSIGNMENT((#5569));
#5337=PRESENTATION_STYLE_ASSIGNMENT((#5570));
#5338=PRESENTATION_STYLE_ASSIGNMENT((#5571));
#5339=PRESENTATION_STYLE_ASSIGNMENT((#5572));
#5340=PRESENTATION_STYLE_ASSIGNMENT((#5573));
#5341=PRESENTATION_STYLE_ASSIGNMENT((#5574));
#5342=PRESENTATION_STYLE_ASSIGNMENT((#5575));
#5343=PRESENTATION_STYLE_ASSIGNMENT((#5576));
#5344=PRESENTATION_STYLE_ASSIGNMENT((#5577));
#5345=PRESENTATION_STYLE_ASSIGNMENT((#5578));
#5346=PRESENTATION_STYLE_ASSIGNMENT((#5579));
#5347=PRESENTATION_STYLE_ASSIGNMENT((#5580));
#5348=PRESENTATION_STYLE_ASSIGNMENT((#5581));
#5349=PRESENTATION_STYLE_ASSIGNMENT((#5582));
#5350=PRESENTATION_STYLE_ASSIGNMENT((#5583));
#5351=PRESENTATION_STYLE_ASSIGNMENT((#5584));
#5352=PRESENTATION_STYLE_ASSIGNMENT((#5585));
#5353=PRESENTATION_STYLE_ASSIGNMENT((#5586));
#5354=PRESENTATION_STYLE_ASSIGNMENT((#5587));
#5355=PRESENTATION_STYLE_ASSIGNMENT((#5588));
#5356=PRESENTATION_STYLE_ASSIGNMENT((#5589));
#5357=PRESENTATION_STYLE_ASSIGNMENT((#5590));
#5358=PRESENTATION_STYLE_ASSIGNMENT((#5591));
#5359=PRESENTATION_STYLE_ASSIGNMENT((#5592));
#5360=PRESENTATION_STYLE_ASSIGNMENT((#5593));
#5361=PRESENTATION_STYLE_ASSIGNMENT((#5594));
#5362=PRESENTATION_STYLE_ASSIGNMENT((#5595));
#5363=PRESENTATION_STYLE_ASSIGNMENT((#5596));
#5364=PRESENTATION_STYLE_ASSIGNMENT((#5597));
#5365=PRESENTATION_STYLE_ASSIGNMENT((#5598));
#5366=PRESENTATION_STYLE_ASSIGNMENT((#5599));
#5367=PRESENTATION_STYLE_ASSIGNMENT((#5600));
#5368=PRESENTATION_STYLE_ASSIGNMENT((#5601));
#5369=PRESENTATION_STYLE_ASSIGNMENT((#5602));
#5370=PRESENTATION_STYLE_ASSIGNMENT((#5603));
#5371=PRESENTATION_STYLE_ASSIGNMENT((#5604));
#5372=PRESENTATION_STYLE_ASSIGNMENT((#5605));
#5373=PRESENTATION_STYLE_ASSIGNMENT((#5606));
#5374=PRESENTATION_STYLE_ASSIGNMENT((#5607));
#5375=PRESENTATION_STYLE_ASSIGNMENT((#5608));
#5376=PRESENTATION_STYLE_ASSIGNMENT((#5609));
#5377=PRESENTATION_STYLE_ASSIGNMENT((#5610));
#5378=PRESENTATION_STYLE_ASSIGNMENT((#5611));
#5379=PRESENTATION_STYLE_ASSIGNMENT((#5612));
#5380=PRESENTATION_STYLE_ASSIGNMENT((#5613));
#5381=PRESENTATION_STYLE_ASSIGNMENT((#5614));
#5382=PRESENTATION_STYLE_ASSIGNMENT((#5615));
#5383=PRESENTATION_STYLE_ASSIGNMENT((#5616));
#5384=PRESENTATION_STYLE_ASSIGNMENT((#5617));
#5385=PRESENTATION_STYLE_ASSIGNMENT((#5618));
#5386=PRESENTATION_STYLE_ASSIGNMENT((#5619));
#5387=PRESENTATION_STYLE_ASSIGNMENT((#5620));
#5388=PRESENTATION_STYLE_ASSIGNMENT((#5621));
#5389=PRESENTATION_STYLE_ASSIGNMENT((#5622));
#5390=PRESENTATION_STYLE_ASSIGNMENT((#5623));
#5391=PRESENTATION_STYLE_ASSIGNMENT((#5624));
#5392=PRESENTATION_STYLE_ASSIGNMENT((#5625));
#5393=PRESENTATION_STYLE_ASSIGNMENT((#5626));
#5394=PRESENTATION_STYLE_ASSIGNMENT((#5627));
#5395=PRESENTATION_STYLE_ASSIGNMENT((#5628));
#5396=PRESENTATION_STYLE_ASSIGNMENT((#5629));
#5397=PRESENTATION_STYLE_ASSIGNMENT((#5630));
#5398=PRESENTATION_STYLE_ASSIGNMENT((#5631));
#5399=PRESENTATION_STYLE_ASSIGNMENT((#5632));
#5400=PRESENTATION_STYLE_ASSIGNMENT((#5633));
#5401=PRESENTATION_STYLE_ASSIGNMENT((#5634));
#5402=PRESENTATION_STYLE_ASSIGNMENT((#5635));
#5403=PRESENTATION_STYLE_ASSIGNMENT((#5636));
#5404=PRESENTATION_STYLE_ASSIGNMENT((#5637));
#5405=PRESENTATION_STYLE_ASSIGNMENT((#5638));
#5406=PRESENTATION_STYLE_ASSIGNMENT((#5639));
#5407=PRESENTATION_STYLE_ASSIGNMENT((#5640));
#5408=PRESENTATION_STYLE_ASSIGNMENT((#5641));
#5409=PRESENTATION_STYLE_ASSIGNMENT((#5642));
#5410=PRESENTATION_STYLE_ASSIGNMENT((#5643));
#5411=PRESENTATION_STYLE_ASSIGNMENT((#5644));
#5412=PRESENTATION_STYLE_ASSIGNMENT((#5645));
#5413=PRESENTATION_STYLE_ASSIGNMENT((#5646));
#5414=PRESENTATION_STYLE_ASSIGNMENT((#5647));
#5415=PRESENTATION_STYLE_ASSIGNMENT((#5648));
#5416=PRESENTATION_STYLE_ASSIGNMENT((#5649));
#5417=PRESENTATION_STYLE_ASSIGNMENT((#5650));
#5418=PRESENTATION_STYLE_ASSIGNMENT((#5651));
#5419=PRESENTATION_STYLE_ASSIGNMENT((#5652));
#5420=PRESENTATION_STYLE_ASSIGNMENT((#5653));
#5421=PRESENTATION_STYLE_ASSIGNMENT((#5654));
#5422=PRESENTATION_STYLE_ASSIGNMENT((#5655));
#5423=PRESENTATION_STYLE_ASSIGNMENT((#5656));
#5424=PRESENTATION_STYLE_ASSIGNMENT((#5657));
#5425=PRESENTATION_STYLE_ASSIGNMENT((#5658));
#5426=PRESENTATION_STYLE_ASSIGNMENT((#5659));
#5427=PRESENTATION_STYLE_ASSIGNMENT((#5660));
#5428=PRESENTATION_STYLE_ASSIGNMENT((#5661));
#5429=PRESENTATION_STYLE_ASSIGNMENT((#5662));
#5430=PRESENTATION_STYLE_ASSIGNMENT((#5663));
#5431=PRESENTATION_STYLE_ASSIGNMENT((#5664));
#5432=PRESENTATION_STYLE_ASSIGNMENT((#5665));
#5433=PRESENTATION_STYLE_ASSIGNMENT((#5666));
#5434=PRESENTATION_STYLE_ASSIGNMENT((#5667));
#5435=PRESENTATION_STYLE_ASSIGNMENT((#5668));
#5436=PRESENTATION_STYLE_ASSIGNMENT((#5669));
#5437=PRESENTATION_STYLE_ASSIGNMENT((#5670));
#5438=PRESENTATION_STYLE_ASSIGNMENT((#5671));
#5439=PRESENTATION_STYLE_ASSIGNMENT((#5672));
#5440=PRESENTATION_STYLE_ASSIGNMENT((#5673));
#5441=PRESENTATION_STYLE_ASSIGNMENT((#5674));
#5442=PRESENTATION_STYLE_ASSIGNMENT((#5675));
#5443=PRESENTATION_STYLE_ASSIGNMENT((#5676));
#5444=PRESENTATION_STYLE_ASSIGNMENT((#5677));
#5445=PRESENTATION_STYLE_ASSIGNMENT((#5678));
#5446=PRESENTATION_STYLE_ASSIGNMENT((#5679));
#5447=PRESENTATION_STYLE_ASSIGNMENT((#5680));
#5448=SURFACE_STYLE_USAGE(.BOTH.,#5681);
#5449=SURFACE_STYLE_USAGE(.BOTH.,#5682);
#5450=SURFACE_STYLE_USAGE(.BOTH.,#5683);
#5451=SURFACE_STYLE_USAGE(.BOTH.,#5684);
#5452=SURFACE_STYLE_USAGE(.BOTH.,#5685);
#5453=SURFACE_STYLE_USAGE(.BOTH.,#5686);
#5454=SURFACE_STYLE_USAGE(.BOTH.,#5687);
#5455=SURFACE_STYLE_USAGE(.BOTH.,#5688);
#5456=SURFACE_STYLE_USAGE(.BOTH.,#5689);
#5457=SURFACE_STYLE_USAGE(.BOTH.,#5690);
#5458=SURFACE_STYLE_USAGE(.BOTH.,#5691);
#5459=SURFACE_STYLE_USAGE(.BOTH.,#5692);
#5460=SURFACE_STYLE_USAGE(.BOTH.,#5693);
#5461=SURFACE_STYLE_USAGE(.BOTH.,#5694);
#5462=SURFACE_STYLE_USAGE(.BOTH.,#5695);
#5463=SURFACE_STYLE_USAGE(.BOTH.,#5696);
#5464=SURFACE_STYLE_USAGE(.BOTH.,#5697);
#5465=SURFACE_STYLE_USAGE(.BOTH.,#5698);
#5466=SURFACE_STYLE_USAGE(.BOTH.,#5699);
#5467=SURFACE_STYLE_USAGE(.BOTH.,#5700);
#5468=SURFACE_STYLE_USAGE(.BOTH.,#5701);
#5469=SURFACE_STYLE_USAGE(.BOTH.,#5702);
#5470=SURFACE_STYLE_USAGE(.BOTH.,#5703);
#5471=SURFACE_STYLE_USAGE(.BOTH.,#5704);
#5472=SURFACE_STYLE_USAGE(.BOTH.,#5705);
#5473=SURFACE_STYLE_USAGE(.BOTH.,#5706);
#5474=SURFACE_STYLE_USAGE(.BOTH.,#5707);
#5475=SURFACE_STYLE_USAGE(.BOTH.,#5708);
#5476=SURFACE_STYLE_USAGE(.BOTH.,#5709);
#5477=SURFACE_STYLE_USAGE(.BOTH.,#5710);
#5478=SURFACE_STYLE_USAGE(.BOTH.,#5711);
#5479=SURFACE_STYLE_USAGE(.BOTH.,#5712);
#5480=SURFACE_STYLE_USAGE(.BOTH.,#5713);
#5481=SURFACE_STYLE_USAGE(.BOTH.,#5714);
#5482=SURFACE_STYLE_USAGE(.BOTH.,#5715);
#5483=SURFACE_STYLE_USAGE(.BOTH.,#5716);
#5484=SURFACE_STYLE_USAGE(.BOTH.,#5717);
#5485=SURFACE_STYLE_USAGE(.BOTH.,#5718);
#5486=SURFACE_STYLE_USAGE(.BOTH.,#5719);
#5487=SURFACE_STYLE_USAGE(.BOTH.,#5720);
#5488=SURFACE_STYLE_USAGE(.BOTH.,#5721);
#5489=SURFACE_STYLE_USAGE(.BOTH.,#5722);
#5490=SURFACE_STYLE_USAGE(.BOTH.,#5723);
#5491=SURFACE_STYLE_USAGE(.BOTH.,#5724);
#5492=SURFACE_STYLE_USAGE(.BOTH.,#5725);
#5493=SURFACE_STYLE_USAGE(.BOTH.,#5726);
#5494=SURFACE_STYLE_USAGE(.BOTH.,#5727);
#5495=SURFACE_STYLE_USAGE(.BOTH.,#5728);
#5496=SURFACE_STYLE_USAGE(.BOTH.,#5729);
#5497=SURFACE_STYLE_USAGE(.BOTH.,#5730);
#5498=SURFACE_STYLE_USAGE(.BOTH.,#5731);
#5499=SURFACE_STYLE_USAGE(.BOTH.,#5732);
#5500=SURFACE_STYLE_USAGE(.BOTH.,#5733);
#5501=SURFACE_STYLE_USAGE(.BOTH.,#5734);
#5502=SURFACE_STYLE_USAGE(.BOTH.,#5735);
#5503=SURFACE_STYLE_USAGE(.BOTH.,#5736);
#5504=SURFACE_STYLE_USAGE(.BOTH.,#5737);
#5505=SURFACE_STYLE_USAGE(.BOTH.,#5738);
#5506=SURFACE_STYLE_USAGE(.BOTH.,#5739);
#5507=SURFACE_STYLE_USAGE(.BOTH.,#5740);
#5508=SURFACE_STYLE_USAGE(.BOTH.,#5741);
#5509=SURFACE_STYLE_USAGE(.BOTH.,#5742);
#5510=SURFACE_STYLE_USAGE(.BOTH.,#5743);
#5511=SURFACE_STYLE_USAGE(.BOTH.,#5744);
#5512=SURFACE_STYLE_USAGE(.BOTH.,#5745);
#5513=SURFACE_STYLE_USAGE(.BOTH.,#5746);
#5514=SURFACE_STYLE_USAGE(.BOTH.,#5747);
#5515=SURFACE_STYLE_USAGE(.BOTH.,#5748);
#5516=SURFACE_STYLE_USAGE(.BOTH.,#5749);
#5517=SURFACE_STYLE_USAGE(.BOTH.,#5750);
#5518=SURFACE_STYLE_USAGE(.BOTH.,#5751);
#5519=SURFACE_STYLE_USAGE(.BOTH.,#5752);
#5520=SURFACE_STYLE_USAGE(.BOTH.,#5753);
#5521=SURFACE_STYLE_USAGE(.BOTH.,#5754);
#5522=SURFACE_STYLE_USAGE(.BOTH.,#5755);
#5523=SURFACE_STYLE_USAGE(.BOTH.,#5756);
#5524=SURFACE_STYLE_USAGE(.BOTH.,#5757);
#5525=SURFACE_STYLE_USAGE(.BOTH.,#5758);
#5526=SURFACE_STYLE_USAGE(.BOTH.,#5759);
#5527=SURFACE_STYLE_USAGE(.BOTH.,#5760);
#5528=SURFACE_STYLE_USAGE(.BOTH.,#5761);
#5529=SURFACE_STYLE_USAGE(.BOTH.,#5762);
#5530=SURFACE_STYLE_USAGE(.BOTH.,#5763);
#5531=SURFACE_STYLE_USAGE(.BOTH.,#5764);
#5532=SURFACE_STYLE_USAGE(.BOTH.,#5765);
#5533=SURFACE_STYLE_USAGE(.BOTH.,#5766);
#5534=SURFACE_STYLE_USAGE(.BOTH.,#5767);
#5535=SURFACE_STYLE_USAGE(.BOTH.,#5768);
#5536=SURFACE_STYLE_USAGE(.BOTH.,#5769);
#5537=SURFACE_STYLE_USAGE(.BOTH.,#5770);
#5538=SURFACE_STYLE_USAGE(.BOTH.,#5771);
#5539=SURFACE_STYLE_USAGE(.BOTH.,#5772);
#5540=SURFACE_STYLE_USAGE(.BOTH.,#5773);
#5541=SURFACE_STYLE_USAGE(.BOTH.,#5774);
#5542=SURFACE_STYLE_USAGE(.BOTH.,#5775);
#5543=SURFACE_STYLE_USAGE(.BOTH.,#5776);
#5544=SURFACE_STYLE_USAGE(.BOTH.,#5777);
#5545=SURFACE_STYLE_USAGE(.BOTH.,#5778);
#5546=SURFACE_STYLE_USAGE(.BOTH.,#5779);
#5547=SURFACE_STYLE_USAGE(.BOTH.,#5780);
#5548=SURFACE_STYLE_USAGE(.BOTH.,#5781);
#5549=SURFACE_STYLE_USAGE(.BOTH.,#5782);
#5550=SURFACE_STYLE_USAGE(.BOTH.,#5783);
#5551=SURFACE_STYLE_USAGE(.BOTH.,#5784);
#5552=SURFACE_STYLE_USAGE(.BOTH.,#5785);
#5553=SURFACE_STYLE_USAGE(.BOTH.,#5786);
#5554=SURFACE_STYLE_USAGE(.BOTH.,#5787);
#5555=SURFACE_STYLE_USAGE(.BOTH.,#5788);
#5556=SURFACE_STYLE_USAGE(.BOTH.,#5789);
#5557=SURFACE_STYLE_USAGE(.BOTH.,#5790);
#5558=SURFACE_STYLE_USAGE(.BOTH.,#5791);
#5559=SURFACE_STYLE_USAGE(.BOTH.,#5792);
#5560=SURFACE_STYLE_USAGE(.BOTH.,#5793);
#5561=SURFACE_STYLE_USAGE(.BOTH.,#5794);
#5562=SURFACE_STYLE_USAGE(.BOTH.,#5795);
#5563=SURFACE_STYLE_USAGE(.BOTH.,#5796);
#5564=SURFACE_STYLE_USAGE(.BOTH.,#5797);
#5565=SURFACE_STYLE_USAGE(.BOTH.,#5798);
#5566=SURFACE_STYLE_USAGE(.BOTH.,#5799);
#5567=SURFACE_STYLE_USAGE(.BOTH.,#5800);
#5568=SURFACE_STYLE_USAGE(.BOTH.,#5801);
#5569=SURFACE_STYLE_USAGE(.BOTH.,#5802);
#5570=SURFACE_STYLE_USAGE(.BOTH.,#5803);
#5571=SURFACE_STYLE_USAGE(.BOTH.,#5804);
#5572=SURFACE_STYLE_USAGE(.BOTH.,#5805);
#5573=SURFACE_STYLE_USAGE(.BOTH.,#5806);
#5574=SURFACE_STYLE_USAGE(.BOTH.,#5807);
#5575=SURFACE_STYLE_USAGE(.BOTH.,#5808);
#5576=SURFACE_STYLE_USAGE(.BOTH.,#5809);
#5577=SURFACE_STYLE_USAGE(.BOTH.,#5810);
#5578=SURFACE_STYLE_USAGE(.BOTH.,#5811);
#5579=SURFACE_STYLE_USAGE(.BOTH.,#5812);
#5580=SURFACE_STYLE_USAGE(.BOTH.,#5813);
#5581=SURFACE_STYLE_USAGE(.BOTH.,#5814);
#5582=SURFACE_STYLE_USAGE(.BOTH.,#5815);
#5583=SURFACE_STYLE_USAGE(.BOTH.,#5816);
#5584=SURFACE_STYLE_USAGE(.BOTH.,#5817);
#5585=SURFACE_STYLE_USAGE(.BOTH.,#5818);
#5586=SURFACE_STYLE_USAGE(.BOTH.,#5819);
#5587=SURFACE_STYLE_USAGE(.BOTH.,#5820);
#5588=SURFACE_STYLE_USAGE(.BOTH.,#5821);
#5589=SURFACE_STYLE_USAGE(.BOTH.,#5822);
#5590=SURFACE_STYLE_USAGE(.BOTH.,#5823);
#5591=SURFACE_STYLE_USAGE(.BOTH.,#5824);
#5592=SURFACE_STYLE_USAGE(.BOTH.,#5825);
#5593=SURFACE_STYLE_USAGE(.BOTH.,#5826);
#5594=SURFACE_STYLE_USAGE(.BOTH.,#5827);
#5595=SURFACE_STYLE_USAGE(.BOTH.,#5828);
#5596=SURFACE_STYLE_USAGE(.BOTH.,#5829);
#5597=SURFACE_STYLE_USAGE(.BOTH.,#5830);
#5598=SURFACE_STYLE_USAGE(.BOTH.,#5831);
#5599=SURFACE_STYLE_USAGE(.BOTH.,#5832);
#5600=SURFACE_STYLE_USAGE(.BOTH.,#5833);
#5601=SURFACE_STYLE_USAGE(.BOTH.,#5834);
#5602=SURFACE_STYLE_USAGE(.BOTH.,#5835);
#5603=SURFACE_STYLE_USAGE(.BOTH.,#5836);
#5604=SURFACE_STYLE_USAGE(.BOTH.,#5837);
#5605=SURFACE_STYLE_USAGE(.BOTH.,#5838);
#5606=SURFACE_STYLE_USAGE(.BOTH.,#5839);
#5607=SURFACE_STYLE_USAGE(.BOTH.,#5840);
#5608=SURFACE_STYLE_USAGE(.BOTH.,#5841);
#5609=SURFACE_STYLE_USAGE(.BOTH.,#5842);
#5610=SURFACE_STYLE_USAGE(.BOTH.,#5843);
#5611=SURFACE_STYLE_USAGE(.BOTH.,#5844);
#5612=SURFACE_STYLE_USAGE(.BOTH.,#5845);
#5613=SURFACE_STYLE_USAGE(.BOTH.,#5846);
#5614=SURFACE_STYLE_USAGE(.BOTH.,#5847);
#5615=SURFACE_STYLE_USAGE(.BOTH.,#5848);
#5616=SURFACE_STYLE_USAGE(.BOTH.,#5849);
#5617=SURFACE_STYLE_USAGE(.BOTH.,#5850);
#5618=SURFACE_STYLE_USAGE(.BOTH.,#5851);
#5619=SURFACE_STYLE_USAGE(.BOTH.,#5852);
#5620=SURFACE_STYLE_USAGE(.BOTH.,#5853);
#5621=SURFACE_STYLE_USAGE(.BOTH.,#5854);
#5622=SURFACE_STYLE_USAGE(.BOTH.,#5855);
#5623=SURFACE_STYLE_USAGE(.BOTH.,#5856);
#5624=SURFACE_STYLE_USAGE(.BOTH.,#5857);
#5625=SURFACE_STYLE_USAGE(.BOTH.,#5858);
#5626=SURFACE_STYLE_USAGE(.BOTH.,#5859);
#5627=SURFACE_STYLE_USAGE(.BOTH.,#5860);
#5628=SURFACE_STYLE_USAGE(.BOTH.,#5861);
#5629=SURFACE_STYLE_USAGE(.BOTH.,#5862);
#5630=SURFACE_STYLE_USAGE(.BOTH.,#5863);
#5631=SURFACE_STYLE_USAGE(.BOTH.,#5864);
#5632=SURFACE_STYLE_USAGE(.BOTH.,#5865);
#5633=SURFACE_STYLE_USAGE(.BOTH.,#5866);
#5634=SURFACE_STYLE_USAGE(.BOTH.,#5867);
#5635=SURFACE_STYLE_USAGE(.BOTH.,#5868);
#5636=SURFACE_STYLE_USAGE(.BOTH.,#5869);
#5637=SURFACE_STYLE_USAGE(.BOTH.,#5870);
#5638=SURFACE_STYLE_USAGE(.BOTH.,#5871);
#5639=SURFACE_STYLE_USAGE(.BOTH.,#5872);
#5640=SURFACE_STYLE_USAGE(.BOTH.,#5873);
#5641=SURFACE_STYLE_USAGE(.BOTH.,#5874);
#5642=SURFACE_STYLE_USAGE(.BOTH.,#5875);
#5643=SURFACE_STYLE_USAGE(.BOTH.,#5876);
#5644=SURFACE_STYLE_USAGE(.BOTH.,#5877);
#5645=SURFACE_STYLE_USAGE(.BOTH.,#5878);
#5646=SURFACE_STYLE_USAGE(.BOTH.,#5879);
#5647=SURFACE_STYLE_USAGE(.BOTH.,#5880);
#5648=SURFACE_STYLE_USAGE(.BOTH.,#5881);
#5649=SURFACE_STYLE_USAGE(.BOTH.,#5882);
#5650=SURFACE_STYLE_USAGE(.BOTH.,#5883);
#5651=SURFACE_STYLE_USAGE(.BOTH.,#5884);
#5652=SURFACE_STYLE_USAGE(.BOTH.,#5885);
#5653=SURFACE_STYLE_USAGE(.BOTH.,#5886);
#5654=SURFACE_STYLE_USAGE(.BOTH.,#5887);
#5655=SURFACE_STYLE_USAGE(.BOTH.,#5888);
#5656=SURFACE_STYLE_USAGE(.BOTH.,#5889);
#5657=SURFACE_STYLE_USAGE(.BOTH.,#5890);
#5658=SURFACE_STYLE_USAGE(.BOTH.,#5891);
#5659=SURFACE_STYLE_USAGE(.BOTH.,#5892);
#5660=SURFACE_STYLE_USAGE(.BOTH.,#5893);
#5661=SURFACE_STYLE_USAGE(.BOTH.,#5894);
#5662=SURFACE_STYLE_USAGE(.BOTH.,#5895);
#5663=SURFACE_STYLE_USAGE(.BOTH.,#5896);
#5664=SURFACE_STYLE_USAGE(.BOTH.,#5897);
#5665=SURFACE_STYLE_USAGE(.BOTH.,#5898);
#5666=SURFACE_STYLE_USAGE(.BOTH.,#5899);
#5667=SURFACE_STYLE_USAGE(.BOTH.,#5900);
#5668=SURFACE_STYLE_USAGE(.BOTH.,#5901);
#5669=SURFACE_STYLE_USAGE(.BOTH.,#5902);
#5670=SURFACE_STYLE_USAGE(.BOTH.,#5903);
#5671=SURFACE_STYLE_USAGE(.BOTH.,#5904);
#5672=SURFACE_STYLE_USAGE(.BOTH.,#5905);
#5673=SURFACE_STYLE_USAGE(.BOTH.,#5906);
#5674=SURFACE_STYLE_USAGE(.BOTH.,#5907);
#5675=SURFACE_STYLE_USAGE(.BOTH.,#5908);
#5676=SURFACE_STYLE_USAGE(.BOTH.,#5909);
#5677=SURFACE_STYLE_USAGE(.BOTH.,#5910);
#5678=SURFACE_STYLE_USAGE(.BOTH.,#5911);
#5679=SURFACE_STYLE_USAGE(.BOTH.,#5912);
#5680=SURFACE_STYLE_USAGE(.BOTH.,#5913);
#5681=SURFACE_SIDE_STYLE('',(#5914));
#5682=SURFACE_SIDE_STYLE('',(#5915));
#5683=SURFACE_SIDE_STYLE('',(#5916));
#5684=SURFACE_SIDE_STYLE('',(#5917));
#5685=SURFACE_SIDE_STYLE('',(#5918));
#5686=SURFACE_SIDE_STYLE('',(#5919));
#5687=SURFACE_SIDE_STYLE('',(#5920));
#5688=SURFACE_SIDE_STYLE('',(#5921));
#5689=SURFACE_SIDE_STYLE('',(#5922));
#5690=SURFACE_SIDE_STYLE('',(#5923));
#5691=SURFACE_SIDE_STYLE('',(#5924));
#5692=SURFACE_SIDE_STYLE('',(#5925));
#5693=SURFACE_SIDE_STYLE('',(#5926));
#5694=SURFACE_SIDE_STYLE('',(#5927));
#5695=SURFACE_SIDE_STYLE('',(#5928));
#5696=SURFACE_SIDE_STYLE('',(#5929));
#5697=SURFACE_SIDE_STYLE('',(#5930));
#5698=SURFACE_SIDE_STYLE('',(#5931));
#5699=SURFACE_SIDE_STYLE('',(#5932));
#5700=SURFACE_SIDE_STYLE('',(#5933));
#5701=SURFACE_SIDE_STYLE('',(#5934));
#5702=SURFACE_SIDE_STYLE('',(#5935));
#5703=SURFACE_SIDE_STYLE('',(#5936));
#5704=SURFACE_SIDE_STYLE('',(#5937));
#5705=SURFACE_SIDE_STYLE('',(#5938));
#5706=SURFACE_SIDE_STYLE('',(#5939));
#5707=SURFACE_SIDE_STYLE('',(#5940));
#5708=SURFACE_SIDE_STYLE('',(#5941));
#5709=SURFACE_SIDE_STYLE('',(#5942));
#5710=SURFACE_SIDE_STYLE('',(#5943));
#5711=SURFACE_SIDE_STYLE('',(#5944));
#5712=SURFACE_SIDE_STYLE('',(#5945));
#5713=SURFACE_SIDE_STYLE('',(#5946));
#5714=SURFACE_SIDE_STYLE('',(#5947));
#5715=SURFACE_SIDE_STYLE('',(#5948));
#5716=SURFACE_SIDE_STYLE('',(#5949));
#5717=SURFACE_SIDE_STYLE('',(#5950));
#5718=SURFACE_SIDE_STYLE('',(#5951));
#5719=SURFACE_SIDE_STYLE('',(#5952));
#5720=SURFACE_SIDE_STYLE('',(#5953));
#5721=SURFACE_SIDE_STYLE('',(#5954));
#5722=SURFACE_SIDE_STYLE('',(#5955));
#5723=SURFACE_SIDE_STYLE('',(#5956));
#5724=SURFACE_SIDE_STYLE('',(#5957));
#5725=SURFACE_SIDE_STYLE('',(#5958));
#5726=SURFACE_SIDE_STYLE('',(#5959));
#5727=SURFACE_SIDE_STYLE('',(#5960));
#5728=SURFACE_SIDE_STYLE('',(#5961));
#5729=SURFACE_SIDE_STYLE('',(#5962));
#5730=SURFACE_SIDE_STYLE('',(#5963));
#5731=SURFACE_SIDE_STYLE('',(#5964));
#5732=SURFACE_SIDE_STYLE('',(#5965));
#5733=SURFACE_SIDE_STYLE('',(#5966));
#5734=SURFACE_SIDE_STYLE('',(#5967));
#5735=SURFACE_SIDE_STYLE('',(#5968));
#5736=SURFACE_SIDE_STYLE('',(#5969));
#5737=SURFACE_SIDE_STYLE('',(#5970));
#5738=SURFACE_SIDE_STYLE('',(#5971));
#5739=SURFACE_SIDE_STYLE('',(#5972));
#5740=SURFACE_SIDE_STYLE('',(#5973));
#5741=SURFACE_SIDE_STYLE('',(#5974));
#5742=SURFACE_SIDE_STYLE('',(#5975));
#5743=SURFACE_SIDE_STYLE('',(#5976));
#5744=SURFACE_SIDE_STYLE('',(#5977));
#5745=SURFACE_SIDE_STYLE('',(#5978));
#5746=SURFACE_SIDE_STYLE('',(#5979));
#5747=SURFACE_SIDE_STYLE('',(#5980));
#5748=SURFACE_SIDE_STYLE('',(#5981));
#5749=SURFACE_SIDE_STYLE('',(#5982));
#5750=SURFACE_SIDE_STYLE('',(#5983));
#5751=SURFACE_SIDE_STYLE('',(#5984));
#5752=SURFACE_SIDE_STYLE('',(#5985));
#5753=SURFACE_SIDE_STYLE('',(#5986));
#5754=SURFACE_SIDE_STYLE('',(#5987));
#5755=SURFACE_SIDE_STYLE('',(#5988));
#5756=SURFACE_SIDE_STYLE('',(#5989));
#5757=SURFACE_SIDE_STYLE('',(#5990));
#5758=SURFACE_SIDE_STYLE('',(#5991));
#5759=SURFACE_SIDE_STYLE('',(#5992));
#5760=SURFACE_SIDE_STYLE('',(#5993));
#5761=SURFACE_SIDE_STYLE('',(#5994));
#5762=SURFACE_SIDE_STYLE('',(#5995));
#5763=SURFACE_SIDE_STYLE('',(#5996));
#5764=SURFACE_SIDE_STYLE('',(#5997));
#5765=SURFACE_SIDE_STYLE('',(#5998));
#5766=SURFACE_SIDE_STYLE('',(#5999));
#5767=SURFACE_SIDE_STYLE('',(#6000));
#5768=SURFACE_SIDE_STYLE('',(#6001));
#5769=SURFACE_SIDE_STYLE('',(#6002));
#5770=SURFACE_SIDE_STYLE('',(#6003));
#5771=SURFACE_SIDE_STYLE('',(#6004));
#5772=SURFACE_SIDE_STYLE('',(#6005));
#5773=SURFACE_SIDE_STYLE('',(#6006));
#5774=SURFACE_SIDE_STYLE('',(#6007));
#5775=SURFACE_SIDE_STYLE('',(#6008));
#5776=SURFACE_SIDE_STYLE('',(#6009));
#5777=SURFACE_SIDE_STYLE('',(#6010));
#5778=SURFACE_SIDE_STYLE('',(#6011));
#5779=SURFACE_SIDE_STYLE('',(#6012));
#5780=SURFACE_SIDE_STYLE('',(#6013));
#5781=SURFACE_SIDE_STYLE('',(#6014));
#5782=SURFACE_SIDE_STYLE('',(#6015));
#5783=SURFACE_SIDE_STYLE('',(#6016));
#5784=SURFACE_SIDE_STYLE('',(#6017));
#5785=SURFACE_SIDE_STYLE('',(#6018));
#5786=SURFACE_SIDE_STYLE('',(#6019));
#5787=SURFACE_SIDE_STYLE('',(#6020));
#5788=SURFACE_SIDE_STYLE('',(#6021));
#5789=SURFACE_SIDE_STYLE('',(#6022));
#5790=SURFACE_SIDE_STYLE('',(#6023));
#5791=SURFACE_SIDE_STYLE('',(#6024));
#5792=SURFACE_SIDE_STYLE('',(#6025));
#5793=SURFACE_SIDE_STYLE('',(#6026));
#5794=SURFACE_SIDE_STYLE('',(#6027));
#5795=SURFACE_SIDE_STYLE('',(#6028));
#5796=SURFACE_SIDE_STYLE('',(#6029));
#5797=SURFACE_SIDE_STYLE('',(#6030));
#5798=SURFACE_SIDE_STYLE('',(#6031));
#5799=SURFACE_SIDE_STYLE('',(#6032));
#5800=SURFACE_SIDE_STYLE('',(#6033));
#5801=SURFACE_SIDE_STYLE('',(#6034));
#5802=SURFACE_SIDE_STYLE('',(#6035));
#5803=SURFACE_SIDE_STYLE('',(#6036));
#5804=SURFACE_SIDE_STYLE('',(#6037));
#5805=SURFACE_SIDE_STYLE('',(#6038));
#5806=SURFACE_SIDE_STYLE('',(#6039));
#5807=SURFACE_SIDE_STYLE('',(#6040));
#5808=SURFACE_SIDE_STYLE('',(#6041));
#5809=SURFACE_SIDE_STYLE('',(#6042));
#5810=SURFACE_SIDE_STYLE('',(#6043));
#5811=SURFACE_SIDE_STYLE('',(#6044));
#5812=SURFACE_SIDE_STYLE('',(#6045));
#5813=SURFACE_SIDE_STYLE('',(#6046));
#5814=SURFACE_SIDE_STYLE('',(#6047));
#5815=SURFACE_SIDE_STYLE('',(#6048));
#5816=SURFACE_SIDE_STYLE('',(#6049));
#5817=SURFACE_SIDE_STYLE('',(#6050));
#5818=SURFACE_SIDE_STYLE('',(#6051));
#5819=SURFACE_SIDE_STYLE('',(#6052));
#5820=SURFACE_SIDE_STYLE('',(#6053));
#5821=SURFACE_SIDE_STYLE('',(#6054));
#5822=SURFACE_SIDE_STYLE('',(#6055));
#5823=SURFACE_SIDE_STYLE('',(#6056));
#5824=SURFACE_SIDE_STYLE('',(#6057));
#5825=SURFACE_SIDE_STYLE('',(#6058));
#5826=SURFACE_SIDE_STYLE('',(#6059));
#5827=SURFACE_SIDE_STYLE('',(#6060));
#5828=SURFACE_SIDE_STYLE('',(#6061));
#5829=SURFACE_SIDE_STYLE('',(#6062));
#5830=SURFACE_SIDE_STYLE('',(#6063));
#5831=SURFACE_SIDE_STYLE('',(#6064));
#5832=SURFACE_SIDE_STYLE('',(#6065));
#5833=SURFACE_SIDE_STYLE('',(#6066));
#5834=SURFACE_SIDE_STYLE('',(#6067));
#5835=SURFACE_SIDE_STYLE('',(#6068));
#5836=SURFACE_SIDE_STYLE('',(#6069));
#5837=SURFACE_SIDE_STYLE('',(#6070));
#5838=SURFACE_SIDE_STYLE('',(#6071));
#5839=SURFACE_SIDE_STYLE('',(#6072));
#5840=SURFACE_SIDE_STYLE('',(#6073));
#5841=SURFACE_SIDE_STYLE('',(#6074));
#5842=SURFACE_SIDE_STYLE('',(#6075));
#5843=SURFACE_SIDE_STYLE('',(#6076));
#5844=SURFACE_SIDE_STYLE('',(#6077));
#5845=SURFACE_SIDE_STYLE('',(#6078));
#5846=SURFACE_SIDE_STYLE('',(#6079));
#5847=SURFACE_SIDE_STYLE('',(#6080));
#5848=SURFACE_SIDE_STYLE('',(#6081));
#5849=SURFACE_SIDE_STYLE('',(#6082));
#5850=SURFACE_SIDE_STYLE('',(#6083));
#5851=SURFACE_SIDE_STYLE('',(#6084));
#5852=SURFACE_SIDE_STYLE('',(#6085));
#5853=SURFACE_SIDE_STYLE('',(#6086));
#5854=SURFACE_SIDE_STYLE('',(#6087));
#5855=SURFACE_SIDE_STYLE('',(#6088));
#5856=SURFACE_SIDE_STYLE('',(#6089));
#5857=SURFACE_SIDE_STYLE('',(#6090));
#5858=SURFACE_SIDE_STYLE('',(#6091));
#5859=SURFACE_SIDE_STYLE('',(#6092));
#5860=SURFACE_SIDE_STYLE('',(#6093));
#5861=SURFACE_SIDE_STYLE('',(#6094));
#5862=SURFACE_SIDE_STYLE('',(#6095));
#5863=SURFACE_SIDE_STYLE('',(#6096));
#5864=SURFACE_SIDE_STYLE('',(#6097));
#5865=SURFACE_SIDE_STYLE('',(#6098));
#5866=SURFACE_SIDE_STYLE('',(#6099));
#5867=SURFACE_SIDE_STYLE('',(#6100));
#5868=SURFACE_SIDE_STYLE('',(#6101));
#5869=SURFACE_SIDE_STYLE('',(#6102));
#5870=SURFACE_SIDE_STYLE('',(#6103));
#5871=SURFACE_SIDE_STYLE('',(#6104));
#5872=SURFACE_SIDE_STYLE('',(#6105));
#5873=SURFACE_SIDE_STYLE('',(#6106));
#5874=SURFACE_SIDE_STYLE('',(#6107));
#5875=SURFACE_SIDE_STYLE('',(#6108));
#5876=SURFACE_SIDE_STYLE('',(#6109));
#5877=SURFACE_SIDE_STYLE('',(#6110));
#5878=SURFACE_SIDE_STYLE('',(#6111));
#5879=SURFACE_SIDE_STYLE('',(#6112));
#5880=SURFACE_SIDE_STYLE('',(#6113));
#5881=SURFACE_SIDE_STYLE('',(#6114));
#5882=SURFACE_SIDE_STYLE('',(#6115));
#5883=SURFACE_SIDE_STYLE('',(#6116));
#5884=SURFACE_SIDE_STYLE('',(#6117));
#5885=SURFACE_SIDE_STYLE('',(#6118));
#5886=SURFACE_SIDE_STYLE('',(#6119));
#5887=SURFACE_SIDE_STYLE('',(#6120));
#5888=SURFACE_SIDE_STYLE('',(#6121));
#5889=SURFACE_SIDE_STYLE('',(#6122));
#5890=SURFACE_SIDE_STYLE('',(#6123));
#5891=SURFACE_SIDE_STYLE('',(#6124));
#5892=SURFACE_SIDE_STYLE('',(#6125));
#5893=SURFACE_SIDE_STYLE('',(#6126));
#5894=SURFACE_SIDE_STYLE('',(#6127));
#5895=SURFACE_SIDE_STYLE('',(#6128));
#5896=SURFACE_SIDE_STYLE('',(#6129));
#5897=SURFACE_SIDE_STYLE('',(#6130));
#5898=SURFACE_SIDE_STYLE('',(#6131));
#5899=SURFACE_SIDE_STYLE('',(#6132));
#5900=SURFACE_SIDE_STYLE('',(#6133));
#5901=SURFACE_SIDE_STYLE('',(#6134));
#5902=SURFACE_SIDE_STYLE('',(#6135));
#5903=SURFACE_SIDE_STYLE('',(#6136));
#5904=SURFACE_SIDE_STYLE('',(#6137));
#5905=SURFACE_SIDE_STYLE('',(#6138));
#5906=SURFACE_SIDE_STYLE('',(#6139));
#5907=SURFACE_SIDE_STYLE('',(#6140));
#5908=SURFACE_SIDE_STYLE('',(#6141));
#5909=SURFACE_SIDE_STYLE('',(#6142));
#5910=SURFACE_SIDE_STYLE('',(#6143));
#5911=SURFACE_SIDE_STYLE('',(#6144));
#5912=SURFACE_SIDE_STYLE('',(#6145));
#5913=SURFACE_SIDE_STYLE('',(#6146));
#5914=SURFACE_STYLE_FILL_AREA(#6147);
#5915=SURFACE_STYLE_FILL_AREA(#6148);
#5916=SURFACE_STYLE_FILL_AREA(#6149);
#5917=SURFACE_STYLE_FILL_AREA(#6150);
#5918=SURFACE_STYLE_FILL_AREA(#6151);
#5919=SURFACE_STYLE_FILL_AREA(#6152);
#5920=SURFACE_STYLE_FILL_AREA(#6153);
#5921=SURFACE_STYLE_FILL_AREA(#6154);
#5922=SURFACE_STYLE_FILL_AREA(#6155);
#5923=SURFACE_STYLE_FILL_AREA(#6156);
#5924=SURFACE_STYLE_FILL_AREA(#6157);
#5925=SURFACE_STYLE_FILL_AREA(#6158);
#5926=SURFACE_STYLE_FILL_AREA(#6159);
#5927=SURFACE_STYLE_FILL_AREA(#6160);
#5928=SURFACE_STYLE_FILL_AREA(#6161);
#5929=SURFACE_STYLE_FILL_AREA(#6162);
#5930=SURFACE_STYLE_FILL_AREA(#6163);
#5931=SURFACE_STYLE_FILL_AREA(#6164);
#5932=SURFACE_STYLE_FILL_AREA(#6165);
#5933=SURFACE_STYLE_FILL_AREA(#6166);
#5934=SURFACE_STYLE_FILL_AREA(#6167);
#5935=SURFACE_STYLE_FILL_AREA(#6168);
#5936=SURFACE_STYLE_FILL_AREA(#6169);
#5937=SURFACE_STYLE_FILL_AREA(#6170);
#5938=SURFACE_STYLE_FILL_AREA(#6171);
#5939=SURFACE_STYLE_FILL_AREA(#6172);
#5940=SURFACE_STYLE_FILL_AREA(#6173);
#5941=SURFACE_STYLE_FILL_AREA(#6174);
#5942=SURFACE_STYLE_FILL_AREA(#6175);
#5943=SURFACE_STYLE_FILL_AREA(#6176);
#5944=SURFACE_STYLE_FILL_AREA(#6177);
#5945=SURFACE_STYLE_FILL_AREA(#6178);
#5946=SURFACE_STYLE_FILL_AREA(#6179);
#5947=SURFACE_STYLE_FILL_AREA(#6180);
#5948=SURFACE_STYLE_FILL_AREA(#6181);
#5949=SURFACE_STYLE_FILL_AREA(#6182);
#5950=SURFACE_STYLE_FILL_AREA(#6183);
#5951=SURFACE_STYLE_FILL_AREA(#6184);
#5952=SURFACE_STYLE_FILL_AREA(#6185);
#5953=SURFACE_STYLE_FILL_AREA(#6186);
#5954=SURFACE_STYLE_FILL_AREA(#6187);
#5955=SURFACE_STYLE_FILL_AREA(#6188);
#5956=SURFACE_STYLE_FILL_AREA(#6189);
#5957=SURFACE_STYLE_FILL_AREA(#6190);
#5958=SURFACE_STYLE_FILL_AREA(#6191);
#5959=SURFACE_STYLE_FILL_AREA(#6192);
#5960=SURFACE_STYLE_FILL_AREA(#6193);
#5961=SURFACE_STYLE_FILL_AREA(#6194);
#5962=SURFACE_STYLE_FILL_AREA(#6195);
#5963=SURFACE_STYLE_FILL_AREA(#6196);
#5964=SURFACE_STYLE_FILL_AREA(#6197);
#5965=SURFACE_STYLE_FILL_AREA(#6198);
#5966=SURFACE_STYLE_FILL_AREA(#6199);
#5967=SURFACE_STYLE_FILL_AREA(#6200);
#5968=SURFACE_STYLE_FILL_AREA(#6201);
#5969=SURFACE_STYLE_FILL_AREA(#6202);
#5970=SURFACE_STYLE_FILL_AREA(#6203);
#5971=SURFACE_STYLE_FILL_AREA(#6204);
#5972=SURFACE_STYLE_FILL_AREA(#6205);
#5973=SURFACE_STYLE_FILL_AREA(#6206);
#5974=SURFACE_STYLE_FILL_AREA(#6207);
#5975=SURFACE_STYLE_FILL_AREA(#6208);
#5976=SURFACE_STYLE_FILL_AREA(#6209);
#5977=SURFACE_STYLE_FILL_AREA(#6210);
#5978=SURFACE_STYLE_FILL_AREA(#6211);
#5979=SURFACE_STYLE_FILL_AREA(#6212);
#5980=SURFACE_STYLE_FILL_AREA(#6213);
#5981=SURFACE_STYLE_FILL_AREA(#6214);
#5982=SURFACE_STYLE_FILL_AREA(#6215);
#5983=SURFACE_STYLE_FILL_AREA(#6216);
#5984=SURFACE_STYLE_FILL_AREA(#6217);
#5985=SURFACE_STYLE_FILL_AREA(#6218);
#5986=SURFACE_STYLE_FILL_AREA(#6219);
#5987=SURFACE_STYLE_FILL_AREA(#6220);
#5988=SURFACE_STYLE_FILL_AREA(#6221);
#5989=SURFACE_STYLE_FILL_AREA(#6222);
#5990=SURFACE_STYLE_FILL_AREA(#6223);
#5991=SURFACE_STYLE_FILL_AREA(#6224);
#5992=SURFACE_STYLE_FILL_AREA(#6225);
#5993=SURFACE_STYLE_FILL_AREA(#6226);
#5994=SURFACE_STYLE_FILL_AREA(#6227);
#5995=SURFACE_STYLE_FILL_AREA(#6228);
#5996=SURFACE_STYLE_FILL_AREA(#6229);
#5997=SURFACE_STYLE_FILL_AREA(#6230);
#5998=SURFACE_STYLE_FILL_AREA(#6231);
#5999=SURFACE_STYLE_FILL_AREA(#6232);
#6000=SURFACE_STYLE_FILL_AREA(#6233);
#6001=SURFACE_STYLE_FILL_AREA(#6234);
#6002=SURFACE_STYLE_FILL_AREA(#6235);
#6003=SURFACE_STYLE_FILL_AREA(#6236);
#6004=SURFACE_STYLE_FILL_AREA(#6237);
#6005=SURFACE_STYLE_FILL_AREA(#6238);
#6006=SURFACE_STYLE_FILL_AREA(#6239);
#6007=SURFACE_STYLE_FILL_AREA(#6240);
#6008=SURFACE_STYLE_FILL_AREA(#6241);
#6009=SURFACE_STYLE_FILL_AREA(#6242);
#6010=SURFACE_STYLE_FILL_AREA(#6243);
#6011=SURFACE_STYLE_FILL_AREA(#6244);
#6012=SURFACE_STYLE_FILL_AREA(#6245);
#6013=SURFACE_STYLE_FILL_AREA(#6246);
#6014=SURFACE_STYLE_FILL_AREA(#6247);
#6015=SURFACE_STYLE_FILL_AREA(#6248);
#6016=SURFACE_STYLE_FILL_AREA(#6249);
#6017=SURFACE_STYLE_FILL_AREA(#6250);
#6018=SURFACE_STYLE_FILL_AREA(#6251);
#6019=SURFACE_STYLE_FILL_AREA(#6252);
#6020=SURFACE_STYLE_FILL_AREA(#6253);
#6021=SURFACE_STYLE_FILL_AREA(#6254);
#6022=SURFACE_STYLE_FILL_AREA(#6255);
#6023=SURFACE_STYLE_FILL_AREA(#6256);
#6024=SURFACE_STYLE_FILL_AREA(#6257);
#6025=SURFACE_STYLE_FILL_AREA(#6258);
#6026=SURFACE_STYLE_FILL_AREA(#6259);
#6027=SURFACE_STYLE_FILL_AREA(#6260);
#6028=SURFACE_STYLE_FILL_AREA(#6261);
#6029=SURFACE_STYLE_FILL_AREA(#6262);
#6030=SURFACE_STYLE_FILL_AREA(#6263);
#6031=SURFACE_STYLE_FILL_AREA(#6264);
#6032=SURFACE_STYLE_FILL_AREA(#6265);
#6033=SURFACE_STYLE_FILL_AREA(#6266);
#6034=SURFACE_STYLE_FILL_AREA(#6267);
#6035=SURFACE_STYLE_FILL_AREA(#6268);
#6036=SURFACE_STYLE_FILL_AREA(#6269);
#6037=SURFACE_STYLE_FILL_AREA(#6270);
#6038=SURFACE_STYLE_FILL_AREA(#6271);
#6039=SURFACE_STYLE_FILL_AREA(#6272);
#6040=SURFACE_STYLE_FILL_AREA(#6273);
#6041=SURFACE_STYLE_FILL_AREA(#6274);
#6042=SURFACE_STYLE_FILL_AREA(#6275);
#6043=SURFACE_STYLE_FILL_AREA(#6276);
#6044=SURFACE_STYLE_FILL_AREA(#6277);
#6045=SURFACE_STYLE_FILL_AREA(#6278);
#6046=SURFACE_STYLE_FILL_AREA(#6279);
#6047=SURFACE_STYLE_FILL_AREA(#6280);
#6048=SURFACE_STYLE_FILL_AREA(#6281);
#6049=SURFACE_STYLE_FILL_AREA(#6282);
#6050=SURFACE_STYLE_FILL_AREA(#6283);
#6051=SURFACE_STYLE_FILL_AREA(#6284);
#6052=SURFACE_STYLE_FILL_AREA(#6285);
#6053=SURFACE_STYLE_FILL_AREA(#6286);
#6054=SURFACE_STYLE_FILL_AREA(#6287);
#6055=SURFACE_STYLE_FILL_AREA(#6288);
#6056=SURFACE_STYLE_FILL_AREA(#6289);
#6057=SURFACE_STYLE_FILL_AREA(#6290);
#6058=SURFACE_STYLE_FILL_AREA(#6291);
#6059=SURFACE_STYLE_FILL_AREA(#6292);
#6060=SURFACE_STYLE_FILL_AREA(#6293);
#6061=SURFACE_STYLE_FILL_AREA(#6294);
#6062=SURFACE_STYLE_FILL_AREA(#6295);
#6063=SURFACE_STYLE_FILL_AREA(#6296);
#6064=SURFACE_STYLE_FILL_AREA(#6297);
#6065=SURFACE_STYLE_FILL_AREA(#6298);
#6066=SURFACE_STYLE_FILL_AREA(#6299);
#6067=SURFACE_STYLE_FILL_AREA(#6300);
#6068=SURFACE_STYLE_FILL_AREA(#6301);
#6069=SURFACE_STYLE_FILL_AREA(#6302);
#6070=SURFACE_STYLE_FILL_AREA(#6303);
#6071=SURFACE_STYLE_FILL_AREA(#6304);
#6072=SURFACE_STYLE_FILL_AREA(#6305);
#6073=SURFACE_STYLE_FILL_AREA(#6306);
#6074=SURFACE_STYLE_FILL_AREA(#6307);
#6075=SURFACE_STYLE_FILL_AREA(#6308);
#6076=SURFACE_STYLE_FILL_AREA(#6309);
#6077=SURFACE_STYLE_FILL_AREA(#6310);
#6078=SURFACE_STYLE_FILL_AREA(#6311);
#6079=SURFACE_STYLE_FILL_AREA(#6312);
#6080=SURFACE_STYLE_FILL_AREA(#6313);
#6081=SURFACE_STYLE_FILL_AREA(#6314);
#6082=SURFACE_STYLE_FILL_AREA(#6315);
#6083=SURFACE_STYLE_FILL_AREA(#6316);
#6084=SURFACE_STYLE_FILL_AREA(#6317);
#6085=SURFACE_STYLE_FILL_AREA(#6318);
#6086=SURFACE_STYLE_FILL_AREA(#6319);
#6087=SURFACE_STYLE_FILL_AREA(#6320);
#6088=SURFACE_STYLE_FILL_AREA(#6321);
#6089=SURFACE_STYLE_FILL_AREA(#6322);
#6090=SURFACE_STYLE_FILL_AREA(#6323);
#6091=SURFACE_STYLE_FILL_AREA(#6324);
#6092=SURFACE_STYLE_FILL_AREA(#6325);
#6093=SURFACE_STYLE_FILL_AREA(#6326);
#6094=SURFACE_STYLE_FILL_AREA(#6327);
#6095=SURFACE_STYLE_FILL_AREA(#6328);
#6096=SURFACE_STYLE_FILL_AREA(#6329);
#6097=SURFACE_STYLE_FILL_AREA(#6330);
#6098=SURFACE_STYLE_FILL_AREA(#6331);
#6099=SURFACE_STYLE_FILL_AREA(#6332);
#6100=SURFACE_STYLE_FILL_AREA(#6333);
#6101=SURFACE_STYLE_FILL_AREA(#6334);
#6102=SURFACE_STYLE_FILL_AREA(#6335);
#6103=SURFACE_STYLE_FILL_AREA(#6336);
#6104=SURFACE_STYLE_FILL_AREA(#6337);
#6105=SURFACE_STYLE_FILL_AREA(#6338);
#6106=SURFACE_STYLE_FILL_AREA(#6339);
#6107=SURFACE_STYLE_FILL_AREA(#6340);
#6108=SURFACE_STYLE_FILL_AREA(#6341);
#6109=SURFACE_STYLE_FILL_AREA(#6342);
#6110=SURFACE_STYLE_FILL_AREA(#6343);
#6111=SURFACE_STYLE_FILL_AREA(#6344);
#6112=SURFACE_STYLE_FILL_AREA(#6345);
#6113=SURFACE_STYLE_FILL_AREA(#6346);
#6114=SURFACE_STYLE_FILL_AREA(#6347);
#6115=SURFACE_STYLE_FILL_AREA(#6348);
#6116=SURFACE_STYLE_FILL_AREA(#6349);
#6117=SURFACE_STYLE_FILL_AREA(#6350);
#6118=SURFACE_STYLE_FILL_AREA(#6351);
#6119=SURFACE_STYLE_FILL_AREA(#6352);
#6120=SURFACE_STYLE_FILL_AREA(#6353);
#6121=SURFACE_STYLE_FILL_AREA(#6354);
#6122=SURFACE_STYLE_FILL_AREA(#6355);
#6123=SURFACE_STYLE_FILL_AREA(#6356);
#6124=SURFACE_STYLE_FILL_AREA(#6357);
#6125=SURFACE_STYLE_FILL_AREA(#6358);
#6126=SURFACE_STYLE_FILL_AREA(#6359);
#6127=SURFACE_STYLE_FILL_AREA(#6360);
#6128=SURFACE_STYLE_FILL_AREA(#6361);
#6129=SURFACE_STYLE_FILL_AREA(#6362);
#6130=SURFACE_STYLE_FILL_AREA(#6363);
#6131=SURFACE_STYLE_FILL_AREA(#6364);
#6132=SURFACE_STYLE_FILL_AREA(#6365);
#6133=SURFACE_STYLE_FILL_AREA(#6366);
#6134=SURFACE_STYLE_FILL_AREA(#6367);
#6135=SURFACE_STYLE_FILL_AREA(#6368);
#6136=SURFACE_STYLE_FILL_AREA(#6369);
#6137=SURFACE_STYLE_FILL_AREA(#6370);
#6138=SURFACE_STYLE_FILL_AREA(#6371);
#6139=SURFACE_STYLE_FILL_AREA(#6372);
#6140=SURFACE_STYLE_FILL_AREA(#6373);
#6141=SURFACE_STYLE_FILL_AREA(#6374);
#6142=SURFACE_STYLE_FILL_AREA(#6375);
#6143=SURFACE_STYLE_FILL_AREA(#6376);
#6144=SURFACE_STYLE_FILL_AREA(#6377);
#6145=SURFACE_STYLE_FILL_AREA(#6378);
#6146=SURFACE_STYLE_FILL_AREA(#6379);
#6147=FILL_AREA_STYLE('',(#6380));
#6148=FILL_AREA_STYLE('',(#6381));
#6149=FILL_AREA_STYLE('',(#6382));
#6150=FILL_AREA_STYLE('',(#6383));
#6151=FILL_AREA_STYLE('',(#6384));
#6152=FILL_AREA_STYLE('',(#6385));
#6153=FILL_AREA_STYLE('',(#6386));
#6154=FILL_AREA_STYLE('',(#6387));
#6155=FILL_AREA_STYLE('',(#6388));
#6156=FILL_AREA_STYLE('',(#6389));
#6157=FILL_AREA_STYLE('',(#6390));
#6158=FILL_AREA_STYLE('',(#6391));
#6159=FILL_AREA_STYLE('',(#6392));
#6160=FILL_AREA_STYLE('',(#6393));
#6161=FILL_AREA_STYLE('',(#6394));
#6162=FILL_AREA_STYLE('',(#6395));
#6163=FILL_AREA_STYLE('',(#6396));
#6164=FILL_AREA_STYLE('',(#6397));
#6165=FILL_AREA_STYLE('',(#6398));
#6166=FILL_AREA_STYLE('',(#6399));
#6167=FILL_AREA_STYLE('',(#6400));
#6168=FILL_AREA_STYLE('',(#6401));
#6169=FILL_AREA_STYLE('',(#6402));
#6170=FILL_AREA_STYLE('',(#6403));
#6171=FILL_AREA_STYLE('',(#6404));
#6172=FILL_AREA_STYLE('',(#6405));
#6173=FILL_AREA_STYLE('',(#6406));
#6174=FILL_AREA_STYLE('',(#6407));
#6175=FILL_AREA_STYLE('',(#6408));
#6176=FILL_AREA_STYLE('',(#6409));
#6177=FILL_AREA_STYLE('',(#6410));
#6178=FILL_AREA_STYLE('',(#6411));
#6179=FILL_AREA_STYLE('',(#6412));
#6180=FILL_AREA_STYLE('',(#6413));
#6181=FILL_AREA_STYLE('',(#6414));
#6182=FILL_AREA_STYLE('',(#6415));
#6183=FILL_AREA_STYLE('',(#6416));
#6184=FILL_AREA_STYLE('',(#6417));
#6185=FILL_AREA_STYLE('',(#6418));
#6186=FILL_AREA_STYLE('',(#6419));
#6187=FILL_AREA_STYLE('',(#6420));
#6188=FILL_AREA_STYLE('',(#6421));
#6189=FILL_AREA_STYLE('',(#6422));
#6190=FILL_AREA_STYLE('',(#6423));
#6191=FILL_AREA_STYLE('',(#6424));
#6192=FILL_AREA_STYLE('',(#6425));
#6193=FILL_AREA_STYLE('',(#6426));
#6194=FILL_AREA_STYLE('',(#6427));
#6195=FILL_AREA_STYLE('',(#6428));
#6196=FILL_AREA_STYLE('',(#6429));
#6197=FILL_AREA_STYLE('',(#6430));
#6198=FILL_AREA_STYLE('',(#6431));
#6199=FILL_AREA_STYLE('',(#6432));
#6200=FILL_AREA_STYLE('',(#6433));
#6201=FILL_AREA_STYLE('',(#6434));
#6202=FILL_AREA_STYLE('',(#6435));
#6203=FILL_AREA_STYLE('',(#6436));
#6204=FILL_AREA_STYLE('',(#6437));
#6205=FILL_AREA_STYLE('',(#6438));
#6206=FILL_AREA_STYLE('',(#6439));
#6207=FILL_AREA_STYLE('',(#6440));
#6208=FILL_AREA_STYLE('',(#6441));
#6209=FILL_AREA_STYLE('',(#6442));
#6210=FILL_AREA_STYLE('',(#6443));
#6211=FILL_AREA_STYLE('',(#6444));
#6212=FILL_AREA_STYLE('',(#6445));
#6213=FILL_AREA_STYLE('',(#6446));
#6214=FILL_AREA_STYLE('',(#6447));
#6215=FILL_AREA_STYLE('',(#6448));
#6216=FILL_AREA_STYLE('',(#6449));
#6217=FILL_AREA_STYLE('',(#6450));
#6218=FILL_AREA_STYLE('',(#6451));
#6219=FILL_AREA_STYLE('',(#6452));
#6220=FILL_AREA_STYLE('',(#6453));
#6221=FILL_AREA_STYLE('',(#6454));
#6222=FILL_AREA_STYLE('',(#6455));
#6223=FILL_AREA_STYLE('',(#6456));
#6224=FILL_AREA_STYLE('',(#6457));
#6225=FILL_AREA_STYLE('',(#6458));
#6226=FILL_AREA_STYLE('',(#6459));
#6227=FILL_AREA_STYLE('',(#6460));
#6228=FILL_AREA_STYLE('',(#6461));
#6229=FILL_AREA_STYLE('',(#6462));
#6230=FILL_AREA_STYLE('',(#6463));
#6231=FILL_AREA_STYLE('',(#6464));
#6232=FILL_AREA_STYLE('',(#6465));
#6233=FILL_AREA_STYLE('',(#6466));
#6234=FILL_AREA_STYLE('',(#6467));
#6235=FILL_AREA_STYLE('',(#6468));
#6236=FILL_AREA_STYLE('',(#6469));
#6237=FILL_AREA_STYLE('',(#6470));
#6238=FILL_AREA_STYLE('',(#6471));
#6239=FILL_AREA_STYLE('',(#6472));
#6240=FILL_AREA_STYLE('',(#6473));
#6241=FILL_AREA_STYLE('',(#6474));
#6242=FILL_AREA_STYLE('',(#6475));
#6243=FILL_AREA_STYLE('',(#6476));
#6244=FILL_AREA_STYLE('',(#6477));
#6245=FILL_AREA_STYLE('',(#6478));
#6246=FILL_AREA_STYLE('',(#6479));
#6247=FILL_AREA_STYLE('',(#6480));
#6248=FILL_AREA_STYLE('',(#6481));
#6249=FILL_AREA_STYLE('',(#6482));
#6250=FILL_AREA_STYLE('',(#6483));
#6251=FILL_AREA_STYLE('',(#6484));
#6252=FILL_AREA_STYLE('',(#6485));
#6253=FILL_AREA_STYLE('',(#6486));
#6254=FILL_AREA_STYLE('',(#6487));
#6255=FILL_AREA_STYLE('',(#6488));
#6256=FILL_AREA_STYLE('',(#6489));
#6257=FILL_AREA_STYLE('',(#6490));
#6258=FILL_AREA_STYLE('',(#6491));
#6259=FILL_AREA_STYLE('',(#6492));
#6260=FILL_AREA_STYLE('',(#6493));
#6261=FILL_AREA_STYLE('',(#6494));
#6262=FILL_AREA_STYLE('',(#6495));
#6263=FILL_AREA_STYLE('',(#6496));
#6264=FILL_AREA_STYLE('',(#6497));
#6265=FILL_AREA_STYLE('',(#6498));
#6266=FILL_AREA_STYLE('',(#6499));
#6267=FILL_AREA_STYLE('',(#6500));
#6268=FILL_AREA_STYLE('',(#6501));
#6269=FILL_AREA_STYLE('',(#6502));
#6270=FILL_AREA_STYLE('',(#6503));
#6271=FILL_AREA_STYLE('',(#6504));
#6272=FILL_AREA_STYLE('',(#6505));
#6273=FILL_AREA_STYLE('',(#6506));
#6274=FILL_AREA_STYLE('',(#6507));
#6275=FILL_AREA_STYLE('',(#6508));
#6276=FILL_AREA_STYLE('',(#6509));
#6277=FILL_AREA_STYLE('',(#6510));
#6278=FILL_AREA_STYLE('',(#6511));
#6279=FILL_AREA_STYLE('',(#6512));
#6280=FILL_AREA_STYLE('',(#6513));
#6281=FILL_AREA_STYLE('',(#6514));
#6282=FILL_AREA_STYLE('',(#6515));
#6283=FILL_AREA_STYLE('',(#6516));
#6284=FILL_AREA_STYLE('',(#6517));
#6285=FILL_AREA_STYLE('',(#6518));
#6286=FILL_AREA_STYLE('',(#6519));
#6287=FILL_AREA_STYLE('',(#6520));
#6288=FILL_AREA_STYLE('',(#6521));
#6289=FILL_AREA_STYLE('',(#6522));
#6290=FILL_AREA_STYLE('',(#6523));
#6291=FILL_AREA_STYLE('',(#6524));
#6292=FILL_AREA_STYLE('',(#6525));
#6293=FILL_AREA_STYLE('',(#6526));
#6294=FILL_AREA_STYLE('',(#6527));
#6295=FILL_AREA_STYLE('',(#6528));
#6296=FILL_AREA_STYLE('',(#6529));
#6297=FILL_AREA_STYLE('',(#6530));
#6298=FILL_AREA_STYLE('',(#6531));
#6299=FILL_AREA_STYLE('',(#6532));
#6300=FILL_AREA_STYLE('',(#6533));
#6301=FILL_AREA_STYLE('',(#6534));
#6302=FILL_AREA_STYLE('',(#6535));
#6303=FILL_AREA_STYLE('',(#6536));
#6304=FILL_AREA_STYLE('',(#6537));
#6305=FILL_AREA_STYLE('',(#6538));
#6306=FILL_AREA_STYLE('',(#6539));
#6307=FILL_AREA_STYLE('',(#6540));
#6308=FILL_AREA_STYLE('',(#6541));
#6309=FILL_AREA_STYLE('',(#6542));
#6310=FILL_AREA_STYLE('',(#6543));
#6311=FILL_AREA_STYLE('',(#6544));
#6312=FILL_AREA_STYLE('',(#6545));
#6313=FILL_AREA_STYLE('',(#6546));
#6314=FILL_AREA_STYLE('',(#6547));
#6315=FILL_AREA_STYLE('',(#6548));
#6316=FILL_AREA_STYLE('',(#6549));
#6317=FILL_AREA_STYLE('',(#6550));
#6318=FILL_AREA_STYLE('',(#6551));
#6319=FILL_AREA_STYLE('',(#6552));
#6320=FILL_AREA_STYLE('',(#6553));
#6321=FILL_AREA_STYLE('',(#6554));
#6322=FILL_AREA_STYLE('',(#6555));
#6323=FILL_AREA_STYLE('',(#6556));
#6324=FILL_AREA_STYLE('',(#6557));
#6325=FILL_AREA_STYLE('',(#6558));
#6326=FILL_AREA_STYLE('',(#6559));
#6327=FILL_AREA_STYLE('',(#6560));
#6328=FILL_AREA_STYLE('',(#6561));
#6329=FILL_AREA_STYLE('',(#6562));
#6330=FILL_AREA_STYLE('',(#6563));
#6331=FILL_AREA_STYLE('',(#6564));
#6332=FILL_AREA_STYLE('',(#6565));
#6333=FILL_AREA_STYLE('',(#6566));
#6334=FILL_AREA_STYLE('',(#6567));
#6335=FILL_AREA_STYLE('',(#6568));
#6336=FILL_AREA_STYLE('',(#6569));
#6337=FILL_AREA_STYLE('',(#6570));
#6338=FILL_AREA_STYLE('',(#6571));
#6339=FILL_AREA_STYLE('',(#6572));
#6340=FILL_AREA_STYLE('',(#6573));
#6341=FILL_AREA_STYLE('',(#6574));
#6342=FILL_AREA_STYLE('',(#6575));
#6343=FILL_AREA_STYLE('',(#6576));
#6344=FILL_AREA_STYLE('',(#6577));
#6345=FILL_AREA_STYLE('',(#6578));
#6346=FILL_AREA_STYLE('',(#6579));
#6347=FILL_AREA_STYLE('',(#6580));
#6348=FILL_AREA_STYLE('',(#6581));
#6349=FILL_AREA_STYLE('',(#6582));
#6350=FILL_AREA_STYLE('',(#6583));
#6351=FILL_AREA_STYLE('',(#6584));
#6352=FILL_AREA_STYLE('',(#6585));
#6353=FILL_AREA_STYLE('',(#6586));
#6354=FILL_AREA_STYLE('',(#6587));
#6355=FILL_AREA_STYLE('',(#6588));
#6356=FILL_AREA_STYLE('',(#6589));
#6357=FILL_AREA_STYLE('',(#6590));
#6358=FILL_AREA_STYLE('',(#6591));
#6359=FILL_AREA_STYLE('',(#6592));
#6360=FILL_AREA_STYLE('',(#6593));
#6361=FILL_AREA_STYLE('',(#6594));
#6362=FILL_AREA_STYLE('',(#6595));
#6363=FILL_AREA_STYLE('',(#6596));
#6364=FILL_AREA_STYLE('',(#6597));
#6365=FILL_AREA_STYLE('',(#6598));
#6366=FILL_AREA_STYLE('',(#6599));
#6367=FILL_AREA_STYLE('',(#6600));
#6368=FILL_AREA_STYLE('',(#6601));
#6369=FILL_AREA_STYLE('',(#6602));
#6370=FILL_AREA_STYLE('',(#6603));
#6371=FILL_AREA_STYLE('',(#6604));
#6372=FILL_AREA_STYLE('',(#6605));
#6373=FILL_AREA_STYLE('',(#6606));
#6374=FILL_AREA_STYLE('',(#6607));
#6375=FILL_AREA_STYLE('',(#6608));
#6376=FILL_AREA_STYLE('',(#6609));
#6377=FILL_AREA_STYLE('',(#6610));
#6378=FILL_AREA_STYLE('',(#6611));
#6379=FILL_AREA_STYLE('',(#6612));
#6380=FILL_AREA_STYLE_COLOUR('',#6613);
#6381=FILL_AREA_STYLE_COLOUR('',#6614);
#6382=FILL_AREA_STYLE_COLOUR('',#6614);
#6383=FILL_AREA_STYLE_COLOUR('',#6614);
#6384=FILL_AREA_STYLE_COLOUR('',#6614);
#6385=FILL_AREA_STYLE_COLOUR('',#6614);
#6386=FILL_AREA_STYLE_COLOUR('',#6614);
#6387=FILL_AREA_STYLE_COLOUR('',#6614);
#6388=FILL_AREA_STYLE_COLOUR('',#6613);
#6389=FILL_AREA_STYLE_COLOUR('',#6613);
#6390=FILL_AREA_STYLE_COLOUR('',#6613);
#6391=FILL_AREA_STYLE_COLOUR('',#6613);
#6392=FILL_AREA_STYLE_COLOUR('',#6613);
#6393=FILL_AREA_STYLE_COLOUR('',#6613);
#6394=FILL_AREA_STYLE_COLOUR('',#6613);
#6395=FILL_AREA_STYLE_COLOUR('',#6613);
#6396=FILL_AREA_STYLE_COLOUR('',#6614);
#6397=FILL_AREA_STYLE_COLOUR('',#6614);
#6398=FILL_AREA_STYLE_COLOUR('',#6614);
#6399=FILL_AREA_STYLE_COLOUR('',#6614);
#6400=FILL_AREA_STYLE_COLOUR('',#6614);
#6401=FILL_AREA_STYLE_COLOUR('',#6614);
#6402=FILL_AREA_STYLE_COLOUR('',#6614);
#6403=FILL_AREA_STYLE_COLOUR('',#6614);
#6404=FILL_AREA_STYLE_COLOUR('',#6614);
#6405=FILL_AREA_STYLE_COLOUR('',#6614);
#6406=FILL_AREA_STYLE_COLOUR('',#6614);
#6407=FILL_AREA_STYLE_COLOUR('',#6614);
#6408=FILL_AREA_STYLE_COLOUR('',#6614);
#6409=FILL_AREA_STYLE_COLOUR('',#6614);
#6410=FILL_AREA_STYLE_COLOUR('',#6614);
#6411=FILL_AREA_STYLE_COLOUR('',#6614);
#6412=FILL_AREA_STYLE_COLOUR('',#6614);
#6413=FILL_AREA_STYLE_COLOUR('',#6614);
#6414=FILL_AREA_STYLE_COLOUR('',#6614);
#6415=FILL_AREA_STYLE_COLOUR('',#6613);
#6416=FILL_AREA_STYLE_COLOUR('',#6613);
#6417=FILL_AREA_STYLE_COLOUR('',#6613);
#6418=FILL_AREA_STYLE_COLOUR('',#6613);
#6419=FILL_AREA_STYLE_COLOUR('',#6613);
#6420=FILL_AREA_STYLE_COLOUR('',#6613);
#6421=FILL_AREA_STYLE_COLOUR('',#6613);
#6422=FILL_AREA_STYLE_COLOUR('',#6613);
#6423=FILL_AREA_STYLE_COLOUR('',#6613);
#6424=FILL_AREA_STYLE_COLOUR('',#6613);
#6425=FILL_AREA_STYLE_COLOUR('',#6613);
#6426=FILL_AREA_STYLE_COLOUR('',#6613);
#6427=FILL_AREA_STYLE_COLOUR('',#6613);
#6428=FILL_AREA_STYLE_COLOUR('',#6613);
#6429=FILL_AREA_STYLE_COLOUR('',#6613);
#6430=FILL_AREA_STYLE_COLOUR('',#6613);
#6431=FILL_AREA_STYLE_COLOUR('',#6613);
#6432=FILL_AREA_STYLE_COLOUR('',#6613);
#6433=FILL_AREA_STYLE_COLOUR('',#6613);
#6434=FILL_AREA_STYLE_COLOUR('',#6613);
#6435=FILL_AREA_STYLE_COLOUR('',#6613);
#6436=FILL_AREA_STYLE_COLOUR('',#6614);
#6437=FILL_AREA_STYLE_COLOUR('',#6614);
#6438=FILL_AREA_STYLE_COLOUR('',#6613);
#6439=FILL_AREA_STYLE_COLOUR('',#6613);
#6440=FILL_AREA_STYLE_COLOUR('',#6613);
#6441=FILL_AREA_STYLE_COLOUR('',#6613);
#6442=FILL_AREA_STYLE_COLOUR('',#6613);
#6443=FILL_AREA_STYLE_COLOUR('',#6613);
#6444=FILL_AREA_STYLE_COLOUR('',#6613);
#6445=FILL_AREA_STYLE_COLOUR('',#6613);
#6446=FILL_AREA_STYLE_COLOUR('',#6613);
#6447=FILL_AREA_STYLE_COLOUR('',#6613);
#6448=FILL_AREA_STYLE_COLOUR('',#6613);
#6449=FILL_AREA_STYLE_COLOUR('',#6613);
#6450=FILL_AREA_STYLE_COLOUR('',#6613);
#6451=FILL_AREA_STYLE_COLOUR('',#6613);
#6452=FILL_AREA_STYLE_COLOUR('',#6613);
#6453=FILL_AREA_STYLE_COLOUR('',#6613);
#6454=FILL_AREA_STYLE_COLOUR('',#6613);
#6455=FILL_AREA_STYLE_COLOUR('',#6613);
#6456=FILL_AREA_STYLE_COLOUR('',#6613);
#6457=FILL_AREA_STYLE_COLOUR('',#6613);
#6458=FILL_AREA_STYLE_COLOUR('',#6613);
#6459=FILL_AREA_STYLE_COLOUR('',#6613);
#6460=FILL_AREA_STYLE_COLOUR('',#6613);
#6461=FILL_AREA_STYLE_COLOUR('',#6613);
#6462=FILL_AREA_STYLE_COLOUR('',#6613);
#6463=FILL_AREA_STYLE_COLOUR('',#6613);
#6464=FILL_AREA_STYLE_COLOUR('',#6613);
#6465=FILL_AREA_STYLE_COLOUR('',#6613);
#6466=FILL_AREA_STYLE_COLOUR('',#6613);
#6467=FILL_AREA_STYLE_COLOUR('',#6613);
#6468=FILL_AREA_STYLE_COLOUR('',#6613);
#6469=FILL_AREA_STYLE_COLOUR('',#6614);
#6470=FILL_AREA_STYLE_COLOUR('',#6614);
#6471=FILL_AREA_STYLE_COLOUR('',#6614);
#6472=FILL_AREA_STYLE_COLOUR('',#6614);
#6473=FILL_AREA_STYLE_COLOUR('',#6614);
#6474=FILL_AREA_STYLE_COLOUR('',#6614);
#6475=FILL_AREA_STYLE_COLOUR('',#6614);
#6476=FILL_AREA_STYLE_COLOUR('',#6614);
#6477=FILL_AREA_STYLE_COLOUR('',#6614);
#6478=FILL_AREA_STYLE_COLOUR('',#6614);
#6479=FILL_AREA_STYLE_COLOUR('',#6614);
#6480=FILL_AREA_STYLE_COLOUR('',#6614);
#6481=FILL_AREA_STYLE_COLOUR('',#6614);
#6482=FILL_AREA_STYLE_COLOUR('',#6614);
#6483=FILL_AREA_STYLE_COLOUR('',#6614);
#6484=FILL_AREA_STYLE_COLOUR('',#6614);
#6485=FILL_AREA_STYLE_COLOUR('',#6614);
#6486=FILL_AREA_STYLE_COLOUR('',#6614);
#6487=FILL_AREA_STYLE_COLOUR('',#6614);
#6488=FILL_AREA_STYLE_COLOUR('',#6613);
#6489=FILL_AREA_STYLE_COLOUR('',#6613);
#6490=FILL_AREA_STYLE_COLOUR('',#6613);
#6491=FILL_AREA_STYLE_COLOUR('',#6613);
#6492=FILL_AREA_STYLE_COLOUR('',#6613);
#6493=FILL_AREA_STYLE_COLOUR('',#6613);
#6494=FILL_AREA_STYLE_COLOUR('',#6614);
#6495=FILL_AREA_STYLE_COLOUR('',#6614);
#6496=FILL_AREA_STYLE_COLOUR('',#6614);
#6497=FILL_AREA_STYLE_COLOUR('',#6614);
#6498=FILL_AREA_STYLE_COLOUR('',#6613);
#6499=FILL_AREA_STYLE_COLOUR('',#6613);
#6500=FILL_AREA_STYLE_COLOUR('',#6613);
#6501=FILL_AREA_STYLE_COLOUR('',#6613);
#6502=FILL_AREA_STYLE_COLOUR('',#6614);
#6503=FILL_AREA_STYLE_COLOUR('',#6614);
#6504=FILL_AREA_STYLE_COLOUR('',#6614);
#6505=FILL_AREA_STYLE_COLOUR('',#6614);
#6506=FILL_AREA_STYLE_COLOUR('',#6614);
#6507=FILL_AREA_STYLE_COLOUR('',#6614);
#6508=FILL_AREA_STYLE_COLOUR('',#6614);
#6509=FILL_AREA_STYLE_COLOUR('',#6614);
#6510=FILL_AREA_STYLE_COLOUR('',#6614);
#6511=FILL_AREA_STYLE_COLOUR('',#6614);
#6512=FILL_AREA_STYLE_COLOUR('',#6614);
#6513=FILL_AREA_STYLE_COLOUR('',#6614);
#6514=FILL_AREA_STYLE_COLOUR('',#6614);
#6515=FILL_AREA_STYLE_COLOUR('',#6614);
#6516=FILL_AREA_STYLE_COLOUR('',#6614);
#6517=FILL_AREA_STYLE_COLOUR('',#6614);
#6518=FILL_AREA_STYLE_COLOUR('',#6614);
#6519=FILL_AREA_STYLE_COLOUR('',#6614);
#6520=FILL_AREA_STYLE_COLOUR('',#6614);
#6521=FILL_AREA_STYLE_COLOUR('',#6614);
#6522=FILL_AREA_STYLE_COLOUR('',#6614);
#6523=FILL_AREA_STYLE_COLOUR('',#6614);
#6524=FILL_AREA_STYLE_COLOUR('',#6614);
#6525=FILL_AREA_STYLE_COLOUR('',#6614);
#6526=FILL_AREA_STYLE_COLOUR('',#6615);
#6527=FILL_AREA_STYLE_COLOUR('',#6615);
#6528=FILL_AREA_STYLE_COLOUR('',#6615);
#6529=FILL_AREA_STYLE_COLOUR('',#6615);
#6530=FILL_AREA_STYLE_COLOUR('',#6615);
#6531=FILL_AREA_STYLE_COLOUR('',#6615);
#6532=FILL_AREA_STYLE_COLOUR('',#6615);
#6533=FILL_AREA_STYLE_COLOUR('',#6615);
#6534=FILL_AREA_STYLE_COLOUR('',#6615);
#6535=FILL_AREA_STYLE_COLOUR('',#6615);
#6536=FILL_AREA_STYLE_COLOUR('',#6615);
#6537=FILL_AREA_STYLE_COLOUR('',#6615);
#6538=FILL_AREA_STYLE_COLOUR('',#6615);
#6539=FILL_AREA_STYLE_COLOUR('',#6615);
#6540=FILL_AREA_STYLE_COLOUR('',#6615);
#6541=FILL_AREA_STYLE_COLOUR('',#6615);
#6542=FILL_AREA_STYLE_COLOUR('',#6615);
#6543=FILL_AREA_STYLE_COLOUR('',#6615);
#6544=FILL_AREA_STYLE_COLOUR('',#6615);
#6545=FILL_AREA_STYLE_COLOUR('',#6615);
#6546=FILL_AREA_STYLE_COLOUR('',#6615);
#6547=FILL_AREA_STYLE_COLOUR('',#6615);
#6548=FILL_AREA_STYLE_COLOUR('',#6615);
#6549=FILL_AREA_STYLE_COLOUR('',#6615);
#6550=FILL_AREA_STYLE_COLOUR('',#6615);
#6551=FILL_AREA_STYLE_COLOUR('',#6615);
#6552=FILL_AREA_STYLE_COLOUR('',#6615);
#6553=FILL_AREA_STYLE_COLOUR('',#6615);
#6554=FILL_AREA_STYLE_COLOUR('',#6615);
#6555=FILL_AREA_STYLE_COLOUR('',#6615);
#6556=FILL_AREA_STYLE_COLOUR('',#6615);
#6557=FILL_AREA_STYLE_COLOUR('',#6615);
#6558=FILL_AREA_STYLE_COLOUR('',#6615);
#6559=FILL_AREA_STYLE_COLOUR('',#6615);
#6560=FILL_AREA_STYLE_COLOUR('',#6615);
#6561=FILL_AREA_STYLE_COLOUR('',#6615);
#6562=FILL_AREA_STYLE_COLOUR('',#6615);
#6563=FILL_AREA_STYLE_COLOUR('',#6615);
#6564=FILL_AREA_STYLE_COLOUR('',#6615);
#6565=FILL_AREA_STYLE_COLOUR('',#6615);
#6566=FILL_AREA_STYLE_COLOUR('',#6615);
#6567=FILL_AREA_STYLE_COLOUR('',#6615);
#6568=FILL_AREA_STYLE_COLOUR('',#6615);
#6569=FILL_AREA_STYLE_COLOUR('',#6615);
#6570=FILL_AREA_STYLE_COLOUR('',#6615);
#6571=FILL_AREA_STYLE_COLOUR('',#6615);
#6572=FILL_AREA_STYLE_COLOUR('',#6615);
#6573=FILL_AREA_STYLE_COLOUR('',#6615);
#6574=FILL_AREA_STYLE_COLOUR('',#6615);
#6575=FILL_AREA_STYLE_COLOUR('',#6615);
#6576=FILL_AREA_STYLE_COLOUR('',#6615);
#6577=FILL_AREA_STYLE_COLOUR('',#6615);
#6578=FILL_AREA_STYLE_COLOUR('',#6615);
#6579=FILL_AREA_STYLE_COLOUR('',#6615);
#6580=FILL_AREA_STYLE_COLOUR('',#6615);
#6581=FILL_AREA_STYLE_COLOUR('',#6615);
#6582=FILL_AREA_STYLE_COLOUR('',#6615);
#6583=FILL_AREA_STYLE_COLOUR('',#6615);
#6584=FILL_AREA_STYLE_COLOUR('',#6615);
#6585=FILL_AREA_STYLE_COLOUR('',#6615);
#6586=FILL_AREA_STYLE_COLOUR('',#6615);
#6587=FILL_AREA_STYLE_COLOUR('',#6615);
#6588=FILL_AREA_STYLE_COLOUR('',#6615);
#6589=FILL_AREA_STYLE_COLOUR('',#6615);
#6590=FILL_AREA_STYLE_COLOUR('',#6615);
#6591=FILL_AREA_STYLE_COLOUR('',#6615);
#6592=FILL_AREA_STYLE_COLOUR('',#6615);
#6593=FILL_AREA_STYLE_COLOUR('',#6615);
#6594=FILL_AREA_STYLE_COLOUR('',#6615);
#6595=FILL_AREA_STYLE_COLOUR('',#6615);
#6596=FILL_AREA_STYLE_COLOUR('',#6615);
#6597=FILL_AREA_STYLE_COLOUR('',#6615);
#6598=FILL_AREA_STYLE_COLOUR('',#6615);
#6599=FILL_AREA_STYLE_COLOUR('',#6615);
#6600=FILL_AREA_STYLE_COLOUR('',#6615);
#6601=FILL_AREA_STYLE_COLOUR('',#6615);
#6602=FILL_AREA_STYLE_COLOUR('',#6615);
#6603=FILL_AREA_STYLE_COLOUR('',#6615);
#6604=FILL_AREA_STYLE_COLOUR('',#6614);
#6605=FILL_AREA_STYLE_COLOUR('',#6614);
#6606=FILL_AREA_STYLE_COLOUR('',#6614);
#6607=FILL_AREA_STYLE_COLOUR('',#6614);
#6608=FILL_AREA_STYLE_COLOUR('',#6614);
#6609=FILL_AREA_STYLE_COLOUR('',#6614);
#6610=FILL_AREA_STYLE_COLOUR('',#6614);
#6611=FILL_AREA_STYLE_COLOUR('',#6614);
#6612=FILL_AREA_STYLE_COLOUR('',#6616);
#6613=COLOUR_RGB('',0.75300002098083,0.75300002098083,0.75300002098083);
#6614=COLOUR_RGB('',0.200000002980232,0.200000002980232,0.200000002980232);
#6615=COLOUR_RGB('',0.77300000190735,0.77300000190735,0.);
#6616=COLOUR_RGB('',0.670000016689301,0.419999986886978,0.140000000596046);
#6617=ADVANCED_FACE('',(#4528,#4529,#4530,#4531),#4818,.F.);
#6618=ADVANCED_FACE('',(#4532,#4533),#4819,.F.);
#6619=ADVANCED_FACE('',(#4534),#100,.T.);
#6620=ADVANCED_FACE('',(#4535),#101,.T.);
#6621=ADVANCED_FACE('',(#4536,#4537,#4538,#4539),#4820,.F.);
#6622=ADVANCED_FACE('',(#4540),#102,.T.);
#6623=ADVANCED_FACE('',(#4541),#103,.T.);
#6624=ADVANCED_FACE('',(#4542,#4543,#4544,#4545),#4821,.F.);
#6625=ADVANCED_FACE('',(#4546,#4547,#4548),#4822,.F.);
#6626=ADVANCED_FACE('',(#4549),#104,.F.);
#6627=ADVANCED_FACE('',(#4550),#105,.T.);
#6628=ADVANCED_FACE('',(#4551),#106,.F.);
#6629=ADVANCED_FACE('',(#4552),#107,.T.);
#6630=ADVANCED_FACE('',(#4553,#4554),#108,.F.);
#6631=ADVANCED_FACE('',(#4555),#109,.T.);
#6632=ADVANCED_FACE('',(#4556),#110,.T.);
#6633=ADVANCED_FACE('',(#4557,#4558,#4559),#4823,.F.);
#6634=ADVANCED_FACE('',(#4560),#4824,.F.);
#6635=ADVANCED_FACE('',(#4561),#4825,.F.);
#6636=ADVANCED_FACE('',(#4562,#4563),#4826,.F.);
#6637=ADVANCED_FACE('',(#4564,#4565),#4827,.T.);
#6638=ADVANCED_FACE('',(#4566),#111,.T.);
#6639=ADVANCED_FACE('',(#4567),#112,.T.);
#6640=ADVANCED_FACE('',(#4568),#113,.T.);
#6641=ADVANCED_FACE('',(#4569),#114,.T.);
#6642=ADVANCED_FACE('',(#4570),#115,.T.);
#6643=ADVANCED_FACE('',(#4571),#116,.T.);
#6644=ADVANCED_FACE('',(#4572),#117,.T.);
#6645=ADVANCED_FACE('',(#4573),#118,.T.);
#6646=ADVANCED_FACE('',(#4574),#119,.T.);
#6647=ADVANCED_FACE('',(#4575),#120,.T.);
#6648=ADVANCED_FACE('',(#4576),#121,.T.);
#6649=ADVANCED_FACE('',(#4577),#122,.T.);
#6650=ADVANCED_FACE('',(#4578),#4828,.F.);
#6651=ADVANCED_FACE('',(#4579),#4829,.F.);
#6652=ADVANCED_FACE('',(#4580),#4830,.T.);
#6653=ADVANCED_FACE('',(#4581),#4831,.T.);
#6654=ADVANCED_FACE('',(#4582),#4832,.T.);
#6655=ADVANCED_FACE('',(#4583),#4833,.T.);
#6656=ADVANCED_FACE('',(#4584),#4834,.T.);
#6657=ADVANCED_FACE('',(#4585),#4835,.T.);
#6658=ADVANCED_FACE('',(#4586),#4836,.F.);
#6659=ADVANCED_FACE('',(#4587),#4837,.F.);
#6660=ADVANCED_FACE('',(#4588),#4838,.T.);
#6661=ADVANCED_FACE('',(#4589),#4839,.T.);
#6662=ADVANCED_FACE('',(#4590),#123,.T.);
#6663=ADVANCED_FACE('',(#4591),#124,.F.);
#6664=ADVANCED_FACE('',(#4592),#125,.F.);
#6665=ADVANCED_FACE('',(#4593),#126,.T.);
#6666=ADVANCED_FACE('',(#4594),#127,.F.);
#6667=ADVANCED_FACE('',(#4595),#128,.F.);
#6668=ADVANCED_FACE('',(#4596),#4840,.F.);
#6669=ADVANCED_FACE('',(#4597),#4841,.T.);
#6670=ADVANCED_FACE('',(#4598),#129,.T.);
#6671=ADVANCED_FACE('',(#4599),#4842,.F.);
#6672=ADVANCED_FACE('',(#4600),#4843,.F.);
#6673=ADVANCED_FACE('',(#4601),#4844,.F.);
#6674=ADVANCED_FACE('',(#4602),#130,.F.);
#6675=ADVANCED_FACE('',(#4603),#4845,.T.);
#6676=ADVANCED_FACE('',(#4604),#4846,.F.);
#6677=ADVANCED_FACE('',(#4605),#131,.F.);
#6678=ADVANCED_FACE('',(#4606),#4847,.F.);
#6679=ADVANCED_FACE('',(#4607),#4848,.F.);
#6680=ADVANCED_FACE('',(#4608),#4849,.F.);
#6681=ADVANCED_FACE('',(#4609),#132,.T.);
#6682=ADVANCED_FACE('',(#4610),#4850,.T.);
#6683=ADVANCED_FACE('',(#4611),#133,.F.);
#6684=ADVANCED_FACE('',(#4612),#4851,.T.);
#6685=ADVANCED_FACE('',(#4613),#134,.F.);
#6686=ADVANCED_FACE('',(#4614),#4852,.T.);
#6687=ADVANCED_FACE('',(#4615),#4853,.T.);
#6688=ADVANCED_FACE('',(#4616),#4854,.T.);
#6689=ADVANCED_FACE('',(#4617),#4855,.T.);
#6690=ADVANCED_FACE('',(#4618),#4856,.F.);
#6691=ADVANCED_FACE('',(#4619),#135,.F.);
#6692=ADVANCED_FACE('',(#4620),#4857,.F.);
#6693=ADVANCED_FACE('',(#4621),#4858,.F.);
#6694=ADVANCED_FACE('',(#4622),#136,.F.);
#6695=ADVANCED_FACE('',(#4623),#4859,.F.);
#6696=ADVANCED_FACE('',(#4624),#4860,.F.);
#6697=ADVANCED_FACE('',(#4625),#137,.F.);
#6698=ADVANCED_FACE('',(#4626),#4861,.F.);
#6699=ADVANCED_FACE('',(#4627),#138,.F.);
#6700=ADVANCED_FACE('',(#4628),#4862,.T.);
#6701=ADVANCED_FACE('',(#4629),#4863,.T.);
#6702=ADVANCED_FACE('',(#4630),#4864,.T.);
#6703=ADVANCED_FACE('',(#4631),#4865,.T.);
#6704=ADVANCED_FACE('',(#4632),#4866,.T.);
#6705=ADVANCED_FACE('',(#4633),#4867,.T.);
#6706=ADVANCED_FACE('',(#4634),#4868,.F.);
#6707=ADVANCED_FACE('',(#4635),#4869,.F.);
#6708=ADVANCED_FACE('',(#4636),#34,.T.);
#6709=ADVANCED_FACE('',(#4637),#30,.T.);
#6710=ADVANCED_FACE('',(#4638),#35,.T.);
#6711=ADVANCED_FACE('',(#4639),#31,.T.);
#6712=ADVANCED_FACE('',(#4640),#4870,.T.);
#6713=ADVANCED_FACE('',(#4641),#4871,.T.);
#6714=ADVANCED_FACE('',(#4642),#4872,.F.);
#6715=ADVANCED_FACE('',(#4643),#4873,.T.);
#6716=ADVANCED_FACE('',(#4644),#4874,.T.);
#6717=ADVANCED_FACE('',(#4645),#4875,.T.);
#6718=ADVANCED_FACE('',(#4646),#4876,.F.);
#6719=ADVANCED_FACE('',(#4647),#4877,.T.);
#6720=ADVANCED_FACE('',(#4648),#139,.T.);
#6721=ADVANCED_FACE('',(#4649),#140,.T.);
#6722=ADVANCED_FACE('',(#4650),#141,.T.);
#6723=ADVANCED_FACE('',(#4651),#142,.T.);
#6724=ADVANCED_FACE('',(#4652,#4653),#143,.T.);
#6725=ADVANCED_FACE('',(#4654),#144,.F.);
#6726=ADVANCED_FACE('',(#4655),#145,.F.);
#6727=ADVANCED_FACE('',(#4656),#146,.F.);
#6728=ADVANCED_FACE('',(#4657),#147,.F.);
#6729=ADVANCED_FACE('',(#4658),#148,.F.);
#6730=ADVANCED_FACE('',(#4659),#149,.F.);
#6731=ADVANCED_FACE('',(#4660,#4661),#150,.F.);
#6732=ADVANCED_FACE('',(#4662,#4663),#4878,.T.);
#6733=ADVANCED_FACE('',(#4664),#4879,.T.);
#6734=ADVANCED_FACE('',(#4665,#4666),#151,.F.);
#6735=ADVANCED_FACE('',(#4667),#152,.T.);
#6736=ADVANCED_FACE('',(#4668),#153,.T.);
#6737=ADVANCED_FACE('',(#4669),#154,.T.);
#6738=ADVANCED_FACE('',(#4670),#155,.T.);
#6739=ADVANCED_FACE('',(#4671),#4880,.F.);
#6740=ADVANCED_FACE('',(#4672),#4881,.F.);
#6741=ADVANCED_FACE('',(#4673),#4882,.F.);
#6742=ADVANCED_FACE('',(#4674),#4883,.T.);
#6743=ADVANCED_FACE('',(#4675),#4884,.F.);
#6744=ADVANCED_FACE('',(#4676),#4885,.F.);
#6745=ADVANCED_FACE('',(#4677),#4886,.T.);
#6746=ADVANCED_FACE('',(#4678),#4887,.F.);
#6747=ADVANCED_FACE('',(#4679),#4888,.F.);
#6748=ADVANCED_FACE('',(#4680),#4889,.F.);
#6749=ADVANCED_FACE('',(#4681,#4682),#156,.F.);
#6750=ADVANCED_FACE('',(#4683),#4890,.F.);
#6751=ADVANCED_FACE('',(#4684),#4891,.T.);
#6752=ADVANCED_FACE('',(#4685),#4892,.T.);
#6753=ADVANCED_FACE('',(#4686),#157,.F.);
#6754=ADVANCED_FACE('',(#4687),#4893,.T.);
#6755=ADVANCED_FACE('',(#4688),#158,.F.);
#6756=ADVANCED_FACE('',(#4689),#4894,.F.);
#6757=ADVANCED_FACE('',(#4690),#4895,.T.);
#6758=ADVANCED_FACE('',(#4691),#4896,.T.);
#6759=ADVANCED_FACE('',(#4692),#159,.F.);
#6760=ADVANCED_FACE('',(#4693),#160,.F.);
#6761=ADVANCED_FACE('',(#4694),#4897,.T.);
#6762=ADVANCED_FACE('',(#4695),#4898,.F.);
#6763=ADVANCED_FACE('',(#4696),#4899,.F.);
#6764=ADVANCED_FACE('',(#4697),#4900,.F.);
#6765=ADVANCED_FACE('',(#4698),#4901,.F.);
#6766=ADVANCED_FACE('',(#4699),#4902,.T.);
#6767=ADVANCED_FACE('',(#4700),#4903,.F.);
#6768=ADVANCED_FACE('',(#4701),#161,.F.);
#6769=ADVANCED_FACE('',(#4702),#4904,.F.);
#6770=ADVANCED_FACE('',(#4703),#162,.F.);
#6771=ADVANCED_FACE('',(#4704),#4905,.F.);
#6772=ADVANCED_FACE('',(#4705),#4906,.F.);
#6773=ADVANCED_FACE('',(#4706),#163,.T.);
#6774=ADVANCED_FACE('',(#4707),#4907,.F.);
#6775=ADVANCED_FACE('',(#4708),#164,.T.);
#6776=ADVANCED_FACE('',(#4709),#4908,.F.);
#6777=ADVANCED_FACE('',(#4710),#4909,.F.);
#6778=ADVANCED_FACE('',(#4711),#4910,.F.);
#6779=ADVANCED_FACE('',(#4712),#4911,.T.);
#6780=ADVANCED_FACE('',(#4713),#4912,.F.);
#6781=ADVANCED_FACE('',(#4714),#165,.T.);
#6782=ADVANCED_FACE('',(#4715),#4913,.F.);
#6783=ADVANCED_FACE('',(#4716),#166,.T.);
#6784=ADVANCED_FACE('',(#4717),#4914,.F.);
#6785=ADVANCED_FACE('',(#4718),#4915,.F.);
#6786=ADVANCED_FACE('',(#4719),#167,.F.);
#6787=ADVANCED_FACE('',(#4720),#4916,.F.);
#6788=ADVANCED_FACE('',(#4721),#168,.F.);
#6789=ADVANCED_FACE('',(#4722),#4917,.F.);
#6790=ADVANCED_FACE('',(#4723),#4918,.F.);
#6791=ADVANCED_FACE('',(#4724),#4919,.F.);
#6792=ADVANCED_FACE('',(#4725),#4920,.T.);
#6793=ADVANCED_FACE('',(#4726),#4921,.F.);
#6794=ADVANCED_FACE('',(#4727),#169,.F.);
#6795=ADVANCED_FACE('',(#4728),#4922,.F.);
#6796=ADVANCED_FACE('',(#4729),#170,.F.);
#6797=ADVANCED_FACE('',(#4730),#4923,.F.);
#6798=ADVANCED_FACE('',(#4731),#4924,.F.);
#6799=ADVANCED_FACE('',(#4732),#171,.T.);
#6800=ADVANCED_FACE('',(#4733),#4925,.F.);
#6801=ADVANCED_FACE('',(#4734),#172,.T.);
#6802=ADVANCED_FACE('',(#4735),#4926,.F.);
#6803=ADVANCED_FACE('',(#4736),#4927,.F.);
#6804=ADVANCED_FACE('',(#4737),#4928,.F.);
#6805=ADVANCED_FACE('',(#4738),#4929,.T.);
#6806=ADVANCED_FACE('',(#4739),#4930,.F.);
#6807=ADVANCED_FACE('',(#4740),#173,.T.);
#6808=ADVANCED_FACE('',(#4741),#4931,.F.);
#6809=ADVANCED_FACE('',(#4742),#174,.T.);
#6810=ADVANCED_FACE('',(#4743),#4932,.F.);
#6811=ADVANCED_FACE('',(#4744),#4933,.F.);
#6812=ADVANCED_FACE('',(#4745),#175,.F.);
#6813=ADVANCED_FACE('',(#4746),#4934,.F.);
#6814=ADVANCED_FACE('',(#4747),#176,.F.);
#6815=ADVANCED_FACE('',(#4748),#4935,.F.);
#6816=ADVANCED_FACE('',(#4749),#4936,.F.);
#6817=ADVANCED_FACE('',(#4750),#4937,.F.);
#6818=ADVANCED_FACE('',(#4751),#4938,.T.);
#6819=ADVANCED_FACE('',(#4752),#4939,.F.);
#6820=ADVANCED_FACE('',(#4753),#177,.F.);
#6821=ADVANCED_FACE('',(#4754),#4940,.F.);
#6822=ADVANCED_FACE('',(#4755),#178,.F.);
#6823=ADVANCED_FACE('',(#4756),#4941,.F.);
#6824=ADVANCED_FACE('',(#4757),#4942,.F.);
#6825=ADVANCED_FACE('',(#4758),#179,.T.);
#6826=ADVANCED_FACE('',(#4759),#4943,.F.);
#6827=ADVANCED_FACE('',(#4760),#180,.T.);
#6828=ADVANCED_FACE('',(#4761),#4944,.F.);
#6829=ADVANCED_FACE('',(#4762),#4945,.F.);
#6830=ADVANCED_FACE('',(#4763),#4946,.F.);
#6831=ADVANCED_FACE('',(#4764),#4947,.T.);
#6832=ADVANCED_FACE('',(#4765),#4948,.F.);
#6833=ADVANCED_FACE('',(#4766),#181,.T.);
#6834=ADVANCED_FACE('',(#4767),#4949,.F.);
#6835=ADVANCED_FACE('',(#4768),#182,.T.);
#6836=ADVANCED_FACE('',(#4769),#4950,.F.);
#6837=ADVANCED_FACE('',(#4770),#4951,.F.);
#6838=ADVANCED_FACE('',(#4771),#183,.F.);
#6839=ADVANCED_FACE('',(#4772),#4952,.F.);
#6840=ADVANCED_FACE('',(#4773),#184,.F.);
#6841=ADVANCED_FACE('',(#4774,#4775),#185,.T.);
#6842=ADVANCED_FACE('',(#4776),#4953,.T.);
#6843=ADVANCED_FACE('',(#4777,#4778),#186,.T.);
#6844=ADVANCED_FACE('',(#4779),#4954,.T.);
#6845=ADVANCED_FACE('',(#4780),#4955,.F.);
#6846=ADVANCED_FACE('',(#4781),#4956,.F.);
#6847=ADVANCED_FACE('',(#4782),#4957,.F.);
#6848=ADVANCED_FACE('',(#4783),#4958,.T.);
#6849=ADVANCED_FACE('',(#4784),#4959,.F.);
#6850=ADVANCED_FACE('',(#4785),#4960,.F.);
#6851=ADVANCED_FACE('',(#4786),#32,.T.);
#6852=ADVANCED_FACE('',(#4787),#187,.T.);
#6853=ADVANCED_FACE('',(#4788),#4961,.T.);
#6854=ADVANCED_FACE('',(#4789),#4962,.T.);
#6855=ADVANCED_FACE('',(#4790),#4963,.T.);
#6856=ADVANCED_FACE('',(#4791,#4792),#4964,.F.);
#6857=ADVANCED_FACE('',(#4793),#4965,.T.);
#6858=ADVANCED_FACE('',(#4794),#4966,.T.);
#6859=ADVANCED_FACE('',(#4795),#4967,.T.);
#6860=ADVANCED_FACE('',(#4796),#4968,.T.);
#6861=ADVANCED_FACE('',(#4797),#4969,.T.);
#6862=ADVANCED_FACE('',(#4798),#4970,.T.);
#6863=ADVANCED_FACE('',(#4799),#4971,.T.);
#6864=ADVANCED_FACE('',(#4800),#4972,.T.);
#6865=ADVANCED_FACE('',(#4801),#4973,.T.);
#6866=ADVANCED_FACE('',(#4802),#4974,.F.);
#6867=ADVANCED_FACE('',(#4803),#33,.T.);
#6868=ADVANCED_FACE('',(#4804),#188,.T.);
#6869=ADVANCED_FACE('',(#4805),#4975,.F.);
#6870=ADVANCED_FACE('',(#4806),#4976,.F.);
#6871=ADVANCED_FACE('',(#4807),#4977,.F.);
#6872=ADVANCED_FACE('',(#4808),#4978,.F.);
#6873=ADVANCED_FACE('',(#4809),#4979,.F.);
#6874=ADVANCED_FACE('',(#4810),#4980,.T.);
#6875=ADVANCED_FACE('',(#4811),#189,.F.);
#6876=ADVANCED_FACE('',(#4812),#190,.F.);
#6877=ADVANCED_FACE('',(#4813),#191,.F.);
#6878=ADVANCED_FACE('',(#4814),#192,.F.);
#6879=ADVANCED_FACE('',(#4815),#4981,.F.);
#6880=ADVANCED_FACE('',(#4816,#4817),#193,.T.);
#6881=CLOSED_SHELL('',(#6617,#6618,#6619,#6620,#6621,#6622,#6623,#6624,
#6625,#6626,#6627,#6628,#6629,#6630,#6631,#6632,#6633,#6634,#6635,#6636,
#6637,#6638,#6639,#6640,#6641,#6642,#6643,#6644,#6645,#6646,#6647,#6648,
#6649,#6650,#6651,#6652,#6653,#6654,#6655,#6656,#6657,#6658,#6659,#6660,
#6661,#6662,#6663,#6664,#6665,#6666,#6667,#6668,#6669,#6670,#6671,#6672,
#6673,#6674,#6675,#6676,#6677,#6678,#6679,#6680,#6681,#6682,#6683,#6684,
#6685,#6686,#6687,#6688,#6689,#6690,#6691,#6692,#6693,#6694,#6695,#6696,
#6697,#6698,#6699,#6700,#6701,#6702,#6703,#6704,#6705,#6706,#6707,#6708,
#6709,#6710,#6711,#6712,#6713,#6714,#6715,#6716,#6717,#6718,#6719,#6720,
#6721,#6722,#6723,#6724,#6725,#6726,#6727,#6728,#6729,#6730,#6731,#6732,
#6733,#6734,#6735,#6736,#6737,#6738,#6739,#6740,#6741,#6742,#6743,#6744,
#6745,#6746,#6747,#6748,#6749,#6750,#6751,#6752,#6753,#6754,#6755,#6756,
#6757,#6758,#6759,#6760,#6761,#6762,#6763,#6764,#6765,#6766,#6767,#6768,
#6769,#6770,#6771,#6772,#6773,#6774,#6775,#6776,#6777,#6778,#6779,#6780,
#6781,#6782,#6783,#6784,#6785,#6786,#6787,#6788,#6789,#6790,#6791,#6792,
#6793,#6794,#6795,#6796,#6797,#6798,#6799,#6800,#6801,#6802,#6803,#6804,
#6805,#6806,#6807,#6808,#6809,#6810,#6811,#6812,#6813,#6814,#6815,#6816,
#6817,#6818,#6819,#6820,#6821,#6822,#6823,#6824,#6825,#6826,#6827,#6828,
#6829,#6830,#6831,#6832,#6833,#6834,#6835,#6836,#6837,#6838,#6839,#6840,
#6841,#6842,#6843,#6844,#6845,#6846,#6847,#6848));
#6882=CLOSED_SHELL('',(#6849,#6850,#6851,#6852,#6853,#6854,#6855,#6856,
#6857,#6858,#6859,#6860,#6861,#6862,#6863,#6864,#6865,#6866,#6867,#6868,
#6869,#6870,#6871,#6872,#6873,#6874,#6875,#6876,#6877,#6878,#6879,#6880));
#6883=MANIFOLD_SOLID_BREP('CS-4-22YA Body',#6881);
#6884=MANIFOLD_SOLID_BREP('CS-4-22YA11 Dial',#6882);
#6885=SHAPE_DEFINITION_REPRESENTATION(#10509,#6888);
#6886=SHAPE_DEFINITION_REPRESENTATION(#10510,#6889);
#6887=SHAPE_DEFINITION_REPRESENTATION(#10512,#6890);
#6888=SHAPE_REPRESENTATION('CS-4-22YTA',(#6891,#7290,#7355),#10500);
#6889=SHAPE_REPRESENTATION('CS-4-22YA Body',(#6891),#10501);
#6890=SHAPE_REPRESENTATION('CS-4-22YA11 Dial',(#6891),#10502);
#6891=AXIS2_PLACEMENT_3D('',#8814,#7356,#7357);
#6892=AXIS2_PLACEMENT_3D('',#8815,#7358,#7359);
#6893=AXIS2_PLACEMENT_3D('',#8816,#7360,#7361);
#6894=AXIS2_PLACEMENT_3D('',#8849,#7377,#7378);
#6895=AXIS2_PLACEMENT_3D('',#8852,#7380,#7381);
#6896=AXIS2_PLACEMENT_3D('',#8854,#7382,#7383);
#6897=AXIS2_PLACEMENT_3D('',#8863,#7387,#7388);
#6898=AXIS2_PLACEMENT_3D('',#8865,#7389,#7390);
#6899=AXIS2_PLACEMENT_3D('',#8867,#7391,#7392);
#6900=AXIS2_PLACEMENT_3D('',#8871,#7394,#7395);
#6901=AXIS2_PLACEMENT_3D('',#8875,#7397,#7398);
#6902=AXIS2_PLACEMENT_3D('',#8877,#7399,#7400);
#6903=AXIS2_PLACEMENT_3D('',#8879,#7401,#7402);
#6904=AXIS2_PLACEMENT_3D('',#8881,#7403,#7404);
#6905=AXIS2_PLACEMENT_3D('',#8883,#7405,#7406);
#6906=AXIS2_PLACEMENT_3D('',#8887,#7408,#7409);
#6907=AXIS2_PLACEMENT_3D('',#8891,#7411,#7412);
#6908=AXIS2_PLACEMENT_3D('',#8893,#7413,#7414);
#6909=AXIS2_PLACEMENT_3D('',#8895,#7415,#7416);
#6910=AXIS2_PLACEMENT_3D('',#8896,#7417,#7418);
#6911=AXIS2_PLACEMENT_3D('',#8897,#7419,#7420);
#6912=AXIS2_PLACEMENT_3D('',#8904,#7423,#7424);
#6913=AXIS2_PLACEMENT_3D('',#8908,#7426,#7427);
#6914=AXIS2_PLACEMENT_3D('',#8914,#7430,#7431);
#6915=AXIS2_PLACEMENT_3D('',#8918,#7433,#7434);
#6916=AXIS2_PLACEMENT_3D('',#8924,#7437,#7438);
#6917=AXIS2_PLACEMENT_3D('',#8928,#7440,#7441);
#6918=AXIS2_PLACEMENT_3D('',#8934,#7444,#7445);
#6919=AXIS2_PLACEMENT_3D('',#8938,#7447,#7448);
#6920=AXIS2_PLACEMENT_3D('',#8939,#7449,#7450);
#6921=AXIS2_PLACEMENT_3D('',#8940,#7451,#7452);
#6922=AXIS2_PLACEMENT_3D('',#8949,#7454,#7455);
#6923=AXIS2_PLACEMENT_3D('',#8950,#7456,#7457);
#6924=AXIS2_PLACEMENT_3D('',#8951,#7458,#7459);
#6925=AXIS2_PLACEMENT_3D('',#8953,#7460,#7461);
#6926=AXIS2_PLACEMENT_3D('',#8961,#7463,#7464);
#6927=AXIS2_PLACEMENT_3D('',#9008,#7489,#7490);
#6928=AXIS2_PLACEMENT_3D('',#9009,#7491,#7492);
#6929=AXIS2_PLACEMENT_3D('',#9011,#7493,#7494);
#6930=AXIS2_PLACEMENT_3D('',#9019,#7496,#7497);
#6931=AXIS2_PLACEMENT_3D('',#9020,#7498,#7499);
#6932=AXIS2_PLACEMENT_3D('',#9029,#7501,#7502);
#6933=AXIS2_PLACEMENT_3D('',#9030,#7503,#7504);
#6934=AXIS2_PLACEMENT_3D('',#9093,#7537,#7538);
#6935=AXIS2_PLACEMENT_3D('',#9113,#7548,#7549);
#6936=AXIS2_PLACEMENT_3D('',#9117,#7551,#7552);
#6937=AXIS2_PLACEMENT_3D('',#9131,#7559,#7560);
#6938=AXIS2_PLACEMENT_3D('',#9135,#7562,#7563);
#6939=AXIS2_PLACEMENT_3D('',#9149,#7570,#7571);
#6940=AXIS2_PLACEMENT_3D('',#9153,#7573,#7574);
#6941=AXIS2_PLACEMENT_3D('',#9154,#7575,#7576);
#6942=AXIS2_PLACEMENT_3D('',#9159,#7578,#7579);
#6943=AXIS2_PLACEMENT_3D('',#9161,#7580,#7581);
#6944=AXIS2_PLACEMENT_3D('',#9163,#7582,#7583);
#6945=AXIS2_PLACEMENT_3D('',#9165,#7584,#7585);
#6946=AXIS2_PLACEMENT_3D('',#9167,#7586,#7587);
#6947=AXIS2_PLACEMENT_3D('',#9171,#7589,#7590);
#6948=AXIS2_PLACEMENT_3D('',#9175,#7592,#7593);
#6949=AXIS2_PLACEMENT_3D('',#9177,#7594,#7595);
#6950=AXIS2_PLACEMENT_3D('',#9179,#7596,#7597);
#6951=AXIS2_PLACEMENT_3D('',#9181,#7598,#7599);
#6952=AXIS2_PLACEMENT_3D('',#9183,#7600,#7601);
#6953=AXIS2_PLACEMENT_3D('',#9187,#7603,#7604);
#6954=AXIS2_PLACEMENT_3D('',#9188,#7605,#7606);
#6955=AXIS2_PLACEMENT_3D('',#9205,#7609,#7610);
#6956=AXIS2_PLACEMENT_3D('',#9216,#7611,#7612);
#6957=AXIS2_PLACEMENT_3D('',#9233,#7615,#7616);
#6958=AXIS2_PLACEMENT_3D('',#9244,#7617,#7618);
#6959=AXIS2_PLACEMENT_3D('',#9261,#7619,#7620);
#6960=AXIS2_PLACEMENT_3D('',#9272,#7623,#7624);
#6961=AXIS2_PLACEMENT_3D('',#9283,#7627,#7628);
#6962=AXIS2_PLACEMENT_3D('',#9284,#7629,#7630);
#6963=AXIS2_PLACEMENT_3D('',#9286,#7631,#7632);
#6964=AXIS2_PLACEMENT_3D('',#9296,#7637,#7638);
#6965=AXIS2_PLACEMENT_3D('',#9297,#7639,#7640);
#6966=AXIS2_PLACEMENT_3D('',#9309,#7646,#7647);
#6967=AXIS2_PLACEMENT_3D('',#9310,#7648,#7649);
#6968=AXIS2_PLACEMENT_3D('',#9311,#7650,#7651);
#6969=AXIS2_PLACEMENT_3D('',#9314,#7652,#7653);
#6970=AXIS2_PLACEMENT_3D('',#9315,#7654,#7655);
#6971=AXIS2_PLACEMENT_3D('',#9317,#7656,#7657);
#6972=AXIS2_PLACEMENT_3D('',#9320,#7659,#7660);
#6973=AXIS2_PLACEMENT_3D('',#9346,#7674,#7675);
#6974=AXIS2_PLACEMENT_3D('',#9372,#7689,#7690);
#6975=AXIS2_PLACEMENT_3D('',#9376,#7692,#7693);
#6976=AXIS2_PLACEMENT_3D('',#9377,#7694,#7695);
#6977=AXIS2_PLACEMENT_3D('',#9378,#7696,#7697);
#6978=AXIS2_PLACEMENT_3D('',#9382,#7699,#7700);
#6979=AXIS2_PLACEMENT_3D('',#9386,#7702,#7703);
#6980=AXIS2_PLACEMENT_3D('',#9387,#7704,#7705);
#6981=AXIS2_PLACEMENT_3D('',#9391,#7707,#7708);
#6982=AXIS2_PLACEMENT_3D('',#9395,#7710,#7711);
#6983=AXIS2_PLACEMENT_3D('',#9396,#7712,#7713);
#6984=AXIS2_PLACEMENT_3D('',#9397,#7714,#7715);
#6985=AXIS2_PLACEMENT_3D('',#9401,#7717,#7718);
#6986=AXIS2_PLACEMENT_3D('',#9402,#7719,#7720);
#6987=AXIS2_PLACEMENT_3D('',#9403,#7721,#7722);
#6988=AXIS2_PLACEMENT_3D('',#9414,#7723,#7724);
#6989=AXIS2_PLACEMENT_3D('',#9415,#7725,#7726);
#6990=AXIS2_PLACEMENT_3D('',#9426,#7727,#7728);
#6991=AXIS2_PLACEMENT_3D('',#9437,#7729,#7730);
#6992=AXIS2_PLACEMENT_3D('',#9438,#7731,#7732);
#6993=AXIS2_PLACEMENT_3D('',#9439,#7733,#7734);
#6994=AXIS2_PLACEMENT_3D('',#9450,#7735,#7736);
#6995=AXIS2_PLACEMENT_3D('',#9451,#7737,#7738);
#6996=AXIS2_PLACEMENT_3D('',#9452,#7739,#7740);
#6997=AXIS2_PLACEMENT_3D('',#9457,#7741,#7742);
#6998=AXIS2_PLACEMENT_3D('',#9458,#7743,#7744);
#6999=AXIS2_PLACEMENT_3D('',#9459,#7745,#7746);
#7000=AXIS2_PLACEMENT_3D('',#9460,#7747,#7748);
#7001=AXIS2_PLACEMENT_3D('',#9461,#7749,#7750);
#7002=AXIS2_PLACEMENT_3D('',#9462,#7751,#7752);
#7003=AXIS2_PLACEMENT_3D('',#9467,#7753,#7754);
#7004=AXIS2_PLACEMENT_3D('',#9468,#7755,#7756);
#7005=AXIS2_PLACEMENT_3D('',#9469,#7757,#7758);
#7006=AXIS2_PLACEMENT_3D('',#9470,#7759,#7760);
#7007=AXIS2_PLACEMENT_3D('',#9471,#7761,#7762);
#7008=AXIS2_PLACEMENT_3D('',#9472,#7763,#7764);
#7009=AXIS2_PLACEMENT_3D('',#9473,#7765,#7766);
#7010=AXIS2_PLACEMENT_3D('',#9474,#7767,#7768);
#7011=AXIS2_PLACEMENT_3D('',#9495,#7779,#7780);
#7012=AXIS2_PLACEMENT_3D('',#9520,#7793,#7794);
#7013=AXIS2_PLACEMENT_3D('',#9541,#7805,#7806);
#7014=AXIS2_PLACEMENT_3D('',#9566,#7819,#7820);
#7015=AXIS2_PLACEMENT_3D('',#9569,#7823,#7824);
#7016=AXIS2_PLACEMENT_3D('',#9572,#7827,#7828);
#7017=AXIS2_PLACEMENT_3D('',#9574,#7830,#7831);
#7018=AXIS2_PLACEMENT_3D('',#9576,#7833,#7834);
#7019=AXIS2_PLACEMENT_3D('',#9577,#7835,#7836);
#7020=AXIS2_PLACEMENT_3D('',#9579,#7838,#7839);
#7021=AXIS2_PLACEMENT_3D('',#9581,#7841,#7842);
#7022=AXIS2_PLACEMENT_3D('',#9582,#7843,#7844);
#7023=AXIS2_PLACEMENT_3D('',#9584,#7846,#7847);
#7024=AXIS2_PLACEMENT_3D('',#9586,#7849,#7850);
#7025=AXIS2_PLACEMENT_3D('',#9587,#7851,#7852);
#7026=AXIS2_PLACEMENT_3D('',#9589,#7854,#7855);
#7027=AXIS2_PLACEMENT_3D('',#9591,#7857,#7858);
#7028=AXIS2_PLACEMENT_3D('',#9592,#7859,#7860);
#7029=AXIS2_PLACEMENT_3D('',#9593,#7861,#7862);
#7030=AXIS2_PLACEMENT_3D('',#9609,#7864,#7865);
#7031=AXIS2_PLACEMENT_3D('',#9610,#7866,#7867);
#7032=AXIS2_PLACEMENT_3D('',#9611,#7868,#7869);
#7033=AXIS2_PLACEMENT_3D('',#9612,#7870,#7871);
#7034=AXIS2_PLACEMENT_3D('',#9613,#7872,#7873);
#7035=AXIS2_PLACEMENT_3D('',#9614,#7874,#7875);
#7036=AXIS2_PLACEMENT_3D('',#9615,#7876,#7877);
#7037=AXIS2_PLACEMENT_3D('',#9617,#7878,#7879);
#7038=AXIS2_PLACEMENT_3D('',#9632,#7881,#7882);
#7039=AXIS2_PLACEMENT_3D('',#9633,#7883,#7884);
#7040=AXIS2_PLACEMENT_3D('',#9634,#7885,#7886);
#7041=AXIS2_PLACEMENT_3D('',#9635,#7887,#7888);
#7042=AXIS2_PLACEMENT_3D('',#9636,#7889,#7890);
#7043=AXIS2_PLACEMENT_3D('',#9637,#7891,#7892);
#7044=AXIS2_PLACEMENT_3D('',#9639,#7893,#7894);
#7045=AXIS2_PLACEMENT_3D('',#9646,#7898,#7899);
#7046=AXIS2_PLACEMENT_3D('',#9648,#7901,#7902);
#7047=AXIS2_PLACEMENT_3D('',#9659,#7903,#7904);
#7048=AXIS2_PLACEMENT_3D('',#9663,#7906,#7907);
#7049=AXIS2_PLACEMENT_3D('',#9664,#7908,#7909);
#7050=AXIS2_PLACEMENT_3D('',#9670,#7913,#7914);
#7051=AXIS2_PLACEMENT_3D('',#9676,#7918,#7919);
#7052=AXIS2_PLACEMENT_3D('',#9682,#7923,#7924);
#7053=AXIS2_PLACEMENT_3D('',#9688,#7925,#7926);
#7054=AXIS2_PLACEMENT_3D('',#9689,#7927,#7928);
#7055=AXIS2_PLACEMENT_3D('',#9695,#7929,#7930);
#7056=AXIS2_PLACEMENT_3D('',#9696,#7931,#7932);
#7057=AXIS2_PLACEMENT_3D('',#9698,#7933,#7934);
#7058=AXIS2_PLACEMENT_3D('',#9705,#7938,#7939);
#7059=AXIS2_PLACEMENT_3D('',#9707,#7941,#7942);
#7060=AXIS2_PLACEMENT_3D('',#9709,#7944,#7945);
#7061=AXIS2_PLACEMENT_3D('',#9711,#7947,#7948);
#7062=AXIS2_PLACEMENT_3D('',#9713,#7950,#7951);
#7063=AXIS2_PLACEMENT_3D('',#9715,#7953,#7954);
#7064=AXIS2_PLACEMENT_3D('',#9716,#7955,#7956);
#7065=AXIS2_PLACEMENT_3D('',#9718,#7958,#7959);
#7066=AXIS2_PLACEMENT_3D('',#9720,#7961,#7962);
#7067=AXIS2_PLACEMENT_3D('',#9722,#7964,#7965);
#7068=AXIS2_PLACEMENT_3D('',#9724,#7967,#7968);
#7069=AXIS2_PLACEMENT_3D('',#9726,#7970,#7971);
#7070=AXIS2_PLACEMENT_3D('',#9727,#7972,#7973);
#7071=AXIS2_PLACEMENT_3D('',#9729,#7975,#7976);
#7072=AXIS2_PLACEMENT_3D('',#9730,#7977,#7978);
#7073=AXIS2_PLACEMENT_3D('',#9733,#7981,#7982);
#7074=AXIS2_PLACEMENT_3D('',#9735,#7984,#7985);
#7075=AXIS2_PLACEMENT_3D('',#9737,#7987,#7988);
#7076=AXIS2_PLACEMENT_3D('',#9740,#7991,#7992);
#7077=AXIS2_PLACEMENT_3D('',#9741,#7993,#7994);
#7078=AXIS2_PLACEMENT_3D('',#9744,#7997,#7998);
#7079=AXIS2_PLACEMENT_3D('',#9747,#8001,#8002);
#7080=AXIS2_PLACEMENT_3D('',#9749,#8004,#8005);
#7081=AXIS2_PLACEMENT_3D('',#9751,#8007,#8008);
#7082=AXIS2_PLACEMENT_3D('',#9752,#8009,#8010);
#7083=AXIS2_PLACEMENT_3D('',#9758,#8014,#8015);
#7084=AXIS2_PLACEMENT_3D('',#9764,#8019,#8020);
#7085=AXIS2_PLACEMENT_3D('',#9765,#8021,#8022);
#7086=AXIS2_PLACEMENT_3D('',#9766,#8023,#8024);
#7087=AXIS2_PLACEMENT_3D('',#9767,#8025,#8026);
#7088=AXIS2_PLACEMENT_3D('',#9768,#8027,#8028);
#7089=AXIS2_PLACEMENT_3D('',#9769,#8029,#8030);
#7090=AXIS2_PLACEMENT_3D('',#9770,#8031,#8032);
#7091=AXIS2_PLACEMENT_3D('',#9771,#8033,#8034);
#7092=AXIS2_PLACEMENT_3D('',#9772,#8035,#8036);
#7093=AXIS2_PLACEMENT_3D('',#9773,#8037,#8038);
#7094=AXIS2_PLACEMENT_3D('',#9774,#8039,#8040);
#7095=AXIS2_PLACEMENT_3D('',#9777,#8043,#8044);
#7096=AXIS2_PLACEMENT_3D('',#9780,#8047,#8048);
#7097=AXIS2_PLACEMENT_3D('',#9781,#8049,#8050);
#7098=AXIS2_PLACEMENT_3D('',#9783,#8052,#8053);
#7099=AXIS2_PLACEMENT_3D('',#9786,#8056,#8057);
#7100=AXIS2_PLACEMENT_3D('',#9789,#8060,#8061);
#7101=AXIS2_PLACEMENT_3D('',#9790,#8062,#8063);
#7102=AXIS2_PLACEMENT_3D('',#9792,#8065,#8066);
#7103=AXIS2_PLACEMENT_3D('',#9793,#8067,#8068);
#7104=AXIS2_PLACEMENT_3D('',#9794,#8069,#8070);
#7105=AXIS2_PLACEMENT_3D('',#9795,#8071,#8072);
#7106=AXIS2_PLACEMENT_3D('',#9796,#8073,#8074);
#7107=AXIS2_PLACEMENT_3D('',#9797,#8075,#8076);
#7108=AXIS2_PLACEMENT_3D('',#9800,#8079,#8080);
#7109=AXIS2_PLACEMENT_3D('',#9801,#8081,#8082);
#7110=AXIS2_PLACEMENT_3D('',#9802,#8083,#8084);
#7111=AXIS2_PLACEMENT_3D('',#9804,#8086,#8087);
#7112=AXIS2_PLACEMENT_3D('',#9807,#8089,#8090);
#7113=AXIS2_PLACEMENT_3D('',#9811,#8093,#8094);
#7114=AXIS2_PLACEMENT_3D('',#9812,#8095,#8096);
#7115=AXIS2_PLACEMENT_3D('',#9813,#8097,#8098);
#7116=AXIS2_PLACEMENT_3D('',#9815,#8099,#8100);
#7117=AXIS2_PLACEMENT_3D('',#9816,#8101,#8102);
#7118=AXIS2_PLACEMENT_3D('',#9818,#8103,#8104);
#7119=AXIS2_PLACEMENT_3D('',#9819,#8105,#8106);
#7120=AXIS2_PLACEMENT_3D('',#9821,#8107,#8108);
#7121=AXIS2_PLACEMENT_3D('',#9822,#8109,#8110);
#7122=AXIS2_PLACEMENT_3D('',#9823,#8111,#8112);
#7123=AXIS2_PLACEMENT_3D('',#9824,#8113,#8114);
#7124=AXIS2_PLACEMENT_3D('',#9825,#8115,#8116);
#7125=AXIS2_PLACEMENT_3D('',#9826,#8117,#8118);
#7126=AXIS2_PLACEMENT_3D('',#9829,#8121,#8122);
#7127=AXIS2_PLACEMENT_3D('',#9835,#8126,#8127);
#7128=AXIS2_PLACEMENT_3D('',#9838,#8130,#8131);
#7129=AXIS2_PLACEMENT_3D('',#9839,#8132,#8133);
#7130=AXIS2_PLACEMENT_3D('',#9840,#8134,#8135);
#7131=AXIS2_PLACEMENT_3D('',#9843,#8138,#8139);
#7132=AXIS2_PLACEMENT_3D('',#9847,#8142,#8143);
#7133=AXIS2_PLACEMENT_3D('',#9851,#8146,#8147);
#7134=AXIS2_PLACEMENT_3D('',#9853,#8149,#8150);
#7135=AXIS2_PLACEMENT_3D('',#9854,#8151,#8152);
#7136=AXIS2_PLACEMENT_3D('',#9855,#8153,#8154);
#7137=AXIS2_PLACEMENT_3D('',#9857,#8155,#8156);
#7138=AXIS2_PLACEMENT_3D('',#9858,#8157,#8158);
#7139=AXIS2_PLACEMENT_3D('',#9862,#8161,#8162);
#7140=AXIS2_PLACEMENT_3D('',#9866,#8165,#8166);
#7141=AXIS2_PLACEMENT_3D('',#9867,#8167,#8168);
#7142=AXIS2_PLACEMENT_3D('',#9870,#8170,#8171);
#7143=AXIS2_PLACEMENT_3D('',#9874,#8174,#8175);
#7144=AXIS2_PLACEMENT_3D('',#9875,#8176,#8177);
#7145=AXIS2_PLACEMENT_3D('',#9876,#8178,#8179);
#7146=AXIS2_PLACEMENT_3D('',#9892,#8189,#8190);
#7147=AXIS2_PLACEMENT_3D('',#9896,#8193,#8194);
#7148=AXIS2_PLACEMENT_3D('',#9900,#8197,#8198);
#7149=AXIS2_PLACEMENT_3D('',#9903,#8200,#8201);
#7150=AXIS2_PLACEMENT_3D('',#9904,#8202,#8203);
#7151=AXIS2_PLACEMENT_3D('',#9905,#8204,#8205);
#7152=AXIS2_PLACEMENT_3D('',#9908,#8207,#8208);
#7153=AXIS2_PLACEMENT_3D('',#9910,#8210,#8211);
#7154=AXIS2_PLACEMENT_3D('',#9926,#8221,#8222);
#7155=AXIS2_PLACEMENT_3D('',#9932,#8226,#8227);
#7156=AXIS2_PLACEMENT_3D('',#9938,#8231,#8232);
#7157=AXIS2_PLACEMENT_3D('',#9944,#8236,#8237);
#7158=AXIS2_PLACEMENT_3D('',#9945,#8238,#8239);
#7159=AXIS2_PLACEMENT_3D('',#9949,#8241,#8242);
#7160=AXIS2_PLACEMENT_3D('',#9954,#8245,#8246);
#7161=AXIS2_PLACEMENT_3D('',#9958,#8248,#8249);
#7162=AXIS2_PLACEMENT_3D('',#9959,#8250,#8251);
#7163=AXIS2_PLACEMENT_3D('',#9960,#8252,#8253);
#7164=AXIS2_PLACEMENT_3D('',#9964,#8255,#8256);
#7165=AXIS2_PLACEMENT_3D('',#9969,#8259,#8260);
#7166=AXIS2_PLACEMENT_3D('',#9973,#8262,#8263);
#7167=AXIS2_PLACEMENT_3D('',#9974,#8264,#8265);
#7168=AXIS2_PLACEMENT_3D('',#9976,#8267,#8268);
#7169=AXIS2_PLACEMENT_3D('',#9978,#8270,#8271);
#7170=AXIS2_PLACEMENT_3D('',#9979,#8272,#8273);
#7171=AXIS2_PLACEMENT_3D('',#9981,#8275,#8276);
#7172=AXIS2_PLACEMENT_3D('',#9983,#8278,#8279);
#7173=AXIS2_PLACEMENT_3D('',#9985,#8281,#8282);
#7174=AXIS2_PLACEMENT_3D('',#9987,#8284,#8285);
#7175=AXIS2_PLACEMENT_3D('',#9988,#8286,#8287);
#7176=AXIS2_PLACEMENT_3D('',#9994,#8291,#8292);
#7177=AXIS2_PLACEMENT_3D('',#10000,#8296,#8297);
#7178=AXIS2_PLACEMENT_3D('',#10006,#8301,#8302);
#7179=AXIS2_PLACEMENT_3D('',#10007,#8303,#8304);
#7180=AXIS2_PLACEMENT_3D('',#10011,#8306,#8307);
#7181=AXIS2_PLACEMENT_3D('',#10016,#8310,#8311);
#7182=AXIS2_PLACEMENT_3D('',#10020,#8313,#8314);
#7183=AXIS2_PLACEMENT_3D('',#10021,#8315,#8316);
#7184=AXIS2_PLACEMENT_3D('',#10022,#8317,#8318);
#7185=AXIS2_PLACEMENT_3D('',#10026,#8320,#8321);
#7186=AXIS2_PLACEMENT_3D('',#10031,#8324,#8325);
#7187=AXIS2_PLACEMENT_3D('',#10035,#8327,#8328);
#7188=AXIS2_PLACEMENT_3D('',#10036,#8329,#8330);
#7189=AXIS2_PLACEMENT_3D('',#10038,#8332,#8333);
#7190=AXIS2_PLACEMENT_3D('',#10040,#8335,#8336);
#7191=AXIS2_PLACEMENT_3D('',#10042,#8338,#8339);
#7192=AXIS2_PLACEMENT_3D('',#10044,#8341,#8342);
#7193=AXIS2_PLACEMENT_3D('',#10045,#8343,#8344);
#7194=AXIS2_PLACEMENT_3D('',#10047,#8346,#8347);
#7195=AXIS2_PLACEMENT_3D('',#10049,#8349,#8350);
#7196=AXIS2_PLACEMENT_3D('',#10050,#8351,#8352);
#7197=AXIS2_PLACEMENT_3D('',#10056,#8356,#8357);
#7198=AXIS2_PLACEMENT_3D('',#10062,#8361,#8362);
#7199=AXIS2_PLACEMENT_3D('',#10068,#8366,#8367);
#7200=AXIS2_PLACEMENT_3D('',#10069,#8368,#8369);
#7201=AXIS2_PLACEMENT_3D('',#10073,#8371,#8372);
#7202=AXIS2_PLACEMENT_3D('',#10078,#8375,#8376);
#7203=AXIS2_PLACEMENT_3D('',#10082,#8378,#8379);
#7204=AXIS2_PLACEMENT_3D('',#10083,#8380,#8381);
#7205=AXIS2_PLACEMENT_3D('',#10084,#8382,#8383);
#7206=AXIS2_PLACEMENT_3D('',#10088,#8385,#8386);
#7207=AXIS2_PLACEMENT_3D('',#10093,#8389,#8390);
#7208=AXIS2_PLACEMENT_3D('',#10097,#8392,#8393);
#7209=AXIS2_PLACEMENT_3D('',#10098,#8394,#8395);
#7210=AXIS2_PLACEMENT_3D('',#10100,#8397,#8398);
#7211=AXIS2_PLACEMENT_3D('',#10102,#8400,#8401);
#7212=AXIS2_PLACEMENT_3D('',#10103,#8402,#8403);
#7213=AXIS2_PLACEMENT_3D('',#10105,#8405,#8406);
#7214=AXIS2_PLACEMENT_3D('',#10107,#8408,#8409);
#7215=AXIS2_PLACEMENT_3D('',#10109,#8411,#8412);
#7216=AXIS2_PLACEMENT_3D('',#10111,#8414,#8415);
#7217=AXIS2_PLACEMENT_3D('',#10112,#8416,#8417);
#7218=AXIS2_PLACEMENT_3D('',#10118,#8421,#8422);
#7219=AXIS2_PLACEMENT_3D('',#10124,#8426,#8427);
#7220=AXIS2_PLACEMENT_3D('',#10130,#8431,#8432);
#7221=AXIS2_PLACEMENT_3D('',#10131,#8433,#8434);
#7222=AXIS2_PLACEMENT_3D('',#10135,#8436,#8437);
#7223=AXIS2_PLACEMENT_3D('',#10140,#8440,#8441);
#7224=AXIS2_PLACEMENT_3D('',#10144,#8443,#8444);
#7225=AXIS2_PLACEMENT_3D('',#10145,#8445,#8446);
#7226=AXIS2_PLACEMENT_3D('',#10146,#8447,#8448);
#7227=AXIS2_PLACEMENT_3D('',#10150,#8450,#8451);
#7228=AXIS2_PLACEMENT_3D('',#10155,#8454,#8455);
#7229=AXIS2_PLACEMENT_3D('',#10159,#8457,#8458);
#7230=AXIS2_PLACEMENT_3D('',#10160,#8459,#8460);
#7231=AXIS2_PLACEMENT_3D('',#10162,#8462,#8463);
#7232=AXIS2_PLACEMENT_3D('',#10164,#8465,#8466);
#7233=AXIS2_PLACEMENT_3D('',#10166,#8468,#8469);
#7234=AXIS2_PLACEMENT_3D('',#10168,#8471,#8472);
#7235=AXIS2_PLACEMENT_3D('',#10169,#8473,#8474);
#7236=AXIS2_PLACEMENT_3D('',#10171,#8476,#8477);
#7237=AXIS2_PLACEMENT_3D('',#10173,#8479,#8480);
#7238=AXIS2_PLACEMENT_3D('',#10174,#8481,#8482);
#7239=AXIS2_PLACEMENT_3D('',#10180,#8486,#8487);
#7240=AXIS2_PLACEMENT_3D('',#10186,#8491,#8492);
#7241=AXIS2_PLACEMENT_3D('',#10192,#8496,#8497);
#7242=AXIS2_PLACEMENT_3D('',#10193,#8498,#8499);
#7243=AXIS2_PLACEMENT_3D('',#10197,#8501,#8502);
#7244=AXIS2_PLACEMENT_3D('',#10202,#8505,#8506);
#7245=AXIS2_PLACEMENT_3D('',#10206,#8508,#8509);
#7246=AXIS2_PLACEMENT_3D('',#10207,#8510,#8511);
#7247=AXIS2_PLACEMENT_3D('',#10208,#8512,#8513);
#7248=AXIS2_PLACEMENT_3D('',#10212,#8515,#8516);
#7249=AXIS2_PLACEMENT_3D('',#10217,#8519,#8520);
#7250=AXIS2_PLACEMENT_3D('',#10221,#8522,#8523);
#7251=AXIS2_PLACEMENT_3D('',#10222,#8524,#8525);
#7252=AXIS2_PLACEMENT_3D('',#10224,#8527,#8528);
#7253=AXIS2_PLACEMENT_3D('',#10226,#8530,#8531);
#7254=AXIS2_PLACEMENT_3D('',#10227,#8532,#8533);
#7255=AXIS2_PLACEMENT_3D('',#10229,#8535,#8536);
#7256=AXIS2_PLACEMENT_3D('',#10231,#8538,#8539);
#7257=AXIS2_PLACEMENT_3D('',#10233,#8541,#8542);
#7258=AXIS2_PLACEMENT_3D('',#10235,#8544,#8545);
#7259=AXIS2_PLACEMENT_3D('',#10236,#8546,#8547);
#7260=AXIS2_PLACEMENT_3D('',#10242,#8551,#8552);
#7261=AXIS2_PLACEMENT_3D('',#10248,#8556,#8557);
#7262=AXIS2_PLACEMENT_3D('',#10254,#8561,#8562);
#7263=AXIS2_PLACEMENT_3D('',#10255,#8563,#8564);
#7264=AXIS2_PLACEMENT_3D('',#10259,#8566,#8567);
#7265=AXIS2_PLACEMENT_3D('',#10264,#8570,#8571);
#7266=AXIS2_PLACEMENT_3D('',#10268,#8573,#8574);
#7267=AXIS2_PLACEMENT_3D('',#10269,#8575,#8576);
#7268=AXIS2_PLACEMENT_3D('',#10270,#8577,#8578);
#7269=AXIS2_PLACEMENT_3D('',#10274,#8580,#8581);
#7270=AXIS2_PLACEMENT_3D('',#10279,#8584,#8585);
#7271=AXIS2_PLACEMENT_3D('',#10283,#8587,#8588);
#7272=AXIS2_PLACEMENT_3D('',#10284,#8589,#8590);
#7273=AXIS2_PLACEMENT_3D('',#10286,#8592,#8593);
#7274=AXIS2_PLACEMENT_3D('',#10288,#8595,#8596);
#7275=AXIS2_PLACEMENT_3D('',#10290,#8598,#8599);
#7276=AXIS2_PLACEMENT_3D('',#10292,#8601,#8602);
#7277=AXIS2_PLACEMENT_3D('',#10293,#8603,#8604);
#7278=AXIS2_PLACEMENT_3D('',#10295,#8606,#8607);
#7279=AXIS2_PLACEMENT_3D('',#10297,#8609,#8610);
#7280=AXIS2_PLACEMENT_3D('',#10298,#8611,#8612);
#7281=AXIS2_PLACEMENT_3D('',#10299,#8613,#8614);
#7282=AXIS2_PLACEMENT_3D('',#10301,#8615,#8616);
#7283=AXIS2_PLACEMENT_3D('',#10302,#8617,#8618);
#7284=AXIS2_PLACEMENT_3D('',#10303,#8619,#8620);
#7285=AXIS2_PLACEMENT_3D('',#10305,#8621,#8622);
#7286=AXIS2_PLACEMENT_3D('',#10306,#8623,#8624);
#7287=AXIS2_PLACEMENT_3D('',#10310,#8627,#8628);
#7288=AXIS2_PLACEMENT_3D('',#10314,#8631,#8632);
#7289=AXIS2_PLACEMENT_3D('',#10316,#8634,#8635);
#7290=AXIS2_PLACEMENT_3D('',#10317,#8636,#8637);
#7291=AXIS2_PLACEMENT_3D('',#10318,#8638,#8639);
#7292=AXIS2_PLACEMENT_3D('',#10324,#8642,#8643);
#7293=AXIS2_PLACEMENT_3D('',#10325,#8644,#8645);
#7294=AXIS2_PLACEMENT_3D('',#10336,#8649,#8650);
#7295=AXIS2_PLACEMENT_3D('',#10342,#8651,#8652);
#7296=AXIS2_PLACEMENT_3D('',#10343,#8653,#8654);
#7297=AXIS2_PLACEMENT_3D('',#10344,#8655,#8656);
#7298=AXIS2_PLACEMENT_3D('',#10349,#8658,#8659);
#7299=AXIS2_PLACEMENT_3D('',#10353,#8661,#8662);
#7300=AXIS2_PLACEMENT_3D('',#10355,#8663,#8664);
#7301=AXIS2_PLACEMENT_3D('',#10357,#8665,#8666);
#7302=AXIS2_PLACEMENT_3D('',#10359,#8667,#8668);
#7303=AXIS2_PLACEMENT_3D('',#10360,#8669,#8670);
#7304=AXIS2_PLACEMENT_3D('',#10366,#8673,#8674);
#7305=AXIS2_PLACEMENT_3D('',#10369,#8676,#8677);
#7306=AXIS2_PLACEMENT_3D('',#10373,#8679,#8680);
#7307=AXIS2_PLACEMENT_3D('',#10377,#8682,#8683);
#7308=AXIS2_PLACEMENT_3D('',#10378,#8684,#8685);
#7309=AXIS2_PLACEMENT_3D('',#10384,#8688,#8689);
#7310=AXIS2_PLACEMENT_3D('',#10387,#8691,#8692);
#7311=AXIS2_PLACEMENT_3D('',#10391,#8694,#8695);
#7312=AXIS2_PLACEMENT_3D('',#10398,#8699,#8700);
#7313=AXIS2_PLACEMENT_3D('',#10407,#8705,#8706);
#7314=AXIS2_PLACEMENT_3D('',#10412,#8709,#8710);
#7315=AXIS2_PLACEMENT_3D('',#10416,#8712,#8713);
#7316=AXIS2_PLACEMENT_3D('',#10420,#8715,#8716);
#7317=AXIS2_PLACEMENT_3D('',#10423,#8718,#8719);
#7318=AXIS2_PLACEMENT_3D('',#10425,#8720,#8721);
#7319=AXIS2_PLACEMENT_3D('',#10427,#8723,#8724);
#7320=AXIS2_PLACEMENT_3D('',#10428,#8725,#8726);
#7321=AXIS2_PLACEMENT_3D('',#10430,#8728,#8729);
#7322=AXIS2_PLACEMENT_3D('',#10431,#8730,#8731);
#7323=AXIS2_PLACEMENT_3D('',#10433,#8733,#8734);
#7324=AXIS2_PLACEMENT_3D('',#10434,#8735,#8736);
#7325=AXIS2_PLACEMENT_3D('',#10436,#8738,#8739);
#7326=AXIS2_PLACEMENT_3D('',#10437,#8740,#8741);
#7327=AXIS2_PLACEMENT_3D('',#10442,#8744,#8745);
#7328=AXIS2_PLACEMENT_3D('',#10443,#8746,#8747);
#7329=AXIS2_PLACEMENT_3D('',#10444,#8748,#8749);
#7330=AXIS2_PLACEMENT_3D('',#10445,#8750,#8751);
#7331=AXIS2_PLACEMENT_3D('',#10446,#8752,#8753);
#7332=AXIS2_PLACEMENT_3D('',#10447,#8754,#8755);
#7333=AXIS2_PLACEMENT_3D('',#10448,#8756,#8757);
#7334=AXIS2_PLACEMENT_3D('',#10449,#8758,#8759);
#7335=AXIS2_PLACEMENT_3D('',#10450,#8760,#8761);
#7336=AXIS2_PLACEMENT_3D('',#10451,#8762,#8763);
#7337=AXIS2_PLACEMENT_3D('',#10452,#8764,#8765);
#7338=AXIS2_PLACEMENT_3D('',#10453,#8766,#8767);
#7339=AXIS2_PLACEMENT_3D('',#10454,#8768,#8769);
#7340=AXIS2_PLACEMENT_3D('',#10460,#8772,#8773);
#7341=AXIS2_PLACEMENT_3D('',#10469,#8774,#8775);
#7342=AXIS2_PLACEMENT_3D('',#10471,#8777,#8778);
#7343=AXIS2_PLACEMENT_3D('',#10473,#8780,#8781);
#7344=AXIS2_PLACEMENT_3D('',#10479,#8785,#8786);
#7345=AXIS2_PLACEMENT_3D('',#10483,#8789,#8790);
#7346=AXIS2_PLACEMENT_3D('',#10487,#8793,#8794);
#7347=AXIS2_PLACEMENT_3D('',#10489,#8796,#8797);
#7348=AXIS2_PLACEMENT_3D('',#10490,#8798,#8799);
#7349=AXIS2_PLACEMENT_3D('',#10491,#8800,#8801);
#7350=AXIS2_PLACEMENT_3D('',#10492,#8802,#8803);
#7351=AXIS2_PLACEMENT_3D('',#10493,#8804,#8805);
#7352=AXIS2_PLACEMENT_3D('',#10494,#8806,#8807);
#7353=AXIS2_PLACEMENT_3D('',#10495,#8808,#8809);
#7354=AXIS2_PLACEMENT_3D('',#10497,#8810,#8811);
#7355=AXIS2_PLACEMENT_3D('',#10498,#8812,#8813);
#7356=DIRECTION('',(0.,0.,1.));
#7357=DIRECTION('',(1.,0.,0.));
#7358=DIRECTION('',(0.,0.,-1.));
#7359=DIRECTION('',(-1.,0.,0.));
#7360=DIRECTION('',(0.,0.,-1.));
#7361=DIRECTION('',(-1.,0.,0.));
#7362=DIRECTION('',(0.,-1.,0.));
#7363=DIRECTION('',(1.,0.,0.));
#7364=DIRECTION('',(0.,-1.,0.));
#7365=DIRECTION('',(1.,0.,-1.48493779678188E-16));
#7366=DIRECTION('',(0.,1.,0.));
#7367=DIRECTION('',(1.,0.,-1.48493779678188E-16));
#7368=DIRECTION('',(0.,-1.,0.));
#7369=DIRECTION('',(-1.,0.,0.));
#7370=DIRECTION('',(0.,-1.,0.));
#7371=DIRECTION('',(1.,0.,-1.48493779678188E-16));
#7372=DIRECTION('',(0.,1.,0.));
#7373=DIRECTION('',(1.,0.,-1.48493779678188E-16));
#7374=DIRECTION('',(0.,-1.,0.));
#7375=DIRECTION('',(1.,0.,0.));
#7376=DIRECTION('',(0.,1.,0.));
#7377=DIRECTION('',(0.,0.,-1.));
#7378=DIRECTION('',(-1.,0.,0.));
#7379=DIRECTION('',(-1.,0.,0.));
#7380=DIRECTION('',(0.,0.,-1.));
#7381=DIRECTION('',(-1.,0.,0.));
#7382=DIRECTION('',(0.,0.,-1.));
#7383=DIRECTION('',(-1.,0.,0.));
#7384=DIRECTION('',(0.,1.,0.));
#7385=DIRECTION('',(1.,0.,0.));
#7386=DIRECTION('',(0.,-1.,0.));
#7387=DIRECTION('',(0.,0.,1.));
#7388=DIRECTION('',(1.,0.,0.));
#7389=DIRECTION('',(0.,0.,1.));
#7390=DIRECTION('',(1.,0.,0.));
#7391=DIRECTION('',(0.,0.,1.));
#7392=DIRECTION('',(1.,0.,0.));
#7393=DIRECTION('',(0.,-1.,0.));
#7394=DIRECTION('',(0.,0.,1.));
#7395=DIRECTION('',(1.,0.,0.));
#7396=DIRECTION('',(0.,-1.,0.));
#7397=DIRECTION('',(0.,0.,1.));
#7398=DIRECTION('',(1.,0.,0.));
#7399=DIRECTION('',(0.,0.,1.));
#7400=DIRECTION('',(1.,0.,0.));
#7401=DIRECTION('',(0.,0.,1.));
#7402=DIRECTION('',(1.,0.,0.));
#7403=DIRECTION('',(0.,0.,1.));
#7404=DIRECTION('',(1.,0.,0.));
#7405=DIRECTION('',(0.,0.,1.));
#7406=DIRECTION('',(1.,0.,0.));
#7407=DIRECTION('',(0.,-1.,0.));
#7408=DIRECTION('',(0.,0.,1.));
#7409=DIRECTION('',(1.,0.,0.));
#7410=DIRECTION('',(0.,-1.,0.));
#7411=DIRECTION('',(0.,0.,1.));
#7412=DIRECTION('',(1.,0.,0.));
#7413=DIRECTION('',(0.,0.,1.));
#7414=DIRECTION('',(1.,0.,0.));
#7415=DIRECTION('',(0.,0.,1.));
#7416=DIRECTION('',(1.,0.,0.));
#7417=DIRECTION('',(0.,0.,1.));
#7418=DIRECTION('',(1.,0.,0.));
#7419=DIRECTION('',(0.,0.,1.));
#7420=DIRECTION('',(1.,0.,0.));
#7421=DIRECTION('',(0.,-1.,0.));
#7422=DIRECTION('',(-1.,0.,0.));
#7423=DIRECTION('',(0.,0.,-1.));
#7424=DIRECTION('',(-1.,0.,0.));
#7425=DIRECTION('',(0.,-1.,0.));
#7426=DIRECTION('',(0.,0.,-1.));
#7427=DIRECTION('',(-1.,0.,0.));
#7428=DIRECTION('',(-1.,0.,0.));
#7429=DIRECTION('',(0.,-1.,0.));
#7430=DIRECTION('',(0.,0.,1.));
#7431=DIRECTION('',(1.,0.,0.));
#7432=DIRECTION('',(1.,0.,0.));
#7433=DIRECTION('',(0.,0.,1.));
#7434=DIRECTION('',(1.,0.,0.));
#7435=DIRECTION('',(0.,1.,0.));
#7436=DIRECTION('',(-1.,0.,0.));
#7437=DIRECTION('',(0.,0.,1.));
#7438=DIRECTION('',(1.,0.,0.));
#7439=DIRECTION('',(0.,-1.,0.));
#7440=DIRECTION('',(0.,0.,1.));
#7441=DIRECTION('',(1.,0.,0.));
#7442=DIRECTION('',(-1.,0.,0.));
#7443=DIRECTION('',(0.,1.,0.));
#7444=DIRECTION('',(0.,0.,1.));
#7445=DIRECTION('',(1.,0.,0.));
#7446=DIRECTION('',(-1.,0.,0.));
#7447=DIRECTION('',(0.,0.,1.));
#7448=DIRECTION('',(1.,0.,0.));
#7449=DIRECTION('',(-1.,0.,0.));
#7450=DIRECTION('',(0.,0.,1.));
#7451=DIRECTION('',(1.,0.,0.));
#7452=DIRECTION('',(0.,0.,-1.));
#7453=DIRECTION('',(-1.,0.,0.));
#7454=DIRECTION('',(-1.,6.12323399573677E-17,0.));
#7455=DIRECTION('',(6.12323399573677E-17,1.,0.));
#7456=DIRECTION('',(-1.,0.,0.));
#7457=DIRECTION('',(0.,0.,1.));
#7458=DIRECTION('',(-1.,0.,0.));
#7459=DIRECTION('',(0.,0.,1.));
#7460=DIRECTION('',(1.,6.12323399573677E-17,0.));
#7461=DIRECTION('',(6.12323399573677E-17,-1.,0.));
#7462=DIRECTION('',(-1.,0.,0.));
#7463=DIRECTION('',(0.,1.,0.));
#7464=DIRECTION('',(0.,0.,1.));
#7465=DIRECTION('',(-1.,0.,0.));
#7466=DIRECTION('',(0.,0.,-1.));
#7467=DIRECTION('',(1.,0.,0.));
#7468=DIRECTION('',(0.,0.,-1.));
#7469=DIRECTION('',(-1.,0.,0.));
#7470=DIRECTION('',(0.,0.,-1.));
#7471=DIRECTION('',(1.,0.,0.));
#7472=DIRECTION('',(0.,0.,-1.));
#7473=DIRECTION('',(-1.,0.,0.));
#7474=DIRECTION('',(0.,0.,-1.));
#7475=DIRECTION('',(1.,0.,0.));
#7476=DIRECTION('',(0.,0.,-1.));
#7477=DIRECTION('',(0.,0.,-1.));
#7478=DIRECTION('',(1.,0.,0.));
#7479=DIRECTION('',(1.,0.,0.));
#7480=DIRECTION('',(1.,0.,0.));
#7481=DIRECTION('',(1.,0.,0.));
#7482=DIRECTION('',(1.,0.,0.));
#7483=DIRECTION('',(1.,0.,0.));
#7484=DIRECTION('',(1.,0.,0.));
#7485=DIRECTION('',(0.,0.,-1.));
#7486=DIRECTION('',(0.,0.,1.));
#7487=DIRECTION('',(-1.,0.,0.));
#7488=DIRECTION('',(0.,0.,1.));
#7489=DIRECTION('',(-1.,0.,0.));
#7490=DIRECTION('',(0.,0.,1.));
#7491=DIRECTION('',(1.,0.,0.));
#7492=DIRECTION('',(0.,0.,-1.));
#7493=DIRECTION('',(1.,6.12323399573677E-17,0.));
#7494=DIRECTION('',(6.12323399573677E-17,-1.,0.));
#7495=DIRECTION('',(-1.,0.,0.));
#7496=DIRECTION('',(-1.,0.,0.));
#7497=DIRECTION('',(0.,0.,1.));
#7498=DIRECTION('',(-1.,0.,0.));
#7499=DIRECTION('',(0.,0.,1.));
#7500=DIRECTION('',(-1.,0.,0.));
#7501=DIRECTION('',(-1.,6.12323399573677E-17,0.));
#7502=DIRECTION('',(6.12323399573677E-17,1.,0.));
#7503=DIRECTION('',(0.,-1.,0.));
#7504=DIRECTION('',(0.,0.,-1.));
#7505=DIRECTION('',(-1.,0.,0.));
#7506=DIRECTION('',(0.,0.,1.));
#7507=DIRECTION('',(1.,0.,0.));
#7508=DIRECTION('',(0.,0.,1.));
#7509=DIRECTION('',(-1.,0.,0.));
#7510=DIRECTION('',(0.,0.,1.));
#7511=DIRECTION('',(1.,0.,0.));
#7512=DIRECTION('',(0.,0.,1.));
#7513=DIRECTION('',(-1.,0.,0.));
#7514=DIRECTION('',(0.,0.,1.));
#7515=DIRECTION('',(1.,0.,0.));
#7516=DIRECTION('',(0.,0.,1.));
#7517=DIRECTION('',(0.,0.,-1.));
#7518=DIRECTION('',(0.,0.,1.));
#7519=DIRECTION('',(-1.,0.,0.));
#7520=DIRECTION('',(0.,0.,1.));
#7521=DIRECTION('',(-1.,0.,0.));
#7522=DIRECTION('',(0.,0.,1.));
#7523=DIRECTION('',(-1.,0.,0.));
#7524=DIRECTION('',(0.,0.,1.));
#7525=DIRECTION('',(-1.,0.,0.));
#7526=DIRECTION('',(0.,0.,1.));
#7527=DIRECTION('',(-1.,0.,0.));
#7528=DIRECTION('',(0.,0.,1.));
#7529=DIRECTION('',(0.,0.,-1.));
#7530=DIRECTION('',(-1.,0.,0.));
#7531=DIRECTION('',(-1.,0.,0.));
#7532=DIRECTION('',(-1.,0.,0.));
#7533=DIRECTION('',(-1.,0.,0.));
#7534=DIRECTION('',(-1.,0.,0.));
#7535=DIRECTION('',(-1.,0.,0.));
#7536=DIRECTION('',(-1.,0.,0.));
#7537=DIRECTION('',(0.,0.,1.));
#7538=DIRECTION('',(1.,0.,0.));
#7539=DIRECTION('',(-1.,0.,0.));
#7540=DIRECTION('',(0.,1.,0.));
#7541=DIRECTION('',(-1.,0.,1.95990392718534E-14));
#7542=DIRECTION('',(0.,1.,0.));
#7543=DIRECTION('',(-1.,0.,0.));
#7544=DIRECTION('',(0.,1.,0.));
#7545=DIRECTION('',(-1.,0.,1.97032894807457E-14));
#7546=DIRECTION('',(0.,1.,0.));
#7547=DIRECTION('',(-1.,0.,0.));
#7548=DIRECTION('',(0.,0.,1.));
#7549=DIRECTION('',(1.,0.,0.));
#7550=DIRECTION('',(0.,-1.,0.));
#7551=DIRECTION('',(0.,0.,1.));
#7552=DIRECTION('',(1.,0.,0.));
#7553=DIRECTION('',(-1.,0.,0.));
#7554=DIRECTION('',(0.,1.,0.));
#7555=DIRECTION('',(-1.,0.,1.97032894807457E-14));
#7556=DIRECTION('',(0.,1.,0.));
#7557=DIRECTION('',(1.,0.,0.));
#7558=DIRECTION('',(0.,-1.,0.));
#7559=DIRECTION('',(0.,0.,1.));
#7560=DIRECTION('',(1.,0.,0.));
#7561=DIRECTION('',(-1.,0.,0.));
#7562=DIRECTION('',(0.,0.,1.));
#7563=DIRECTION('',(1.,0.,0.));
#7564=DIRECTION('',(0.,1.,0.));
#7565=DIRECTION('',(1.,0.,0.));
#7566=DIRECTION('',(0.,1.,0.));
#7567=DIRECTION('',(-1.,0.,1.95990392718534E-14));
#7568=DIRECTION('',(0.,1.,0.));
#7569=DIRECTION('',(-1.,0.,0.));
#7570=DIRECTION('',(0.,0.,1.));
#7571=DIRECTION('',(1.,0.,0.));
#7572=DIRECTION('',(0.,1.,0.));
#7573=DIRECTION('',(0.,0.,1.));
#7574=DIRECTION('',(1.,0.,0.));
#7575=DIRECTION('',(0.,0.,1.));
#7576=DIRECTION('',(1.,0.,0.));
#7577=DIRECTION('',(0.,-1.,0.));
#7578=DIRECTION('',(0.,0.,1.));
#7579=DIRECTION('',(1.,0.,0.));
#7580=DIRECTION('',(0.,0.,1.));
#7581=DIRECTION('',(1.,0.,0.));
#7582=DIRECTION('',(0.,0.,1.));
#7583=DIRECTION('',(1.,0.,0.));
#7584=DIRECTION('',(0.,0.,1.));
#7585=DIRECTION('',(1.,0.,0.));
#7586=DIRECTION('',(0.,0.,1.));
#7587=DIRECTION('',(1.,0.,0.));
#7588=DIRECTION('',(0.,-1.,0.));
#7589=DIRECTION('',(0.,0.,1.));
#7590=DIRECTION('',(1.,0.,0.));
#7591=DIRECTION('',(0.,-1.,0.));
#7592=DIRECTION('',(0.,0.,1.));
#7593=DIRECTION('',(1.,0.,0.));
#7594=DIRECTION('',(0.,0.,1.));
#7595=DIRECTION('',(1.,0.,0.));
#7596=DIRECTION('',(0.,0.,1.));
#7597=DIRECTION('',(1.,0.,0.));
#7598=DIRECTION('',(0.,0.,1.));
#7599=DIRECTION('',(1.,0.,0.));
#7600=DIRECTION('',(0.,0.,1.));
#7601=DIRECTION('',(1.,0.,0.));
#7602=DIRECTION('',(0.,-1.,0.));
#7603=DIRECTION('',(0.,0.,1.));
#7604=DIRECTION('',(1.,0.,0.));
#7605=DIRECTION('',(0.,-1.,0.));
#7606=DIRECTION('',(0.,0.,-1.));
#7607=DIRECTION('',(0.,-1.,0.));
#7608=DIRECTION('',(0.,-1.,0.));
#7609=DIRECTION('',(0.,-1.,0.));
#7610=DIRECTION('',(0.,0.,-1.));
#7611=DIRECTION('',(0.,-1.,0.));
#7612=DIRECTION('',(0.,0.,-1.));
#7613=DIRECTION('',(0.,-1.,0.));
#7614=DIRECTION('',(0.,-1.,0.));
#7615=DIRECTION('',(0.,-1.,0.));
#7616=DIRECTION('',(0.,0.,-1.));
#7617=DIRECTION('',(0.,0.,1.));
#7618=DIRECTION('',(1.,0.,0.));
#7619=DIRECTION('',(0.,0.,1.));
#7620=DIRECTION('',(1.,0.,0.));
#7621=DIRECTION('',(0.,0.,1.));
#7622=DIRECTION('',(0.,0.,1.));
#7623=DIRECTION('',(0.,0.,1.));
#7624=DIRECTION('',(1.,0.,0.));
#7625=DIRECTION('',(0.,0.,1.));
#7626=DIRECTION('',(0.,0.,1.));
#7627=DIRECTION('',(0.,0.,-1.));
#7628=DIRECTION('',(-1.,0.,0.));
#7629=DIRECTION('',(0.,0.,-1.));
#7630=DIRECTION('',(-1.,0.,0.));
#7631=DIRECTION('',(0.,0.,-1.));
#7632=DIRECTION('',(-1.,0.,0.));
#7633=DIRECTION('',(0.,-1.,0.));
#7634=DIRECTION('',(-1.,0.,0.));
#7635=DIRECTION('',(0.,-1.,0.));
#7636=DIRECTION('',(-1.,0.,0.));
#7637=DIRECTION('',(0.,0.970142500145332,-0.242535625036332));
#7638=DIRECTION('',(0.,0.242535625036332,0.970142500145332));
#7639=DIRECTION('',(0.,0.970142500145332,-0.242535625036332));
#7640=DIRECTION('',(0.,-0.242535625036332,-0.970142500145332));
#7641=DIRECTION('',(0.,-0.242535625036332,-0.970142500145332));
#7642=DIRECTION('',(1.,0.,0.));
#7643=DIRECTION('',(-1.,0.,0.));
#7644=DIRECTION('',(-1.,0.,0.));
#7645=DIRECTION('',(0.,-0.242535625036332,-0.970142500145332));
#7646=DIRECTION('',(0.,0.970142500145332,-0.242535625036332));
#7647=DIRECTION('',(0.,-0.242535625036332,-0.970142500145332));
#7648=DIRECTION('',(0.,-0.970142500145331,-0.242535625036335));
#7649=DIRECTION('',(0.,0.242535625036335,-0.970142500145331));
#7650=DIRECTION('',(0.,-0.970142500145331,-0.242535625036335));
#7651=DIRECTION('',(0.,0.242535625036335,-0.970142500145331));
#7652=DIRECTION('',(0.,-0.970142500145331,-0.242535625036335));
#7653=DIRECTION('',(0.,-0.242535625036335,0.970142500145331));
#7654=DIRECTION('',(0.,-0.970142500145331,-0.242535625036335));
#7655=DIRECTION('',(0.,-0.242535625036335,0.970142500145331));
#7656=DIRECTION('',(0.,-0.970142500145331,-0.242535625036335));
#7657=DIRECTION('',(0.,0.242535625036335,-0.970142500145331));
#7658=DIRECTION('',(-1.,0.,0.));
#7659=DIRECTION('',(1.,0.,0.));
#7660=DIRECTION('',(0.,0.,-1.));
#7661=DIRECTION('',(0.,-1.,0.));
#7662=DIRECTION('',(0.,0.,1.));
#7663=DIRECTION('',(0.,-1.,0.));
#7664=DIRECTION('',(0.,0.,1.));
#7665=DIRECTION('',(0.,-1.,0.));
#7666=DIRECTION('',(0.,0.,1.));
#7667=DIRECTION('',(0.,-1.,0.));
#7668=DIRECTION('',(0.,0.,-1.));
#7669=DIRECTION('',(0.,-1.,0.));
#7670=DIRECTION('',(0.,0.,1.));
#7671=DIRECTION('',(0.,-1.,0.));
#7672=DIRECTION('',(0.,0.,1.));
#7673=DIRECTION('',(0.,-1.,0.));
#7674=DIRECTION('',(1.,0.,0.));
#7675=DIRECTION('',(0.,0.,-1.));
#7676=DIRECTION('',(0.,0.,1.));
#7677=DIRECTION('',(0.,-1.,0.));
#7678=DIRECTION('',(0.,0.,1.));
#7679=DIRECTION('',(0.,-1.,0.));
#7680=DIRECTION('',(0.,0.,-1.));
#7681=DIRECTION('',(0.,-1.,0.));
#7682=DIRECTION('',(0.,-1.,0.));
#7683=DIRECTION('',(0.,0.,1.));
#7684=DIRECTION('',(0.,-1.,0.));
#7685=DIRECTION('',(0.,0.,-1.));
#7686=DIRECTION('',(0.,-1.,0.));
#7687=DIRECTION('',(0.,0.,-1.));
#7688=DIRECTION('',(0.,-1.,0.));
#7689=DIRECTION('',(0.,0.,1.));
#7690=DIRECTION('',(1.,0.,0.));
#7691=DIRECTION('',(0.,0.,1.));
#7692=DIRECTION('',(0.,-0.707106781186548,0.707106781186547));
#7693=DIRECTION('',(0.,0.707106781186548,0.707106781186547));
#7694=DIRECTION('',(0.,0.,1.));
#7695=DIRECTION('',(1.,0.,0.));
#7696=DIRECTION('',(0.,0.,1.));
#7697=DIRECTION('',(1.,0.,0.));
#7698=DIRECTION('',(0.,0.,1.));
#7699=DIRECTION('',(0.,0.707106781186548,0.707106781186547));
#7700=DIRECTION('',(0.,-0.707106781186548,0.707106781186547));
#7701=DIRECTION('',(0.,0.,1.));
#7702=DIRECTION('',(0.,0.,1.));
#7703=DIRECTION('',(1.,0.,0.));
#7704=DIRECTION('',(0.,0.,1.));
#7705=DIRECTION('',(1.,0.,0.));
#7706=DIRECTION('',(0.,0.,1.));
#7707=DIRECTION('',(0.,0.707106781186548,0.707106781186547));
#7708=DIRECTION('',(0.,-0.707106781186548,0.707106781186547));
#7709=DIRECTION('',(0.,0.,1.));
#7710=DIRECTION('',(0.,0.,1.));
#7711=DIRECTION('',(1.,0.,0.));
#7712=DIRECTION('',(0.,0.,1.));
#7713=DIRECTION('',(1.,0.,0.));
#7714=DIRECTION('',(0.,-0.707106781186548,0.707106781186547));
#7715=DIRECTION('',(0.,0.707106781186548,0.707106781186547));
#7716=DIRECTION('',(0.,0.,1.));
#7717=DIRECTION('',(0.,0.,1.));
#7718=DIRECTION('',(1.,0.,0.));
#7719=DIRECTION('',(0.,0.,1.));
#7720=DIRECTION('',(1.,0.,0.));
#7721=DIRECTION('',(0.,0.,1.));
#7722=DIRECTION('',(1.,0.,0.));
#7723=DIRECTION('',(0.,0.,1.));
#7724=DIRECTION('',(1.,0.,0.));
#7725=DIRECTION('',(0.,0.,1.));
#7726=DIRECTION('',(1.,0.,0.));
#7727=DIRECTION('',(0.,0.,1.));
#7728=DIRECTION('',(1.,0.,0.));
#7729=DIRECTION('',(0.,0.,1.));
#7730=DIRECTION('',(1.,0.,0.));
#7731=DIRECTION('',(0.,0.,1.));
#7732=DIRECTION('',(1.,0.,0.));
#7733=DIRECTION('',(0.,0.,1.));
#7734=DIRECTION('',(1.,0.,0.));
#7735=DIRECTION('',(0.,0.,1.));
#7736=DIRECTION('',(1.,0.,0.));
#7737=DIRECTION('',(0.,0.,1.));
#7738=DIRECTION('',(1.,0.,0.));
#7739=DIRECTION('',(0.,0.,1.));
#7740=DIRECTION('',(1.,0.,0.));
#7741=DIRECTION('',(0.,0.,1.));
#7742=DIRECTION('',(1.,0.,0.));
#7743=DIRECTION('',(0.,0.,1.));
#7744=DIRECTION('',(1.,0.,0.));
#7745=DIRECTION('',(0.,-1.,0.));
#7746=DIRECTION('',(0.,0.,-1.));
#7747=DIRECTION('',(0.,1.,0.));
#7748=DIRECTION('',(1.,0.,0.));
#7749=DIRECTION('',(0.,1.,0.));
#7750=DIRECTION('',(1.,0.,0.));
#7751=DIRECTION('',(0.,0.,1.));
#7752=DIRECTION('',(1.,0.,0.));
#7753=DIRECTION('',(0.,0.,1.));
#7754=DIRECTION('',(1.,0.,0.));
#7755=DIRECTION('',(0.,0.,1.));
#7756=DIRECTION('',(1.,0.,0.));
#7757=DIRECTION('',(0.,-1.,0.));
#7758=DIRECTION('',(0.,0.,-1.));
#7759=DIRECTION('',(0.,1.,0.));
#7760=DIRECTION('',(1.,0.,0.));
#7761=DIRECTION('',(0.,1.,0.));
#7762=DIRECTION('',(0.,0.,1.));
#7763=DIRECTION('',(0.,0.,-1.));
#7764=DIRECTION('',(-1.,0.,0.));
#7765=DIRECTION('',(0.,0.,-1.));
#7766=DIRECTION('',(-1.,0.,0.));
#7767=DIRECTION('',(1.,0.,0.));
#7768=DIRECTION('',(0.,0.,-1.));
#7769=DIRECTION('',(0.,0.,-1.));
#7770=DIRECTION('',(0.,0.44721359549996,-0.894427190999915));
#7771=DIRECTION('',(0.,1.,0.));
#7772=DIRECTION('',(0.,0.447213595499958,0.894427190999916));
#7773=DIRECTION('',(0.,0.,-1.));
#7774=DIRECTION('',(0.,1.,0.));
#7775=DIRECTION('',(0.,0.,-1.));
#7776=DIRECTION('',(0.,-1.,0.));
#7777=DIRECTION('',(0.,0.,1.));
#7778=DIRECTION('',(0.,1.,0.));
#7779=DIRECTION('',(-1.,0.,0.));
#7780=DIRECTION('',(0.,0.,1.));
#7781=DIRECTION('',(0.,1.,0.));
#7782=DIRECTION('',(0.,-0.44721359549996,0.894427190999915));
#7783=DIRECTION('',(0.,0.,1.));
#7784=DIRECTION('',(0.,1.,0.));
#7785=DIRECTION('',(0.,0.,-1.));
#7786=DIRECTION('',(0.,1.,0.));
#7787=DIRECTION('',(0.,1.,0.));
#7788=DIRECTION('',(0.,1.,0.));
#7789=DIRECTION('',(0.,0.,1.));
#7790=DIRECTION('',(0.,1.,0.));
#7791=DIRECTION('',(0.,0.,1.));
#7792=DIRECTION('',(0.,-0.447213595499958,-0.894427190999916));
#7793=DIRECTION('',(-1.,0.,0.));
#7794=DIRECTION('',(0.,0.,1.));
#7795=DIRECTION('',(0.,1.,0.));
#7796=DIRECTION('',(0.,-0.44721359549996,0.894427190999915));
#7797=DIRECTION('',(0.,0.,1.));
#7798=DIRECTION('',(0.,1.,0.));
#7799=DIRECTION('',(0.,0.,-1.));
#7800=DIRECTION('',(0.,1.,0.));
#7801=DIRECTION('',(0.,0.,1.));
#7802=DIRECTION('',(0.,1.,0.));
#7803=DIRECTION('',(0.,0.,1.));
#7804=DIRECTION('',(0.,-0.447213595499958,-0.894427190999916));
#7805=DIRECTION('',(1.,0.,0.));
#7806=DIRECTION('',(0.,0.,-1.));
#7807=DIRECTION('',(0.,0.,-1.));
#7808=DIRECTION('',(0.,0.44721359549996,-0.894427190999915));
#7809=DIRECTION('',(0.,1.,0.));
#7810=DIRECTION('',(0.,0.447213595499958,0.894427190999916));
#7811=DIRECTION('',(0.,0.,-1.));
#7812=DIRECTION('',(0.,1.,0.));
#7813=DIRECTION('',(0.,0.,-1.));
#7814=DIRECTION('',(0.,-1.,0.));
#7815=DIRECTION('',(0.,-1.,0.));
#7816=DIRECTION('',(0.,-1.,0.));
#7817=DIRECTION('',(0.,0.,1.));
#7818=DIRECTION('',(0.,1.,0.));
#7819=DIRECTION('',(0.,0.,-1.));
#7820=DIRECTION('',(-1.,0.,0.));
#7821=DIRECTION('',(-1.,0.,0.));
#7822=DIRECTION('',(1.,0.,0.));
#7823=DIRECTION('',(0.,0.,-1.));
#7824=DIRECTION('',(-1.,0.,0.));
#7825=DIRECTION('',(-1.,0.,0.));
#7826=DIRECTION('',(1.,0.,0.));
#7827=DIRECTION('',(0.,1.,0.));
#7828=DIRECTION('',(0.,0.,1.));
#7829=DIRECTION('',(-1.,0.,0.));
#7830=DIRECTION('',(0.,1.,0.));
#7831=DIRECTION('',(1.,0.,0.));
#7832=DIRECTION('',(0.,0.,1.));
#7833=DIRECTION('',(0.,1.,0.));
#7834=DIRECTION('',(1.,0.,0.));
#7835=DIRECTION('',(0.,1.,0.));
#7836=DIRECTION('',(0.,0.,1.));
#7837=DIRECTION('',(-1.,0.,0.));
#7838=DIRECTION('',(0.,1.,0.));
#7839=DIRECTION('',(1.,0.,0.));
#7840=DIRECTION('',(0.,0.,-1.));
#7841=DIRECTION('',(0.,1.,0.));
#7842=DIRECTION('',(1.,0.,0.));
#7843=DIRECTION('',(0.,1.,0.));
#7844=DIRECTION('',(0.,0.,1.));
#7845=DIRECTION('',(-1.,0.,0.));
#7846=DIRECTION('',(0.,1.,0.));
#7847=DIRECTION('',(1.,0.,0.));
#7848=DIRECTION('',(0.,0.,1.));
#7849=DIRECTION('',(0.,1.,0.));
#7850=DIRECTION('',(1.,0.,0.));
#7851=DIRECTION('',(0.,1.,0.));
#7852=DIRECTION('',(0.,0.,1.));
#7853=DIRECTION('',(-1.,0.,0.));
#7854=DIRECTION('',(0.,1.,0.));
#7855=DIRECTION('',(1.,0.,0.));
#7856=DIRECTION('',(0.,0.,-1.));
#7857=DIRECTION('',(0.,1.,0.));
#7858=DIRECTION('',(1.,0.,0.));
#7859=DIRECTION('',(0.,1.,0.));
#7860=DIRECTION('',(0.,0.,1.));
#7861=DIRECTION('',(0.,-1.,0.));
#7862=DIRECTION('',(0.,0.,-1.));
#7863=DIRECTION('',(0.,1.,0.));
#7864=DIRECTION('',(-3.94255335449275E-16,1.,0.));
#7865=DIRECTION('',(-1.,-3.94255335449275E-16,0.));
#7866=DIRECTION('',(0.,1.,0.));
#7867=DIRECTION('',(0.,0.,1.));
#7868=DIRECTION('',(0.,1.,0.));
#7869=DIRECTION('',(0.,0.,1.));
#7870=DIRECTION('',(0.,1.,0.));
#7871=DIRECTION('',(0.,0.,1.));
#7872=DIRECTION('',(0.,-1.,0.));
#7873=DIRECTION('',(0.,0.,-1.));
#7874=DIRECTION('',(0.,1.,0.));
#7875=DIRECTION('',(0.,0.,1.));
#7876=DIRECTION('',(0.,-1.,0.));
#7877=DIRECTION('',(0.,0.,-1.));
#7878=DIRECTION('',(0.,1.,0.));
#7879=DIRECTION('',(0.,0.,1.));
#7880=DIRECTION('',(0.,1.,0.));
#7881=DIRECTION('',(0.,1.,0.));
#7882=DIRECTION('',(0.,0.,1.));
#7883=DIRECTION('',(0.,1.,0.));
#7884=DIRECTION('',(0.,0.,1.));
#7885=DIRECTION('',(0.,1.,0.));
#7886=DIRECTION('',(0.,0.,1.));
#7887=DIRECTION('',(0.,-1.,0.));
#7888=DIRECTION('',(0.,0.,-1.));
#7889=DIRECTION('',(1.,0.,0.));
#7890=DIRECTION('',(0.,0.,-1.));
#7891=DIRECTION('',(1.,0.,0.));
#7892=DIRECTION('',(0.,0.,-1.));
#7893=DIRECTION('',(1.,0.,0.));
#7894=DIRECTION('',(0.,0.,-1.));
#7895=DIRECTION('',(0.,0.,1.));
#7896=DIRECTION('',(0.,1.,0.));
#7897=DIRECTION('',(0.,0.,-1.));
#7898=DIRECTION('',(1.,0.,0.));
#7899=DIRECTION('',(0.,0.,-1.));
#7900=DIRECTION('',(0.,0.,1.));
#7901=DIRECTION('',(-1.,0.,0.));
#7902=DIRECTION('',(0.,0.,1.));
#7903=DIRECTION('',(-1.,0.,0.));
#7904=DIRECTION('',(0.,0.,1.));
#7905=DIRECTION('',(-1.,0.,0.));
#7906=DIRECTION('',(1.,0.,0.));
#7907=DIRECTION('',(0.,0.,-1.));
#7908=DIRECTION('',(0.,1.,0.));
#7909=DIRECTION('',(0.,0.,1.));
#7910=DIRECTION('',(0.,0.,-1.));
#7911=DIRECTION('',(0.,0.,1.));
#7912=DIRECTION('',(-1.,0.,0.));
#7913=DIRECTION('',(0.,0.,1.));
#7914=DIRECTION('',(1.,0.,0.));
#7915=DIRECTION('',(0.,1.,0.));
#7916=DIRECTION('',(0.,-1.,0.));
#7917=DIRECTION('',(-1.,0.,0.));
#7918=DIRECTION('',(0.,-1.,0.));
#7919=DIRECTION('',(0.,0.,-1.));
#7920=DIRECTION('',(0.,0.,1.));
#7921=DIRECTION('',(0.,0.,-1.));
#7922=DIRECTION('',(-1.,0.,0.));
#7923=DIRECTION('',(-1.,0.,0.));
#7924=DIRECTION('',(0.,0.,1.));
#7925=DIRECTION('',(1.,0.,0.));
#7926=DIRECTION('',(0.,0.,-1.));
#7927=DIRECTION('',(-1.,0.,0.));
#7928=DIRECTION('',(0.,0.,1.));
#7929=DIRECTION('',(1.,0.,0.));
#7930=DIRECTION('',(0.,0.,-1.));
#7931=DIRECTION('',(1.,0.,0.));
#7932=DIRECTION('',(0.,0.,-1.));
#7933=DIRECTION('',(1.,0.,0.));
#7934=DIRECTION('',(0.,0.,-1.));
#7935=DIRECTION('',(0.,0.,-1.));
#7936=DIRECTION('',(0.,1.,0.));
#7937=DIRECTION('',(0.,0.,1.));
#7938=DIRECTION('',(1.,0.,0.));
#7939=DIRECTION('',(0.,0.,-1.));
#7940=DIRECTION('',(0.,0.,1.));
#7941=DIRECTION('',(-1.,0.,0.));
#7942=DIRECTION('',(0.,0.,1.));
#7943=DIRECTION('',(-1.,0.,0.));
#7944=DIRECTION('',(0.,1.,0.));
#7945=DIRECTION('',(0.,0.,1.));
#7946=DIRECTION('',(-1.,0.,0.));
#7947=DIRECTION('',(0.,0.,1.));
#7948=DIRECTION('',(1.,0.,0.));
#7949=DIRECTION('',(-1.,0.,0.));
#7950=DIRECTION('',(0.,-1.,0.));
#7951=DIRECTION('',(0.,0.,-1.));
#7952=DIRECTION('',(-1.,0.,0.));
#7953=DIRECTION('',(-1.,0.,0.));
#7954=DIRECTION('',(0.,0.,1.));
#7955=DIRECTION('',(-1.,0.,0.));
#7956=DIRECTION('',(0.,0.,1.));
#7957=DIRECTION('',(0.,0.,-1.));
#7958=DIRECTION('',(0.,0.,-1.));
#7959=DIRECTION('',(-1.,0.,0.));
#7960=DIRECTION('',(0.,0.,1.));
#7961=DIRECTION('',(1.,0.,0.));
#7962=DIRECTION('',(0.,0.,-1.));
#7963=DIRECTION('',(0.,0.,-1.));
#7964=DIRECTION('',(0.,0.,-1.));
#7965=DIRECTION('',(-1.,0.,0.));
#7966=DIRECTION('',(0.,0.,1.));
#7967=DIRECTION('',(0.,-1.,0.));
#7968=DIRECTION('',(0.,0.,-1.));
#7969=DIRECTION('',(0.,0.,1.));
#7970=DIRECTION('',(1.,0.,0.));
#7971=DIRECTION('',(0.,0.,-1.));
#7972=DIRECTION('',(-1.,0.,0.));
#7973=DIRECTION('',(0.,0.,1.));
#7974=DIRECTION('',(0.,0.,1.));
#7975=DIRECTION('',(0.,-1.,0.));
#7976=DIRECTION('',(0.,0.,-1.));
#7977=DIRECTION('',(-1.,0.,0.));
#7978=DIRECTION('',(0.,0.,1.));
#7979=DIRECTION('',(0.,0.,1.));
#7980=DIRECTION('',(0.,0.,1.));
#7981=DIRECTION('',(0.,0.,1.));
#7982=DIRECTION('',(1.,0.,0.));
#7983=DIRECTION('',(0.,0.,1.));
#7984=DIRECTION('',(0.,-1.,0.));
#7985=DIRECTION('',(0.,0.,-1.));
#7986=DIRECTION('',(-1.,0.,0.));
#7987=DIRECTION('',(-3.94255335449275E-16,1.,0.));
#7988=DIRECTION('',(-1.,-3.94255335449275E-16,0.));
#7989=DIRECTION('',(0.,0.,1.));
#7990=DIRECTION('',(-1.,0.,0.));
#7991=DIRECTION('',(0.,0.,1.));
#7992=DIRECTION('',(1.,0.,0.));
#7993=DIRECTION('',(0.,1.,0.));
#7994=DIRECTION('',(0.,0.,1.));
#7995=DIRECTION('',(-1.,0.,0.));
#7996=DIRECTION('',(0.,0.,1.));
#7997=DIRECTION('',(0.,-1.,0.));
#7998=DIRECTION('',(0.,0.,-1.));
#7999=DIRECTION('',(0.,0.,1.));
#8000=DIRECTION('',(-1.,0.,0.));
#8001=DIRECTION('',(0.,0.,1.));
#8002=DIRECTION('',(1.,0.,0.));
#8003=DIRECTION('',(0.,0.,1.));
#8004=DIRECTION('',(1.,0.,0.));
#8005=DIRECTION('',(0.,0.,-1.));
#8006=DIRECTION('',(0.,0.,1.));
#8007=DIRECTION('',(0.,0.,1.));
#8008=DIRECTION('',(1.,0.,0.));
#8009=DIRECTION('',(0.,0.,1.));
#8010=DIRECTION('',(1.,0.,0.));
#8011=DIRECTION('',(-1.,0.,0.));
#8012=DIRECTION('',(-1.,0.,0.));
#8013=DIRECTION('',(0.,-1.,0.));
#8014=DIRECTION('',(0.,0.,1.));
#8015=DIRECTION('',(1.,0.,0.));
#8016=DIRECTION('',(-1.,0.,0.));
#8017=DIRECTION('',(0.,-1.,0.));
#8018=DIRECTION('',(-1.,0.,0.));
#8019=DIRECTION('',(0.,0.894427190999916,-0.447213595499958));
#8020=DIRECTION('',(0.,0.447213595499958,0.894427190999916));
#8021=DIRECTION('',(0.,0.894427190999916,-0.447213595499958));
#8022=DIRECTION('',(0.,0.447213595499958,0.894427190999916));
#8023=DIRECTION('',(0.,-0.894427190999915,-0.44721359549996));
#8024=DIRECTION('',(0.,0.44721359549996,-0.894427190999915));
#8025=DIRECTION('',(0.,-0.894427190999915,-0.44721359549996));
#8026=DIRECTION('',(0.,0.44721359549996,-0.894427190999915));
#8027=DIRECTION('',(0.,0.,1.));
#8028=DIRECTION('',(1.,0.,0.));
#8029=DIRECTION('',(0.,0.,1.));
#8030=DIRECTION('',(1.,0.,0.));
#8031=DIRECTION('',(0.,0.,1.));
#8032=DIRECTION('',(1.,0.,0.));
#8033=DIRECTION('',(0.,0.,-1.));
#8034=DIRECTION('',(-1.,0.,0.));
#8035=DIRECTION('',(0.,0.,1.));
#8036=DIRECTION('',(1.,0.,0.));
#8037=DIRECTION('',(0.,0.,-1.));
#8038=DIRECTION('',(-1.,0.,0.));
#8039=DIRECTION('',(0.,-1.,0.));
#8040=DIRECTION('',(0.,0.,-1.));
#8041=DIRECTION('',(1.,0.,0.));
#8042=DIRECTION('',(1.,0.,0.));
#8043=DIRECTION('',(1.,0.,0.));
#8044=DIRECTION('',(0.,0.,-1.));
#8045=DIRECTION('',(0.,1.,0.));
#8046=DIRECTION('',(0.,1.,0.));
#8047=DIRECTION('',(0.,0.,1.));
#8048=DIRECTION('',(1.,0.,0.));
#8049=DIRECTION('',(0.,0.,1.));
#8050=DIRECTION('',(1.,0.,0.));
#8051=DIRECTION('',(0.,1.,0.));
#8052=DIRECTION('',(0.,-1.,0.));
#8053=DIRECTION('',(0.,0.,-1.));
#8054=DIRECTION('',(1.,0.,0.));
#8055=DIRECTION('',(1.,0.,0.));
#8056=DIRECTION('',(-1.,0.,0.));
#8057=DIRECTION('',(0.,0.,1.));
#8058=DIRECTION('',(0.,1.,0.));
#8059=DIRECTION('',(0.,-1.,0.));
#8060=DIRECTION('',(0.,0.,1.));
#8061=DIRECTION('',(1.,0.,0.));
#8062=DIRECTION('',(0.,0.,1.));
#8063=DIRECTION('',(1.,0.,0.));
#8064=DIRECTION('',(0.,1.,0.));
#8065=DIRECTION('',(0.,1.,0.));
#8066=DIRECTION('',(0.,0.,1.));
#8067=DIRECTION('',(0.,1.,0.));
#8068=DIRECTION('',(0.,0.,1.));
#8069=DIRECTION('',(0.,-1.,0.));
#8070=DIRECTION('',(0.,0.,-1.));
#8071=DIRECTION('',(0.,-1.,0.));
#8072=DIRECTION('',(0.,0.,-1.));
#8073=DIRECTION('',(0.,0.,1.));
#8074=DIRECTION('',(1.,0.,0.));
#8075=DIRECTION('',(0.,0.,1.));
#8076=DIRECTION('',(1.,0.,0.));
#8077=DIRECTION('',(0.,0.,1.));
#8078=DIRECTION('',(0.,0.,1.));
#8079=DIRECTION('',(0.,0.,1.));
#8080=DIRECTION('',(1.,0.,0.));
#8081=DIRECTION('',(0.,0.,1.));
#8082=DIRECTION('',(1.,0.,0.));
#8083=DIRECTION('',(0.,0.,1.));
#8084=DIRECTION('',(1.,0.,0.));
#8085=DIRECTION('',(0.,0.,1.));
#8086=DIRECTION('',(0.,0.,1.));
#8087=DIRECTION('',(1.,0.,0.));
#8088=DIRECTION('',(0.,0.,-1.));
#8089=DIRECTION('',(0.,0.,1.));
#8090=DIRECTION('',(1.,0.,0.));
#8091=DIRECTION('',(0.,0.,-1.));
#8092=DIRECTION('',(0.,0.,1.));
#8093=DIRECTION('',(0.,0.,1.));
#8094=DIRECTION('',(1.,0.,0.));
#8095=DIRECTION('',(0.,0.,1.));
#8096=DIRECTION('',(1.,0.,0.));
#8097=DIRECTION('',(0.,0.,1.));
#8098=DIRECTION('',(1.,0.,0.));
#8099=DIRECTION('',(0.,0.,1.));
#8100=DIRECTION('',(1.,0.,0.));
#8101=DIRECTION('',(0.,0.,1.));
#8102=DIRECTION('',(1.,0.,0.));
#8103=DIRECTION('',(0.,0.,1.));
#8104=DIRECTION('',(1.,0.,0.));
#8105=DIRECTION('',(0.,0.,1.));
#8106=DIRECTION('',(1.,0.,0.));
#8107=DIRECTION('',(0.,0.,1.));
#8108=DIRECTION('',(1.,0.,0.));
#8109=DIRECTION('',(0.,-1.,0.));
#8110=DIRECTION('',(0.,0.,-1.));
#8111=DIRECTION('',(0.,-1.,0.));
#8112=DIRECTION('',(0.,0.,-1.));
#8113=DIRECTION('',(0.,-1.,0.));
#8114=DIRECTION('',(0.,0.,-1.));
#8115=DIRECTION('',(0.,-1.,0.));
#8116=DIRECTION('',(0.,0.,-1.));
#8117=DIRECTION('',(0.,0.,1.));
#8118=DIRECTION('',(1.,0.,0.));
#8119=DIRECTION('',(-1.,0.,0.));
#8120=DIRECTION('',(-1.,0.,0.));
#8121=DIRECTION('',(-0.93334560620306,0.,-0.358979079308869));
#8122=DIRECTION('',(-0.358979079308869,0.,0.93334560620306));
#8123=DIRECTION('',(0.358979079308869,0.,-0.93334560620306));
#8124=DIRECTION('',(0.,-1.,0.));
#8125=DIRECTION('',(0.358979079308869,0.,-0.93334560620306));
#8126=DIRECTION('',(-0.999847695156391,0.,0.0174524064372843));
#8127=DIRECTION('',(0.0174524064372843,0.,0.999847695156391));
#8128=DIRECTION('',(-0.0174524064372842,0.,-0.999847695156391));
#8129=DIRECTION('',(-0.0174524064372842,0.,-0.999847695156391));
#8130=DIRECTION('',(0.,1.,0.));
#8131=DIRECTION('',(0.,0.,1.));
#8132=DIRECTION('',(0.,1.,0.));
#8133=DIRECTION('',(0.,0.,1.));
#8134=DIRECTION('',(0.,0.,1.));
#8135=DIRECTION('',(1.,0.,0.));
#8136=DIRECTION('',(-1.,0.,0.));
#8137=DIRECTION('',(-1.,0.,0.));
#8138=DIRECTION('',(0.,1.,0.));
#8139=DIRECTION('',(0.,0.,1.));
#8140=DIRECTION('',(-0.0174524064372841,0.,0.999847695156391));
#8141=DIRECTION('',(0.35897907930887,0.,0.933345606203059));
#8142=DIRECTION('',(0.,1.,0.));
#8143=DIRECTION('',(0.,0.,1.));
#8144=DIRECTION('',(0.35897907930887,0.,0.933345606203059));
#8145=DIRECTION('',(-0.0174524064372841,0.,0.999847695156391));
#8146=DIRECTION('',(0.999847695156391,0.,0.0174524064372841));
#8147=DIRECTION('',(0.0174524064372841,0.,-0.999847695156391));
#8148=DIRECTION('',(0.,-1.,0.));
#8149=DIRECTION('',(0.933345606203059,0.,-0.35897907930887));
#8150=DIRECTION('',(-0.35897907930887,0.,-0.933345606203059));
#8151=DIRECTION('',(0.,0.,-1.));
#8152=DIRECTION('',(-1.,0.,0.));
#8153=DIRECTION('',(0.,0.,1.));
#8154=DIRECTION('',(1.,0.,0.));
#8155=DIRECTION('',(0.,0.,1.));
#8156=DIRECTION('',(1.,0.,0.));
#8157=DIRECTION('',(1.,0.,0.));
#8158=DIRECTION('',(0.,0.,-1.));
#8159=DIRECTION('',(0.,-1.,0.));
#8160=DIRECTION('',(0.,0.,-1.));
#8161=DIRECTION('',(-1.,0.,0.));
#8162=DIRECTION('',(0.,0.,1.));
#8163=DIRECTION('',(0.,0.,-1.));
#8164=DIRECTION('',(0.,1.,0.));
#8165=DIRECTION('',(0.,0.,-1.));
#8166=DIRECTION('',(-1.,0.,0.));
#8167=DIRECTION('',(0.,0.,1.));
#8168=DIRECTION('',(1.,0.,0.));
#8169=DIRECTION('',(0.,0.,-1.));
#8170=DIRECTION('',(0.,1.,0.));
#8171=DIRECTION('',(0.,0.,1.));
#8172=DIRECTION('',(1.,0.,0.));
#8173=DIRECTION('',(0.,0.,-1.));
#8174=DIRECTION('',(0.,0.,-1.));
#8175=DIRECTION('',(-1.,0.,0.));
#8176=DIRECTION('',(0.,0.,1.));
#8177=DIRECTION('',(1.,0.,0.));
#8178=DIRECTION('',(0.,0.,1.));
#8179=DIRECTION('',(1.,0.,0.));
#8180=DIRECTION('',(-1.,0.,0.));
#8181=DIRECTION('',(0.,1.,0.));
#8182=DIRECTION('',(0.,1.,0.));
#8183=DIRECTION('',(-1.,0.,0.));
#8184=DIRECTION('',(0.,1.,0.));
#8185=DIRECTION('',(0.,1.,0.));
#8186=DIRECTION('',(-1.,0.,0.));
#8187=DIRECTION('',(0.,1.,0.));
#8188=DIRECTION('',(0.,1.,0.));
#8189=DIRECTION('',(1.,0.,0.));
#8190=DIRECTION('',(0.,0.,-1.));
#8191=DIRECTION('',(0.,0.,-1.));
#8192=DIRECTION('',(0.,-1.,0.));
#8193=DIRECTION('',(-1.,0.,0.));
#8194=DIRECTION('',(0.,0.,1.));
#8195=DIRECTION('',(0.,1.,0.));
#8196=DIRECTION('',(0.,0.,-1.));
#8197=DIRECTION('',(0.,0.,-1.));
#8198=DIRECTION('',(-1.,0.,0.));
#8199=DIRECTION('',(0.,0.,-1.));
#8200=DIRECTION('',(0.,0.,1.));
#8201=DIRECTION('',(1.,0.,0.));
#8202=DIRECTION('',(0.,0.,-1.));
#8203=DIRECTION('',(-1.,0.,0.));
#8204=DIRECTION('',(0.,0.,1.));
#8205=DIRECTION('',(1.,0.,0.));
#8206=DIRECTION('',(0.,0.,-1.));
#8207=DIRECTION('',(0.,-1.,0.));
#8208=DIRECTION('',(0.,0.,-1.));
#8209=DIRECTION('',(-1.,0.,0.));
#8210=DIRECTION('',(0.,0.,1.));
#8211=DIRECTION('',(1.,0.,0.));
#8212=DIRECTION('',(0.,-1.,0.));
#8213=DIRECTION('',(-1.,0.,0.));
#8214=DIRECTION('',(0.,-1.,0.));
#8215=DIRECTION('',(0.,-1.,0.));
#8216=DIRECTION('',(-1.,0.,0.));
#8217=DIRECTION('',(0.,-1.,0.));
#8218=DIRECTION('',(0.,-1.,0.));
#8219=DIRECTION('',(-1.,0.,0.));
#8220=DIRECTION('',(0.,-1.,0.));
#8221=DIRECTION('',(0.,0.,-1.));
#8222=DIRECTION('',(-1.,0.,0.));
#8223=DIRECTION('',(0.,-1.,0.));
#8224=DIRECTION('',(0.,-1.,0.));
#8225=DIRECTION('',(-1.,0.,0.));
#8226=DIRECTION('',(0.,0.,1.));
#8227=DIRECTION('',(1.,0.,0.));
#8228=DIRECTION('',(0.,1.,0.));
#8229=DIRECTION('',(0.,1.,0.));
#8230=DIRECTION('',(-1.,0.,0.));
#8231=DIRECTION('',(0.,0.,-1.));
#8232=DIRECTION('',(-1.,0.,0.));
#8233=DIRECTION('',(0.,-1.,0.));
#8234=DIRECTION('',(0.,-1.,0.));
#8235=DIRECTION('',(-1.,0.,0.));
#8236=DIRECTION('',(1.,0.,0.));
#8237=DIRECTION('',(0.,0.,-1.));
#8238=DIRECTION('',(1.,0.,0.));
#8239=DIRECTION('',(0.,0.,-1.));
#8240=DIRECTION('',(0.,0.,-1.));
#8241=DIRECTION('',(1.,0.,0.));
#8242=DIRECTION('',(0.,0.,-1.));
#8243=DIRECTION('',(0.,0.,-1.));
#8244=DIRECTION('',(0.,1.,0.));
#8245=DIRECTION('',(1.,0.,0.));
#8246=DIRECTION('',(0.,0.,-1.));
#8247=DIRECTION('',(0.,0.,1.));
#8248=DIRECTION('',(1.,0.,0.));
#8249=DIRECTION('',(0.,0.,-1.));
#8250=DIRECTION('',(1.,0.,0.));
#8251=DIRECTION('',(0.,0.,-1.));
#8252=DIRECTION('',(1.,0.,0.));
#8253=DIRECTION('',(0.,0.,-1.));
#8254=DIRECTION('',(0.,0.,1.));
#8255=DIRECTION('',(1.,0.,0.));
#8256=DIRECTION('',(0.,0.,-1.));
#8257=DIRECTION('',(0.,1.,0.));
#8258=DIRECTION('',(0.,0.,-1.));
#8259=DIRECTION('',(1.,0.,0.));
#8260=DIRECTION('',(0.,0.,-1.));
#8261=DIRECTION('',(0.,0.,-1.));
#8262=DIRECTION('',(1.,0.,0.));
#8263=DIRECTION('',(0.,0.,-1.));
#8264=DIRECTION('',(-1.,0.,0.));
#8265=DIRECTION('',(0.,0.,1.));
#8266=DIRECTION('',(-1.,0.,0.));
#8267=DIRECTION('',(0.,1.,0.));
#8268=DIRECTION('',(0.,0.,1.));
#8269=DIRECTION('',(-1.,0.,0.));
#8270=DIRECTION('',(-1.,0.,0.));
#8271=DIRECTION('',(0.,0.,1.));
#8272=DIRECTION('',(0.,1.,0.));
#8273=DIRECTION('',(0.,0.,1.));
#8274=DIRECTION('',(-1.,0.,0.));
#8275=DIRECTION('',(0.,0.,1.));
#8276=DIRECTION('',(1.,0.,0.));
#8277=DIRECTION('',(-1.,0.,0.));
#8278=DIRECTION('',(-1.,0.,0.));
#8279=DIRECTION('',(0.,0.,1.));
#8280=DIRECTION('',(-1.,0.,0.));
#8281=DIRECTION('',(0.,-1.,0.));
#8282=DIRECTION('',(0.,0.,-1.));
#8283=DIRECTION('',(-1.,0.,0.));
#8284=DIRECTION('',(-1.,0.,0.));
#8285=DIRECTION('',(0.,0.,1.));
#8286=DIRECTION('',(0.,0.,-1.));
#8287=DIRECTION('',(-1.,0.,0.));
#8288=DIRECTION('',(0.,-1.,0.));
#8289=DIRECTION('',(0.,-1.,0.));
#8290=DIRECTION('',(-1.,0.,0.));
#8291=DIRECTION('',(0.,0.,-1.));
#8292=DIRECTION('',(-1.,0.,0.));
#8293=DIRECTION('',(0.,-1.,0.));
#8294=DIRECTION('',(0.,-1.,0.));
#8295=DIRECTION('',(-1.,0.,0.));
#8296=DIRECTION('',(0.,0.,1.));
#8297=DIRECTION('',(1.,0.,0.));
#8298=DIRECTION('',(0.,1.,0.));
#8299=DIRECTION('',(0.,1.,0.));
#8300=DIRECTION('',(-1.,0.,0.));
#8301=DIRECTION('',(1.,0.,0.));
#8302=DIRECTION('',(0.,0.,-1.));
#8303=DIRECTION('',(1.,0.,0.));
#8304=DIRECTION('',(0.,0.,-1.));
#8305=DIRECTION('',(0.,0.,-1.));
#8306=DIRECTION('',(1.,0.,0.));
#8307=DIRECTION('',(0.,0.,-1.));
#8308=DIRECTION('',(0.,1.,0.));
#8309=DIRECTION('',(0.,0.,1.));
#8310=DIRECTION('',(1.,0.,0.));
#8311=DIRECTION('',(0.,0.,-1.));
#8312=DIRECTION('',(0.,0.,1.));
#8313=DIRECTION('',(1.,0.,0.));
#8314=DIRECTION('',(0.,0.,-1.));
#8315=DIRECTION('',(1.,0.,0.));
#8316=DIRECTION('',(0.,0.,-1.));
#8317=DIRECTION('',(1.,0.,0.));
#8318=DIRECTION('',(0.,0.,-1.));
#8319=DIRECTION('',(0.,0.,1.));
#8320=DIRECTION('',(1.,0.,0.));
#8321=DIRECTION('',(0.,0.,-1.));
#8322=DIRECTION('',(0.,0.,1.));
#8323=DIRECTION('',(0.,1.,0.));
#8324=DIRECTION('',(1.,0.,0.));
#8325=DIRECTION('',(0.,0.,-1.));
#8326=DIRECTION('',(0.,0.,-1.));
#8327=DIRECTION('',(1.,0.,0.));
#8328=DIRECTION('',(0.,0.,-1.));
#8329=DIRECTION('',(-1.,0.,0.));
#8330=DIRECTION('',(0.,0.,1.));
#8331=DIRECTION('',(-1.,0.,0.));
#8332=DIRECTION('',(0.,1.,0.));
#8333=DIRECTION('',(0.,0.,1.));
#8334=DIRECTION('',(-1.,0.,0.));
#8335=DIRECTION('',(-1.,0.,0.));
#8336=DIRECTION('',(0.,0.,1.));
#8337=DIRECTION('',(-1.,0.,0.));
#8338=DIRECTION('',(0.,0.,1.));
#8339=DIRECTION('',(1.,0.,0.));
#8340=DIRECTION('',(-1.,0.,0.));
#8341=DIRECTION('',(0.,-1.,0.));
#8342=DIRECTION('',(0.,0.,-1.));
#8343=DIRECTION('',(-1.,0.,0.));
#8344=DIRECTION('',(0.,0.,1.));
#8345=DIRECTION('',(-1.,0.,0.));
#8346=DIRECTION('',(0.,-1.,0.));
#8347=DIRECTION('',(0.,0.,-1.));
#8348=DIRECTION('',(-1.,0.,0.));
#8349=DIRECTION('',(-1.,0.,0.));
#8350=DIRECTION('',(0.,0.,1.));
#8351=DIRECTION('',(0.,0.,-1.));
#8352=DIRECTION('',(-1.,0.,0.));
#8353=DIRECTION('',(0.,-1.,0.));
#8354=DIRECTION('',(0.,-1.,0.));
#8355=DIRECTION('',(-1.,0.,0.));
#8356=DIRECTION('',(0.,0.,1.));
#8357=DIRECTION('',(1.,0.,0.));
#8358=DIRECTION('',(0.,1.,0.));
#8359=DIRECTION('',(0.,1.,0.));
#8360=DIRECTION('',(-1.,0.,0.));
#8361=DIRECTION('',(0.,0.,-1.));
#8362=DIRECTION('',(-1.,0.,0.));
#8363=DIRECTION('',(0.,-1.,0.));
#8364=DIRECTION('',(0.,-1.,0.));
#8365=DIRECTION('',(-1.,0.,0.));
#8366=DIRECTION('',(1.,0.,0.));
#8367=DIRECTION('',(0.,0.,-1.));
#8368=DIRECTION('',(1.,0.,0.));
#8369=DIRECTION('',(0.,0.,-1.));
#8370=DIRECTION('',(0.,0.,-1.));
#8371=DIRECTION('',(1.,0.,0.));
#8372=DIRECTION('',(0.,0.,-1.));
#8373=DIRECTION('',(0.,0.,-1.));
#8374=DIRECTION('',(0.,1.,0.));
#8375=DIRECTION('',(1.,0.,0.));
#8376=DIRECTION('',(0.,0.,-1.));
#8377=DIRECTION('',(0.,0.,1.));
#8378=DIRECTION('',(1.,0.,0.));
#8379=DIRECTION('',(0.,0.,-1.));
#8380=DIRECTION('',(1.,0.,0.));
#8381=DIRECTION('',(0.,0.,-1.));
#8382=DIRECTION('',(1.,0.,0.));
#8383=DIRECTION('',(0.,0.,-1.));
#8384=DIRECTION('',(0.,0.,1.));
#8385=DIRECTION('',(1.,0.,0.));
#8386=DIRECTION('',(0.,0.,-1.));
#8387=DIRECTION('',(0.,1.,0.));
#8388=DIRECTION('',(0.,0.,-1.));
#8389=DIRECTION('',(1.,0.,0.));
#8390=DIRECTION('',(0.,0.,-1.));
#8391=DIRECTION('',(0.,0.,-1.));
#8392=DIRECTION('',(1.,0.,0.));
#8393=DIRECTION('',(0.,0.,-1.));
#8394=DIRECTION('',(-1.,0.,0.));
#8395=DIRECTION('',(0.,0.,1.));
#8396=DIRECTION('',(-1.,0.,0.));
#8397=DIRECTION('',(0.,1.,0.));
#8398=DIRECTION('',(0.,0.,1.));
#8399=DIRECTION('',(-1.,0.,0.));
#8400=DIRECTION('',(-1.,0.,0.));
#8401=DIRECTION('',(0.,0.,1.));
#8402=DIRECTION('',(0.,1.,0.));
#8403=DIRECTION('',(0.,0.,1.));
#8404=DIRECTION('',(-1.,0.,0.));
#8405=DIRECTION('',(0.,0.,1.));
#8406=DIRECTION('',(1.,0.,0.));
#8407=DIRECTION('',(-1.,0.,0.));
#8408=DIRECTION('',(-1.,0.,0.));
#8409=DIRECTION('',(0.,0.,1.));
#8410=DIRECTION('',(-1.,0.,0.));
#8411=DIRECTION('',(0.,-1.,0.));
#8412=DIRECTION('',(0.,0.,-1.));
#8413=DIRECTION('',(-1.,0.,0.));
#8414=DIRECTION('',(-1.,0.,0.));
#8415=DIRECTION('',(0.,0.,1.));
#8416=DIRECTION('',(0.,0.,-1.));
#8417=DIRECTION('',(-1.,0.,0.));
#8418=DIRECTION('',(0.,-1.,0.));
#8419=DIRECTION('',(0.,-1.,0.));
#8420=DIRECTION('',(-1.,0.,0.));
#8421=DIRECTION('',(0.,0.,-1.));
#8422=DIRECTION('',(-1.,0.,0.));
#8423=DIRECTION('',(0.,-1.,0.));
#8424=DIRECTION('',(0.,-1.,0.));
#8425=DIRECTION('',(-1.,0.,0.));
#8426=DIRECTION('',(0.,0.,1.));
#8427=DIRECTION('',(1.,0.,0.));
#8428=DIRECTION('',(0.,1.,0.));
#8429=DIRECTION('',(0.,1.,0.));
#8430=DIRECTION('',(-1.,0.,0.));
#8431=DIRECTION('',(1.,0.,0.));
#8432=DIRECTION('',(0.,0.,-1.));
#8433=DIRECTION('',(1.,0.,0.));
#8434=DIRECTION('',(0.,0.,-1.));
#8435=DIRECTION('',(0.,0.,-1.));
#8436=DIRECTION('',(1.,0.,0.));
#8437=DIRECTION('',(0.,0.,-1.));
#8438=DIRECTION('',(0.,1.,0.));
#8439=DIRECTION('',(0.,0.,1.));
#8440=DIRECTION('',(1.,0.,0.));
#8441=DIRECTION('',(0.,0.,-1.));
#8442=DIRECTION('',(0.,0.,1.));
#8443=DIRECTION('',(1.,0.,0.));
#8444=DIRECTION('',(0.,0.,-1.));
#8445=DIRECTION('',(1.,0.,0.));
#8446=DIRECTION('',(0.,0.,-1.));
#8447=DIRECTION('',(1.,0.,0.));
#8448=DIRECTION('',(0.,0.,-1.));
#8449=DIRECTION('',(0.,0.,1.));
#8450=DIRECTION('',(1.,0.,0.));
#8451=DIRECTION('',(0.,0.,-1.));
#8452=DIRECTION('',(0.,0.,1.));
#8453=DIRECTION('',(0.,1.,0.));
#8454=DIRECTION('',(1.,0.,0.));
#8455=DIRECTION('',(0.,0.,-1.));
#8456=DIRECTION('',(0.,0.,-1.));
#8457=DIRECTION('',(1.,0.,0.));
#8458=DIRECTION('',(0.,0.,-1.));
#8459=DIRECTION('',(-1.,0.,0.));
#8460=DIRECTION('',(0.,0.,1.));
#8461=DIRECTION('',(-1.,0.,0.));
#8462=DIRECTION('',(0.,1.,0.));
#8463=DIRECTION('',(0.,0.,1.));
#8464=DIRECTION('',(-1.,0.,0.));
#8465=DIRECTION('',(-1.,0.,0.));
#8466=DIRECTION('',(0.,0.,1.));
#8467=DIRECTION('',(-1.,0.,0.));
#8468=DIRECTION('',(0.,0.,1.));
#8469=DIRECTION('',(1.,0.,0.));
#8470=DIRECTION('',(-1.,0.,0.));
#8471=DIRECTION('',(0.,-1.,0.));
#8472=DIRECTION('',(0.,0.,-1.));
#8473=DIRECTION('',(-1.,0.,0.));
#8474=DIRECTION('',(0.,0.,1.));
#8475=DIRECTION('',(-1.,0.,0.));
#8476=DIRECTION('',(0.,-1.,0.));
#8477=DIRECTION('',(0.,0.,-1.));
#8478=DIRECTION('',(-1.,0.,0.));
#8479=DIRECTION('',(-1.,0.,0.));
#8480=DIRECTION('',(0.,0.,1.));
#8481=DIRECTION('',(0.,0.,-1.));
#8482=DIRECTION('',(-1.,0.,0.));
#8483=DIRECTION('',(0.,-1.,0.));
#8484=DIRECTION('',(0.,-1.,0.));
#8485=DIRECTION('',(-1.,0.,0.));
#8486=DIRECTION('',(0.,0.,1.));
#8487=DIRECTION('',(1.,0.,0.));
#8488=DIRECTION('',(0.,1.,0.));
#8489=DIRECTION('',(0.,1.,0.));
#8490=DIRECTION('',(-1.,0.,0.));
#8491=DIRECTION('',(0.,0.,-1.));
#8492=DIRECTION('',(-1.,0.,0.));
#8493=DIRECTION('',(0.,-1.,0.));
#8494=DIRECTION('',(0.,-1.,0.));
#8495=DIRECTION('',(-1.,0.,0.));
#8496=DIRECTION('',(1.,0.,0.));
#8497=DIRECTION('',(0.,0.,-1.));
#8498=DIRECTION('',(1.,0.,0.));
#8499=DIRECTION('',(0.,0.,-1.));
#8500=DIRECTION('',(0.,0.,-1.));
#8501=DIRECTION('',(1.,0.,0.));
#8502=DIRECTION('',(0.,0.,-1.));
#8503=DIRECTION('',(0.,0.,-1.));
#8504=DIRECTION('',(0.,1.,0.));
#8505=DIRECTION('',(1.,0.,0.));
#8506=DIRECTION('',(0.,0.,-1.));
#8507=DIRECTION('',(0.,0.,1.));
#8508=DIRECTION('',(1.,0.,0.));
#8509=DIRECTION('',(0.,0.,-1.));
#8510=DIRECTION('',(1.,0.,0.));
#8511=DIRECTION('',(0.,0.,-1.));
#8512=DIRECTION('',(1.,0.,0.));
#8513=DIRECTION('',(0.,0.,-1.));
#8514=DIRECTION('',(0.,0.,1.));
#8515=DIRECTION('',(1.,0.,0.));
#8516=DIRECTION('',(0.,0.,-1.));
#8517=DIRECTION('',(0.,1.,0.));
#8518=DIRECTION('',(0.,0.,-1.));
#8519=DIRECTION('',(1.,0.,0.));
#8520=DIRECTION('',(0.,0.,-1.));
#8521=DIRECTION('',(0.,0.,-1.));
#8522=DIRECTION('',(1.,0.,0.));
#8523=DIRECTION('',(0.,0.,-1.));
#8524=DIRECTION('',(-1.,0.,0.));
#8525=DIRECTION('',(0.,0.,1.));
#8526=DIRECTION('',(-1.,0.,0.));
#8527=DIRECTION('',(0.,1.,0.));
#8528=DIRECTION('',(0.,0.,1.));
#8529=DIRECTION('',(-1.,0.,0.));
#8530=DIRECTION('',(-1.,0.,0.));
#8531=DIRECTION('',(0.,0.,1.));
#8532=DIRECTION('',(0.,1.,0.));
#8533=DIRECTION('',(0.,0.,1.));
#8534=DIRECTION('',(-1.,0.,0.));
#8535=DIRECTION('',(0.,0.,1.));
#8536=DIRECTION('',(1.,0.,0.));
#8537=DIRECTION('',(-1.,0.,0.));
#8538=DIRECTION('',(-1.,0.,0.));
#8539=DIRECTION('',(0.,0.,1.));
#8540=DIRECTION('',(-1.,0.,0.));
#8541=DIRECTION('',(0.,-1.,0.));
#8542=DIRECTION('',(0.,0.,-1.));
#8543=DIRECTION('',(-1.,0.,0.));
#8544=DIRECTION('',(-1.,0.,0.));
#8545=DIRECTION('',(0.,0.,1.));
#8546=DIRECTION('',(0.,0.,-1.));
#8547=DIRECTION('',(-1.,0.,0.));
#8548=DIRECTION('',(0.,-1.,0.));
#8549=DIRECTION('',(0.,-1.,0.));
#8550=DIRECTION('',(-1.,0.,0.));
#8551=DIRECTION('',(0.,0.,-1.));
#8552=DIRECTION('',(-1.,0.,0.));
#8553=DIRECTION('',(0.,-1.,0.));
#8554=DIRECTION('',(0.,-1.,0.));
#8555=DIRECTION('',(-1.,0.,0.));
#8556=DIRECTION('',(0.,0.,1.));
#8557=DIRECTION('',(1.,0.,0.));
#8558=DIRECTION('',(0.,1.,0.));
#8559=DIRECTION('',(0.,1.,0.));
#8560=DIRECTION('',(-1.,0.,0.));
#8561=DIRECTION('',(1.,0.,0.));
#8562=DIRECTION('',(0.,0.,-1.));
#8563=DIRECTION('',(1.,0.,0.));
#8564=DIRECTION('',(0.,0.,-1.));
#8565=DIRECTION('',(0.,0.,-1.));
#8566=DIRECTION('',(1.,0.,0.));
#8567=DIRECTION('',(0.,0.,-1.));
#8568=DIRECTION('',(0.,1.,0.));
#8569=DIRECTION('',(0.,0.,1.));
#8570=DIRECTION('',(1.,0.,0.));
#8571=DIRECTION('',(0.,0.,-1.));
#8572=DIRECTION('',(0.,0.,1.));
#8573=DIRECTION('',(1.,0.,0.));
#8574=DIRECTION('',(0.,0.,-1.));
#8575=DIRECTION('',(1.,0.,0.));
#8576=DIRECTION('',(0.,0.,-1.));
#8577=DIRECTION('',(1.,0.,0.));
#8578=DIRECTION('',(0.,0.,-1.));
#8579=DIRECTION('',(0.,0.,1.));
#8580=DIRECTION('',(1.,0.,0.));
#8581=DIRECTION('',(0.,0.,-1.));
#8582=DIRECTION('',(0.,0.,1.));
#8583=DIRECTION('',(0.,1.,0.));
#8584=DIRECTION('',(1.,0.,0.));
#8585=DIRECTION('',(0.,0.,-1.));
#8586=DIRECTION('',(0.,0.,-1.));
#8587=DIRECTION('',(1.,0.,0.));
#8588=DIRECTION('',(0.,0.,-1.));
#8589=DIRECTION('',(-1.,0.,0.));
#8590=DIRECTION('',(0.,0.,1.));
#8591=DIRECTION('',(-1.,0.,0.));
#8592=DIRECTION('',(0.,1.,0.));
#8593=DIRECTION('',(0.,0.,1.));
#8594=DIRECTION('',(-1.,0.,0.));
#8595=DIRECTION('',(-1.,0.,0.));
#8596=DIRECTION('',(0.,0.,1.));
#8597=DIRECTION('',(-1.,0.,0.));
#8598=DIRECTION('',(0.,0.,1.));
#8599=DIRECTION('',(1.,0.,0.));
#8600=DIRECTION('',(-1.,0.,0.));
#8601=DIRECTION('',(0.,-1.,0.));
#8602=DIRECTION('',(0.,0.,-1.));
#8603=DIRECTION('',(-1.,0.,0.));
#8604=DIRECTION('',(0.,0.,1.));
#8605=DIRECTION('',(-1.,0.,0.));
#8606=DIRECTION('',(0.,-1.,0.));
#8607=DIRECTION('',(0.,0.,-1.));
#8608=DIRECTION('',(-1.,0.,0.));
#8609=DIRECTION('',(-1.,0.,0.));
#8610=DIRECTION('',(0.,0.,1.));
#8611=DIRECTION('',(0.,0.,-1.));
#8612=DIRECTION('',(-1.,0.,0.));
#8613=DIRECTION('',(0.,0.,1.));
#8614=DIRECTION('',(1.,0.,0.));
#8615=DIRECTION('',(0.,0.,1.));
#8616=DIRECTION('',(1.,0.,0.));
#8617=DIRECTION('',(0.,0.,-1.));
#8618=DIRECTION('',(-1.,0.,0.));
#8619=DIRECTION('',(0.,0.,1.));
#8620=DIRECTION('',(1.,0.,0.));
#8621=DIRECTION('',(0.,0.,1.));
#8622=DIRECTION('',(1.,0.,0.));
#8623=DIRECTION('',(-1.,0.,0.));
#8624=DIRECTION('',(0.,0.,1.));
#8625=DIRECTION('',(0.,1.,0.));
#8626=DIRECTION('',(0.,0.,-1.));
#8627=DIRECTION('',(0.,1.,0.));
#8628=DIRECTION('',(0.,0.,1.));
#8629=DIRECTION('',(1.,0.,0.));
#8630=DIRECTION('',(0.,0.,-1.));
#8631=DIRECTION('',(1.,0.,0.));
#8632=DIRECTION('',(0.,0.,-1.));
#8633=DIRECTION('',(0.,-1.,0.));
#8634=DIRECTION('',(0.,0.,1.));
#8635=DIRECTION('',(1.,0.,0.));
#8636=DIRECTION('',(0.,0.,1.));
#8637=DIRECTION('',(1.,0.,0.));
#8638=DIRECTION('',(0.,0.,-1.));
#8639=DIRECTION('',(-1.,0.,0.));
#8640=DIRECTION('',(-1.,0.,0.));
#8641=DIRECTION('',(0.,-1.,0.));
#8642=DIRECTION('',(0.,0.,-1.));
#8643=DIRECTION('',(-1.,0.,0.));
#8644=DIRECTION('',(0.,1.,0.));
#8645=DIRECTION('',(0.,0.,1.));
#8646=DIRECTION('',(-1.,0.,0.));
#8647=DIRECTION('',(0.,0.,1.));
#8648=DIRECTION('',(0.,0.,-1.));
#8649=DIRECTION('',(0.,0.,-1.));
#8650=DIRECTION('',(-1.,0.,0.));
#8651=DIRECTION('',(0.,0.,-1.));
#8652=DIRECTION('',(-1.,0.,0.));
#8653=DIRECTION('',(0.,0.,-1.));
#8654=DIRECTION('',(-1.,0.,0.));
#8655=DIRECTION('',(0.,0.,-1.));
#8656=DIRECTION('',(-1.,0.,0.));
#8657=DIRECTION('',(0.,0.,-1.));
#8658=DIRECTION('',(0.,0.,-1.));
#8659=DIRECTION('',(-1.,0.,0.));
#8660=DIRECTION('',(0.,0.,-1.));
#8661=DIRECTION('',(0.,0.,-1.));
#8662=DIRECTION('',(-1.,0.,0.));
#8663=DIRECTION('',(0.,0.707106781186548,0.707106781186548));
#8664=DIRECTION('',(0.,0.707106781186548,-0.707106781186548));
#8665=DIRECTION('',(0.,0.,1.));
#8666=DIRECTION('',(1.,0.,0.));
#8667=DIRECTION('',(0.,-0.707106781186548,0.707106781186548));
#8668=DIRECTION('',(0.,-0.707106781186547,-0.707106781186548));
#8669=DIRECTION('',(0.,0.,1.));
#8670=DIRECTION('',(1.,0.,0.));
#8671=DIRECTION('',(1.,0.,0.));
#8672=DIRECTION('',(0.,-1.,0.));
#8673=DIRECTION('',(0.,0.,1.));
#8674=DIRECTION('',(1.,0.,0.));
#8675=DIRECTION('',(0.,-1.,0.));
#8676=DIRECTION('',(0.,0.,1.));
#8677=DIRECTION('',(1.,0.,0.));
#8678=DIRECTION('',(-1.,0.,0.));
#8679=DIRECTION('',(0.,0.,1.));
#8680=DIRECTION('',(1.,0.,0.));
#8681=DIRECTION('',(-1.,0.,0.));
#8682=DIRECTION('',(0.,0.,1.));
#8683=DIRECTION('',(1.,0.,0.));
#8684=DIRECTION('',(0.,0.,1.));
#8685=DIRECTION('',(1.,0.,0.));
#8686=DIRECTION('',(-1.,0.,0.));
#8687=DIRECTION('',(0.,-1.,0.));
#8688=DIRECTION('',(0.,0.,1.));
#8689=DIRECTION('',(1.,0.,0.));
#8690=DIRECTION('',(0.,-1.,0.));
#8691=DIRECTION('',(0.,0.,-1.));
#8692=DIRECTION('',(-1.,0.,0.));
#8693=DIRECTION('',(0.,-1.,0.));
#8694=DIRECTION('',(0.,0.,-1.));
#8695=DIRECTION('',(-1.,0.,0.));
#8696=DIRECTION('',(0.,-1.,0.));
#8697=DIRECTION('',(0.,1.,0.));
#8698=DIRECTION('',(-1.,0.,0.));
#8699=DIRECTION('',(0.,0.,-1.));
#8700=DIRECTION('',(-1.,0.,0.));
#8701=DIRECTION('',(-1.,0.,0.));
#8702=DIRECTION('',(-1.,0.,0.));
#8703=DIRECTION('',(0.,-1.,0.));
#8704=DIRECTION('',(0.,-1.,0.));
#8705=DIRECTION('',(0.,0.,-1.));
#8706=DIRECTION('',(-1.,0.,0.));
#8707=DIRECTION('',(0.,-1.,0.));
#8708=DIRECTION('',(0.,-1.,0.));
#8709=DIRECTION('',(0.,0.,-1.));
#8710=DIRECTION('',(-1.,0.,0.));
#8711=DIRECTION('',(-1.,0.,0.));
#8712=DIRECTION('',(0.,0.,-1.));
#8713=DIRECTION('',(-1.,0.,0.));
#8714=DIRECTION('',(-1.,0.,0.));
#8715=DIRECTION('',(0.,0.,-1.));
#8716=DIRECTION('',(-1.,0.,0.));
#8717=DIRECTION('',(0.,-1.,0.));
#8718=DIRECTION('',(0.,0.,-1.));
#8719=DIRECTION('',(-1.,0.,0.));
#8720=DIRECTION('',(0.707106781186548,0.,0.707106781186548));
#8721=DIRECTION('',(0.707106781186548,0.,-0.707106781186548));
#8722=DIRECTION('',(-0.707106781186548,0.,0.707106781186548));
#8723=DIRECTION('',(0.707106781186548,0.,0.707106781186548));
#8724=DIRECTION('',(0.707106781186548,0.,-0.707106781186548));
#8725=DIRECTION('',(0.707106781186548,0.,0.707106781186548));
#8726=DIRECTION('',(0.707106781186548,0.,-0.707106781186548));
#8727=DIRECTION('',(0.707106781186548,0.,-0.707106781186548));
#8728=DIRECTION('',(0.707106781186548,0.,0.707106781186548));
#8729=DIRECTION('',(0.707106781186548,0.,-0.707106781186548));
#8730=DIRECTION('',(-0.707106781186548,0.,0.707106781186548));
#8731=DIRECTION('',(0.707106781186548,0.,0.707106781186548));
#8732=DIRECTION('',(-0.707106781186548,0.,-0.707106781186548));
#8733=DIRECTION('',(-0.707106781186548,0.,0.707106781186548));
#8734=DIRECTION('',(-0.707106781186548,0.,-0.707106781186548));
#8735=DIRECTION('',(-0.707106781186548,0.,0.707106781186548));
#8736=DIRECTION('',(0.707106781186548,0.,0.707106781186548));
#8737=DIRECTION('',(0.707106781186548,0.,0.707106781186548));
#8738=DIRECTION('',(-0.707106781186548,0.,0.707106781186548));
#8739=DIRECTION('',(-0.707106781186548,0.,-0.707106781186548));
#8740=DIRECTION('',(0.,0.,1.));
#8741=DIRECTION('',(1.,0.,0.));
#8742=DIRECTION('',(-1.,0.,0.));
#8743=DIRECTION('',(-1.,0.,0.));
#8744=DIRECTION('',(0.,0.,1.));
#8745=DIRECTION('',(1.,0.,0.));
#8746=DIRECTION('',(0.,0.707106781186548,0.707106781186548));
#8747=DIRECTION('',(0.,-0.707106781186548,0.707106781186548));
#8748=DIRECTION('',(0.,0.707106781186548,0.707106781186548));
#8749=DIRECTION('',(0.,0.707106781186548,-0.707106781186548));
#8750=DIRECTION('',(0.,-0.707106781186548,0.707106781186548));
#8751=DIRECTION('',(0.,-0.707106781186547,-0.707106781186548));
#8752=DIRECTION('',(0.,-0.707106781186548,0.707106781186548));
#8753=DIRECTION('',(0.,-0.707106781186547,-0.707106781186548));
#8754=DIRECTION('',(0.,-0.707106781186548,0.707106781186548));
#8755=DIRECTION('',(0.,-0.707106781186547,-0.707106781186548));
#8756=DIRECTION('',(0.,-0.707106781186548,0.707106781186548));
#8757=DIRECTION('',(0.,-0.707106781186547,-0.707106781186548));
#8758=DIRECTION('',(0.,-0.707106781186548,0.707106781186548));
#8759=DIRECTION('',(0.,-0.707106781186547,-0.707106781186548));
#8760=DIRECTION('',(0.,0.707106781186548,0.707106781186548));
#8761=DIRECTION('',(0.,-0.707106781186548,0.707106781186548));
#8762=DIRECTION('',(0.,0.707106781186548,0.707106781186548));
#8763=DIRECTION('',(0.,0.707106781186548,-0.707106781186548));
#8764=DIRECTION('',(0.,0.707106781186548,0.707106781186548));
#8765=DIRECTION('',(0.,0.707106781186548,-0.707106781186548));
#8766=DIRECTION('',(0.,0.,-1.));
#8767=DIRECTION('',(-1.,0.,0.));
#8768=DIRECTION('',(0.,0.,-1.));
#8769=DIRECTION('',(-1.,0.,0.));
#8770=DIRECTION('',(0.,1.,0.));
#8771=DIRECTION('',(-1.,0.,0.));
#8772=DIRECTION('',(0.,0.,-1.));
#8773=DIRECTION('',(-1.,0.,0.));
#8774=DIRECTION('',(0.,0.,-1.));
#8775=DIRECTION('',(-1.,0.,0.));
#8776=DIRECTION('',(0.,0.,-1.));
#8777=DIRECTION('',(0.,1.,0.));
#8778=DIRECTION('',(0.,0.,1.));
#8779=DIRECTION('',(0.,0.,-1.));
#8780=DIRECTION('',(-1.,0.,0.));
#8781=DIRECTION('',(0.,0.,1.));
#8782=DIRECTION('',(0.,0.,1.));
#8783=DIRECTION('',(0.,-1.,0.));
#8784=DIRECTION('',(0.,0.,1.));
#8785=DIRECTION('',(0.,-1.,0.));
#8786=DIRECTION('',(0.,0.,-1.));
#8787=DIRECTION('',(0.,0.,1.));
#8788=DIRECTION('',(1.,0.,0.));
#8789=DIRECTION('',(1.,0.,0.));
#8790=DIRECTION('',(0.,0.,-1.));
#8791=DIRECTION('',(0.,0.,1.));
#8792=DIRECTION('',(0.,1.,0.));
#8793=DIRECTION('',(0.,1.,0.));
#8794=DIRECTION('',(0.,0.,1.));
#8795=DIRECTION('',(-1.,0.,0.));
#8796=DIRECTION('',(0.,0.,1.));
#8797=DIRECTION('',(1.,0.,0.));
#8798=DIRECTION('',(0.,0.,-1.));
#8799=DIRECTION('',(-1.,0.,0.));
#8800=DIRECTION('',(0.,0.,-1.));
#8801=DIRECTION('',(-1.,0.,0.));
#8802=DIRECTION('',(0.,0.,-1.));
#8803=DIRECTION('',(-1.,0.,0.));
#8804=DIRECTION('',(0.,0.,-1.));
#8805=DIRECTION('',(-1.,0.,0.));
#8806=DIRECTION('',(0.,0.,1.));
#8807=DIRECTION('',(1.,0.,0.));
#8808=DIRECTION('',(0.,0.,-1.));
#8809=DIRECTION('',(-1.,0.,0.));
#8810=DIRECTION('',(0.,0.,-1.));
#8811=DIRECTION('',(-1.,0.,0.));
#8812=DIRECTION('',(0.,0.,1.));
#8813=DIRECTION('',(1.,0.,0.));
#8814=CARTESIAN_POINT('',(0.,0.,0.));
#8815=CARTESIAN_POINT('',(2.15,2.05,0.));
#8816=CARTESIAN_POINT('',(1.55,-2.10000000000004,0.));
#8817=CARTESIAN_POINT('',(1.65,-2.1,0.));
#8818=CARTESIAN_POINT('',(1.46339745962158,-2.05,0.));
#8819=CARTESIAN_POINT('',(1.65,-2.1,0.));
#8820=CARTESIAN_POINT('',(1.65,-2.20000000000001,0.));
#8821=CARTESIAN_POINT('',(1.65,-2.20000000000001,0.));
#8822=CARTESIAN_POINT('',(2.15,-2.20000000000001,0.));
#8823=CARTESIAN_POINT('',(2.15,2.05,0.));
#8824=CARTESIAN_POINT('',(2.15,-2.,0.));
#8825=CARTESIAN_POINT('',(2.15,-2.,7.105427357601E-15));
#8826=CARTESIAN_POINT('',(2.28,-2.,7.08612316624284E-15));
#8827=CARTESIAN_POINT('',(2.28,-2.,7.08612316624284E-15));
#8828=CARTESIAN_POINT('',(2.28,1.5,7.08612316624284E-15));
#8829=CARTESIAN_POINT('',(2.15,1.5,7.105427357601E-15));
#8830=CARTESIAN_POINT('',(2.15,1.5,7.10152422978005E-15));
#8831=CARTESIAN_POINT('',(2.15,2.05,0.));
#8832=CARTESIAN_POINT('',(2.15,2.05,-1.62630325872826E-16));
#8833=CARTESIAN_POINT('',(2.15,2.05,-1.62630325872826E-16));
#8834=CARTESIAN_POINT('',(-2.15,2.05,-1.62630325872826E-16));
#8835=CARTESIAN_POINT('',(-2.15,2.05,0.));
#8836=CARTESIAN_POINT('',(-2.15,1.5,2.1316282072803E-14));
#8837=CARTESIAN_POINT('',(-2.28,1.5,2.13355862641612E-14));
#8838=CARTESIAN_POINT('',(-2.28,1.5,2.13587827979644E-14));
#8839=CARTESIAN_POINT('',(-2.28,-2.,2.13587827979644E-14));
#8840=CARTESIAN_POINT('',(-2.28,-2.,2.13587827979644E-14));
#8841=CARTESIAN_POINT('',(-2.28,-2.,2.13355862641612E-14));
#8842=CARTESIAN_POINT('',(-2.15,-2.,2.1316282072803E-14));
#8843=CARTESIAN_POINT('',(-2.15,2.05,0.));
#8844=CARTESIAN_POINT('',(-2.15,-2.2,0.));
#8845=CARTESIAN_POINT('',(-2.15,-2.2,0.));
#8846=CARTESIAN_POINT('',(-1.65,-2.2,0.));
#8847=CARTESIAN_POINT('',(-1.65,-2.2,0.));
#8848=CARTESIAN_POINT('',(-1.65,-2.1,0.));
#8849=CARTESIAN_POINT('',(-1.55,-2.10000000000001,0.));
#8850=CARTESIAN_POINT('',(-1.46339745962156,-2.05,0.));
#8851=CARTESIAN_POINT('',(2.15,-2.05,0.));
#8852=CARTESIAN_POINT('',(1.48492424049175,-1.48492424049175,3.3881317890172E-18));
#8853=CARTESIAN_POINT('',(1.33492424049175,-1.48492424049175,3.3881317890172E-18));
#8854=CARTESIAN_POINT('',(-1.48492424049175,-1.48492424049175,3.3881317890172E-18));
#8855=CARTESIAN_POINT('',(-1.63492424049175,-1.48492424049175,3.3881317890172E-18));
#8856=CARTESIAN_POINT('',(0.15,-2.,0.));
#8857=CARTESIAN_POINT('',(0.15,-2.,0.));
#8858=CARTESIAN_POINT('',(0.150000036745845,-1.69336983701611,0.));
#8859=CARTESIAN_POINT('',(-0.15,-2.,0.));
#8860=CARTESIAN_POINT('',(-0.15,-2.,0.));
#8861=CARTESIAN_POINT('',(-0.15,-1.69336942218761,0.));
#8862=CARTESIAN_POINT('',(-0.15,-1.69336942218761,0.));
#8863=CARTESIAN_POINT('',(1.0842021724855E-16,-4.18083472789738E-7,0.));
#8864=CARTESIAN_POINT('',(-1.65882760632222,-0.371875360104721,0.));
#8865=CARTESIAN_POINT('',(-1.56124859136316,-0.350000925064058,0.));
#8866=CARTESIAN_POINT('',(-1.46355666864997,-0.328636391244476,0.));
#8867=CARTESIAN_POINT('',(0.,4.33680868994202E-16,0.));
#8868=CARTESIAN_POINT('',(-0.209900248757758,-1.48524135599957,0.));
#8869=CARTESIAN_POINT('',(-0.209900248757758,1.55,0.));
#8870=CARTESIAN_POINT('',(-0.209900248757758,-1.13068204441896,0.));
#8871=CARTESIAN_POINT('',(0.,0.,0.));
#8872=CARTESIAN_POINT('',(-0.209900248757758,1.13068204441896,0.));
#8873=CARTESIAN_POINT('',(-0.209900248757758,1.55,0.));
#8874=CARTESIAN_POINT('',(-0.209900248757758,1.48524135599957,0.));
#8875=CARTESIAN_POINT('',(-1.0842021724855E-16,6.50521303491303E-16,0.));
#8876=CARTESIAN_POINT('',(-1.46355666864993,0.328636391244663,0.));
#8877=CARTESIAN_POINT('',(-1.56124859136316,0.350000925064058,0.));
#8878=CARTESIAN_POINT('',(-1.65882760632222,0.371875360104721,0.));
#8879=CARTESIAN_POINT('',(0.,4.18083476259185E-7,0.));
#8880=CARTESIAN_POINT('',(1.65882760632222,0.371875360104721,0.));
#8881=CARTESIAN_POINT('',(1.56124859136316,0.350000925064058,0.));
#8882=CARTESIAN_POINT('',(1.46355666864997,0.328636391244476,0.));
#8883=CARTESIAN_POINT('',(-1.0842021724855E-16,6.50521303491303E-16,0.));
#8884=CARTESIAN_POINT('',(0.209900248757758,1.48524135599957,0.));
#8885=CARTESIAN_POINT('',(0.209900248757758,1.55,0.));
#8886=CARTESIAN_POINT('',(0.209900248757758,1.13068204441896,0.));
#8887=CARTESIAN_POINT('',(0.,0.,0.));
#8888=CARTESIAN_POINT('',(0.209900248757758,-1.13068204441896,0.));
#8889=CARTESIAN_POINT('',(0.209900248757758,1.55,0.));
#8890=CARTESIAN_POINT('',(0.209900248757758,-1.48524135599957,0.));
#8891=CARTESIAN_POINT('',(0.,4.33680868994202E-16,0.));
#8892=CARTESIAN_POINT('',(1.46355666864987,-0.32863639124493,0.));
#8893=CARTESIAN_POINT('',(1.56124859136316,-0.350000925064059,0.));
#8894=CARTESIAN_POINT('',(1.65882760632222,-0.371875360104721,0.));
#8895=CARTESIAN_POINT('',(1.0842021724855E-16,-4.18083472789738E-7,0.));
#8896=CARTESIAN_POINT('',(2.25,-2.15,-2.3));
#8897=CARTESIAN_POINT('',(0.,0.,-2.3));
#8898=CARTESIAN_POINT('',(1.15,0.,-2.3));
#8899=CARTESIAN_POINT('',(-1.70000000000001,-1.5,-2.3));
#8900=CARTESIAN_POINT('',(-1.70000000000001,-1.5,-2.3));
#8901=CARTESIAN_POINT('',(-1.70000000000001,-2.15,-2.3));
#8902=CARTESIAN_POINT('',(2.25,-2.15,-2.3));
#8903=CARTESIAN_POINT('',(-2.05,-2.15,-2.29999999999999));
#8904=CARTESIAN_POINT('',(-2.05,-2.05,-2.29999999999999));
#8905=CARTESIAN_POINT('',(-2.15,-2.05,-2.29999999999999));
#8906=CARTESIAN_POINT('',(-2.15,2.6,-2.3));
#8907=CARTESIAN_POINT('',(-2.15,2.05,-2.3));
#8908=CARTESIAN_POINT('',(-2.05,2.05,-2.29999999999999));
#8909=CARTESIAN_POINT('',(-2.05,2.15,-2.29999999999999));
#8910=CARTESIAN_POINT('',(2.25,2.15,-2.3));
#8911=CARTESIAN_POINT('',(-1.7,2.15,-2.3));
#8912=CARTESIAN_POINT('',(-1.7,2.25,-2.3));
#8913=CARTESIAN_POINT('',(-1.7,1.5,-2.3));
#8914=CARTESIAN_POINT('',(-1.55,1.5,-2.3));
#8915=CARTESIAN_POINT('',(-1.55,1.35,-2.3));
#8916=CARTESIAN_POINT('',(-1.55,1.35,-2.3));
#8917=CARTESIAN_POINT('',(1.55,1.35,-2.3));
#8918=CARTESIAN_POINT('',(1.55,1.5,-2.3));
#8919=CARTESIAN_POINT('',(1.7,1.5,-2.3));
#8920=CARTESIAN_POINT('',(1.7,1.5,-2.3));
#8921=CARTESIAN_POINT('',(1.7,2.15,-2.3));
#8922=CARTESIAN_POINT('',(2.25,2.15,-2.3));
#8923=CARTESIAN_POINT('',(2.05,2.15,-2.3));
#8924=CARTESIAN_POINT('',(2.05,2.05,-2.3));
#8925=CARTESIAN_POINT('',(2.15,2.05,-2.3));
#8926=CARTESIAN_POINT('',(2.15,2.6,-2.3));
#8927=CARTESIAN_POINT('',(2.15,-2.05,-2.3));
#8928=CARTESIAN_POINT('',(2.05,-2.05,-2.3));
#8929=CARTESIAN_POINT('',(2.05,-2.15,-2.3));
#8930=CARTESIAN_POINT('',(2.25,-2.15,-2.3));
#8931=CARTESIAN_POINT('',(1.70000000000001,-2.15,-2.3));
#8932=CARTESIAN_POINT('',(1.70000000000001,-2.25,-2.3));
#8933=CARTESIAN_POINT('',(1.70000000000001,-1.5,-2.3));
#8934=CARTESIAN_POINT('',(1.55000000000001,-1.5,-2.3));
#8935=CARTESIAN_POINT('',(1.54999999999999,-1.35,-2.3));
#8936=CARTESIAN_POINT('',(1.54999999999999,-1.35,-2.3));
#8937=CARTESIAN_POINT('',(-1.54999999999999,-1.35,-2.3));
#8938=CARTESIAN_POINT('',(-1.55000000000001,-1.5,-2.3));
#8939=CARTESIAN_POINT('',(2.25,-2.15,-2.2));
#8940=CARTESIAN_POINT('',(-1.70000000000001,-2.15,-2.2));
#8941=CARTESIAN_POINT('',(-1.70000000000001,-2.25,-2.2));
#8942=CARTESIAN_POINT('',(2.25,-2.25,-2.2));
#8943=CARTESIAN_POINT('',(-2.03,-2.25,-2.2));
#8944=CARTESIAN_POINT('',(-2.05,-2.24908902300207,-2.21346720165795));
#8945=CARTESIAN_POINT('',(-2.04333422911194,-2.24969752184849,-2.20898998673821));
#8946=CARTESIAN_POINT('',(-2.03662259310206,-2.25,-2.20446486889321));
#8947=CARTESIAN_POINT('',(-2.03,-2.25,-2.2));
#8948=CARTESIAN_POINT('',(-2.05,-2.24908902300207,-2.21346720165795));
#8949=CARTESIAN_POINT('',(-2.05,-2.15,-2.19999999999999));
#8950=CARTESIAN_POINT('',(2.25,-2.15,-2.2));
#8951=CARTESIAN_POINT('',(1.70000000000001,-2.15,-2.2));
#8952=CARTESIAN_POINT('',(1.70000000000001,-2.25,-2.2));
#8953=CARTESIAN_POINT('',(2.05,-2.15,-2.2));
#8954=CARTESIAN_POINT('',(2.05,-2.24908902300207,-2.21346720165795));
#8955=CARTESIAN_POINT('',(2.05,-2.24908902300207,-2.21346720165795));
#8956=CARTESIAN_POINT('',(2.04333422911193,-2.24969752184849,-2.20898998673821));
#8957=CARTESIAN_POINT('',(2.03662259310206,-2.25,-2.20446486889321));
#8958=CARTESIAN_POINT('',(2.03,-2.25,-2.2));
#8959=CARTESIAN_POINT('',(2.03,-2.25,-2.2));
#8960=CARTESIAN_POINT('',(2.25,-2.25,-2.2));
#8961=CARTESIAN_POINT('',(2.25,-2.25,-0.350000000000003));
#8962=CARTESIAN_POINT('',(2.25,-2.25,-1.45000000000001));
#8963=CARTESIAN_POINT('',(-1.05,-2.25,-1.45000000000001));
#8964=CARTESIAN_POINT('',(-1.55,-2.25,-1.45000000000001));
#8965=CARTESIAN_POINT('',(-1.05,-2.25,-0.350000000000003));
#8966=CARTESIAN_POINT('',(-1.05,-2.25,-1.6));
#8967=CARTESIAN_POINT('',(2.25,-2.25,-1.6));
#8968=CARTESIAN_POINT('',(-1.55,-2.25,-1.6));
#8969=CARTESIAN_POINT('',(-1.55,-2.25,-0.350000000000003));
#8970=CARTESIAN_POINT('',(2.25,-2.25,-1.45000000000001));
#8971=CARTESIAN_POINT('',(1.55,-2.25,-1.45000000000001));
#8972=CARTESIAN_POINT('',(1.05,-2.25,-1.45000000000001));
#8973=CARTESIAN_POINT('',(1.55,-2.25,-0.350000000000003));
#8974=CARTESIAN_POINT('',(1.55,-2.25,-1.6));
#8975=CARTESIAN_POINT('',(2.25,-2.25,-1.6));
#8976=CARTESIAN_POINT('',(1.05,-2.25,-1.6));
#8977=CARTESIAN_POINT('',(1.05,-2.25,-0.350000000000003));
#8978=CARTESIAN_POINT('',(2.25,-2.25,-1.45000000000001));
#8979=CARTESIAN_POINT('',(0.25,-2.25,-1.45000000000001));
#8980=CARTESIAN_POINT('',(-0.25,-2.25,-1.45000000000001));
#8981=CARTESIAN_POINT('',(0.25,-2.25,-0.350000000000003));
#8982=CARTESIAN_POINT('',(0.25,-2.25,-1.6));
#8983=CARTESIAN_POINT('',(2.25,-2.25,-1.6));
#8984=CARTESIAN_POINT('',(-0.25,-2.25,-1.6));
#8985=CARTESIAN_POINT('',(-0.25,-2.25,-0.350000000000003));
#8986=CARTESIAN_POINT('',(-1.70000000000001,-2.25,-2.15));
#8987=CARTESIAN_POINT('',(-1.70000000000001,-2.25,-2.15));
#8988=CARTESIAN_POINT('',(-1.70000000000001,-2.25,-2.15));
#8989=CARTESIAN_POINT('',(-1.55,-2.25,-2.15));
#8990=CARTESIAN_POINT('',(-1.70000000000001,-2.25,-2.15));
#8991=CARTESIAN_POINT('',(-1.05,-2.25,-2.15));
#8992=CARTESIAN_POINT('',(-1.70000000000001,-2.25,-2.15));
#8993=CARTESIAN_POINT('',(-0.25,-2.25,-2.15));
#8994=CARTESIAN_POINT('',(-1.70000000000001,-2.25,-2.15));
#8995=CARTESIAN_POINT('',(0.25,-2.25,-2.15));
#8996=CARTESIAN_POINT('',(-1.70000000000001,-2.25,-2.15));
#8997=CARTESIAN_POINT('',(1.05,-2.25,-2.15));
#8998=CARTESIAN_POINT('',(-1.70000000000001,-2.25,-2.15));
#8999=CARTESIAN_POINT('',(1.55,-2.25,-2.15));
#9000=CARTESIAN_POINT('',(-1.70000000000001,-2.25,-2.15));
#9001=CARTESIAN_POINT('',(1.70000000000001,-2.25,-2.15));
#9002=CARTESIAN_POINT('',(1.70000000000001,-2.25,-2.15));
#9003=CARTESIAN_POINT('',(2.03,-2.25,-2.73));
#9004=CARTESIAN_POINT('',(2.03,-2.25,-0.35));
#9005=CARTESIAN_POINT('',(2.25,-2.25,-0.350000000000003));
#9006=CARTESIAN_POINT('',(-2.03,-2.25,-0.35));
#9007=CARTESIAN_POINT('',(-2.03,-2.25,-2.73));
#9008=CARTESIAN_POINT('',(2.25,2.15,-2.2));
#9009=CARTESIAN_POINT('',(-1.7,2.15,-2.2));
#9010=CARTESIAN_POINT('',(-1.7,2.25,-2.2));
#9011=CARTESIAN_POINT('',(-2.05,2.15,-2.19999999999999));
#9012=CARTESIAN_POINT('',(-2.05,2.24908902300207,-2.21346720165794));
#9013=CARTESIAN_POINT('',(-2.04999999999999,2.24908902300207,-2.21346720165795));
#9014=CARTESIAN_POINT('',(-2.04333422911193,2.24969752184849,-2.20898998673821));
#9015=CARTESIAN_POINT('',(-2.03662259310206,2.25,-2.20446486889321));
#9016=CARTESIAN_POINT('',(-2.03,2.25,-2.2));
#9017=CARTESIAN_POINT('',(-2.03,2.25,-2.2));
#9018=CARTESIAN_POINT('',(2.25,2.25,-2.2));
#9019=CARTESIAN_POINT('',(2.25,2.15,-2.2));
#9020=CARTESIAN_POINT('',(1.7,2.15,-2.2));
#9021=CARTESIAN_POINT('',(1.7,2.25,-2.2));
#9022=CARTESIAN_POINT('',(2.25,2.25,-2.2));
#9023=CARTESIAN_POINT('',(2.03,2.25,-2.2));
#9024=CARTESIAN_POINT('',(2.05,2.24908902300207,-2.21346720165795));
#9025=CARTESIAN_POINT('',(2.04333422911194,2.24969752184849,-2.20898998673821));
#9026=CARTESIAN_POINT('',(2.03662259310206,2.25,-2.20446486889321));
#9027=CARTESIAN_POINT('',(2.03,2.25,-2.2));
#9028=CARTESIAN_POINT('',(2.05,2.24908902300207,-2.21346720165795));
#9029=CARTESIAN_POINT('',(2.05,2.15,-2.2));
#9030=CARTESIAN_POINT('',(2.25,2.25,-2.2));
#9031=CARTESIAN_POINT('',(2.25,2.25,-1.6));
#9032=CARTESIAN_POINT('',(-1.05,2.25,-1.6));
#9033=CARTESIAN_POINT('',(-1.55,2.25,-1.6));
#9034=CARTESIAN_POINT('',(-1.05,2.25,-2.2));
#9035=CARTESIAN_POINT('',(-1.05,2.25,-1.45));
#9036=CARTESIAN_POINT('',(2.25,2.25,-1.45));
#9037=CARTESIAN_POINT('',(-1.55,2.25,-1.45));
#9038=CARTESIAN_POINT('',(-1.55,2.25,-2.2));
#9039=CARTESIAN_POINT('',(2.25,2.25,-1.6));
#9040=CARTESIAN_POINT('',(1.55,2.25,-1.6));
#9041=CARTESIAN_POINT('',(1.05,2.25,-1.6));
#9042=CARTESIAN_POINT('',(1.55,2.25,-2.2));
#9043=CARTESIAN_POINT('',(1.55,2.25,-1.45));
#9044=CARTESIAN_POINT('',(2.25,2.25,-1.45));
#9045=CARTESIAN_POINT('',(1.05,2.25,-1.45));
#9046=CARTESIAN_POINT('',(1.05,2.25,-2.2));
#9047=CARTESIAN_POINT('',(2.25,2.25,-1.6));
#9048=CARTESIAN_POINT('',(0.25,2.25,-1.6));
#9049=CARTESIAN_POINT('',(-0.25,2.25,-1.6));
#9050=CARTESIAN_POINT('',(0.25,2.25,-2.2));
#9051=CARTESIAN_POINT('',(0.25,2.25,-1.45));
#9052=CARTESIAN_POINT('',(2.25,2.25,-1.45));
#9053=CARTESIAN_POINT('',(-0.25,2.25,-1.45));
#9054=CARTESIAN_POINT('',(-0.25,2.25,-2.2));
#9055=CARTESIAN_POINT('',(-1.7,2.25,-2.15));
#9056=CARTESIAN_POINT('',(-1.7,2.25,-2.15));
#9057=CARTESIAN_POINT('',(-2.03,2.25,-2.73));
#9058=CARTESIAN_POINT('',(-2.03,2.25,-1.45));
#9059=CARTESIAN_POINT('',(-2.,2.25,-1.45));
#9060=CARTESIAN_POINT('',(-2.3,2.25,-1.45));
#9061=CARTESIAN_POINT('',(-2.3,2.25,-1.45));
#9062=CARTESIAN_POINT('',(-2.3,2.25,-0.500000000000006));
#9063=CARTESIAN_POINT('',(-2.,2.25,-0.5));
#9064=CARTESIAN_POINT('',(-2.03,2.25,-0.5));
#9065=CARTESIAN_POINT('',(-2.03,2.25,-2.73));
#9066=CARTESIAN_POINT('',(-2.03,2.25,-0.35));
#9067=CARTESIAN_POINT('',(2.25,2.25,-0.35));
#9068=CARTESIAN_POINT('',(2.03,2.25,-0.35));
#9069=CARTESIAN_POINT('',(2.03,2.25,-2.73));
#9070=CARTESIAN_POINT('',(2.03,2.25,-0.5));
#9071=CARTESIAN_POINT('',(2.3,2.25,-0.5));
#9072=CARTESIAN_POINT('',(2.3,2.25,-0.5));
#9073=CARTESIAN_POINT('',(2.3,2.25,-1.45));
#9074=CARTESIAN_POINT('',(2.3,2.25,-1.45));
#9075=CARTESIAN_POINT('',(2.3,2.25,-1.45));
#9076=CARTESIAN_POINT('',(2.03,2.25,-1.45));
#9077=CARTESIAN_POINT('',(2.03,2.25,-2.73));
#9078=CARTESIAN_POINT('',(1.7,2.25,-2.15));
#9079=CARTESIAN_POINT('',(1.7,2.25,-2.15));
#9080=CARTESIAN_POINT('',(1.7,2.25,-2.15));
#9081=CARTESIAN_POINT('',(1.55,2.25,-2.15));
#9082=CARTESIAN_POINT('',(1.7,2.25,-2.15));
#9083=CARTESIAN_POINT('',(1.05,2.25,-2.15));
#9084=CARTESIAN_POINT('',(1.7,2.25,-2.15));
#9085=CARTESIAN_POINT('',(0.25,2.25,-2.15));
#9086=CARTESIAN_POINT('',(1.7,2.25,-2.15));
#9087=CARTESIAN_POINT('',(-0.25,2.25,-2.15));
#9088=CARTESIAN_POINT('',(1.7,2.25,-2.15));
#9089=CARTESIAN_POINT('',(-1.05,2.25,-2.15));
#9090=CARTESIAN_POINT('',(1.7,2.25,-2.15));
#9091=CARTESIAN_POINT('',(-1.55,2.25,-2.15));
#9092=CARTESIAN_POINT('',(1.7,2.25,-2.15));
#9093=CARTESIAN_POINT('',(2.15,-2.05,-0.12));
#9094=CARTESIAN_POINT('',(3.,1.,-0.12));
#9095=CARTESIAN_POINT('',(-2.28,1.,-0.12));
#9096=CARTESIAN_POINT('',(-2.45,1.,-0.12));
#9097=CARTESIAN_POINT('',(-2.28,-2.,-0.119999999999995));
#9098=CARTESIAN_POINT('',(-2.28,1.5,-0.119999999999995));
#9099=CARTESIAN_POINT('',(-2.15,1.5,-0.119999999999997));
#9100=CARTESIAN_POINT('',(-2.15,1.5,-0.119999999999997));
#9101=CARTESIAN_POINT('',(-2.15,-2.05,-0.12));
#9102=CARTESIAN_POINT('',(-2.15,2.05,-0.12));
#9103=CARTESIAN_POINT('',(2.15,2.05,-0.12));
#9104=CARTESIAN_POINT('',(2.15,2.05,-0.12));
#9105=CARTESIAN_POINT('',(2.15,-2.05,-0.12));
#9106=CARTESIAN_POINT('',(2.15,1.5,-0.119999999999997));
#9107=CARTESIAN_POINT('',(2.28,1.5,-0.12));
#9108=CARTESIAN_POINT('',(2.28,1.5,-0.12));
#9109=CARTESIAN_POINT('',(2.28,-2.,-0.12));
#9110=CARTESIAN_POINT('',(2.28,1.,-0.12));
#9111=CARTESIAN_POINT('',(3.,1.,-0.12));
#9112=CARTESIAN_POINT('',(2.45,1.,-0.12));
#9113=CARTESIAN_POINT('',(2.45,0.9,-0.12));
#9114=CARTESIAN_POINT('',(2.45,0.8,-0.12));
#9115=CARTESIAN_POINT('',(2.45,0.8,-0.12));
#9116=CARTESIAN_POINT('',(2.45,-0.8,-0.12));
#9117=CARTESIAN_POINT('',(2.45,-0.9,-0.12));
#9118=CARTESIAN_POINT('',(2.45,-1.,-0.12));
#9119=CARTESIAN_POINT('',(3.,-1.,-0.12));
#9120=CARTESIAN_POINT('',(2.28,-1.,-0.12));
#9121=CARTESIAN_POINT('',(2.28,-2.,-0.12));
#9122=CARTESIAN_POINT('',(2.28,-2.,-0.12));
#9123=CARTESIAN_POINT('',(2.28,-2.,-0.12));
#9124=CARTESIAN_POINT('',(2.15,-2.,-0.119999999999997));
#9125=CARTESIAN_POINT('',(2.15,-2.05,-0.12));
#9126=CARTESIAN_POINT('',(2.15,-2.20000000000001,-0.12));
#9127=CARTESIAN_POINT('',(1.65,-2.20000000000001,-0.12));
#9128=CARTESIAN_POINT('',(1.65,-2.20000000000001,-0.12));
#9129=CARTESIAN_POINT('',(1.65,-2.1,-0.12));
#9130=CARTESIAN_POINT('',(1.65,-2.1,-0.12));
#9131=CARTESIAN_POINT('',(1.55,-2.10000000000004,-0.12));
#9132=CARTESIAN_POINT('',(1.46339745962158,-2.05,-0.12));
#9133=CARTESIAN_POINT('',(2.15,-2.05,-0.12));
#9134=CARTESIAN_POINT('',(-1.46339745962156,-2.05,-0.12));
#9135=CARTESIAN_POINT('',(-1.55,-2.10000000000001,-0.12));
#9136=CARTESIAN_POINT('',(-1.65,-2.1,-0.12));
#9137=CARTESIAN_POINT('',(-1.65,-2.2,-0.12));
#9138=CARTESIAN_POINT('',(-1.65,-2.2,-0.12));
#9139=CARTESIAN_POINT('',(-2.15,-2.2,-0.12));
#9140=CARTESIAN_POINT('',(-2.15,-2.2,-0.12));
#9141=CARTESIAN_POINT('',(-2.15,-2.05,-0.12));
#9142=CARTESIAN_POINT('',(-2.15,-2.,-0.12));
#9143=CARTESIAN_POINT('',(-2.15,-2.,-0.119999999999997));
#9144=CARTESIAN_POINT('',(-2.28,-2.,-0.119999999999995));
#9145=CARTESIAN_POINT('',(-2.28,-2.,-0.119999999999995));
#9146=CARTESIAN_POINT('',(-2.28,-1.,-0.12));
#9147=CARTESIAN_POINT('',(3.,-1.,-0.12));
#9148=CARTESIAN_POINT('',(-2.45,-1.,-0.12));
#9149=CARTESIAN_POINT('',(-2.45,-0.899999999999999,-0.12));
#9150=CARTESIAN_POINT('',(-2.45,-0.799999999999997,-0.12));
#9151=CARTESIAN_POINT('',(-2.45,-0.799999999999997,-0.12));
#9152=CARTESIAN_POINT('',(-2.45,0.799999999999997,-0.12));
#9153=CARTESIAN_POINT('',(-2.45,0.899999999999999,-0.12));
#9154=CARTESIAN_POINT('',(1.9,1.1,-0.12));
#9155=CARTESIAN_POINT('',(2.1,1.1,-0.12));
#9156=CARTESIAN_POINT('',(0.25298221281347,1.55,-0.12));
#9157=CARTESIAN_POINT('',(0.252982212813471,1.4785127662621,-0.12));
#9158=CARTESIAN_POINT('',(0.252982212813471,1.12182886395386,-0.12));
#9159=CARTESIAN_POINT('',(-1.0842021724855E-16,6.50521303491303E-16,-0.12));
#9160=CARTESIAN_POINT('',(1.46355666864997,0.328636391244476,-0.12));
#9161=CARTESIAN_POINT('',(1.56124859136316,0.350000925064058,-0.12));
#9162=CARTESIAN_POINT('',(1.65882760632222,0.371875360104721,-0.12));
#9163=CARTESIAN_POINT('',(0.,4.18083476259185E-7,-0.12));
#9164=CARTESIAN_POINT('',(-1.65882760632222,0.371875360104721,-0.12));
#9165=CARTESIAN_POINT('',(-1.56124859136316,0.350000925064058,-0.12));
#9166=CARTESIAN_POINT('',(-1.46355666864993,0.328636391244663,-0.12));
#9167=CARTESIAN_POINT('',(-1.0842021724855E-16,6.50521303491303E-16,-0.12));
#9168=CARTESIAN_POINT('',(-0.252982212813471,1.4785127662621,-0.12));
#9169=CARTESIAN_POINT('',(-0.25298221281347,1.55,-0.12));
#9170=CARTESIAN_POINT('',(-0.25298221281347,1.12182886395386,-0.12));
#9171=CARTESIAN_POINT('',(0.,0.,-0.12));
#9172=CARTESIAN_POINT('',(-0.25298221281347,-1.12182886395386,-0.12));
#9173=CARTESIAN_POINT('',(-0.25298221281347,1.55,-0.12));
#9174=CARTESIAN_POINT('',(-0.25298221281347,-1.4785127662621,-0.12));
#9175=CARTESIAN_POINT('',(0.,4.33680868994202E-16,-0.12));
#9176=CARTESIAN_POINT('',(-1.46355666864997,-0.328636391244476,-0.12));
#9177=CARTESIAN_POINT('',(-1.56124859136316,-0.350000925064058,-0.12));
#9178=CARTESIAN_POINT('',(-1.65882760632222,-0.371875360104721,-0.12));
#9179=CARTESIAN_POINT('',(1.0842021724855E-16,-4.18083472789738E-7,-0.12));
#9180=CARTESIAN_POINT('',(1.65882760632222,-0.371875360104721,-0.12));
#9181=CARTESIAN_POINT('',(1.56124859136316,-0.350000925064059,-0.12));
#9182=CARTESIAN_POINT('',(1.46355666864987,-0.32863639124493,-0.12));
#9183=CARTESIAN_POINT('',(0.,4.33680868994202E-16,-0.12));
#9184=CARTESIAN_POINT('',(0.252982212813471,-1.4785127662621,-0.12));
#9185=CARTESIAN_POINT('',(0.25298221281347,1.55,-0.12));
#9186=CARTESIAN_POINT('',(0.25298221281347,-1.12182886395386,-0.12));
#9187=CARTESIAN_POINT('',(0.,0.,-0.12));
#9188=CARTESIAN_POINT('',(0.,1.55,-0.07));
#9189=CARTESIAN_POINT('',(0.128571003717472,1.14279022440826,-0.0892223048327139));
#9190=CARTESIAN_POINT('',(0.119366150430429,1.14382582761951,-0.150790219632042));
#9191=CARTESIAN_POINT('',(7.67302195878918E-5,1.15617417955878,-0.249210271769177));
#9192=CARTESIAN_POINT('',(-0.119366300745441,1.14382581070814,-0.150789214229609));
#9193=CARTESIAN_POINT('',(-0.128571003717472,1.14279022440826,-0.0892223048327139));
#9194=CARTESIAN_POINT('',(0.128571003717472,1.14279022440826,-0.089222304832714));
#9195=CARTESIAN_POINT('',(-0.128571003717472,1.14279022440826,-0.0892223048327139));
#9196=CARTESIAN_POINT('',(0.128571003717472,1.55,-0.089222304832714));
#9197=CARTESIAN_POINT('',(0.128571003717472,1.49447967433588,-0.089222304832714));
#9198=CARTESIAN_POINT('',(0.128571003717472,1.49447967433588,-0.0892223048327139));
#9199=CARTESIAN_POINT('',(0.119369129414758,1.49527131723039,-0.150770294289652));
#9200=CARTESIAN_POINT('',(7.25069899867515E-5,1.50472868579832,-0.24922999912493));
#9201=CARTESIAN_POINT('',(-0.1193692201693,1.49527130942273,-0.150769687265544));
#9202=CARTESIAN_POINT('',(-0.128571003717473,1.49447967433589,-0.089222304832714));
#9203=CARTESIAN_POINT('',(-0.128571003717472,1.49447967433588,-0.0892223048327139));
#9204=CARTESIAN_POINT('',(-0.128571003717472,1.55,-0.0892223048327139));
#9205=CARTESIAN_POINT('',(2.71050543121376E-17,1.55,-0.0599999999999998));
#9206=CARTESIAN_POINT('',(0.252982212813471,1.4785127662621,-0.12));
#9207=CARTESIAN_POINT('',(0.225928913505409,1.48314174456991,-0.234066725380974));
#9208=CARTESIAN_POINT('',(0.000166101069317505,1.51685825794622,-0.405933423359216));
#9209=CARTESIAN_POINT('',(-0.225928996636318,1.48314173034573,-0.234066374870286));
#9210=CARTESIAN_POINT('',(-0.25298221281347,1.4785127662621,-0.12));
#9211=CARTESIAN_POINT('',(0.252982212813471,1.12182886395386,-0.12));
#9212=CARTESIAN_POINT('',(0.225899121661263,1.12793633769577,-0.23419233882524));
#9213=CARTESIAN_POINT('',(0.000172623317304927,1.17206361404151,-0.405806851465465));
#9214=CARTESIAN_POINT('',(-0.225898751202774,1.12793642123739,-0.234193900815379));
#9215=CARTESIAN_POINT('',(-0.25298221281347,1.12182886395386,-0.12));
#9216=CARTESIAN_POINT('',(0.,1.55,-0.07));
#9217=CARTESIAN_POINT('',(-0.128571003717472,-1.14279022440826,-0.089222304832714));
#9218=CARTESIAN_POINT('',(-0.119366150430429,-1.14382582761951,-0.150790219632042));
#9219=CARTESIAN_POINT('',(-7.67302195879189E-5,-1.15617417955878,-0.249210271769177));
#9220=CARTESIAN_POINT('',(0.119366300745441,-1.14382581070814,-0.150789214229609));
#9221=CARTESIAN_POINT('',(0.128571003717472,-1.14279022440826,-0.0892223048327138));
#9222=CARTESIAN_POINT('',(-0.128571003717472,-1.14279022440826,-0.0892223048327139));
#9223=CARTESIAN_POINT('',(0.128571003717472,-1.14279022440826,-0.089222304832714));
#9224=CARTESIAN_POINT('',(-0.128571003717472,1.55,-0.0892223048327139));
#9225=CARTESIAN_POINT('',(-0.128571003717472,-1.49447967433588,-0.0892223048327139));
#9226=CARTESIAN_POINT('',(-0.128571003717472,-1.49447967433588,-0.089222304832714));
#9227=CARTESIAN_POINT('',(-0.119369129414758,-1.4952713172304,-0.150770294289652));
#9228=CARTESIAN_POINT('',(-7.25069899867718E-5,-1.50472868579832,-0.24922999912493));
#9229=CARTESIAN_POINT('',(0.1193692201693,-1.49527130942273,-0.150769687265544));
#9230=CARTESIAN_POINT('',(0.128571003717473,-1.49447967433589,-0.0892223048327139));
#9231=CARTESIAN_POINT('',(0.128571003717472,-1.49447967433588,-0.089222304832714));
#9232=CARTESIAN_POINT('',(0.128571003717472,1.55,-0.089222304832714));
#9233=CARTESIAN_POINT('',(2.71050543121376E-17,1.55,-0.0599999999999998));
#9234=CARTESIAN_POINT('',(-0.25298221281347,-1.4785127662621,-0.12));
#9235=CARTESIAN_POINT('',(-0.225928913505409,-1.48314174456992,-0.234066725380974));
#9236=CARTESIAN_POINT('',(-0.000166101069317776,-1.51685825794622,-0.405933423359216));
#9237=CARTESIAN_POINT('',(0.225928996636318,-1.48314173034573,-0.234066374870287));
#9238=CARTESIAN_POINT('',(0.25298221281347,-1.4785127662621,-0.12));
#9239=CARTESIAN_POINT('',(-0.25298221281347,-1.12182886395386,-0.12));
#9240=CARTESIAN_POINT('',(-0.225899121661263,-1.12793633769577,-0.234192338825239));
#9241=CARTESIAN_POINT('',(-0.000172623317304941,-1.17206361404151,-0.405806851465465));
#9242=CARTESIAN_POINT('',(0.225898751202774,-1.12793642123739,-0.234193900815379));
#9243=CARTESIAN_POINT('',(0.252982212813471,-1.12182886395386,-0.12));
#9244=CARTESIAN_POINT('',(0.,0.,-0.12));
#9245=CARTESIAN_POINT('',(0.128571003717472,-1.14279022440826,-0.089222304832714));
#9246=CARTESIAN_POINT('',(0.1331869104795,-1.14227090620551,-0.0457819604418914));
#9247=CARTESIAN_POINT('',(0.167771271582173,-1.13850288391472,-0.00846781961117547));
#9248=CARTESIAN_POINT('',(0.209900248756937,-1.1306820444201,2.02722136605638E-12));
#9249=CARTESIAN_POINT('',(0.209900248757758,1.13068204441896,0.));
#9250=CARTESIAN_POINT('',(0.167769584956435,1.13850319701962,-0.00846815862077112));
#9251=CARTESIAN_POINT('',(0.133187354121796,1.14227085629299,-0.0457777853198392));
#9252=CARTESIAN_POINT('',(0.128571003717472,1.14279022440826,-0.089222304832714));
#9253=CARTESIAN_POINT('',(-0.128571003717472,1.14279022440826,-0.0892223048327139));
#9254=CARTESIAN_POINT('',(-0.1331869104795,1.14227090620551,-0.0457819604418913));
#9255=CARTESIAN_POINT('',(-0.167771271582173,1.13850288391472,-0.0084678196111755));
#9256=CARTESIAN_POINT('',(-0.209900248756937,1.1306820444201,2.02720611904974E-12));
#9257=CARTESIAN_POINT('',(-0.209900248757758,-1.13068204441896,0.));
#9258=CARTESIAN_POINT('',(-0.167769584956435,-1.13850319701962,-0.00846815862077111));
#9259=CARTESIAN_POINT('',(-0.133187354121796,-1.14227085629299,-0.0457777853198391));
#9260=CARTESIAN_POINT('',(-0.128571003717472,-1.14279022440826,-0.0892223048327139));
#9261=CARTESIAN_POINT('',(-1.0842021724855E-16,6.50521303491303E-16,-0.12));
#9262=CARTESIAN_POINT('',(0.209900248757758,1.48524135599957,0.));
#9263=CARTESIAN_POINT('',(0.16757929256311,1.49122232279465,-0.00850640691846241));
#9264=CARTESIAN_POINT('',(0.133176409400015,1.4940834684618,-0.0458807861706383));
#9265=CARTESIAN_POINT('',(0.12857100371345,1.49447967433987,-0.0892223048310683));
#9266=CARTESIAN_POINT('',(1.46355666864997,0.328636391244476,-0.12));
#9267=CARTESIAN_POINT('',(-1.46355666864993,0.328636391244663,-0.12));
#9268=CARTESIAN_POINT('',(-0.128571003717472,1.49447967433588,-0.0892223048327139));
#9269=CARTESIAN_POINT('',(-0.133176148387426,1.49408349091322,-0.0458832425973043));
#9270=CARTESIAN_POINT('',(-0.167580300261816,1.49122218038333,-0.00850620437109277));
#9271=CARTESIAN_POINT('',(-0.20990024875665,1.48524135600045,2.47242802370852E-12));
#9272=CARTESIAN_POINT('',(0.,4.33680868994202E-16,-0.12));
#9273=CARTESIAN_POINT('',(0.128571003717472,-1.49447967433588,-0.089222304832714));
#9274=CARTESIAN_POINT('',(0.133176148387426,-1.49408349091322,-0.0458832425973044));
#9275=CARTESIAN_POINT('',(0.167580300261816,-1.49122218038333,-0.00850620437109274));
#9276=CARTESIAN_POINT('',(0.20990024875665,-1.48524135600045,2.47243914267031E-12));
#9277=CARTESIAN_POINT('',(-0.209900248757758,-1.48524135599957,0.));
#9278=CARTESIAN_POINT('',(-0.16757929256311,-1.49122232279465,-0.00850640691846241));
#9279=CARTESIAN_POINT('',(-0.133176409400015,-1.4940834684618,-0.0458807861706382));
#9280=CARTESIAN_POINT('',(-0.12857100371345,-1.49447967433987,-0.0892223048310682));
#9281=CARTESIAN_POINT('',(-1.46355666864997,-0.328636391244476,-0.12));
#9282=CARTESIAN_POINT('',(1.46355666864987,-0.32863639124493,-0.12));
#9283=CARTESIAN_POINT('',(2.25,2.05,-0.15));
#9284=CARTESIAN_POINT('',(0.,0.,-0.15));
#9285=CARTESIAN_POINT('',(-1.9,0.,-0.15));
#9286=CARTESIAN_POINT('',(1.9,1.1,-0.15));
#9287=CARTESIAN_POINT('',(1.7,1.1,-0.15));
#9288=CARTESIAN_POINT('',(-2.15,2.35,-0.15));
#9289=CARTESIAN_POINT('',(-2.15,2.05,-0.15));
#9290=CARTESIAN_POINT('',(-2.15,-2.05,-0.15));
#9291=CARTESIAN_POINT('',(2.25,-2.05,-0.15));
#9292=CARTESIAN_POINT('',(2.15,-2.05,-0.15));
#9293=CARTESIAN_POINT('',(2.15,2.35,-0.15));
#9294=CARTESIAN_POINT('',(2.15,2.05,-0.15));
#9295=CARTESIAN_POINT('',(2.25,2.05,-0.15));
#9296=CARTESIAN_POINT('',(2.25,-2.05,-0.15));
#9297=CARTESIAN_POINT('',(-2.15,-2.075,-0.25));
#9298=CARTESIAN_POINT('',(-2.25,-2.075,-0.25));
#9299=CARTESIAN_POINT('',(-2.25,-2.05,-0.15));
#9300=CARTESIAN_POINT('',(-2.25,-2.1,-0.35));
#9301=CARTESIAN_POINT('',(2.25,-2.1,-0.35));
#9302=CARTESIAN_POINT('',(-2.23856653614614,-2.1,-0.35));
#9303=CARTESIAN_POINT('',(2.25,-2.1,-0.350000000000003));
#9304=CARTESIAN_POINT('',(2.23856653614614,-2.1,-0.35));
#9305=CARTESIAN_POINT('',(2.25,-2.1,-0.350000000000003));
#9306=CARTESIAN_POINT('',(2.25,-2.1,-0.35));
#9307=CARTESIAN_POINT('',(2.25,-2.05,-0.15));
#9308=CARTESIAN_POINT('',(2.25,-2.075,-0.25));
#9309=CARTESIAN_POINT('',(2.15,-2.075,-0.25));
#9310=CARTESIAN_POINT('',(2.25,2.1,-0.35));
#9311=CARTESIAN_POINT('',(-2.03,2.03,-0.0700000000000041));
#9312=CARTESIAN_POINT('',(-2.23856653614614,2.1,-0.35));
#9313=CARTESIAN_POINT('',(-2.24659877697691,2.06853530604665,-0.224141224186618));
#9314=CARTESIAN_POINT('',(-2.15,2.075,-0.25));
#9315=CARTESIAN_POINT('',(2.15,2.075,-0.25));
#9316=CARTESIAN_POINT('',(2.2465987769769,2.06853530604666,-0.224141224186623));
#9317=CARTESIAN_POINT('',(2.03,2.03,-0.0699999999999919));
#9318=CARTESIAN_POINT('',(2.23856653614614,2.1,-0.35));
#9319=CARTESIAN_POINT('',(2.25,2.1,-0.35));
#9320=CARTESIAN_POINT('',(-2.25,-2.15,-2.2));
#9321=CARTESIAN_POINT('',(-2.25,-2.15,-1.45));
#9322=CARTESIAN_POINT('',(-2.25,0.9,-1.45));
#9323=CARTESIAN_POINT('',(-2.25,-0.9,-1.45));
#9324=CARTESIAN_POINT('',(-2.25,0.9,-2.2));
#9325=CARTESIAN_POINT('',(-2.25,0.9,-0.5));
#9326=CARTESIAN_POINT('',(-2.25,0.9,-0.5));
#9327=CARTESIAN_POINT('',(-2.25,-0.9,-0.5));
#9328=CARTESIAN_POINT('',(-2.25,-0.9,-2.2));
#9329=CARTESIAN_POINT('',(-2.25,2.35,-0.25));
#9330=CARTESIAN_POINT('',(-2.25,2.03,-0.25));
#9331=CARTESIAN_POINT('',(-2.25,2.03,-2.73));
#9332=CARTESIAN_POINT('',(-2.25,2.03,-0.5));
#9333=CARTESIAN_POINT('',(-2.25,-2.15,-0.5));
#9334=CARTESIAN_POINT('',(-2.25,1.5,-0.5));
#9335=CARTESIAN_POINT('',(-2.25,1.5,-2.2));
#9336=CARTESIAN_POINT('',(-2.25,1.5,-1.45));
#9337=CARTESIAN_POINT('',(-2.25,-2.15,-1.45));
#9338=CARTESIAN_POINT('',(-2.25,2.03,-1.45));
#9339=CARTESIAN_POINT('',(-2.25,2.03,-2.73));
#9340=CARTESIAN_POINT('',(-2.25,2.03,-2.2));
#9341=CARTESIAN_POINT('',(-2.25,2.6,-2.2));
#9342=CARTESIAN_POINT('',(-2.25,-2.03,-2.2));
#9343=CARTESIAN_POINT('',(-2.25,-2.03,-2.73));
#9344=CARTESIAN_POINT('',(-2.25,-2.03,-0.35));
#9345=CARTESIAN_POINT('',(-2.25,-2.15,-0.35));
#9346=CARTESIAN_POINT('',(2.25,-2.15,-2.2));
#9347=CARTESIAN_POINT('',(2.25,0.9,-2.2));
#9348=CARTESIAN_POINT('',(2.25,0.9,-1.45));
#9349=CARTESIAN_POINT('',(2.25,0.9,-0.5));
#9350=CARTESIAN_POINT('',(2.25,-2.15,-1.45));
#9351=CARTESIAN_POINT('',(2.25,-0.9,-1.45));
#9352=CARTESIAN_POINT('',(2.25,-0.9,-2.2));
#9353=CARTESIAN_POINT('',(2.25,-0.9,-0.5));
#9354=CARTESIAN_POINT('',(2.25,0.9,-0.5));
#9355=CARTESIAN_POINT('',(2.25,2.03,-2.2));
#9356=CARTESIAN_POINT('',(2.25,2.03,-0.25));
#9357=CARTESIAN_POINT('',(2.25,2.03,-0.5));
#9358=CARTESIAN_POINT('',(2.25,2.35,-0.25));
#9359=CARTESIAN_POINT('',(2.25,-2.15,-0.35));
#9360=CARTESIAN_POINT('',(2.25,-2.03,-0.35));
#9361=CARTESIAN_POINT('',(2.25,-2.03,-2.73));
#9362=CARTESIAN_POINT('',(2.25,-2.03,-2.2));
#9363=CARTESIAN_POINT('',(2.25,2.6,-2.2));
#9364=CARTESIAN_POINT('',(2.25,2.03,-2.2));
#9365=CARTESIAN_POINT('',(2.25,2.03,-2.2));
#9366=CARTESIAN_POINT('',(2.25,2.03,-1.45));
#9367=CARTESIAN_POINT('',(2.25,-2.15,-1.45));
#9368=CARTESIAN_POINT('',(2.25,1.5,-1.45));
#9369=CARTESIAN_POINT('',(2.25,1.5,-2.2));
#9370=CARTESIAN_POINT('',(2.25,1.5,-0.5));
#9371=CARTESIAN_POINT('',(2.25,-2.15,-0.5));
#9372=CARTESIAN_POINT('',(-2.3,2.05,-1.45));
#9373=CARTESIAN_POINT('',(-2.5,2.04999999999999,-1.45));
#9374=CARTESIAN_POINT('',(-2.5,2.04999999999999,-1.45));
#9375=CARTESIAN_POINT('',(-2.5,2.04999999999999,-0.700000000000006));
#9376=CARTESIAN_POINT('',(-2.3,2.05,-0.700000000000006));
#9377=CARTESIAN_POINT('',(-2.3,2.05,-1.45));
#9378=CARTESIAN_POINT('',(-2.3,1.7,-1.45));
#9379=CARTESIAN_POINT('',(-2.3,1.5,-1.45));
#9380=CARTESIAN_POINT('',(-2.3,1.5,-1.45));
#9381=CARTESIAN_POINT('',(-2.3,1.5,-0.5));
#9382=CARTESIAN_POINT('',(-2.3,1.7,-0.700000000000006));
#9383=CARTESIAN_POINT('',(-2.5,1.7,-0.700000000000006));
#9384=CARTESIAN_POINT('',(-2.5,1.70000000000001,-1.45));
#9385=CARTESIAN_POINT('',(-2.5,1.70000000000001,-1.45));
#9386=CARTESIAN_POINT('',(-2.3,1.7,-1.45));
#9387=CARTESIAN_POINT('',(2.3,1.7,-1.45));
#9388=CARTESIAN_POINT('',(2.5,1.7,-1.45));
#9389=CARTESIAN_POINT('',(2.5,1.7,-1.45));
#9390=CARTESIAN_POINT('',(2.5,1.7,-0.7));
#9391=CARTESIAN_POINT('',(2.3,1.7,-0.7));
#9392=CARTESIAN_POINT('',(2.3,1.5,-0.5));
#9393=CARTESIAN_POINT('',(2.3,1.5,-1.45));
#9394=CARTESIAN_POINT('',(2.3,1.5,-1.45));
#9395=CARTESIAN_POINT('',(2.3,1.7,-1.45));
#9396=CARTESIAN_POINT('',(2.3,2.05,-1.45));
#9397=CARTESIAN_POINT('',(2.3,2.05,-0.7));
#9398=CARTESIAN_POINT('',(2.5,2.05,-0.7));
#9399=CARTESIAN_POINT('',(2.5,2.05,-1.45));
#9400=CARTESIAN_POINT('',(2.5,2.05,-1.45));
#9401=CARTESIAN_POINT('',(2.3,2.05,-1.45));
#9402=CARTESIAN_POINT('',(-2.03,2.03,-2.73));
#9403=CARTESIAN_POINT('',(-2.03,2.03,-1.45));
#9404=CARTESIAN_POINT('',(-2.05,2.24908902300207,-2.21346720165793));
#9405=CARTESIAN_POINT('',(-2.09421535143565,2.24505273210718,-2.24316543678391));
#9406=CARTESIAN_POINT('',(-2.20133397093529,2.20177234108923,-2.23662869578178));
#9407=CARTESIAN_POINT('',(-2.24507694186339,2.09395014684343,-2.2429873061552));
#9408=CARTESIAN_POINT('',(-2.24908902300205,2.05000000000019,-2.21346720165806));
#9409=CARTESIAN_POINT('',(-2.24908902300199,2.05,-2.21346720165847));
#9410=CARTESIAN_POINT('',(-2.24908902300204,2.05000000000024,-2.21346720165812));
#9411=CARTESIAN_POINT('',(-2.24969752184848,2.0433342291121,-2.20898998673832));
#9412=CARTESIAN_POINT('',(-2.25,2.03662259310214,-2.20446486889326));
#9413=CARTESIAN_POINT('',(-2.25,2.03,-2.2));
#9414=CARTESIAN_POINT('',(2.03,2.03,-2.73));
#9415=CARTESIAN_POINT('',(2.03,2.03,-1.45));
#9416=CARTESIAN_POINT('',(2.249089023002,2.05000000000077,-2.21346720165847));
#9417=CARTESIAN_POINT('',(2.24969752184847,2.04333422911245,-2.20898998673856));
#9418=CARTESIAN_POINT('',(2.25,2.03662259310231,-2.20446486889338));
#9419=CARTESIAN_POINT('',(2.25,2.03,-2.2));
#9420=CARTESIAN_POINT('',(2.249089023002,2.05000000000077,-2.21346720165847));
#9421=CARTESIAN_POINT('',(2.249089023002,2.05000000000078,-2.21346720165847));
#9422=CARTESIAN_POINT('',(2.24505273210693,2.0942153514367,-2.24316543678335));
#9423=CARTESIAN_POINT('',(2.20177234108875,2.20133397093553,-2.23662869578205));
#9424=CARTESIAN_POINT('',(2.09395014684304,2.24507694186347,-2.24298730615526));
#9425=CARTESIAN_POINT('',(2.05,2.24908902300207,-2.21346720165795));
#9426=CARTESIAN_POINT('',(-2.03,-2.03,-2.73));
#9427=CARTESIAN_POINT('',(-2.24908902300207,-2.04999999999999,-2.21346720165795));
#9428=CARTESIAN_POINT('',(-2.24969752184849,-2.04333422911193,-2.20898998673821));
#9429=CARTESIAN_POINT('',(-2.25,-2.03662259310205,-2.20446486889321));
#9430=CARTESIAN_POINT('',(-2.25,-2.03,-2.2));
#9431=CARTESIAN_POINT('',(-2.24908902300207,-2.05,-2.21346720165794));
#9432=CARTESIAN_POINT('',(-2.24908902300207,-2.05,-2.21346720165794));
#9433=CARTESIAN_POINT('',(-2.24505273210718,-2.09421535143568,-2.24316543678393));
#9434=CARTESIAN_POINT('',(-2.2017723410892,-2.2013339709354,-2.23662869578171));
#9435=CARTESIAN_POINT('',(-2.09395014684318,-2.24507694186345,-2.24298730615533));
#9436=CARTESIAN_POINT('',(-2.05000000000001,-2.24908902300207,-2.21346720165794));
#9437=CARTESIAN_POINT('',(-2.03,-2.03,-0.35));
#9438=CARTESIAN_POINT('',(-2.03,-2.03,-0.35));
#9439=CARTESIAN_POINT('',(2.03,-2.03,-2.73));
#9440=CARTESIAN_POINT('',(2.05,-2.24908902300207,-2.21346720165795));
#9441=CARTESIAN_POINT('',(2.09421535143568,-2.24505273210718,-2.24316543678395));
#9442=CARTESIAN_POINT('',(2.2013339709354,-2.2017723410892,-2.23662869578172));
#9443=CARTESIAN_POINT('',(2.24507694186345,-2.09395014684318,-2.24298730615534));
#9444=CARTESIAN_POINT('',(2.24908902300207,-2.05,-2.21346720165796));
#9445=CARTESIAN_POINT('',(2.24908902300207,-2.05,-2.21346720165796));
#9446=CARTESIAN_POINT('',(2.24908902300207,-2.05,-2.21346720165796));
#9447=CARTESIAN_POINT('',(2.24969752184849,-2.04333422911194,-2.20898998673822));
#9448=CARTESIAN_POINT('',(2.25,-2.03662259310196,-2.20446486889336));
#9449=CARTESIAN_POINT('',(2.25,-2.03,-2.2));
#9450=CARTESIAN_POINT('',(2.03,-2.03,-0.35));
#9451=CARTESIAN_POINT('',(2.03,-2.03,-0.35));
#9452=CARTESIAN_POINT('',(-2.03,2.03,-2.73));
#9453=CARTESIAN_POINT('',(-2.24659877697691,2.06853530604665,-0.224141224186618));
#9454=CARTESIAN_POINT('',(-2.24886401870911,2.05580286302005,-0.232603325504439));
#9455=CARTESIAN_POINT('',(-2.25,2.04278441246819,-0.241380910065467));
#9456=CARTESIAN_POINT('',(-2.25,2.03,-0.25));
#9457=CARTESIAN_POINT('',(-2.03,2.03,-0.35));
#9458=CARTESIAN_POINT('',(-2.03,2.03,-0.5));
#9459=CARTESIAN_POINT('',(-2.15,2.6,-2.2));
#9460=CARTESIAN_POINT('',(-2.15,-2.05,-2.19999999999999));
#9461=CARTESIAN_POINT('',(-2.15,2.05,-2.19999999999999));
#9462=CARTESIAN_POINT('',(2.03,2.03,-2.73));
#9463=CARTESIAN_POINT('',(2.24659877697691,2.06853530604665,-0.224141224186617));
#9464=CARTESIAN_POINT('',(2.24886401870911,2.05580286302005,-0.232603325504438));
#9465=CARTESIAN_POINT('',(2.25,2.04278441246814,-0.241380910065394));
#9466=CARTESIAN_POINT('',(2.25,2.03,-0.25));
#9467=CARTESIAN_POINT('',(2.03,2.03,-0.5));
#9468=CARTESIAN_POINT('',(2.03,2.03,-0.35));
#9469=CARTESIAN_POINT('',(2.15,2.6,-2.2));
#9470=CARTESIAN_POINT('',(2.15,-2.05,-2.2));
#9471=CARTESIAN_POINT('',(2.15,2.05,-2.2));
#9472=CARTESIAN_POINT('',(2.25,-2.1,-0.350000000000003));
#9473=CARTESIAN_POINT('',(2.25,2.25,-0.35));
#9474=CARTESIAN_POINT('',(2.5,-2.,-0.22));
#9475=CARTESIAN_POINT('',(2.5,-2.,-0.22));
#9476=CARTESIAN_POINT('',(2.5,-2.,-0.22));
#9477=CARTESIAN_POINT('',(2.5,-2.,-1.42));
#9478=CARTESIAN_POINT('',(2.5,-2.48,-0.460000000000003));
#9479=CARTESIAN_POINT('',(2.5,-1.8,-1.82));
#9480=CARTESIAN_POINT('',(2.5,-2.,-1.82));
#9481=CARTESIAN_POINT('',(2.5,1.3,-1.82));
#9482=CARTESIAN_POINT('',(2.5,1.28,-1.86));
#9483=CARTESIAN_POINT('',(2.5,1.5,-1.42));
#9484=CARTESIAN_POINT('',(2.5,1.5,-0.22));
#9485=CARTESIAN_POINT('',(2.5,1.5,-0.22));
#9486=CARTESIAN_POINT('',(2.5,-2.,-0.22));
#9487=CARTESIAN_POINT('',(2.5,1.,-0.22));
#9488=CARTESIAN_POINT('',(2.5,1.,-0.22));
#9489=CARTESIAN_POINT('',(2.5,1.,-1.45));
#9490=CARTESIAN_POINT('',(2.5,-2.,-1.45));
#9491=CARTESIAN_POINT('',(2.5,-1.,-1.45));
#9492=CARTESIAN_POINT('',(2.5,-1.,-0.22));
#9493=CARTESIAN_POINT('',(2.5,-1.,-0.22));
#9494=CARTESIAN_POINT('',(2.5,-2.,-0.22));
#9495=CARTESIAN_POINT('',(2.38,-2.,-1.82));
#9496=CARTESIAN_POINT('',(2.38,-2.,-1.82));
#9497=CARTESIAN_POINT('',(2.38,-1.8,-1.82));
#9498=CARTESIAN_POINT('',(2.38,1.3,-1.82));
#9499=CARTESIAN_POINT('',(2.38,-1.84,-1.74));
#9500=CARTESIAN_POINT('',(2.38,-2.,-1.42));
#9501=CARTESIAN_POINT('',(2.38,-2.,-1.82));
#9502=CARTESIAN_POINT('',(2.38,-2.,-0.22));
#9503=CARTESIAN_POINT('',(2.38,-2.,-0.22));
#9504=CARTESIAN_POINT('',(2.38,-1.,-0.22));
#9505=CARTESIAN_POINT('',(2.38,-1.,-1.82));
#9506=CARTESIAN_POINT('',(2.38,-1.,-1.45));
#9507=CARTESIAN_POINT('',(2.38,-2.,-1.45));
#9508=CARTESIAN_POINT('',(2.38,-0.9,-1.45));
#9509=CARTESIAN_POINT('',(2.38,-2.,-1.45));
#9510=CARTESIAN_POINT('',(2.38,0.9,-1.45));
#9511=CARTESIAN_POINT('',(2.38,-2.,-1.45));
#9512=CARTESIAN_POINT('',(2.38,1.,-1.45));
#9513=CARTESIAN_POINT('',(2.38,1.,-1.82));
#9514=CARTESIAN_POINT('',(2.38,1.,-0.22));
#9515=CARTESIAN_POINT('',(2.38,-2.,-0.22));
#9516=CARTESIAN_POINT('',(2.38,1.5,-0.22));
#9517=CARTESIAN_POINT('',(2.38,1.5,-1.82));
#9518=CARTESIAN_POINT('',(2.38,1.5,-1.42));
#9519=CARTESIAN_POINT('',(2.38,0.640000000000001,-3.14));
#9520=CARTESIAN_POINT('',(-2.5,-2.,-1.82));
#9521=CARTESIAN_POINT('',(-2.5,-2.,-1.82));
#9522=CARTESIAN_POINT('',(-2.5,-1.8,-1.82));
#9523=CARTESIAN_POINT('',(-2.5,1.3,-1.82));
#9524=CARTESIAN_POINT('',(-2.5,-1.84,-1.74));
#9525=CARTESIAN_POINT('',(-2.5,-2.,-1.42));
#9526=CARTESIAN_POINT('',(-2.5,-2.,-1.82));
#9527=CARTESIAN_POINT('',(-2.5,-2.,-0.219999999999998));
#9528=CARTESIAN_POINT('',(-2.5,-2.,-0.219999999999998));
#9529=CARTESIAN_POINT('',(-2.5,-1.,-0.219999999999998));
#9530=CARTESIAN_POINT('',(-2.5,-1.,-1.82));
#9531=CARTESIAN_POINT('',(-2.5,-1.,-1.45));
#9532=CARTESIAN_POINT('',(-2.5,-2.,-1.45));
#9533=CARTESIAN_POINT('',(-2.5,1.,-1.45));
#9534=CARTESIAN_POINT('',(-2.5,1.,-1.82));
#9535=CARTESIAN_POINT('',(-2.5,1.,-0.219999999999998));
#9536=CARTESIAN_POINT('',(-2.5,-2.,-0.219999999999998));
#9537=CARTESIAN_POINT('',(-2.5,1.5,-0.219999999999998));
#9538=CARTESIAN_POINT('',(-2.5,1.5,-1.82));
#9539=CARTESIAN_POINT('',(-2.5,1.5,-1.42));
#9540=CARTESIAN_POINT('',(-2.5,0.640000000000001,-3.14));
#9541=CARTESIAN_POINT('',(-2.38,-2.,-0.219999999999998));
#9542=CARTESIAN_POINT('',(-2.38,-2.,-0.219999999999998));
#9543=CARTESIAN_POINT('',(-2.38,-2.,-0.219999999999998));
#9544=CARTESIAN_POINT('',(-2.38,-2.,-1.42));
#9545=CARTESIAN_POINT('',(-2.38,-2.48,-0.460000000000001));
#9546=CARTESIAN_POINT('',(-2.38,-1.8,-1.82));
#9547=CARTESIAN_POINT('',(-2.38,-2.,-1.82));
#9548=CARTESIAN_POINT('',(-2.38,1.3,-1.82));
#9549=CARTESIAN_POINT('',(-2.38,1.28,-1.86));
#9550=CARTESIAN_POINT('',(-2.38,1.5,-1.42));
#9551=CARTESIAN_POINT('',(-2.38,1.5,-0.219999999999998));
#9552=CARTESIAN_POINT('',(-2.38,1.5,-0.219999999999998));
#9553=CARTESIAN_POINT('',(-2.38,-2.,-0.219999999999998));
#9554=CARTESIAN_POINT('',(-2.38,1.,-0.219999999999998));
#9555=CARTESIAN_POINT('',(-2.38,1.,-0.219999999999998));
#9556=CARTESIAN_POINT('',(-2.38,1.,-1.45));
#9557=CARTESIAN_POINT('',(-2.38,-2.,-1.45));
#9558=CARTESIAN_POINT('',(-2.38,0.9,-1.45));
#9559=CARTESIAN_POINT('',(-2.38,-2.,-1.45));
#9560=CARTESIAN_POINT('',(-2.38,-0.9,-1.45));
#9561=CARTESIAN_POINT('',(-2.38,-2.,-1.45));
#9562=CARTESIAN_POINT('',(-2.38,-1.,-1.45));
#9563=CARTESIAN_POINT('',(-2.38,-1.,-0.219999999999998));
#9564=CARTESIAN_POINT('',(-2.38,-1.,-0.219999999999998));
#9565=CARTESIAN_POINT('',(-2.38,-2.,-0.219999999999998));
#9566=CARTESIAN_POINT('',(2.5,-2.,-1.82));
#9567=CARTESIAN_POINT('',(2.5,-1.8,-1.82));
#9568=CARTESIAN_POINT('',(2.5,1.3,-1.82));
#9569=CARTESIAN_POINT('',(-2.38,-2.,-1.82));
#9570=CARTESIAN_POINT('',(-2.38,-1.8,-1.82));
#9571=CARTESIAN_POINT('',(-2.38,1.3,-1.82));
#9572=CARTESIAN_POINT('',(2.28,-2.,-0.219999999999993));
#9573=CARTESIAN_POINT('',(2.28,-2.,-1.42));
#9574=CARTESIAN_POINT('',(2.28,-2.,-0.219999999999993));
#9575=CARTESIAN_POINT('',(2.15,-2.,-0.119999999999997));
#9576=CARTESIAN_POINT('',(2.28,-2.,-0.22));
#9577=CARTESIAN_POINT('',(-2.28,-2.,-0.219999999999978));
#9578=CARTESIAN_POINT('',(-2.28,-2.,-1.42));
#9579=CARTESIAN_POINT('',(-2.28,-2.,-0.219999999999995));
#9580=CARTESIAN_POINT('',(-2.15,-2.,2.1316282072803E-14));
#9581=CARTESIAN_POINT('',(-2.28,-2.,-0.219999999999978));
#9582=CARTESIAN_POINT('',(2.28,1.5,-0.219999999999993));
#9583=CARTESIAN_POINT('',(2.28,1.5,-1.42));
#9584=CARTESIAN_POINT('',(2.28,1.5,-0.22));
#9585=CARTESIAN_POINT('',(2.15,1.5,-0.119999999999997));
#9586=CARTESIAN_POINT('',(2.28,1.5,-0.219999999999993));
#9587=CARTESIAN_POINT('',(-2.28,1.5,-0.219999999999978));
#9588=CARTESIAN_POINT('',(-2.28,1.5,-1.42));
#9589=CARTESIAN_POINT('',(-2.28,1.5,-0.219999999999978));
#9590=CARTESIAN_POINT('',(-2.15,1.5,2.1316282072803E-14));
#9591=CARTESIAN_POINT('',(-2.28,1.5,-0.219999999999995));
#9592=CARTESIAN_POINT('',(2.28,-2.,-0.219999999999993));
#9593=CARTESIAN_POINT('',(2.28,-1.,-0.219999999999993));
#9594=CARTESIAN_POINT('',(2.45,-1.,-0.0803575995623038));
#9595=CARTESIAN_POINT('',(2.45,-0.8,-0.0803575995623038));
#9596=CARTESIAN_POINT('',(2.41217472917281,-0.8,-0.0343092931706384));
#9597=CARTESIAN_POINT('',(2.28785799223228,-0.899577167974029,0.0114029247032211));
#9598=CARTESIAN_POINT('',(2.41211018029817,-1.,-0.0342307116749425));
#9599=CARTESIAN_POINT('',(2.45,-1.,-0.0803575995623039));
#9600=CARTESIAN_POINT('',(2.45,-0.8,-0.0803575995623038));
#9601=CARTESIAN_POINT('',(2.45,-2.,-0.0803575995623038));
#9602=CARTESIAN_POINT('',(2.45,0.8,-0.0803575995623038));
#9603=CARTESIAN_POINT('',(2.45,1.,-0.0803575995623038));
#9604=CARTESIAN_POINT('',(2.41217472917281,1.,-0.0343092931706385));
#9605=CARTESIAN_POINT('',(2.28785799223228,0.900422832025971,0.0114029247032211));
#9606=CARTESIAN_POINT('',(2.41211018029817,0.8,-0.0342307116749426));
#9607=CARTESIAN_POINT('',(2.45,0.8,-0.0803575995623039));
#9608=CARTESIAN_POINT('',(2.45,1.,-0.0803575995623038));
#9609=CARTESIAN_POINT('',(2.28,1.,-0.219999999999993));
#9610=CARTESIAN_POINT('',(2.28,-2.,-0.22));
#9611=CARTESIAN_POINT('',(2.28,-1.,-0.22));
#9612=CARTESIAN_POINT('',(2.28,-2.,-0.22));
#9613=CARTESIAN_POINT('',(2.28,1.,-0.22));
#9614=CARTESIAN_POINT('',(-2.28,-2.,-0.219999999999978));
#9615=CARTESIAN_POINT('',(-2.28,-1.,-0.219999999999978));
#9616=CARTESIAN_POINT('',(-2.45,-1.,-0.0803575995622891));
#9617=CARTESIAN_POINT('',(-2.28,1.,-0.219999999999978));
#9618=CARTESIAN_POINT('',(-2.45,1.,-0.0803575995622891));
#9619=CARTESIAN_POINT('',(-2.45,0.799999999999997,-0.0803575995622891));
#9620=CARTESIAN_POINT('',(-2.41217472917281,0.799999999999998,-0.0343092931706236));
#9621=CARTESIAN_POINT('',(-2.28785799223228,0.899577167974028,0.0114029247032353));
#9622=CARTESIAN_POINT('',(-2.41211018029817,1.,-0.0342307116749276));
#9623=CARTESIAN_POINT('',(-2.45,1.,-0.0803575995622892));
#9624=CARTESIAN_POINT('',(-2.45,0.799999999999997,-0.0803575995622891));
#9625=CARTESIAN_POINT('',(-2.45,-2.,-0.0803575995622891));
#9626=CARTESIAN_POINT('',(-2.45,-0.799999999999997,-0.0803575995622891));
#9627=CARTESIAN_POINT('',(-2.45,-1.,-0.0803575995622891));
#9628=CARTESIAN_POINT('',(-2.41217472917281,-1.,-0.0343092931706237));
#9629=CARTESIAN_POINT('',(-2.28785799223228,-0.90042283202597,0.0114029247032352));
#9630=CARTESIAN_POINT('',(-2.41211018029817,-0.799999999999998,-0.0342307116749277));
#9631=CARTESIAN_POINT('',(-2.45,-0.799999999999997,-0.0803575995622892));
#9632=CARTESIAN_POINT('',(-2.28,-2.,-0.219999999999995));
#9633=CARTESIAN_POINT('',(-2.28,-1.,-0.219999999999995));
#9634=CARTESIAN_POINT('',(-2.28,-2.,-0.219999999999995));
#9635=CARTESIAN_POINT('',(-2.28,1.,-0.219999999999995));
#9636=CARTESIAN_POINT('',(-2.15,-2.05,-0.200000000000001));
#9637=CARTESIAN_POINT('',(-2.15,2.05,-0.2));
#9638=CARTESIAN_POINT('',(-2.15,2.13,-0.2));
#9639=CARTESIAN_POINT('',(-2.15,2.05,-0.200000000000001));
#9640=CARTESIAN_POINT('',(-2.15,2.25,-0.2));
#9641=CARTESIAN_POINT('',(-2.15,2.25,-0.32));
#9642=CARTESIAN_POINT('',(-2.15,2.25,-0.32));
#9643=CARTESIAN_POINT('',(-2.15,2.13,-0.32));
#9644=CARTESIAN_POINT('',(-2.15,2.13,-0.32));
#9645=CARTESIAN_POINT('',(-2.15,2.13,-0.2));
#9646=CARTESIAN_POINT('',(2.15,-2.05,-0.200000000000001));
#9647=CARTESIAN_POINT('',(2.15,-2.20000000000001,-0.12));
#9648=CARTESIAN_POINT('',(2.15,-2.05,-0.200000000000001));
#9649=CARTESIAN_POINT('',(1.46339745962177,-2.04999999999966,0.));
#9650=CARTESIAN_POINT('',(1.45451726423485,-2.0653809495908,2.58716155812726E-14));
#9651=CARTESIAN_POINT('',(1.45,-2.08280093768779,-0.00191005389581132));
#9652=CARTESIAN_POINT('',(1.44999999999999,-2.10000000000002,-0.00635083268951915));
#9653=CARTESIAN_POINT('',(1.45,-2.1,-0.00635083268963005));
#9654=CARTESIAN_POINT('',(-1.45,-2.1,-0.00635083268962943));
#9655=CARTESIAN_POINT('',(-1.45,-2.08280395339573,-0.00191083254836703));
#9656=CARTESIAN_POINT('',(-1.45451567218305,-2.06538370710313,6.09926310107712E-13));
#9657=CARTESIAN_POINT('',(-1.4633974596203,-2.04999999999966,5.84001907970712E-13));
#9658=CARTESIAN_POINT('',(-1.45,-2.1,-0.00635083268962943));
#9659=CARTESIAN_POINT('',(-1.45,-2.05,-0.200000000000001));
#9660=CARTESIAN_POINT('',(-1.45,-2.25,-0.2));
#9661=CARTESIAN_POINT('',(2.15,-2.25,-0.2));
#9662=CARTESIAN_POINT('',(1.45,-2.25,-0.2));
#9663=CARTESIAN_POINT('',(1.45,-2.05,-0.200000000000001));
#9664=CARTESIAN_POINT('',(2.15,-2.25,-0.2));
#9665=CARTESIAN_POINT('',(1.45,-2.25,-0.2));
#9666=CARTESIAN_POINT('',(1.45,-2.25,-0.32));
#9667=CARTESIAN_POINT('',(-1.45,-2.25,-0.2));
#9668=CARTESIAN_POINT('',(-1.45,-2.25,-0.32));
#9669=CARTESIAN_POINT('',(2.15,-2.25,-0.32));
#9670=CARTESIAN_POINT('',(2.15,-2.25,-0.32));
#9671=CARTESIAN_POINT('',(1.45,-2.25,-0.32));
#9672=CARTESIAN_POINT('',(1.45,-2.13,-0.32));
#9673=CARTESIAN_POINT('',(-1.45,-2.25,-0.32));
#9674=CARTESIAN_POINT('',(-1.45,-2.13,-0.32));
#9675=CARTESIAN_POINT('',(2.15,-2.13,-0.32));
#9676=CARTESIAN_POINT('',(2.15,-2.13,-0.32));
#9677=CARTESIAN_POINT('',(1.45,-2.13,-0.32));
#9678=CARTESIAN_POINT('',(1.45,-2.13,-0.2));
#9679=CARTESIAN_POINT('',(-1.45,-2.13,-0.32));
#9680=CARTESIAN_POINT('',(-1.45,-2.13,-0.2));
#9681=CARTESIAN_POINT('',(2.15,-2.13,-0.2));
#9682=CARTESIAN_POINT('',(2.15,-2.05,-0.2));
#9683=CARTESIAN_POINT('',(1.46339745962158,-2.05,-0.12));
#9684=CARTESIAN_POINT('',(1.45393951330772,-2.06638164355085,-0.12));
#9685=CARTESIAN_POINT('',(1.45,-2.0852260315233,-0.125721378533231));
#9686=CARTESIAN_POINT('',(1.45,-2.10000000000002,-0.137550020015992));
#9687=CARTESIAN_POINT('',(1.45,-2.1,-0.137550020016019));
#9688=CARTESIAN_POINT('',(1.45,-2.05,-0.2));
#9689=CARTESIAN_POINT('',(-1.45,-2.05,-0.2));
#9690=CARTESIAN_POINT('',(-1.45,-2.1,-0.137550020016017));
#9691=CARTESIAN_POINT('',(-1.45,-2.1,-0.137550020016017));
#9692=CARTESIAN_POINT('',(-1.45,-2.08523232714811,-0.12572641906716));
#9693=CARTESIAN_POINT('',(-1.45393467598094,-2.06639002204658,-0.119999999999997));
#9694=CARTESIAN_POINT('',(-1.46339745962156,-2.05,-0.119999999999997));
#9695=CARTESIAN_POINT('',(2.15,-2.05,-0.200000000000001));
#9696=CARTESIAN_POINT('',(2.15,2.05,-0.200000000000001));
#9697=CARTESIAN_POINT('',(2.15,2.25,-0.2));
#9698=CARTESIAN_POINT('',(2.15,2.05,-0.2));
#9699=CARTESIAN_POINT('',(2.15,2.13,-0.2));
#9700=CARTESIAN_POINT('',(2.15,2.13,-0.2));
#9701=CARTESIAN_POINT('',(2.15,2.13,-0.32));
#9702=CARTESIAN_POINT('',(2.15,2.13,-0.32));
#9703=CARTESIAN_POINT('',(2.15,2.25,-0.32));
#9704=CARTESIAN_POINT('',(2.15,2.25,-0.32));
#9705=CARTESIAN_POINT('',(-2.15,-2.05,-0.200000000000001));
#9706=CARTESIAN_POINT('',(-2.15,-2.2,-0.12));
#9707=CARTESIAN_POINT('',(2.15,2.05,-0.2));
#9708=CARTESIAN_POINT('',(2.15,2.13,-0.2));
#9709=CARTESIAN_POINT('',(2.15,2.13,-0.2));
#9710=CARTESIAN_POINT('',(2.15,2.13,-0.32));
#9711=CARTESIAN_POINT('',(2.15,2.13,-0.32));
#9712=CARTESIAN_POINT('',(2.15,2.25,-0.32));
#9713=CARTESIAN_POINT('',(2.15,2.25,-0.32));
#9714=CARTESIAN_POINT('',(2.15,2.25,-0.2));
#9715=CARTESIAN_POINT('',(2.15,2.05,-0.200000000000001));
#9716=CARTESIAN_POINT('',(-1.45,-2.40000000000001,0.4));
#9717=CARTESIAN_POINT('',(-1.45,-2.1,0.4));
#9718=CARTESIAN_POINT('',(-1.55,-2.10000000000001,0.4));
#9719=CARTESIAN_POINT('',(-1.65,-2.1,-0.12));
#9720=CARTESIAN_POINT('',(1.45,-2.1,0.4));
#9721=CARTESIAN_POINT('',(1.45,-2.1,0.4));
#9722=CARTESIAN_POINT('',(1.55,-2.10000000000004,0.4));
#9723=CARTESIAN_POINT('',(1.65,-2.1,-0.12));
#9724=CARTESIAN_POINT('',(-2.15,-2.2,-0.12));
#9725=CARTESIAN_POINT('',(-1.65,-2.2,-0.12));
#9726=CARTESIAN_POINT('',(-1.65,-2.2,-0.12));
#9727=CARTESIAN_POINT('',(1.65,-2.1,-0.12));
#9728=CARTESIAN_POINT('',(1.65,-2.20000000000001,-0.12));
#9729=CARTESIAN_POINT('',(1.65,-2.20000000000001,-0.12));
#9730=CARTESIAN_POINT('',(2.45,0.8,-0.12));
#9731=CARTESIAN_POINT('',(2.45,-0.8,-0.12));
#9732=CARTESIAN_POINT('',(2.45,0.8,-0.12));
#9733=CARTESIAN_POINT('',(2.45,-0.9,-0.12));
#9734=CARTESIAN_POINT('',(2.45,-1.,-0.12));
#9735=CARTESIAN_POINT('',(2.45,-1.,-0.12));
#9736=CARTESIAN_POINT('',(3.,-1.,-1.45));
#9737=CARTESIAN_POINT('',(3.,1.,-0.12));
#9738=CARTESIAN_POINT('',(2.45,1.,-0.12));
#9739=CARTESIAN_POINT('',(3.,1.,-1.45));
#9740=CARTESIAN_POINT('',(2.45,0.9,-0.12));
#9741=CARTESIAN_POINT('',(-2.45,1.,-0.12));
#9742=CARTESIAN_POINT('',(3.,1.,-1.45));
#9743=CARTESIAN_POINT('',(-2.45,1.,-0.12));
#9744=CARTESIAN_POINT('',(-3.,-1.,-0.12));
#9745=CARTESIAN_POINT('',(-2.45,-1.,-0.12));
#9746=CARTESIAN_POINT('',(3.,-1.,-1.45));
#9747=CARTESIAN_POINT('',(-2.45,-0.899999999999999,-0.12));
#9748=CARTESIAN_POINT('',(-2.45,-0.799999999999997,-0.12));
#9749=CARTESIAN_POINT('',(-2.45,-0.799999999999997,-0.12));
#9750=CARTESIAN_POINT('',(-2.45,0.799999999999997,-0.12));
#9751=CARTESIAN_POINT('',(-2.45,0.899999999999999,-0.12));
#9752=CARTESIAN_POINT('',(3.,-1.,-1.45));
#9753=CARTESIAN_POINT('',(3.,0.9,-1.45));
#9754=CARTESIAN_POINT('',(-2.49476348052153,0.9,-1.45));
#9755=CARTESIAN_POINT('',(3.,-0.9,-1.45));
#9756=CARTESIAN_POINT('',(-2.49476348052153,-0.9,-1.45));
#9757=CARTESIAN_POINT('',(-2.49476348052153,0.9,-1.45));
#9758=CARTESIAN_POINT('',(3.,-1.,-1.45));
#9759=CARTESIAN_POINT('',(2.49476348052153,0.9,-1.45));
#9760=CARTESIAN_POINT('',(2.49476348052153,0.9,-1.45));
#9761=CARTESIAN_POINT('',(2.49476348052153,0.9,-1.45));
#9762=CARTESIAN_POINT('',(2.49476348052153,-0.9,-1.45));
#9763=CARTESIAN_POINT('',(2.49476348052153,-0.9,-1.45));
#9764=CARTESIAN_POINT('',(3.,1.61,-1.2));
#9765=CARTESIAN_POINT('',(3.,1.61,-1.2));
#9766=CARTESIAN_POINT('',(3.,-1.71,-2.));
#9767=CARTESIAN_POINT('',(3.,-1.71,-2.));
#9768=CARTESIAN_POINT('',(2.03,-2.03,-0.35));
#9769=CARTESIAN_POINT('',(2.03,-2.03,-0.35));
#9770=CARTESIAN_POINT('',(2.05,2.05,-2.2));
#9771=CARTESIAN_POINT('',(-2.05,2.05,-2.19999999999999));
#9772=CARTESIAN_POINT('',(2.05,-2.05,-2.2));
#9773=CARTESIAN_POINT('',(-2.05,-2.05,-2.19999999999999));
#9774=CARTESIAN_POINT('',(2.,1.5,-1.45));
#9775=CARTESIAN_POINT('',(2.,1.5,-0.5));
#9776=CARTESIAN_POINT('',(2.,1.5,-1.45));
#9777=CARTESIAN_POINT('',(2.5,1.7,-1.45));
#9778=CARTESIAN_POINT('',(2.5,1.5,-0.7));
#9779=CARTESIAN_POINT('',(2.5,1.7,-1.45));
#9780=CARTESIAN_POINT('',(2.3,1.7,-1.45));
#9781=CARTESIAN_POINT('',(2.3,1.7,-0.5));
#9782=CARTESIAN_POINT('',(2.3,1.5,-0.5));
#9783=CARTESIAN_POINT('',(-2.3,1.5,-1.45));
#9784=CARTESIAN_POINT('',(-2.3,1.5,-0.5));
#9785=CARTESIAN_POINT('',(-2.3,1.5,-1.45));
#9786=CARTESIAN_POINT('',(-2.5,2.04999999999999,-1.45));
#9787=CARTESIAN_POINT('',(-2.5,1.5,-0.700000000000006));
#9788=CARTESIAN_POINT('',(-2.5,2.04999999999999,-1.45));
#9789=CARTESIAN_POINT('',(-2.3,2.05,-1.45));
#9790=CARTESIAN_POINT('',(-2.3,2.05,-0.5));
#9791=CARTESIAN_POINT('',(-2.3,1.5,-0.500000000000006));
#9792=CARTESIAN_POINT('',(2.3,1.5,-0.7));
#9793=CARTESIAN_POINT('',(-2.3,1.5,-0.700000000000006));
#9794=CARTESIAN_POINT('',(2.15,2.35,-0.25));
#9795=CARTESIAN_POINT('',(-2.15,2.35,-0.25));
#9796=CARTESIAN_POINT('',(1.9,1.1,-0.5));
#9797=CARTESIAN_POINT('',(0.,4.18083476259185E-7,-0.12));
#9798=CARTESIAN_POINT('',(-1.65882760632222,0.371875360104721,-0.12));
#9799=CARTESIAN_POINT('',(1.65882760632222,0.371875360104721,-0.12));
#9800=CARTESIAN_POINT('',(-1.56124859136316,0.350000925064058,-0.12));
#9801=CARTESIAN_POINT('',(1.56124859136316,0.350000925064058,-0.12));
#9802=CARTESIAN_POINT('',(1.56124859136316,-0.350000925064059,-0.12));
#9803=CARTESIAN_POINT('',(1.65882760632222,-0.371875360104721,-0.12));
#9804=CARTESIAN_POINT('',(1.0842021724855E-16,-4.18083472789738E-7,-0.12));
#9805=CARTESIAN_POINT('',(-0.15,-1.69336942218761,0.02));
#9806=CARTESIAN_POINT('',(-0.15,-1.69336942218761,0.02));
#9807=CARTESIAN_POINT('',(1.19262238973405E-15,-2.49366499671666E-14,0.02));
#9808=CARTESIAN_POINT('',(0.15,-1.69336942218761,0.02));
#9809=CARTESIAN_POINT('',(0.15,-1.69336942218761,0.02));
#9810=CARTESIAN_POINT('',(-1.65882760632222,-0.371875360104721,-0.12));
#9811=CARTESIAN_POINT('',(-1.56124859136316,-0.350000925064058,-0.12));
#9812=CARTESIAN_POINT('',(0.,0.,-0.33));
#9813=CARTESIAN_POINT('',(0.,0.,-0.33));
#9814=CARTESIAN_POINT('',(1.9,0.,-0.33));
#9815=CARTESIAN_POINT('',(0.,0.,-0.33));
#9816=CARTESIAN_POINT('',(0.,0.,-0.33));
#9817=CARTESIAN_POINT('',(1.7,0.,-0.33));
#9818=CARTESIAN_POINT('',(0.,0.,-1.12));
#9819=CARTESIAN_POINT('',(0.,0.,-1.12));
#9820=CARTESIAN_POINT('',(1.7,0.,-1.12));
#9821=CARTESIAN_POINT('',(0.,0.,-1.12));
#9822=CARTESIAN_POINT('',(0.23,1.55,-0.1));
#9823=CARTESIAN_POINT('',(-0.23,1.55,-0.1));
#9824=CARTESIAN_POINT('',(-0.23,1.55,-0.1));
#9825=CARTESIAN_POINT('',(0.23,1.55,-0.1));
#9826=CARTESIAN_POINT('',(2.49476348052153,0.9,-1.45));
#9827=CARTESIAN_POINT('',(2.49476348052153,0.9,-1.45));
#9828=CARTESIAN_POINT('',(2.49476348052153,-0.9,-1.45));
#9829=CARTESIAN_POINT('',(2.25,0.9,-0.5));
#9830=CARTESIAN_POINT('',(2.25,-0.9,-0.5));
#9831=CARTESIAN_POINT('',(2.5,-0.9,-1.15));
#9832=CARTESIAN_POINT('',(2.5,0.9,-1.15));
#9833=CARTESIAN_POINT('',(2.5,0.9,-1.15));
#9834=CARTESIAN_POINT('',(2.25,0.9,-0.5));
#9835=CARTESIAN_POINT('',(2.5,0.9,-1.15));
#9836=CARTESIAN_POINT('',(2.5,-0.9,-1.15));
#9837=CARTESIAN_POINT('',(2.5,0.9,-1.15));
#9838=CARTESIAN_POINT('',(0.,0.9,0.));
#9839=CARTESIAN_POINT('',(0.,-0.9,0.));
#9840=CARTESIAN_POINT('',(-2.2,0.9,-1.45));
#9841=CARTESIAN_POINT('',(-2.2,0.9,-1.45));
#9842=CARTESIAN_POINT('',(-2.2,-0.9,-1.45));
#9843=CARTESIAN_POINT('',(0.,0.9,0.));
#9844=CARTESIAN_POINT('',(-2.49476348052153,0.9,-1.45));
#9845=CARTESIAN_POINT('',(-2.5,0.9,-1.15));
#9846=CARTESIAN_POINT('',(-2.5,0.9,-1.15));
#9847=CARTESIAN_POINT('',(0.,-0.9,0.));
#9848=CARTESIAN_POINT('',(-2.5,-0.9,-1.15));
#9849=CARTESIAN_POINT('',(-2.5,-0.9,-1.15));
#9850=CARTESIAN_POINT('',(-2.49476348052153,-0.9,-1.45));
#9851=CARTESIAN_POINT('',(-2.49476348052153,0.9,-1.45));
#9852=CARTESIAN_POINT('',(-2.5,0.9,-1.15));
#9853=CARTESIAN_POINT('',(-2.5,0.9,-1.15));
#9854=CARTESIAN_POINT('',(0.,0.,-1.8));
#9855=CARTESIAN_POINT('',(0.,0.,-1.8));
#9856=CARTESIAN_POINT('',(1.15,0.,-1.8));
#9857=CARTESIAN_POINT('',(0.,0.,-1.8));
#9858=CARTESIAN_POINT('',(-1.7,2.25,-2.15));
#9859=CARTESIAN_POINT('',(-1.7,2.25,-2.15));
#9860=CARTESIAN_POINT('',(-1.7,1.5,-2.15));
#9861=CARTESIAN_POINT('',(-1.7,1.5,-2.15));
#9862=CARTESIAN_POINT('',(1.7,1.5,-2.15));
#9863=CARTESIAN_POINT('',(1.7,1.5,-2.15));
#9864=CARTESIAN_POINT('',(1.7,1.5,-2.15));
#9865=CARTESIAN_POINT('',(1.7,1.5,-2.15));
#9866=CARTESIAN_POINT('',(-1.55,1.5,-2.15));
#9867=CARTESIAN_POINT('',(-1.55,1.5,-2.15));
#9868=CARTESIAN_POINT('',(-1.55,1.35,-2.15));
#9869=CARTESIAN_POINT('',(-1.55,1.35,-2.15));
#9870=CARTESIAN_POINT('',(-1.55,1.35,-2.15));
#9871=CARTESIAN_POINT('',(-1.55,1.35,-2.15));
#9872=CARTESIAN_POINT('',(1.55,1.35,-2.15));
#9873=CARTESIAN_POINT('',(1.55,1.35,-2.15));
#9874=CARTESIAN_POINT('',(1.55,1.5,-2.15));
#9875=CARTESIAN_POINT('',(1.55,1.5,-2.15));
#9876=CARTESIAN_POINT('',(-1.55,1.5,-2.15));
#9877=CARTESIAN_POINT('',(-1.05,1.5,-2.15));
#9878=CARTESIAN_POINT('',(-1.05,1.5,-2.15));
#9879=CARTESIAN_POINT('',(-1.55,1.5,-2.15));
#9880=CARTESIAN_POINT('',(-1.05,1.5,-2.15));
#9881=CARTESIAN_POINT('',(-0.25,1.5,-2.15));
#9882=CARTESIAN_POINT('',(-0.25,1.5,-2.15));
#9883=CARTESIAN_POINT('',(0.25,1.5,-2.15));
#9884=CARTESIAN_POINT('',(0.25,1.5,-2.15));
#9885=CARTESIAN_POINT('',(0.25,1.5,-2.15));
#9886=CARTESIAN_POINT('',(1.05,1.5,-2.15));
#9887=CARTESIAN_POINT('',(1.05,1.5,-2.15));
#9888=CARTESIAN_POINT('',(1.55,1.5,-2.15));
#9889=CARTESIAN_POINT('',(1.55,1.5,-2.15));
#9890=CARTESIAN_POINT('',(1.55,1.5,-2.15));
#9891=CARTESIAN_POINT('',(-1.55,1.5,-2.15));
#9892=CARTESIAN_POINT('',(-1.70000000000001,-1.5,-2.15));
#9893=CARTESIAN_POINT('',(-1.70000000000001,-1.5,-2.15));
#9894=CARTESIAN_POINT('',(-1.70000000000001,-1.5,-2.15));
#9895=CARTESIAN_POINT('',(-1.70000000000001,-1.5,-2.15));
#9896=CARTESIAN_POINT('',(1.70000000000001,-2.25,-2.15));
#9897=CARTESIAN_POINT('',(1.70000000000001,-2.25,-2.15));
#9898=CARTESIAN_POINT('',(1.70000000000001,-1.5,-2.15));
#9899=CARTESIAN_POINT('',(1.70000000000001,-1.5,-2.15));
#9900=CARTESIAN_POINT('',(-1.55000000000001,-1.5,-2.15));
#9901=CARTESIAN_POINT('',(-1.54999999999999,-1.35,-2.15));
#9902=CARTESIAN_POINT('',(-1.54999999999999,-1.35,-2.15));
#9903=CARTESIAN_POINT('',(-1.55000000000001,-1.5,-2.15));
#9904=CARTESIAN_POINT('',(1.55000000000001,-1.5,-2.15));
#9905=CARTESIAN_POINT('',(1.55000000000001,-1.5,-2.15));
#9906=CARTESIAN_POINT('',(1.54999999999999,-1.35,-2.15));
#9907=CARTESIAN_POINT('',(1.54999999999999,-1.35,-2.15));
#9908=CARTESIAN_POINT('',(1.54999999999999,-1.35,-2.15));
#9909=CARTESIAN_POINT('',(1.54999999999999,-1.35,-2.15));
#9910=CARTESIAN_POINT('',(-1.55000000000001,-1.5,-2.15));
#9911=CARTESIAN_POINT('',(-1.05,-1.5,-2.15));
#9912=CARTESIAN_POINT('',(-1.05,-1.5,-2.15));
#9913=CARTESIAN_POINT('',(-1.05,-1.5,-2.15));
#9914=CARTESIAN_POINT('',(-1.55,-1.5,-2.15));
#9915=CARTESIAN_POINT('',(-1.55,-1.5,-2.15));
#9916=CARTESIAN_POINT('',(1.55,-1.5,-2.15));
#9917=CARTESIAN_POINT('',(1.55,-1.5,-2.15));
#9918=CARTESIAN_POINT('',(1.55,-1.5,-2.15));
#9919=CARTESIAN_POINT('',(1.05,-1.5,-2.15));
#9920=CARTESIAN_POINT('',(1.05,-1.5,-2.15));
#9921=CARTESIAN_POINT('',(0.25,-1.5,-2.15));
#9922=CARTESIAN_POINT('',(0.25,-1.5,-2.15));
#9923=CARTESIAN_POINT('',(0.25,-1.5,-2.15));
#9924=CARTESIAN_POINT('',(-0.25,-1.5,-2.15));
#9925=CARTESIAN_POINT('',(-0.25,-1.5,-2.15));
#9926=CARTESIAN_POINT('',(0.25,2.35,-1.45));
#9927=CARTESIAN_POINT('',(-0.25,2.35,-1.45));
#9928=CARTESIAN_POINT('',(-0.25,2.35,-1.45));
#9929=CARTESIAN_POINT('',(0.25,2.35,-1.45));
#9930=CARTESIAN_POINT('',(0.25,2.35,-1.45));
#9931=CARTESIAN_POINT('',(0.25,2.35,-1.45));
#9932=CARTESIAN_POINT('',(0.25,1.6,-1.6));
#9933=CARTESIAN_POINT('',(0.25,1.6,-1.6));
#9934=CARTESIAN_POINT('',(0.25,2.35,-1.6));
#9935=CARTESIAN_POINT('',(-0.25,1.6,-1.6));
#9936=CARTESIAN_POINT('',(-0.25,2.35,-1.6));
#9937=CARTESIAN_POINT('',(0.25,2.35,-1.6));
#9938=CARTESIAN_POINT('',(0.25,2.35,-2.15));
#9939=CARTESIAN_POINT('',(-0.25,2.35,-2.15));
#9940=CARTESIAN_POINT('',(-0.25,2.35,-2.15));
#9941=CARTESIAN_POINT('',(0.25,2.35,-2.15));
#9942=CARTESIAN_POINT('',(0.25,2.35,-2.15));
#9943=CARTESIAN_POINT('',(0.25,2.35,-2.15));
#9944=CARTESIAN_POINT('',(0.25,2.35,-1.7));
#9945=CARTESIAN_POINT('',(0.25,2.35,-1.7));
#9946=CARTESIAN_POINT('',(0.25,2.45,-1.7));
#9947=CARTESIAN_POINT('',(0.25,2.45,-1.7));
#9948=CARTESIAN_POINT('',(0.25,2.45,-2.05));
#9949=CARTESIAN_POINT('',(0.25,2.35,-2.05));
#9950=CARTESIAN_POINT('',(0.25,1.5,-2.15));
#9951=CARTESIAN_POINT('',(0.25,1.5,-2.3));
#9952=CARTESIAN_POINT('',(0.25,1.5,-2.3));
#9953=CARTESIAN_POINT('',(0.25,2.35,-2.3));
#9954=CARTESIAN_POINT('',(0.25,2.35,-2.05));
#9955=CARTESIAN_POINT('',(0.25,2.6,-2.05));
#9956=CARTESIAN_POINT('',(0.25,2.6,-2.05));
#9957=CARTESIAN_POINT('',(0.25,2.6,-1.7));
#9958=CARTESIAN_POINT('',(0.25,2.35,-1.7));
#9959=CARTESIAN_POINT('',(-0.25,2.35,-1.7));
#9960=CARTESIAN_POINT('',(-0.25,2.35,-1.7));
#9961=CARTESIAN_POINT('',(-0.25,2.6,-1.7));
#9962=CARTESIAN_POINT('',(-0.25,2.6,-2.05));
#9963=CARTESIAN_POINT('',(-0.25,2.6,-2.05));
#9964=CARTESIAN_POINT('',(-0.25,2.35,-2.05));
#9965=CARTESIAN_POINT('',(-0.25,2.35,-2.3));
#9966=CARTESIAN_POINT('',(-0.25,1.5,-2.3));
#9967=CARTESIAN_POINT('',(-0.25,1.5,-2.3));
#9968=CARTESIAN_POINT('',(-0.25,1.5,-2.15));
#9969=CARTESIAN_POINT('',(-0.25,2.35,-2.05));
#9970=CARTESIAN_POINT('',(-0.25,2.45,-2.05));
#9971=CARTESIAN_POINT('',(-0.25,2.45,-1.7));
#9972=CARTESIAN_POINT('',(-0.25,2.45,-1.7));
#9973=CARTESIAN_POINT('',(-0.25,2.35,-1.7));
#9974=CARTESIAN_POINT('',(0.25,2.35,-1.7));
#9975=CARTESIAN_POINT('',(0.25,2.45,-1.7));
#9976=CARTESIAN_POINT('',(0.25,2.45,-1.7));
#9977=CARTESIAN_POINT('',(0.25,2.45,-2.05));
#9978=CARTESIAN_POINT('',(0.25,2.35,-2.05));
#9979=CARTESIAN_POINT('',(0.25,1.5,-2.15));
#9980=CARTESIAN_POINT('',(0.25,1.5,-2.3));
#9981=CARTESIAN_POINT('',(0.25,1.5,-2.3));
#9982=CARTESIAN_POINT('',(0.25,2.35,-2.3));
#9983=CARTESIAN_POINT('',(0.25,2.35,-2.05));
#9984=CARTESIAN_POINT('',(0.25,2.6,-2.05));
#9985=CARTESIAN_POINT('',(0.25,2.6,-2.05));
#9986=CARTESIAN_POINT('',(0.25,2.6,-1.7));
#9987=CARTESIAN_POINT('',(0.25,2.35,-1.7));
#9988=CARTESIAN_POINT('',(0.25,-1.6,-1.45000000000001));
#9989=CARTESIAN_POINT('',(0.25,-1.6,-1.45000000000001));
#9990=CARTESIAN_POINT('',(0.25,-2.35,-1.45000000000001));
#9991=CARTESIAN_POINT('',(-0.25,-1.6,-1.45000000000001));
#9992=CARTESIAN_POINT('',(-0.25,-2.35,-1.45000000000001));
#9993=CARTESIAN_POINT('',(0.25,-2.35,-1.45000000000001));
#9994=CARTESIAN_POINT('',(0.25,-1.5,-2.15));
#9995=CARTESIAN_POINT('',(0.25,-1.5,-2.15));
#9996=CARTESIAN_POINT('',(0.25,-2.35,-2.15));
#9997=CARTESIAN_POINT('',(-0.25,-1.5,-2.15));
#9998=CARTESIAN_POINT('',(-0.25,-2.35,-2.15));
#9999=CARTESIAN_POINT('',(0.25,-2.35,-2.15));
#10000=CARTESIAN_POINT('',(0.25,-2.35,-1.6));
#10001=CARTESIAN_POINT('',(-0.25,-2.35,-1.6));
#10002=CARTESIAN_POINT('',(-0.25,-2.35,-1.6));
#10003=CARTESIAN_POINT('',(0.25,-2.35,-1.6));
#10004=CARTESIAN_POINT('',(0.25,-2.35,-1.6));
#10005=CARTESIAN_POINT('',(0.25,-2.35,-1.6));
#10006=CARTESIAN_POINT('',(0.25,-2.35,-1.70000000000001));
#10007=CARTESIAN_POINT('',(0.25,-2.35,-1.70000000000001));
#10008=CARTESIAN_POINT('',(0.25,-2.6,-1.70000000000001));
#10009=CARTESIAN_POINT('',(0.25,-2.6,-1.70000000000001));
#10010=CARTESIAN_POINT('',(0.25,-2.6,-2.04999999999999));
#10011=CARTESIAN_POINT('',(0.25,-2.35,-2.04999999999999));
#10012=CARTESIAN_POINT('',(0.25,-2.35,-2.29999999999999));
#10013=CARTESIAN_POINT('',(0.25,-2.35,-2.29999999999999));
#10014=CARTESIAN_POINT('',(0.25,-1.5,-2.29999999999999));
#10015=CARTESIAN_POINT('',(0.25,-1.5,-2.29999999999999));
#10016=CARTESIAN_POINT('',(0.25,-2.35,-2.05));
#10017=CARTESIAN_POINT('',(0.25,-2.45,-2.04999999999999));
#10018=CARTESIAN_POINT('',(0.25,-2.45,-2.04999999999999));
#10019=CARTESIAN_POINT('',(0.25,-2.45,-1.70000000000001));
#10020=CARTESIAN_POINT('',(0.25,-2.35,-1.7));
#10021=CARTESIAN_POINT('',(-0.25,-2.35,-1.70000000000001));
#10022=CARTESIAN_POINT('',(-0.25,-2.35,-1.7));
#10023=CARTESIAN_POINT('',(-0.25,-2.45,-1.70000000000001));
#10024=CARTESIAN_POINT('',(-0.25,-2.45,-2.04999999999999));
#10025=CARTESIAN_POINT('',(-0.25,-2.45,-2.04999999999999));
#10026=CARTESIAN_POINT('',(-0.25,-2.35,-2.05));
#10027=CARTESIAN_POINT('',(-0.25,-1.5,-2.29999999999999));
#10028=CARTESIAN_POINT('',(-0.25,-1.5,-2.29999999999999));
#10029=CARTESIAN_POINT('',(-0.25,-2.35,-2.29999999999999));
#10030=CARTESIAN_POINT('',(-0.25,-2.35,-2.29999999999999));
#10031=CARTESIAN_POINT('',(-0.25,-2.35,-2.04999999999999));
#10032=CARTESIAN_POINT('',(-0.25,-2.6,-2.04999999999999));
#10033=CARTESIAN_POINT('',(-0.25,-2.6,-1.70000000000001));
#10034=CARTESIAN_POINT('',(-0.25,-2.6,-1.70000000000001));
#10035=CARTESIAN_POINT('',(-0.25,-2.35,-1.70000000000001));
#10036=CARTESIAN_POINT('',(0.25,-2.35,-1.70000000000001));
#10037=CARTESIAN_POINT('',(0.25,-2.6,-1.70000000000001));
#10038=CARTESIAN_POINT('',(0.25,-2.6,-1.70000000000001));
#10039=CARTESIAN_POINT('',(0.25,-2.6,-2.04999999999999));
#10040=CARTESIAN_POINT('',(0.25,-2.35,-2.04999999999999));
#10041=CARTESIAN_POINT('',(0.25,-2.35,-2.29999999999999));
#10042=CARTESIAN_POINT('',(0.25,-2.35,-2.29999999999999));
#10043=CARTESIAN_POINT('',(0.25,-1.5,-2.29999999999999));
#10044=CARTESIAN_POINT('',(0.25,-1.5,-2.29999999999999));
#10045=CARTESIAN_POINT('',(0.25,-2.35,-2.05));
#10046=CARTESIAN_POINT('',(0.25,-2.45,-2.04999999999999));
#10047=CARTESIAN_POINT('',(0.25,-2.45,-2.04999999999999));
#10048=CARTESIAN_POINT('',(0.25,-2.45,-1.70000000000001));
#10049=CARTESIAN_POINT('',(0.25,-2.35,-1.7));
#10050=CARTESIAN_POINT('',(1.55,2.35,-1.45));
#10051=CARTESIAN_POINT('',(1.05,2.35,-1.45));
#10052=CARTESIAN_POINT('',(1.05,2.35,-1.45));
#10053=CARTESIAN_POINT('',(1.55,2.35,-1.45));
#10054=CARTESIAN_POINT('',(1.55,2.35,-1.45));
#10055=CARTESIAN_POINT('',(1.55,2.35,-1.45));
#10056=CARTESIAN_POINT('',(1.55,1.6,-1.6));
#10057=CARTESIAN_POINT('',(1.55,1.6,-1.6));
#10058=CARTESIAN_POINT('',(1.55,2.35,-1.6));
#10059=CARTESIAN_POINT('',(1.05,1.6,-1.6));
#10060=CARTESIAN_POINT('',(1.05,2.35,-1.6));
#10061=CARTESIAN_POINT('',(1.55,2.35,-1.6));
#10062=CARTESIAN_POINT('',(1.55,2.35,-2.15));
#10063=CARTESIAN_POINT('',(1.05,2.35,-2.15));
#10064=CARTESIAN_POINT('',(1.05,2.35,-2.15));
#10065=CARTESIAN_POINT('',(1.55,2.35,-2.15));
#10066=CARTESIAN_POINT('',(1.55,2.35,-2.15));
#10067=CARTESIAN_POINT('',(1.55,2.35,-2.15));
#10068=CARTESIAN_POINT('',(1.55,2.35,-1.7));
#10069=CARTESIAN_POINT('',(1.55,2.35,-1.7));
#10070=CARTESIAN_POINT('',(1.55,2.45,-1.7));
#10071=CARTESIAN_POINT('',(1.55,2.45,-1.7));
#10072=CARTESIAN_POINT('',(1.55,2.45,-2.05));
#10073=CARTESIAN_POINT('',(1.55,2.35,-2.05));
#10074=CARTESIAN_POINT('',(1.55,1.5,-2.15));
#10075=CARTESIAN_POINT('',(1.55,1.5,-2.3));
#10076=CARTESIAN_POINT('',(1.55,1.5,-2.3));
#10077=CARTESIAN_POINT('',(1.55,2.35,-2.3));
#10078=CARTESIAN_POINT('',(1.55,2.35,-2.05));
#10079=CARTESIAN_POINT('',(1.55,2.6,-2.05));
#10080=CARTESIAN_POINT('',(1.55,2.6,-2.05));
#10081=CARTESIAN_POINT('',(1.55,2.6,-1.7));
#10082=CARTESIAN_POINT('',(1.55,2.35,-1.7));
#10083=CARTESIAN_POINT('',(1.05,2.35,-1.7));
#10084=CARTESIAN_POINT('',(1.05,2.35,-1.7));
#10085=CARTESIAN_POINT('',(1.05,2.6,-1.7));
#10086=CARTESIAN_POINT('',(1.05,2.6,-2.05));
#10087=CARTESIAN_POINT('',(1.05,2.6,-2.05));
#10088=CARTESIAN_POINT('',(1.05,2.35,-2.05));
#10089=CARTESIAN_POINT('',(1.05,2.35,-2.3));
#10090=CARTESIAN_POINT('',(1.05,1.5,-2.3));
#10091=CARTESIAN_POINT('',(1.05,1.5,-2.3));
#10092=CARTESIAN_POINT('',(1.05,1.5,-2.15));
#10093=CARTESIAN_POINT('',(1.05,2.35,-2.05));
#10094=CARTESIAN_POINT('',(1.05,2.45,-2.05));
#10095=CARTESIAN_POINT('',(1.05,2.45,-1.7));
#10096=CARTESIAN_POINT('',(1.05,2.45,-1.7));
#10097=CARTESIAN_POINT('',(1.05,2.35,-1.7));
#10098=CARTESIAN_POINT('',(1.55,2.35,-1.7));
#10099=CARTESIAN_POINT('',(1.55,2.45,-1.7));
#10100=CARTESIAN_POINT('',(1.55,2.45,-1.7));
#10101=CARTESIAN_POINT('',(1.55,2.45,-2.05));
#10102=CARTESIAN_POINT('',(1.55,2.35,-2.05));
#10103=CARTESIAN_POINT('',(1.55,1.5,-2.15));
#10104=CARTESIAN_POINT('',(1.55,1.5,-2.3));
#10105=CARTESIAN_POINT('',(1.55,1.5,-2.3));
#10106=CARTESIAN_POINT('',(1.55,2.35,-2.3));
#10107=CARTESIAN_POINT('',(1.55,2.35,-2.05));
#10108=CARTESIAN_POINT('',(1.55,2.6,-2.05));
#10109=CARTESIAN_POINT('',(1.55,2.6,-2.05));
#10110=CARTESIAN_POINT('',(1.55,2.6,-1.7));
#10111=CARTESIAN_POINT('',(1.55,2.35,-1.7));
#10112=CARTESIAN_POINT('',(1.55,-1.6,-1.45000000000001));
#10113=CARTESIAN_POINT('',(1.55,-1.6,-1.45000000000001));
#10114=CARTESIAN_POINT('',(1.55,-2.35,-1.45000000000001));
#10115=CARTESIAN_POINT('',(1.05,-1.6,-1.45000000000001));
#10116=CARTESIAN_POINT('',(1.05,-2.35,-1.45000000000001));
#10117=CARTESIAN_POINT('',(1.55,-2.35,-1.45000000000001));
#10118=CARTESIAN_POINT('',(1.55,-1.5,-2.15));
#10119=CARTESIAN_POINT('',(1.55,-1.5,-2.15));
#10120=CARTESIAN_POINT('',(1.55,-2.35,-2.15));
#10121=CARTESIAN_POINT('',(1.05,-1.5,-2.15));
#10122=CARTESIAN_POINT('',(1.05,-2.35,-2.15));
#10123=CARTESIAN_POINT('',(1.55,-2.35,-2.15));
#10124=CARTESIAN_POINT('',(1.55,-2.35,-1.6));
#10125=CARTESIAN_POINT('',(1.05,-2.35,-1.6));
#10126=CARTESIAN_POINT('',(1.05,-2.35,-1.6));
#10127=CARTESIAN_POINT('',(1.55,-2.35,-1.6));
#10128=CARTESIAN_POINT('',(1.55,-2.35,-1.6));
#10129=CARTESIAN_POINT('',(1.55,-2.35,-1.6));
#10130=CARTESIAN_POINT('',(1.55,-2.35,-1.70000000000001));
#10131=CARTESIAN_POINT('',(1.55,-2.35,-1.70000000000001));
#10132=CARTESIAN_POINT('',(1.55,-2.6,-1.70000000000001));
#10133=CARTESIAN_POINT('',(1.55,-2.6,-1.70000000000001));
#10134=CARTESIAN_POINT('',(1.55,-2.6,-2.04999999999999));
#10135=CARTESIAN_POINT('',(1.55,-2.35,-2.04999999999999));
#10136=CARTESIAN_POINT('',(1.55,-2.35,-2.29999999999999));
#10137=CARTESIAN_POINT('',(1.55,-2.35,-2.29999999999999));
#10138=CARTESIAN_POINT('',(1.55,-1.5,-2.29999999999999));
#10139=CARTESIAN_POINT('',(1.55,-1.5,-2.29999999999999));
#10140=CARTESIAN_POINT('',(1.55,-2.35,-2.05));
#10141=CARTESIAN_POINT('',(1.55,-2.45,-2.04999999999999));
#10142=CARTESIAN_POINT('',(1.55,-2.45,-2.04999999999999));
#10143=CARTESIAN_POINT('',(1.55,-2.45,-1.70000000000001));
#10144=CARTESIAN_POINT('',(1.55,-2.35,-1.7));
#10145=CARTESIAN_POINT('',(1.05,-2.35,-1.70000000000001));
#10146=CARTESIAN_POINT('',(1.05,-2.35,-1.7));
#10147=CARTESIAN_POINT('',(1.05,-2.45,-1.70000000000001));
#10148=CARTESIAN_POINT('',(1.05,-2.45,-2.04999999999999));
#10149=CARTESIAN_POINT('',(1.05,-2.45,-2.04999999999999));
#10150=CARTESIAN_POINT('',(1.05,-2.35,-2.05));
#10151=CARTESIAN_POINT('',(1.05,-1.5,-2.29999999999999));
#10152=CARTESIAN_POINT('',(1.05,-1.5,-2.29999999999999));
#10153=CARTESIAN_POINT('',(1.05,-2.35,-2.29999999999999));
#10154=CARTESIAN_POINT('',(1.05,-2.35,-2.29999999999999));
#10155=CARTESIAN_POINT('',(1.05,-2.35,-2.04999999999999));
#10156=CARTESIAN_POINT('',(1.05,-2.6,-2.04999999999999));
#10157=CARTESIAN_POINT('',(1.05,-2.6,-1.70000000000001));
#10158=CARTESIAN_POINT('',(1.05,-2.6,-1.70000000000001));
#10159=CARTESIAN_POINT('',(1.05,-2.35,-1.70000000000001));
#10160=CARTESIAN_POINT('',(1.55,-2.35,-1.70000000000001));
#10161=CARTESIAN_POINT('',(1.55,-2.6,-1.70000000000001));
#10162=CARTESIAN_POINT('',(1.55,-2.6,-1.70000000000001));
#10163=CARTESIAN_POINT('',(1.55,-2.6,-2.04999999999999));
#10164=CARTESIAN_POINT('',(1.55,-2.35,-2.04999999999999));
#10165=CARTESIAN_POINT('',(1.55,-2.35,-2.29999999999999));
#10166=CARTESIAN_POINT('',(1.55,-2.35,-2.29999999999999));
#10167=CARTESIAN_POINT('',(1.55,-1.5,-2.29999999999999));
#10168=CARTESIAN_POINT('',(1.55,-1.5,-2.29999999999999));
#10169=CARTESIAN_POINT('',(1.55,-2.35,-2.05));
#10170=CARTESIAN_POINT('',(1.55,-2.45,-2.04999999999999));
#10171=CARTESIAN_POINT('',(1.55,-2.45,-2.04999999999999));
#10172=CARTESIAN_POINT('',(1.55,-2.45,-1.70000000000001));
#10173=CARTESIAN_POINT('',(1.55,-2.35,-1.7));
#10174=CARTESIAN_POINT('',(-1.05,2.35,-1.45));
#10175=CARTESIAN_POINT('',(-1.55,2.35,-1.45));
#10176=CARTESIAN_POINT('',(-1.55,2.35,-1.45));
#10177=CARTESIAN_POINT('',(-1.05,2.35,-1.45));
#10178=CARTESIAN_POINT('',(-1.05,2.35,-1.45));
#10179=CARTESIAN_POINT('',(-1.05,2.35,-1.45));
#10180=CARTESIAN_POINT('',(-1.05,1.6,-1.6));
#10181=CARTESIAN_POINT('',(-1.05,1.6,-1.6));
#10182=CARTESIAN_POINT('',(-1.05,2.35,-1.6));
#10183=CARTESIAN_POINT('',(-1.55,1.6,-1.6));
#10184=CARTESIAN_POINT('',(-1.55,2.35,-1.6));
#10185=CARTESIAN_POINT('',(-1.05,2.35,-1.6));
#10186=CARTESIAN_POINT('',(-1.05,2.35,-2.15));
#10187=CARTESIAN_POINT('',(-1.55,2.35,-2.15));
#10188=CARTESIAN_POINT('',(-1.55,2.35,-2.15));
#10189=CARTESIAN_POINT('',(-1.05,2.35,-2.15));
#10190=CARTESIAN_POINT('',(-1.05,2.35,-2.15));
#10191=CARTESIAN_POINT('',(-1.05,2.35,-2.15));
#10192=CARTESIAN_POINT('',(-1.05,2.35,-1.7));
#10193=CARTESIAN_POINT('',(-1.05,2.35,-1.7));
#10194=CARTESIAN_POINT('',(-1.05,2.45,-1.7));
#10195=CARTESIAN_POINT('',(-1.05,2.45,-1.7));
#10196=CARTESIAN_POINT('',(-1.05,2.45,-2.05));
#10197=CARTESIAN_POINT('',(-1.05,2.35,-2.05));
#10198=CARTESIAN_POINT('',(-1.05,1.5,-2.15));
#10199=CARTESIAN_POINT('',(-1.05,1.5,-2.3));
#10200=CARTESIAN_POINT('',(-1.05,1.5,-2.3));
#10201=CARTESIAN_POINT('',(-1.05,2.35,-2.3));
#10202=CARTESIAN_POINT('',(-1.05,2.35,-2.05));
#10203=CARTESIAN_POINT('',(-1.05,2.6,-2.05));
#10204=CARTESIAN_POINT('',(-1.05,2.6,-2.05));
#10205=CARTESIAN_POINT('',(-1.05,2.6,-1.7));
#10206=CARTESIAN_POINT('',(-1.05,2.35,-1.7));
#10207=CARTESIAN_POINT('',(-1.55,2.35,-1.7));
#10208=CARTESIAN_POINT('',(-1.55,2.35,-1.7));
#10209=CARTESIAN_POINT('',(-1.55,2.6,-1.7));
#10210=CARTESIAN_POINT('',(-1.55,2.6,-2.05));
#10211=CARTESIAN_POINT('',(-1.55,2.6,-2.05));
#10212=CARTESIAN_POINT('',(-1.55,2.35,-2.05));
#10213=CARTESIAN_POINT('',(-1.55,2.35,-2.3));
#10214=CARTESIAN_POINT('',(-1.55,1.5,-2.3));
#10215=CARTESIAN_POINT('',(-1.55,1.5,-2.3));
#10216=CARTESIAN_POINT('',(-1.55,1.5,-2.15));
#10217=CARTESIAN_POINT('',(-1.55,2.35,-2.05));
#10218=CARTESIAN_POINT('',(-1.55,2.45,-2.05));
#10219=CARTESIAN_POINT('',(-1.55,2.45,-1.7));
#10220=CARTESIAN_POINT('',(-1.55,2.45,-1.7));
#10221=CARTESIAN_POINT('',(-1.55,2.35,-1.7));
#10222=CARTESIAN_POINT('',(-1.05,2.35,-1.7));
#10223=CARTESIAN_POINT('',(-1.05,2.45,-1.7));
#10224=CARTESIAN_POINT('',(-1.05,2.45,-1.7));
#10225=CARTESIAN_POINT('',(-1.05,2.45,-2.05));
#10226=CARTESIAN_POINT('',(-1.05,2.35,-2.05));
#10227=CARTESIAN_POINT('',(-1.05,1.5,-2.15));
#10228=CARTESIAN_POINT('',(-1.05,1.5,-2.3));
#10229=CARTESIAN_POINT('',(-1.05,1.5,-2.3));
#10230=CARTESIAN_POINT('',(-1.05,2.35,-2.3));
#10231=CARTESIAN_POINT('',(-1.05,2.35,-2.05));
#10232=CARTESIAN_POINT('',(-1.05,2.6,-2.05));
#10233=CARTESIAN_POINT('',(-1.05,2.6,-2.05));
#10234=CARTESIAN_POINT('',(-1.05,2.6,-1.7));
#10235=CARTESIAN_POINT('',(-1.05,2.35,-1.7));
#10236=CARTESIAN_POINT('',(-1.05,-1.6,-1.45000000000001));
#10237=CARTESIAN_POINT('',(-1.05,-1.6,-1.45000000000001));
#10238=CARTESIAN_POINT('',(-1.05,-2.35,-1.45000000000001));
#10239=CARTESIAN_POINT('',(-1.55,-1.6,-1.45000000000001));
#10240=CARTESIAN_POINT('',(-1.55,-2.35,-1.45000000000001));
#10241=CARTESIAN_POINT('',(-1.05,-2.35,-1.45000000000001));
#10242=CARTESIAN_POINT('',(-1.05,-1.5,-2.15));
#10243=CARTESIAN_POINT('',(-1.05,-1.5,-2.15));
#10244=CARTESIAN_POINT('',(-1.05,-2.35,-2.15));
#10245=CARTESIAN_POINT('',(-1.55,-1.5,-2.15));
#10246=CARTESIAN_POINT('',(-1.55,-2.35,-2.15));
#10247=CARTESIAN_POINT('',(-1.05,-2.35,-2.15));
#10248=CARTESIAN_POINT('',(-1.05,-2.35,-1.6));
#10249=CARTESIAN_POINT('',(-1.55,-2.35,-1.6));
#10250=CARTESIAN_POINT('',(-1.55,-2.35,-1.6));
#10251=CARTESIAN_POINT('',(-1.05,-2.35,-1.6));
#10252=CARTESIAN_POINT('',(-1.05,-2.35,-1.6));
#10253=CARTESIAN_POINT('',(-1.05,-2.35,-1.6));
#10254=CARTESIAN_POINT('',(-1.05,-2.35,-1.70000000000001));
#10255=CARTESIAN_POINT('',(-1.05,-2.35,-1.70000000000001));
#10256=CARTESIAN_POINT('',(-1.05,-2.6,-1.70000000000001));
#10257=CARTESIAN_POINT('',(-1.05,-2.6,-1.70000000000001));
#10258=CARTESIAN_POINT('',(-1.05,-2.6,-2.04999999999999));
#10259=CARTESIAN_POINT('',(-1.05,-2.35,-2.04999999999999));
#10260=CARTESIAN_POINT('',(-1.05,-2.35,-2.29999999999999));
#10261=CARTESIAN_POINT('',(-1.05,-2.35,-2.29999999999999));
#10262=CARTESIAN_POINT('',(-1.05,-1.5,-2.29999999999999));
#10263=CARTESIAN_POINT('',(-1.05,-1.5,-2.29999999999999));
#10264=CARTESIAN_POINT('',(-1.05,-2.35,-2.05));
#10265=CARTESIAN_POINT('',(-1.05,-2.45,-2.04999999999999));
#10266=CARTESIAN_POINT('',(-1.05,-2.45,-2.04999999999999));
#10267=CARTESIAN_POINT('',(-1.05,-2.45,-1.70000000000001));
#10268=CARTESIAN_POINT('',(-1.05,-2.35,-1.7));
#10269=CARTESIAN_POINT('',(-1.55,-2.35,-1.70000000000001));
#10270=CARTESIAN_POINT('',(-1.55,-2.35,-1.7));
#10271=CARTESIAN_POINT('',(-1.55,-2.45,-1.70000000000001));
#10272=CARTESIAN_POINT('',(-1.55,-2.45,-2.04999999999999));
#10273=CARTESIAN_POINT('',(-1.55,-2.45,-2.04999999999999));
#10274=CARTESIAN_POINT('',(-1.55,-2.35,-2.05));
#10275=CARTESIAN_POINT('',(-1.55,-1.5,-2.29999999999999));
#10276=CARTESIAN_POINT('',(-1.55,-1.5,-2.29999999999999));
#10277=CARTESIAN_POINT('',(-1.55,-2.35,-2.29999999999999));
#10278=CARTESIAN_POINT('',(-1.55,-2.35,-2.29999999999999));
#10279=CARTESIAN_POINT('',(-1.55,-2.35,-2.04999999999999));
#10280=CARTESIAN_POINT('',(-1.55,-2.6,-2.04999999999999));
#10281=CARTESIAN_POINT('',(-1.55,-2.6,-1.70000000000001));
#10282=CARTESIAN_POINT('',(-1.55,-2.6,-1.70000000000001));
#10283=CARTESIAN_POINT('',(-1.55,-2.35,-1.70000000000001));
#10284=CARTESIAN_POINT('',(-1.05,-2.35,-1.70000000000001));
#10285=CARTESIAN_POINT('',(-1.05,-2.6,-1.70000000000001));
#10286=CARTESIAN_POINT('',(-1.05,-2.6,-1.70000000000001));
#10287=CARTESIAN_POINT('',(-1.05,-2.6,-2.04999999999999));
#10288=CARTESIAN_POINT('',(-1.05,-2.35,-2.04999999999999));
#10289=CARTESIAN_POINT('',(-1.05,-2.35,-2.29999999999999));
#10290=CARTESIAN_POINT('',(-1.05,-2.35,-2.29999999999999));
#10291=CARTESIAN_POINT('',(-1.05,-1.5,-2.29999999999999));
#10292=CARTESIAN_POINT('',(-1.05,-1.5,-2.29999999999999));
#10293=CARTESIAN_POINT('',(-1.05,-2.35,-2.05));
#10294=CARTESIAN_POINT('',(-1.05,-2.45,-2.04999999999999));
#10295=CARTESIAN_POINT('',(-1.05,-2.45,-2.04999999999999));
#10296=CARTESIAN_POINT('',(-1.05,-2.45,-1.70000000000001));
#10297=CARTESIAN_POINT('',(-1.05,-2.35,-1.7));
#10298=CARTESIAN_POINT('',(1.48492424049175,-1.48492424049175,0.02));
#10299=CARTESIAN_POINT('',(1.48492424049175,-1.48492424049175,0.02));
#10300=CARTESIAN_POINT('',(1.63492424049175,-1.48492424049175,0.02));
#10301=CARTESIAN_POINT('',(1.48492424049175,-1.48492424049175,0.02));
#10302=CARTESIAN_POINT('',(-1.48492424049175,-1.48492424049175,0.02));
#10303=CARTESIAN_POINT('',(-1.48492424049175,-1.48492424049175,0.02));
#10304=CARTESIAN_POINT('',(-1.33492424049175,-1.48492424049175,0.02));
#10305=CARTESIAN_POINT('',(-1.48492424049175,-1.48492424049175,0.02));
#10306=CARTESIAN_POINT('',(0.15,-2.,0.02));
#10307=CARTESIAN_POINT('',(0.15,-2.,0.02));
#10308=CARTESIAN_POINT('',(0.15,-2.,0.02));
#10309=CARTESIAN_POINT('',(0.15,-2.,0.02));
#10310=CARTESIAN_POINT('',(-0.15,-2.,0.02));
#10311=CARTESIAN_POINT('',(-0.15,-2.,0.02));
#10312=CARTESIAN_POINT('',(-0.15,-2.,0.02));
#10313=CARTESIAN_POINT('',(-0.15,-2.,0.02));
#10314=CARTESIAN_POINT('',(-0.15,-1.69336942218761,0.02));
#10315=CARTESIAN_POINT('',(-0.15,-1.69336942218761,0.02));
#10316=CARTESIAN_POINT('',(1.19262238973405E-15,-2.49366499671666E-14,0.02));
#10317=CARTESIAN_POINT('',(0.,0.,0.));
#10318=CARTESIAN_POINT('',(0.,0.,0.));
#10319=CARTESIAN_POINT('',(1.,-0.9,0.));
#10320=CARTESIAN_POINT('',(-0.3,-0.9,0.));
#10321=CARTESIAN_POINT('',(-0.666633332499958,-0.9,0.));
#10322=CARTESIAN_POINT('',(-0.3,1.15,0.));
#10323=CARTESIAN_POINT('',(-0.3,1.0790736768173,0.));
#10324=CARTESIAN_POINT('',(0.,0.,0.));
#10325=CARTESIAN_POINT('',(1.,-0.9,-0.15));
#10326=CARTESIAN_POINT('',(1.,-0.9,-0.15));
#10327=CARTESIAN_POINT('',(-0.3,-0.9,-0.15));
#10328=CARTESIAN_POINT('',(-0.715891053163818,-0.9,-0.15));
#10329=CARTESIAN_POINT('',(-0.3,-0.9,-0.15));
#10330=CARTESIAN_POINT('',(-0.666633332499958,-0.9,3.74081807926114E-16));
#10331=CARTESIAN_POINT('',(-0.687606478303555,-0.9,3.74081807926114E-16));
#10332=CARTESIAN_POINT('',(-0.715891053163818,-0.9,-0.00869449387142569));
#10333=CARTESIAN_POINT('',(-0.715891053163818,-0.9,-0.03));
#10334=CARTESIAN_POINT('',(-0.715891053163818,-0.9,-0.03));
#10335=CARTESIAN_POINT('',(-0.715891053163818,-0.9,-0.45));
#10336=CARTESIAN_POINT('',(0.,0.,-0.0300000000000001));
#10337=CARTESIAN_POINT('',(-0.3,1.11018016555873,-0.03));
#10338=CARTESIAN_POINT('',(-0.3,1.11018016555873,-0.0140649284764629));
#10339=CARTESIAN_POINT('',(-0.3,1.09499461377356,5.52797307044887E-16));
#10340=CARTESIAN_POINT('',(-0.3,1.0790736768173,5.52797307044887E-16));
#10341=CARTESIAN_POINT('',(-0.3,1.11018016555873,-0.03));
#10342=CARTESIAN_POINT('',(0.,0.,-0.03));
#10343=CARTESIAN_POINT('',(0.,0.,-0.45));
#10344=CARTESIAN_POINT('',(0.,0.,-0.15));
#10345=CARTESIAN_POINT('',(1.11018016555873,0.3,-0.15));
#10346=CARTESIAN_POINT('',(0.3,1.11018016555873,-0.15));
#10347=CARTESIAN_POINT('',(0.3,1.11018016555873,-0.45));
#10348=CARTESIAN_POINT('',(0.3,1.11018016555873,-0.03));
#10349=CARTESIAN_POINT('',(0.,0.,-0.03));
#10350=CARTESIAN_POINT('',(0.715891053163818,-0.9,-0.03));
#10351=CARTESIAN_POINT('',(0.715891053163818,-0.9,-0.45));
#10352=CARTESIAN_POINT('',(0.715891053163818,-0.9,-0.15));
#10353=CARTESIAN_POINT('',(0.,0.,-0.15));
#10354=CARTESIAN_POINT('',(1.11018016555873,-0.3,-0.15));
#10355=CARTESIAN_POINT('',(0.,0.,-0.45));
#10356=CARTESIAN_POINT('',(1.14891252930761,-0.05,-0.4));
#10357=CARTESIAN_POINT('',(0.,0.,-0.4));
#10358=CARTESIAN_POINT('',(1.14891252930761,0.05,-0.4));
#10359=CARTESIAN_POINT('',(0.,0.,-0.45));
#10360=CARTESIAN_POINT('',(0.05,1.6,-0.4));
#10361=CARTESIAN_POINT('',(0.05,-1.15,-0.4));
#10362=CARTESIAN_POINT('',(-0.05,-1.15,-0.4));
#10363=CARTESIAN_POINT('',(0.05,-1.15,-0.4));
#10364=CARTESIAN_POINT('',(-0.05,1.6,-0.4));
#10365=CARTESIAN_POINT('',(-0.05,-1.54919333848297,-0.4));
#10366=CARTESIAN_POINT('',(0.,0.,-0.4));
#10367=CARTESIAN_POINT('',(0.05,-1.54919333848297,-0.4));
#10368=CARTESIAN_POINT('',(0.05,1.6,-0.4));
#10369=CARTESIAN_POINT('',(0.05,1.6,-0.4));
#10370=CARTESIAN_POINT('',(1.6,-0.05,-0.4));
#10371=CARTESIAN_POINT('',(-1.14891252930761,-0.05,-0.4));
#10372=CARTESIAN_POINT('',(-1.54919333848297,-0.05,-0.4));
#10373=CARTESIAN_POINT('',(0.,0.,-0.4));
#10374=CARTESIAN_POINT('',(-1.14891252930761,0.05,-0.4));
#10375=CARTESIAN_POINT('',(1.6,0.05,-0.4));
#10376=CARTESIAN_POINT('',(-1.54919333848297,0.05,-0.4));
#10377=CARTESIAN_POINT('',(0.,0.,-0.4));
#10378=CARTESIAN_POINT('',(0.05,1.6,-0.4));
#10379=CARTESIAN_POINT('',(0.05,1.15,-0.4));
#10380=CARTESIAN_POINT('',(0.05,1.15,-0.4));
#10381=CARTESIAN_POINT('',(-0.05,1.15,-0.4));
#10382=CARTESIAN_POINT('',(0.05,1.6,-0.4));
#10383=CARTESIAN_POINT('',(0.05,1.54919333848297,-0.4));
#10384=CARTESIAN_POINT('',(0.,0.,-0.4));
#10385=CARTESIAN_POINT('',(-0.05,1.54919333848297,-0.4));
#10386=CARTESIAN_POINT('',(-0.05,1.6,-0.4));
#10387=CARTESIAN_POINT('',(0.,0.,-0.15));
#10388=CARTESIAN_POINT('',(-0.3,1.6,-0.15));
#10389=CARTESIAN_POINT('',(-0.3,1.52069063257456,-0.15));
#10390=CARTESIAN_POINT('',(-0.3,1.15,-0.15));
#10391=CARTESIAN_POINT('',(0.,0.,-0.15));
#10392=CARTESIAN_POINT('',(0.3,1.52069063257456,-0.15));
#10393=CARTESIAN_POINT('',(0.3,1.6,-0.15));
#10394=CARTESIAN_POINT('',(0.3,1.15,-0.15));
#10395=CARTESIAN_POINT('',(0.3,1.6,-0.15));
#10396=CARTESIAN_POINT('',(1.6,0.3,-0.15));
#10397=CARTESIAN_POINT('',(1.52069063257456,0.3,-0.15));
#10398=CARTESIAN_POINT('',(0.,0.,-0.15));
#10399=CARTESIAN_POINT('',(1.52069063257456,-0.3,-0.15));
#10400=CARTESIAN_POINT('',(1.6,-0.3,-0.15));
#10401=CARTESIAN_POINT('',(1.,-0.9,-0.15));
#10402=CARTESIAN_POINT('',(0.3,-0.9,-0.15));
#10403=CARTESIAN_POINT('',(0.3,1.6,-0.15));
#10404=CARTESIAN_POINT('',(0.3,-1.15,-0.15));
#10405=CARTESIAN_POINT('',(0.3,1.6,-0.15));
#10406=CARTESIAN_POINT('',(0.3,-1.52069063257456,-0.15));
#10407=CARTESIAN_POINT('',(0.,0.,-0.15));
#10408=CARTESIAN_POINT('',(-0.3,-1.52069063257456,-0.15));
#10409=CARTESIAN_POINT('',(-0.3,1.6,-0.15));
#10410=CARTESIAN_POINT('',(-0.3,-1.15,-0.15));
#10411=CARTESIAN_POINT('',(-0.3,1.6,-0.15));
#10412=CARTESIAN_POINT('',(0.,0.,-0.15));
#10413=CARTESIAN_POINT('',(-1.11018016555873,-0.3,-0.15));
#10414=CARTESIAN_POINT('',(1.6,-0.3,-0.15));
#10415=CARTESIAN_POINT('',(-1.52069063257455,-0.3,-0.15));
#10416=CARTESIAN_POINT('',(0.,0.,-0.15));
#10417=CARTESIAN_POINT('',(-1.52069063257456,0.3,-0.15));
#10418=CARTESIAN_POINT('',(1.6,0.3,-0.15));
#10419=CARTESIAN_POINT('',(-1.11018016555873,0.3,-0.15));
#10420=CARTESIAN_POINT('',(0.,0.,-0.15));
#10421=CARTESIAN_POINT('',(-0.3,1.11018016555873,-0.15));
#10422=CARTESIAN_POINT('',(-0.3,1.6,-0.15));
#10423=CARTESIAN_POINT('',(0.,0.,-0.15));
#10424=CARTESIAN_POINT('',(-1.7,0.,-0.15));
#10425=CARTESIAN_POINT('',(-0.05,1.6,-0.4));
#10426=CARTESIAN_POINT('',(-0.05,1.15,-0.4));
#10427=CARTESIAN_POINT('',(0.,0.,-0.45));
#10428=CARTESIAN_POINT('',(-0.05,1.6,-0.4));
#10429=CARTESIAN_POINT('',(-0.05,-1.15,-0.4));
#10430=CARTESIAN_POINT('',(0.,0.,-0.45));
#10431=CARTESIAN_POINT('',(0.3,1.6,-0.15));
#10432=CARTESIAN_POINT('',(0.3,1.15,-0.15));
#10433=CARTESIAN_POINT('',(0.,0.,-0.45));
#10434=CARTESIAN_POINT('',(0.3,1.6,-0.15));
#10435=CARTESIAN_POINT('',(0.3,-1.15,-0.15));
#10436=CARTESIAN_POINT('',(0.,0.,-0.45));
#10437=CARTESIAN_POINT('',(0.05,1.6,-0.4));
#10438=CARTESIAN_POINT('',(1.6,0.05,-0.4));
#10439=CARTESIAN_POINT('',(1.54919333848297,0.05,-0.4));
#10440=CARTESIAN_POINT('',(1.6,-0.05,-0.4));
#10441=CARTESIAN_POINT('',(1.54919333848297,-0.05,-0.4));
#10442=CARTESIAN_POINT('',(0.,0.,-0.4));
#10443=CARTESIAN_POINT('',(1.6,-0.3,-0.15));
#10444=CARTESIAN_POINT('',(0.,0.,-0.45));
#10445=CARTESIAN_POINT('',(1.6,0.05,-0.4));
#10446=CARTESIAN_POINT('',(0.,0.,-0.45));
#10447=CARTESIAN_POINT('',(1.6,0.05,-0.4));
#10448=CARTESIAN_POINT('',(0.,0.,-0.45));
#10449=CARTESIAN_POINT('',(0.,0.,-0.45));
#10450=CARTESIAN_POINT('',(1.6,-0.3,-0.15));
#10451=CARTESIAN_POINT('',(0.,0.,-0.45));
#10452=CARTESIAN_POINT('',(0.,0.,-0.45));
#10453=CARTESIAN_POINT('',(0.,0.,0.));
#10454=CARTESIAN_POINT('',(0.,0.,0.));
#10455=CARTESIAN_POINT('',(0.3,1.0790736768173,0.));
#10456=CARTESIAN_POINT('',(0.666633332499958,-0.9,0.));
#10457=CARTESIAN_POINT('',(0.3,-1.15,0.));
#10458=CARTESIAN_POINT('',(0.3,-0.9,0.));
#10459=CARTESIAN_POINT('',(1.,-0.9,0.));
#10460=CARTESIAN_POINT('',(0.,0.,-0.0300000000000001));
#10461=CARTESIAN_POINT('',(0.3,1.0790736768173,6.67198402013714E-16));
#10462=CARTESIAN_POINT('',(0.3,1.0950178921153,6.67198402013714E-16));
#10463=CARTESIAN_POINT('',(0.3,1.11018016555873,-0.0138920789130788));
#10464=CARTESIAN_POINT('',(0.3,1.11018016555873,-0.0300000000000001));
#10465=CARTESIAN_POINT('',(0.715891053163841,-0.9,-0.030000000000001));
#10466=CARTESIAN_POINT('',(0.715891053163842,-0.9,-0.00893215436835114));
#10467=CARTESIAN_POINT('',(0.687506540002661,-0.9,5.32844521597978E-16));
#10468=CARTESIAN_POINT('',(0.666633332499958,-0.9,5.32844521597978E-16));
#10469=CARTESIAN_POINT('',(0.,0.,-0.45));
#10470=CARTESIAN_POINT('',(-0.3,1.11018016555873,-0.45));
#10471=CARTESIAN_POINT('',(1.,-0.9,-0.15));
#10472=CARTESIAN_POINT('',(0.3,-0.9,-0.15));
#10473=CARTESIAN_POINT('',(-0.3,1.15,-0.5));
#10474=CARTESIAN_POINT('',(-0.3,-1.15,-0.5));
#10475=CARTESIAN_POINT('',(-0.3,-1.15,-0.5));
#10476=CARTESIAN_POINT('',(-0.3,1.15,-0.5));
#10477=CARTESIAN_POINT('',(-0.3,1.15,-0.5));
#10478=CARTESIAN_POINT('',(-0.3,1.15,-0.5));
#10479=CARTESIAN_POINT('',(-0.3,-1.15,-0.5));
#10480=CARTESIAN_POINT('',(0.3,-1.15,-0.5));
#10481=CARTESIAN_POINT('',(0.3,-1.15,-0.5));
#10482=CARTESIAN_POINT('',(-0.3,-1.15,-0.5));
#10483=CARTESIAN_POINT('',(0.3,-1.15,-0.5));
#10484=CARTESIAN_POINT('',(0.3,1.15,-0.5));
#10485=CARTESIAN_POINT('',(0.3,1.15,-0.5));
#10486=CARTESIAN_POINT('',(0.3,-1.15,-0.5));
#10487=CARTESIAN_POINT('',(0.3,1.15,-0.5));
#10488=CARTESIAN_POINT('',(0.3,1.15,-0.5));
#10489=CARTESIAN_POINT('',(0.,0.,-0.5));
#10490=CARTESIAN_POINT('',(0.,0.,-1.2));
#10491=CARTESIAN_POINT('',(0.,0.,-1.2));
#10492=CARTESIAN_POINT('',(0.,0.,-1.2));
#10493=CARTESIAN_POINT('',(0.,0.,-1.2));
#10494=CARTESIAN_POINT('',(0.,1.7,-1.2));
#10495=CARTESIAN_POINT('',(0.,0.,-1.2));
#10496=CARTESIAN_POINT('',(-1.7,0.,-1.2));
#10497=CARTESIAN_POINT('',(0.,0.,-1.2));
#10498=CARTESIAN_POINT('',(0.,0.,0.));
#10499=MECHANICAL_DESIGN_GEOMETRIC_PRESENTATION_REPRESENTATION('',(#4982,
#4983,#4984,#4985,#4986,#4987,#4988,#4989,#4990,#4991,#4992,#4993,#4994,
#4995,#4996,#4997,#4998,#4999,#5000,#5001,#5002,#5003,#5004,#5005,#5006,
#5007,#5008,#5009,#5010,#5011,#5012,#5013,#5014,#5015,#5016,#5017,#5018,
#5019,#5020,#5021,#5022,#5023,#5024,#5025,#5026,#5027,#5028,#5029,#5030,
#5031,#5032,#5033,#5034,#5035,#5036,#5037,#5038,#5039,#5040,#5041,#5042,
#5043,#5044,#5045,#5046,#5047,#5048,#5049,#5050,#5051,#5052,#5053,#5054,
#5055,#5056,#5057,#5058,#5059,#5060,#5061,#5062,#5063,#5064,#5065,#5066,
#5067,#5068,#5069,#5070,#5071,#5072,#5073,#5074,#5075,#5076,#5077,#5078,
#5079,#5080,#5081,#5082,#5083,#5084,#5085,#5086,#5087,#5088,#5089,#5090,
#5091,#5092,#5093,#5094,#5095,#5096,#5097,#5098,#5099,#5100,#5101,#5102,
#5103,#5104,#5105,#5106,#5107,#5108,#5109,#5110,#5111,#5112,#5113,#5114,
#5115,#5116,#5117,#5118,#5119,#5120,#5121,#5122,#5123,#5124,#5125,#5126,
#5127,#5128,#5129,#5130,#5131,#5132,#5133,#5134,#5135,#5136,#5137,#5138,
#5139,#5140,#5141,#5142,#5143,#5144,#5145,#5146,#5147,#5148,#5149,#5150,
#5151,#5152,#5153,#5154,#5155,#5156,#5157,#5158,#5159,#5160,#5161,#5162,
#5163,#5164,#5165,#5166,#5167,#5168,#5169,#5170,#5171,#5172,#5173,#5174,
#5175,#5176,#5177,#5178,#5179,#5180,#5181,#5182,#5183,#5184,#5185,#5186,
#5187,#5188,#5189,#5190,#5191,#5192,#5193,#5194,#5195,#5196,#5197,#5198,
#5199,#5200,#5201,#5202,#5203,#5204,#5205,#5206,#5207,#5208,#5209,#5210,
#5211,#5212,#5213,#5214),#10500);
#10500=(
GEOMETRIC_REPRESENTATION_CONTEXT(3)
GLOBAL_UNCERTAINTY_ASSIGNED_CONTEXT((#10503))
GLOBAL_UNIT_ASSIGNED_CONTEXT((#10508,#10507,#10506))
REPRESENTATION_CONTEXT('CS-4-22YTA','TOP_LEVEL_ASSEMBLY_PART')
);
#10501=(
GEOMETRIC_REPRESENTATION_CONTEXT(3)
GLOBAL_UNCERTAINTY_ASSIGNED_CONTEXT((#10504))
GLOBAL_UNIT_ASSIGNED_CONTEXT((#10508,#10507,#10506))
REPRESENTATION_CONTEXT('CS-4-22YA Body','COMPONENT_PART')
);
#10502=(
GEOMETRIC_REPRESENTATION_CONTEXT(3)
GLOBAL_UNCERTAINTY_ASSIGNED_CONTEXT((#10505))
GLOBAL_UNIT_ASSIGNED_CONTEXT((#10508,#10507,#10506))
REPRESENTATION_CONTEXT('CS-4-22YA11 Dial','COMPONENT_PART')
);
#10503=UNCERTAINTY_MEASURE_WITH_UNIT(LENGTH_MEASURE(0.005),#10508,
'DISTANCE_ACCURACY_VALUE','Maximum Tolerance applied to model');
#10504=UNCERTAINTY_MEASURE_WITH_UNIT(LENGTH_MEASURE(0.005),#10508,
'DISTANCE_ACCURACY_VALUE','Maximum Tolerance applied to model');
#10505=UNCERTAINTY_MEASURE_WITH_UNIT(LENGTH_MEASURE(0.005),#10508,
'DISTANCE_ACCURACY_VALUE','Maximum Tolerance applied to model');
#10506=(
NAMED_UNIT(*)
SI_UNIT($,.STERADIAN.)
SOLID_ANGLE_UNIT()
);
#10507=(
NAMED_UNIT(*)
PLANE_ANGLE_UNIT()
SI_UNIT($,.RADIAN.)
);
#10508=(
LENGTH_UNIT()
NAMED_UNIT(*)
SI_UNIT(.MILLI.,.METRE.)
);
#10509=PRODUCT_DEFINITION_SHAPE('','',#10514);
#10510=PRODUCT_DEFINITION_SHAPE('','',#10515);
#10511=PRODUCT_DEFINITION_SHAPE(' ','NAUO PRDDFN',#20);
#10512=PRODUCT_DEFINITION_SHAPE('','',#10516);
#10513=PRODUCT_DEFINITION_SHAPE(' ','NAUO PRDDFN',#21);
#10514=PRODUCT_DEFINITION('','',#10520,#10517);
#10515=PRODUCT_DEFINITION('','',#10521,#10518);
#10516=PRODUCT_DEFINITION('','',#10522,#10519);
#10517=PRODUCT_DEFINITION_CONTEXT('',#10536,'design');
#10518=PRODUCT_DEFINITION_CONTEXT('',#10536,'design');
#10519=PRODUCT_DEFINITION_CONTEXT('',#10536,'design');
#10520=PRODUCT_DEFINITION_FORMATION_WITH_SPECIFIED_SOURCE('','',#10526,
 .NOT_KNOWN.);
#10521=PRODUCT_DEFINITION_FORMATION_WITH_SPECIFIED_SOURCE('','',#10527,
 .NOT_KNOWN.);
#10522=PRODUCT_DEFINITION_FORMATION_WITH_SPECIFIED_SOURCE('','',#10528,
 .NOT_KNOWN.);
#10523=PRODUCT_RELATED_PRODUCT_CATEGORY('','',(#10526));
#10524=PRODUCT_RELATED_PRODUCT_CATEGORY('','',(#10527));
#10525=PRODUCT_RELATED_PRODUCT_CATEGORY('','',(#10528));
#10526=PRODUCT('CS-4-22YTA','CS-4-22YTA','CS-4-22YTA',(#10532));
#10527=PRODUCT('CS-4-22YA Body','CS-4-22YA Body','CS-4-22YA Body',(#10533));
#10528=PRODUCT('CS-4-22YA11 Dial','CS-4-22YA11 Dial','CS-4-22YA11 Dial',
(#10534));
#10529=PRODUCT_CATEGORY('','');
#10530=PRODUCT_CATEGORY('','');
#10531=PRODUCT_CATEGORY('','');
#10532=PRODUCT_CONTEXT('',#10536,'mechanical');
#10533=PRODUCT_CONTEXT('',#10536,'mechanical');
#10534=PRODUCT_CONTEXT('',#10536,'mechanical');
#10535=APPLICATION_PROTOCOL_DEFINITION('international standard',
'automotive_design',2010,#10536);
#10536=APPLICATION_CONTEXT(
'core data for automotive mechanical design processes');
ENDSEC;
END-ISO-10303-21;
