ISO-10303-21;
HEADER;
FILE_DESCRIPTION((''),'2;1');
FILE_NAME('PRT0008','2025-03-31T',('HI'),(''),
'PRO/ENGINEER BY PARAMETRIC TECHNOLOGY CORPORATION, 2010280',
'PRO/ENGINEER BY PARAMETRIC TECHNOLOGY CORPORATION, 2010280','');
FILE_SCHEMA(('CONFIG_CONTROL_DESIGN'));
ENDSEC;
DATA;
#1=DIRECTION('',(1.039666388694E-6,8.823323801149E-7,-9.999999999991E-1));
#2=VECTOR('',#1,2.999991832514E-1);
#3=CARTESIAN_POINT('',(-1.706450966998E0,2.939439082703E0,-1.790000076644E1));
#4=LINE('',#3,#2);
#5=DIRECTION('',(5.514107688981E-14,-1.435888445184E-13,1.E0));
#6=VECTOR('',#5,2.999999999995E-1);
#7=CARTESIAN_POINT('',(-6.064505190310E-1,3.343291349481E0,-1.82E1));
#8=LINE('',#7,#6);
#9=CARTESIAN_POINT('',(-6.064505190310E-1,1.643291349481E0,-1.781E1));
#10=DIRECTION('',(0.E0,0.E0,1.E0));
#11=DIRECTION('',(0.E0,1.E0,0.E0));
#12=AXIS2_PLACEMENT_3D('',#9,#10,#11);
#14=CARTESIAN_POINT('',(-1.706450244652E0,2.735308263805E0,-1.780999932633E1));
#15=CARTESIAN_POINT('',(-1.706450244652E0,2.757493162809E0,-1.781937724461E1));
#16=CARTESIAN_POINT('',(-1.706450706804E0,2.802186517532E0,-1.783856334658E1));
#17=CARTESIAN_POINT('',(-1.706450273396E0,2.870231056368E0,-1.786857446080E1));
#18=CARTESIAN_POINT('',(-1.706450966998E0,2.916255661084E0,-1.788939519225E1));
#19=CARTESIAN_POINT('',(-1.706450966998E0,2.939439082703E0,-1.790000076644E1));
#21=CARTESIAN_POINT('',(-6.064505190310E-1,1.643291349481E0,-1.79E1));
#22=DIRECTION('',(0.E0,0.E0,-1.E0));
#23=DIRECTION('',(-6.470589578827E-1,7.624399681442E-1,0.E0));
#24=AXIS2_PLACEMENT_3D('',#21,#22,#23);
#26=DIRECTION('',(0.E0,-8.574929257097E-1,5.144957554323E-1));
#27=VECTOR('',#26,1.749285568449E-1);
#28=CARTESIAN_POINT('',(-6.064505190310E-1,3.343291349480E0,-1.79E1));
#29=LINE('',#28,#27);
#30=DIRECTION('',(1.301238518708E-7,1.312691405198E-7,-1.E0));
#31=VECTOR('',#30,1.610001227619E0);
#32=CARTESIAN_POINT('',(-1.706450454151E0,2.735308052461E0,-1.619999809871E1));
#33=LINE('',#32,#31);
#34=DIRECTION('',(0.E0,1.535445340351E-11,1.E0));
#35=VECTOR('',#34,1.609999998428E0);
#36=CARTESIAN_POINT('',(-6.064505190310E-1,3.193291349481E0,-1.781E1));
#37=LINE('',#36,#35);
#38=CARTESIAN_POINT('',(-6.064505190310E-1,1.643291349698E0,-1.595000001434E1));
#39=DIRECTION('',(0.E0,-9.078999996248E-9,1.E0));
#40=DIRECTION('',(6.531411961325E-1,7.572361440889E-1,6.874947022880E-9));
#41=AXIS2_PLACEMENT_3D('',#38,#39,#40);
#43=CARTESIAN_POINT('',(-6.064505190310E-1,1.643291351968E0,-1.620000001475E1));
#44=DIRECTION('',(0.E0,9.078999996248E-9,-1.E0));
#45=DIRECTION('',(-7.096772786019E-1,7.045269052607E-1,6.396399692272E-9));
#46=AXIS2_PLACEMENT_3D('',#43,#44,#45);
#48=CARTESIAN_POINT('',(-6.064505190310E-1,1.643291351968E0,-1.620000001475E1));
#49=DIRECTION('',(0.E0,9.078999996248E-9,-1.E0));
#50=DIRECTION('',(0.E0,1.E0,9.079001077622E-9));
#51=AXIS2_PLACEMENT_3D('',#48,#49,#50);
#53=CARTESIAN_POINT('',(4.935493373053E-1,2.735308031982E0,-1.620000008794E1));
#54=CARTESIAN_POINT('',(4.935493373053E-1,2.735308031872E0,-1.618782010819E1));
#55=CARTESIAN_POINT('',(4.935495476436E-1,2.737411995649E0,-1.616338760339E1));
#56=CARTESIAN_POINT('',(4.935494631036E-1,2.747047426444E0,-1.612662086243E1));
#57=CARTESIAN_POINT('',(4.935494857561E-1,2.763772406433E0,-1.608943272826E1));
#58=CARTESIAN_POINT('',(4.935494796858E-1,2.788428450328E0,-1.605210814304E1));
#59=CARTESIAN_POINT('',(4.935494813145E-1,2.822036892140E0,-1.601518336240E1));
#60=CARTESIAN_POINT('',(4.935494808703E-1,2.865291392172E0,-1.598006529990E1));
#61=CARTESIAN_POINT('',(4.935494809690E-1,2.899760748379E0,-1.595946525174E1));
#62=CARTESIAN_POINT('',(4.935494809690E-1,2.918604809376E0,-1.595E1));
#64=DIRECTION('',(-1.E0,0.E0,0.E0));
#65=VECTOR('',#64,6.5E0);
#66=CARTESIAN_POINT('',(-3.089244083031E0,3.343291349481E0,-1.595E1));
#67=LINE('',#66,#65);
#68=DIRECTION('',(0.E0,1.E0,0.E0));
#69=VECTOR('',#68,3.65E0);
#70=CARTESIAN_POINT('',(-9.589244083031E0,3.343291349481E0,-1.595E1));
#71=LINE('',#70,#69);
#72=DIRECTION('',(1.E0,0.E0,0.E0));
#73=VECTOR('',#72,2.499999962970E-1);
#74=CARTESIAN_POINT('',(-9.589244083031E0,6.993291349481E0,-1.595E1));
#75=LINE('',#74,#73);
#76=DIRECTION('',(1.E0,0.E0,0.E0));
#77=VECTOR('',#76,2.500000037030E-1);
#78=CARTESIAN_POINT('',(-3.339244086734E0,6.993291349481E0,-1.595E1));
#79=LINE('',#78,#77);
#80=DIRECTION('',(0.E0,-1.E0,0.E0));
#81=VECTOR('',#80,3.65E0);
#82=CARTESIAN_POINT('',(-3.089244083031E0,6.993291349481E0,-1.595E1));
#83=LINE('',#82,#81);
#84=DIRECTION('',(0.E0,-1.E0,0.E0));
#85=VECTOR('',#84,3.796065884288E0);
#86=CARTESIAN_POINT('',(-1.456450519031E0,1.893572337686E-1,-1.595E1));
#87=LINE('',#86,#85);
#88=DIRECTION('',(-1.E0,0.E0,0.E0));
#89=VECTOR('',#88,5.5E-1);
#90=CARTESIAN_POINT('',(-1.456450519031E0,-3.606708650519E0,-1.595E1));
#91=LINE('',#90,#89);
#92=DIRECTION('',(0.E0,1.E0,0.E0));
#93=VECTOR('',#92,3.869271921503E0);
#94=CARTESIAN_POINT('',(-2.006450519031E0,-3.606708650519E0,-1.595E1));
#95=LINE('',#94,#93);
#96=DIRECTION('',(1.E0,0.E0,0.E0));
#97=VECTOR('',#96,5.5E-1);
#98=CARTESIAN_POINT('',(-2.006450519031E0,2.625632709839E-1,-1.595E1));
#99=LINE('',#98,#97);
#100=DIRECTION('',(-1.E0,0.E0,0.E0));
#101=VECTOR('',#100,5.5E-1);
#102=CARTESIAN_POINT('',(-2.476450519031E0,-3.606708650519E0,-1.595E1));
#103=LINE('',#102,#101);
#104=DIRECTION('',(0.E0,1.E0,0.E0));
#105=VECTOR('',#104,3.869271921001E0);
#106=CARTESIAN_POINT('',(-3.026450519031E0,-3.606708650519E0,-1.595E1));
#107=LINE('',#106,#105);
#108=DIRECTION('',(1.E0,0.E0,0.E0));
#109=VECTOR('',#108,5.5E-1);
#110=CARTESIAN_POINT('',(-3.026450519031E0,2.625632704821E-1,-1.595E1));
#111=LINE('',#110,#109);
#112=DIRECTION('',(0.E0,-1.E0,0.E0));
#113=VECTOR('',#112,3.869271921001E0);
#114=CARTESIAN_POINT('',(-2.476450519031E0,2.625632704821E-1,-1.595E1));
#115=LINE('',#114,#113);
#116=DIRECTION('',(1.E0,0.E0,0.E0));
#117=VECTOR('',#116,5.5E-1);
#118=CARTESIAN_POINT('',(-4.046450519031E0,2.625632704821E-1,-1.595E1));
#119=LINE('',#118,#117);
#120=DIRECTION('',(0.E0,-1.E0,0.E0));
#121=VECTOR('',#120,3.869271921001E0);
#122=CARTESIAN_POINT('',(-3.496450519031E0,2.625632704821E-1,-1.595E1));
#123=LINE('',#122,#121);
#124=DIRECTION('',(-1.E0,0.E0,0.E0));
#125=VECTOR('',#124,5.5E-1);
#126=CARTESIAN_POINT('',(-3.496450519031E0,-3.606708650519E0,-1.595E1));
#127=LINE('',#126,#125);
#128=DIRECTION('',(0.E0,1.E0,0.E0));
#129=VECTOR('',#128,3.869271921001E0);
#130=CARTESIAN_POINT('',(-4.046450519031E0,-3.606708650519E0,-1.595E1));
#131=LINE('',#130,#129);
#132=DIRECTION('',(1.E0,0.E0,0.E0));
#133=VECTOR('',#132,5.5E-1);
#134=CARTESIAN_POINT('',(-5.066450519031E0,2.625632704821E-1,-1.595E1));
#135=LINE('',#134,#133);
#136=DIRECTION('',(0.E0,-1.E0,0.E0));
#137=VECTOR('',#136,3.869271921001E0);
#138=CARTESIAN_POINT('',(-4.516450519031E0,2.625632704821E-1,-1.595E1));
#139=LINE('',#138,#137);
#140=DIRECTION('',(-1.E0,0.E0,0.E0));
#141=VECTOR('',#140,5.5E-1);
#142=CARTESIAN_POINT('',(-4.516450519031E0,-3.606708650519E0,-1.595E1));
#143=LINE('',#142,#141);
#144=DIRECTION('',(0.E0,1.E0,0.E0));
#145=VECTOR('',#144,3.869271921001E0);
#146=CARTESIAN_POINT('',(-5.066450519031E0,-3.606708650519E0,-1.595E1));
#147=LINE('',#146,#145);
#148=DIRECTION('',(1.E0,0.E0,0.E0));
#149=VECTOR('',#148,5.5E-1);
#150=CARTESIAN_POINT('',(-6.086450519031E0,2.625632704821E-1,-1.595E1));
#151=LINE('',#150,#149);
#152=DIRECTION('',(0.E0,-1.E0,0.E0));
#153=VECTOR('',#152,3.869271921001E0);
#154=CARTESIAN_POINT('',(-5.536450519031E0,2.625632704821E-1,-1.595E1));
#155=LINE('',#154,#153);
#156=DIRECTION('',(-1.E0,0.E0,0.E0));
#157=VECTOR('',#156,5.5E-1);
#158=CARTESIAN_POINT('',(-5.536450519031E0,-3.606708650519E0,-1.595E1));
#159=LINE('',#158,#157);
#160=DIRECTION('',(0.E0,1.E0,0.E0));
#161=VECTOR('',#160,3.869271921001E0);
#162=CARTESIAN_POINT('',(-6.086450519031E0,-3.606708650519E0,-1.595E1));
#163=LINE('',#162,#161);
#164=DIRECTION('',(1.E0,0.E0,0.E0));
#165=VECTOR('',#164,5.5E-1);
#166=CARTESIAN_POINT('',(-7.106450519031E0,2.625632704821E-1,-1.595E1));
#167=LINE('',#166,#165);
#168=DIRECTION('',(0.E0,-1.E0,0.E0));
#169=VECTOR('',#168,3.869271921001E0);
#170=CARTESIAN_POINT('',(-6.556450519031E0,2.625632704821E-1,-1.595E1));
#171=LINE('',#170,#169);
#172=DIRECTION('',(-1.E0,0.E0,0.E0));
#173=VECTOR('',#172,5.5E-1);
#174=CARTESIAN_POINT('',(-6.556450519031E0,-3.606708650519E0,-1.595E1));
#175=LINE('',#174,#173);
#176=DIRECTION('',(0.E0,1.E0,0.E0));
#177=VECTOR('',#176,3.869271921001E0);
#178=CARTESIAN_POINT('',(-7.106450519031E0,-3.606708650519E0,-1.595E1));
#179=LINE('',#178,#177);
#180=DIRECTION('',(1.E0,0.E0,0.E0));
#181=VECTOR('',#180,5.5E-1);
#182=CARTESIAN_POINT('',(-8.126450519031E0,2.625632704821E-1,-1.595E1));
#183=LINE('',#182,#181);
#184=DIRECTION('',(0.E0,-1.E0,0.E0));
#185=VECTOR('',#184,3.869271921001E0);
#186=CARTESIAN_POINT('',(-7.576450519031E0,2.625632704821E-1,-1.595E1));
#187=LINE('',#186,#185);
#188=DIRECTION('',(-1.E0,0.E0,0.E0));
#189=VECTOR('',#188,5.5E-1);
#190=CARTESIAN_POINT('',(-7.576450519031E0,-3.606708650519E0,-1.595E1));
#191=LINE('',#190,#189);
#192=DIRECTION('',(0.E0,1.E0,0.E0));
#193=VECTOR('',#192,3.869271921001E0);
#194=CARTESIAN_POINT('',(-8.126450519031E0,-3.606708650519E0,-1.595E1));
#195=LINE('',#194,#193);
#196=DIRECTION('',(1.E0,0.E0,0.E0));
#197=VECTOR('',#196,5.5E-1);
#198=CARTESIAN_POINT('',(-9.146450519031E0,2.625632704821E-1,-1.595E1));
#199=LINE('',#198,#197);
#200=DIRECTION('',(0.E0,-1.E0,0.E0));
#201=VECTOR('',#200,3.869271921001E0);
#202=CARTESIAN_POINT('',(-8.596450519031E0,2.625632704821E-1,-1.595E1));
#203=LINE('',#202,#201);
#204=DIRECTION('',(-1.E0,0.E0,0.E0));
#205=VECTOR('',#204,5.5E-1);
#206=CARTESIAN_POINT('',(-8.596450519031E0,-3.606708650519E0,-1.595E1));
#207=LINE('',#206,#205);
#208=DIRECTION('',(0.E0,1.E0,0.E0));
#209=VECTOR('',#208,3.869271921001E0);
#210=CARTESIAN_POINT('',(-9.146450519031E0,-3.606708650519E0,-1.595E1));
#211=LINE('',#210,#209);
#212=DIRECTION('',(1.E0,0.E0,0.E0));
#213=VECTOR('',#212,5.499999999990E-1);
#214=CARTESIAN_POINT('',(-1.016645051903E1,2.625632704821E-1,-1.595E1));
#215=LINE('',#214,#213);
#216=DIRECTION('',(0.E0,-1.E0,0.E0));
#217=VECTOR('',#216,3.869271921001E0);
#218=CARTESIAN_POINT('',(-9.616450519031E0,2.625632704821E-1,-1.595E1));
#219=LINE('',#218,#217);
#220=DIRECTION('',(-1.E0,0.E0,0.E0));
#221=VECTOR('',#220,5.499999999990E-1);
#222=CARTESIAN_POINT('',(-9.616450519031E0,-3.606708650519E0,-1.595E1));
#223=LINE('',#222,#221);
#224=DIRECTION('',(0.E0,1.E0,0.E0));
#225=VECTOR('',#224,3.869271921001E0);
#226=CARTESIAN_POINT('',(-1.016645051903E1,-3.606708650519E0,-1.595E1));
#227=LINE('',#226,#225);
#228=DIRECTION('',(0.E0,-1.E0,0.E0));
#229=VECTOR('',#228,3.869271921504E0);
#230=CARTESIAN_POINT('',(-1.063645051903E1,2.625632709853E-1,-1.595E1));
#231=LINE('',#230,#229);
#232=DIRECTION('',(-1.E0,0.E0,0.E0));
#233=VECTOR('',#232,5.5E-1);
#234=CARTESIAN_POINT('',(-1.063645051903E1,-3.606708650519E0,-1.595E1));
#235=LINE('',#234,#233);
#236=DIRECTION('',(0.E0,1.E0,0.E0));
#237=VECTOR('',#236,3.796065884288E0);
#238=CARTESIAN_POINT('',(-1.118645051903E1,-3.606708650519E0,-1.595E1));
#239=LINE('',#238,#237);
#240=DIRECTION('',(1.E0,0.E0,0.E0));
#241=VECTOR('',#240,5.5E-1);
#242=CARTESIAN_POINT('',(-1.118645051903E1,2.625632709853E-1,-1.595E1));
#243=LINE('',#242,#241);
#244=DIRECTION('',(-1.E0,0.E0,0.E0));
#245=VECTOR('',#244,1.38E1);
#246=CARTESIAN_POINT('',(5.785494809690E-1,7.793291349481E0,-1.595E1));
#247=LINE('',#246,#245);
#248=DIRECTION('',(0.E0,1.E0,0.E0));
#249=VECTOR('',#248,3.500000000016E0);
#250=CARTESIAN_POINT('',(-1.322145051903E1,3.793291349481E0,-1.595E1));
#251=LINE('',#250,#249);
#252=DIRECTION('',(1.E0,0.E0,0.E0));
#253=VECTOR('',#252,8.E-1);
#254=CARTESIAN_POINT('',(-1.402145051903E1,3.793291349481E0,-1.595E1));
#255=LINE('',#254,#253);
#256=DIRECTION('',(0.E0,1.E0,0.E0));
#257=VECTOR('',#256,4.7E0);
#258=CARTESIAN_POINT('',(-1.402145051903E1,-9.067086505190E-1,-1.595E1));
#259=LINE('',#258,#257);
#260=DIRECTION('',(-1.E0,0.E0,0.E0));
#261=VECTOR('',#260,8.000000001248E-1);
#262=CARTESIAN_POINT('',(-1.322145051891E1,-9.067086505190E-1,-1.595E1));
#263=LINE('',#262,#261);
#264=DIRECTION('',(1.638326050634E-11,1.E0,0.E0));
#265=VECTOR('',#264,6.665E0);
#266=CARTESIAN_POINT('',(-1.322145051901E1,-7.571708650519E0,-1.595E1));
#267=LINE('',#266,#265);
#268=DIRECTION('',(-1.E0,0.E0,0.E0));
#269=VECTOR('',#268,1.38E1);
#270=CARTESIAN_POINT('',(5.785494809690E-1,-8.306708650519E0,-1.595E1));
#271=LINE('',#270,#269);
#272=DIRECTION('',(2.026687561626E-11,-1.E0,0.E0));
#273=VECTOR('',#272,6.665E0);
#274=CARTESIAN_POINT('',(5.785494808452E-1,-9.067086505190E-1,-1.595E1));
#275=LINE('',#274,#273);
#276=DIRECTION('',(-1.E0,0.E0,0.E0));
#277=VECTOR('',#276,8.000000001238E-1);
#278=CARTESIAN_POINT('',(1.378549480969E0,-9.067086505190E-1,-1.595E1));
#279=LINE('',#278,#277);
#280=DIRECTION('',(0.E0,-1.E0,0.E0));
#281=VECTOR('',#280,4.7E0);
#282=CARTESIAN_POINT('',(1.378549480969E0,3.793291349481E0,-1.595E1));
#283=LINE('',#282,#281);
#284=DIRECTION('',(1.E0,0.E0,0.E0));
#285=VECTOR('',#284,7.999999999990E-1);
#286=CARTESIAN_POINT('',(5.785494809700E-1,3.793291349481E0,-1.595E1));
#287=LINE('',#286,#285);
#288=DIRECTION('',(1.694200335570E-13,-1.E0,0.E0));
#289=VECTOR('',#288,3.500000000016E0);
#290=CARTESIAN_POINT('',(5.785494809694E-1,7.293291349497E0,-1.595E1));
#291=LINE('',#290,#289);
#292=DIRECTION('',(1.E0,0.E0,0.E0));
#293=VECTOR('',#292,5.E-1);
#294=CARTESIAN_POINT('',(-2.126450519031E0,-4.880708650519E0,-1.595E1));
#295=LINE('',#294,#293);
#296=DIRECTION('',(4.648140165839E-11,-1.935585347396E-11,-1.E0));
#297=VECTOR('',#296,3.45E0);
#298=CARTESIAN_POINT('',(-1.626450519031E0,-4.880708650519E0,-1.595E1));
#299=LINE('',#298,#297);
#300=DIRECTION('',(-1.E0,-1.111111201668E-11,0.E0));
#301=VECTOR('',#300,5.000000006196E-1);
#302=CARTESIAN_POINT('',(-1.626450518871E0,-4.880708650586E0,-1.94E1));
#303=LINE('',#302,#301);
#304=DIRECTION('',(1.331079530012E-10,2.096590212231E-11,1.E0));
#305=VECTOR('',#304,3.45E0);
#306=CARTESIAN_POINT('',(-2.126450519490E0,-4.880708650591E0,-1.94E1));
#307=LINE('',#306,#305);
#308=DIRECTION('',(0.E0,-1.E0,0.E0));
#309=VECTOR('',#308,3.5E-1);
#310=CARTESIAN_POINT('',(-1.626450519031E0,-4.530708650519E0,-1.595E1));
#311=LINE('',#310,#309);
#312=DIRECTION('',(4.289052205185E-11,-1.838004145018E-10,-1.E0));
#313=VECTOR('',#312,3.45E0);
#314=CARTESIAN_POINT('',(-1.626450519031E0,-4.530708650519E0,-1.595E1));
#315=LINE('',#314,#313);
#316=DIRECTION('',(3.539771656137E-11,-1.E0,0.E0));
#317=VECTOR('',#316,3.499999994327E-1);
#318=CARTESIAN_POINT('',(-1.626450518883E0,-4.530708651153E0,-1.94E1));
#319=LINE('',#318,#317);
#320=DIRECTION('',(-1.E0,0.E0,0.E0));
#321=VECTOR('',#320,5.E-1);
#322=CARTESIAN_POINT('',(-1.626450519031E0,-4.530708650519E0,-1.595E1));
#323=LINE('',#322,#321);
#324=DIRECTION('',(-1.442351552204E-10,-1.696297208978E-10,-1.E0));
#325=VECTOR('',#324,3.45E0);
#326=CARTESIAN_POINT('',(-2.126450519031E0,-4.530708650519E0,-1.595E1));
#327=LINE('',#326,#325);
#328=DIRECTION('',(1.E0,-9.777956209854E-11,0.E0));
#329=VECTOR('',#328,5.000000006456E-1);
#330=CARTESIAN_POINT('',(-2.126450519529E0,-4.530708651104E0,-1.94E1));
#331=LINE('',#330,#329);
#332=DIRECTION('',(0.E0,1.E0,0.E0));
#333=VECTOR('',#332,3.5E-1);
#334=CARTESIAN_POINT('',(-2.126450519031E0,-4.880708650519E0,-1.595E1));
#335=LINE('',#334,#333);
#336=DIRECTION('',(-1.096836908621E-10,1.E0,0.E0));
#337=VECTOR('',#336,3.499999994871E-1);
#338=CARTESIAN_POINT('',(-2.126450519490E0,-4.880708650591E0,-1.94E1));
#339=LINE('',#338,#337);
#340=DIRECTION('',(1.E0,0.E0,0.E0));
#341=VECTOR('',#340,5.E-1);
#342=CARTESIAN_POINT('',(-4.666450519031E0,-4.880708650519E0,-1.595E1));
#343=LINE('',#342,#341);
#344=DIRECTION('',(2.324478773714E-11,-1.935585347396E-11,-1.E0));
#345=VECTOR('',#344,3.45E0);
#346=CARTESIAN_POINT('',(-4.166450519031E0,-4.880708650519E0,-1.595E1));
#347=LINE('',#346,#345);
#348=DIRECTION('',(-1.E0,-1.111111201682E-11,0.E0));
#349=VECTOR('',#348,5.000000006134E-1);
#350=CARTESIAN_POINT('',(-4.166450518951E0,-4.880708650586E0,-1.94E1));
#351=LINE('',#350,#349);
#352=DIRECTION('',(1.545572043939E-10,2.096590212231E-11,1.E0));
#353=VECTOR('',#352,3.45E0);
#354=CARTESIAN_POINT('',(-4.666450519564E0,-4.880708650591E0,-1.94E1));
#355=LINE('',#354,#353);
#356=DIRECTION('',(0.E0,-1.E0,0.E0));
#357=VECTOR('',#356,3.5E-1);
#358=CARTESIAN_POINT('',(-4.166450519031E0,-4.530708650519E0,-1.595E1));
#359=LINE('',#358,#357);
#360=DIRECTION('',(2.144088449458E-11,-1.838004145018E-10,-1.E0));
#361=VECTOR('',#360,3.45E0);
#362=CARTESIAN_POINT('',(-4.166450519031E0,-4.530708650519E0,-1.595E1));
#363=LINE('',#362,#361);
#364=DIRECTION('',(1.777879433859E-11,-1.E0,0.E0));
#365=VECTOR('',#364,3.499999994327E-1);
#366=CARTESIAN_POINT('',(-4.166450518957E0,-4.530708651153E0,-1.94E1));
#367=LINE('',#366,#365);
#368=DIRECTION('',(-1.E0,0.E0,0.E0));
#369=VECTOR('',#368,5.E-1);
#370=CARTESIAN_POINT('',(-4.166450519031E0,-4.530708650519E0,-1.595E1));
#371=LINE('',#370,#369);
#372=DIRECTION('',(-1.674718335024E-10,-1.696297208978E-10,-1.E0));
#373=VECTOR('',#372,3.45E0);
#374=CARTESIAN_POINT('',(-4.666450519031E0,-4.530708650519E0,-1.595E1));
#375=LINE('',#374,#373);
#376=DIRECTION('',(1.E0,-9.777956209733E-11,0.E0));
#377=VECTOR('',#376,5.000000006517E-1);
#378=CARTESIAN_POINT('',(-4.666450519609E0,-4.530708651104E0,-1.94E1));
#379=LINE('',#378,#377);
#380=DIRECTION('',(0.E0,1.E0,0.E0));
#381=VECTOR('',#380,3.5E-1);
#382=CARTESIAN_POINT('',(-4.666450519031E0,-4.880708650519E0,-1.595E1));
#383=LINE('',#382,#381);
#384=DIRECTION('',(-1.273013442559E-10,1.E0,0.E0));
#385=VECTOR('',#384,3.499999994871E-1);
#386=CARTESIAN_POINT('',(-4.666450519564E0,-4.880708650591E0,-1.94E1));
#387=LINE('',#386,#385);
#388=DIRECTION('',(1.E0,0.E0,0.E0));
#389=VECTOR('',#388,5.E-1);
#390=CARTESIAN_POINT('',(-7.206450519031E0,-4.880708650519E0,-1.595E1));
#391=LINE('',#390,#389);
#392=DIRECTION('',(0.E0,-1.935585347396E-11,-1.E0));
#393=VECTOR('',#392,3.45E0);
#394=CARTESIAN_POINT('',(-6.706450519031E0,-4.880708650519E0,-1.595E1));
#395=LINE('',#394,#393);
#396=DIRECTION('',(-1.E0,-1.111111204230E-11,0.E0));
#397=VECTOR('',#396,4.999999994668E-1);
#398=CARTESIAN_POINT('',(-6.706450519031E0,-4.880708650586E0,-1.94E1));
#399=LINE('',#398,#397);
#400=DIRECTION('',(-1.545569469509E-10,2.096590212231E-11,1.E0));
#401=VECTOR('',#400,3.45E0);
#402=CARTESIAN_POINT('',(-7.206450518498E0,-4.880708650591E0,-1.94E1));
#403=LINE('',#402,#401);
#404=DIRECTION('',(0.E0,-1.E0,0.E0));
#405=VECTOR('',#404,3.5E-1);
#406=CARTESIAN_POINT('',(-6.706450519031E0,-4.530708650519E0,-1.595E1));
#407=LINE('',#406,#405);
#408=DIRECTION('',(0.E0,-1.838004145018E-10,-1.E0));
#409=VECTOR('',#408,3.45E0);
#410=CARTESIAN_POINT('',(-6.706450519031E0,-4.530708650519E0,-1.595E1));
#411=LINE('',#410,#409);
#412=DIRECTION('',(0.E0,-1.E0,0.E0));
#413=VECTOR('',#412,3.499999994327E-1);
#414=CARTESIAN_POINT('',(-6.706450519031E0,-4.530708651153E0,-1.94E1));
#415=LINE('',#414,#413);
#416=DIRECTION('',(-1.E0,0.E0,0.E0));
#417=VECTOR('',#416,5.E-1);
#418=CARTESIAN_POINT('',(-6.706450519031E0,-4.530708650519E0,-1.595E1));
#419=LINE('',#418,#417);
#420=DIRECTION('',(1.674718335024E-10,-1.696297208978E-10,-1.E0));
#421=VECTOR('',#420,3.45E0);
#422=CARTESIAN_POINT('',(-7.206450519031E0,-4.530708650519E0,-1.595E1));
#423=LINE('',#422,#421);
#424=DIRECTION('',(1.E0,-9.777956233778E-11,0.E0));
#425=VECTOR('',#424,4.999999994222E-1);
#426=CARTESIAN_POINT('',(-7.206450518453E0,-4.530708651104E0,-1.94E1));
#427=LINE('',#426,#425);
#428=DIRECTION('',(0.E0,1.E0,0.E0));
#429=VECTOR('',#428,3.5E-1);
#430=CARTESIAN_POINT('',(-7.206450519031E0,-4.880708650519E0,-1.595E1));
#431=LINE('',#430,#429);
#432=DIRECTION('',(1.273038819085E-10,1.E0,0.E0));
#433=VECTOR('',#432,3.499999994871E-1);
#434=CARTESIAN_POINT('',(-7.206450518498E0,-4.880708650591E0,-1.94E1));
#435=LINE('',#434,#433);
#436=DIRECTION('',(1.E0,0.E0,0.E0));
#437=VECTOR('',#436,5.E-1);
#438=CARTESIAN_POINT('',(-5.936450519031E0,-7.420708650519E0,-1.595E1));
#439=LINE('',#438,#437);
#440=DIRECTION('',(-1.674718335024E-10,3.441266595355E-11,-1.E0));
#441=VECTOR('',#440,3.45E0);
#442=CARTESIAN_POINT('',(-5.436450519031E0,-7.420708650519E0,-1.595E1));
#443=LINE('',#442,#441);
#444=DIRECTION('',(-1.E0,1.938715856762E-11,0.E0));
#445=VECTOR('',#444,4.999999994222E-1);
#446=CARTESIAN_POINT('',(-5.436450519609E0,-7.420708650400E0,-1.94E1));
#447=LINE('',#446,#445);
#448=DIRECTION('',(0.E0,-3.722214163302E-11,1.E0));
#449=VECTOR('',#448,3.45E0);
#450=CARTESIAN_POINT('',(-5.936450519031E0,-7.420708650391E0,-1.94E1));
#451=LINE('',#450,#449);
#452=DIRECTION('',(0.E0,-1.E0,0.E0));
#453=VECTOR('',#452,3.5E-1);
#454=CARTESIAN_POINT('',(-5.436450519031E0,-7.070708650519E0,-1.595E1));
#455=LINE('',#454,#453);
#456=DIRECTION('',(-1.545572043939E-10,-1.256038751268E-10,-1.E0));
#457=VECTOR('',#456,3.45E0);
#458=CARTESIAN_POINT('',(-5.436450519031E0,-7.070708650519E0,-1.595E1));
#459=LINE('',#458,#457);
#460=DIRECTION('',(-1.273013442701E-10,-1.E0,0.E0));
#461=VECTOR('',#460,3.499999994479E-1);
#462=CARTESIAN_POINT('',(-5.436450519564E0,-7.070708650952E0,-1.94E1));
#463=LINE('',#462,#461);
#464=DIRECTION('',(-1.E0,0.E0,0.E0));
#465=VECTOR('',#464,5.E-1);
#466=CARTESIAN_POINT('',(-5.436450519031E0,-7.070708650519E0,-1.595E1));
#467=LINE('',#466,#465);
#468=DIRECTION('',(0.E0,-1.159417811356E-10,-1.E0));
#469=VECTOR('',#468,3.45E0);
#470=CARTESIAN_POINT('',(-5.936450519031E0,-7.070708650519E0,-1.595E1));
#471=LINE('',#470,#469);
#472=DIRECTION('',(1.E0,-6.666844861063E-11,0.E0));
#473=VECTOR('',#472,4.999999994668E-1);
#474=CARTESIAN_POINT('',(-5.936450519031E0,-7.070708650919E0,-1.94E1));
#475=LINE('',#474,#473);
#476=DIRECTION('',(0.E0,1.E0,0.E0));
#477=VECTOR('',#476,3.5E-1);
#478=CARTESIAN_POINT('',(-5.936450519031E0,-7.420708650519E0,-1.595E1));
#479=LINE('',#478,#477);
#480=DIRECTION('',(0.E0,1.E0,0.E0));
#481=VECTOR('',#480,3.499999994716E-1);
#482=CARTESIAN_POINT('',(-5.936450519031E0,-7.420708650391E0,-1.94E1));
#483=LINE('',#482,#481);
#484=DIRECTION('',(1.E0,0.E0,0.E0));
#485=VECTOR('',#484,5.E-1);
#486=CARTESIAN_POINT('',(-9.746450519031E0,-4.880708650519E0,-1.595E1));
#487=LINE('',#486,#485);
#488=DIRECTION('',(-2.324453029412E-11,-1.935585347396E-11,-1.E0));
#489=VECTOR('',#488,3.45E0);
#490=CARTESIAN_POINT('',(-9.246450519031E0,-4.880708650519E0,-1.595E1));
#491=LINE('',#490,#489);
#492=DIRECTION('',(-1.E0,-1.111111204244E-11,0.E0));
#493=VECTOR('',#492,4.999999994605E-1);
#494=CARTESIAN_POINT('',(-9.246450519111E0,-4.880708650586E0,-1.94E1));
#495=LINE('',#494,#493);
#496=DIRECTION('',(-1.331402621002E-10,2.096590212231E-11,1.E0));
#497=VECTOR('',#496,3.45E0);
#498=CARTESIAN_POINT('',(-9.746450518572E0,-4.880708650591E0,-1.94E1));
#499=LINE('',#498,#497);
#500=DIRECTION('',(0.E0,-1.E0,0.E0));
#501=VECTOR('',#500,3.5E-1);
#502=CARTESIAN_POINT('',(-9.246450519031E0,-4.530708650519E0,-1.595E1));
#503=LINE('',#502,#501);
#504=DIRECTION('',(-2.144088449458E-11,-1.838004145018E-10,-1.E0));
#505=VECTOR('',#504,3.45E0);
#506=CARTESIAN_POINT('',(-9.246450519031E0,-4.530708650519E0,-1.595E1));
#507=LINE('',#506,#505);
#508=DIRECTION('',(-1.777879433859E-11,-1.E0,0.E0));
#509=VECTOR('',#508,3.499999994327E-1);
#510=CARTESIAN_POINT('',(-9.246450519105E0,-4.530708651153E0,-1.94E1));
#511=LINE('',#510,#509);
#512=DIRECTION('',(-1.E0,0.E0,0.E0));
#513=VECTOR('',#512,5.E-1);
#514=CARTESIAN_POINT('',(-9.246450519031E0,-4.530708650519E0,-1.595E1));
#515=LINE('',#514,#513);
#516=DIRECTION('',(1.442273032083E-10,-1.696297208978E-10,-1.E0));
#517=VECTOR('',#516,3.45E0);
#518=CARTESIAN_POINT('',(-9.746450519031E0,-4.530708650519E0,-1.595E1));
#519=LINE('',#518,#517);
#520=DIRECTION('',(1.E0,-9.777956233656E-11,0.E0));
#521=VECTOR('',#520,4.999999994284E-1);
#522=CARTESIAN_POINT('',(-9.746450518533E0,-4.530708651104E0,-1.94E1));
#523=LINE('',#522,#521);
#524=DIRECTION('',(0.E0,1.E0,0.E0));
#525=VECTOR('',#524,3.5E-1);
#526=CARTESIAN_POINT('',(-9.746450519031E0,-4.880708650519E0,-1.595E1));
#527=LINE('',#526,#525);
#528=DIRECTION('',(1.092865482253E-10,1.E0,0.E0));
#529=VECTOR('',#528,3.499999994871E-1);
#530=CARTESIAN_POINT('',(-9.746450518572E0,-4.880708650591E0,-1.94E1));
#531=LINE('',#530,#529);
#532=DIRECTION('',(1.E0,0.E0,0.E0));
#533=VECTOR('',#532,5.E-1);
#534=CARTESIAN_POINT('',(-8.476450519031E0,-7.420708650519E0,-1.595E1));
#535=LINE('',#534,#533);
#536=DIRECTION('',(1.674718335024E-10,3.441266595355E-11,-1.E0));
#537=VECTOR('',#536,3.45E0);
#538=CARTESIAN_POINT('',(-7.976450519031E0,-7.420708650519E0,-1.595E1));
#539=LINE('',#538,#537);
#540=DIRECTION('',(-1.E0,1.938715851993E-11,0.E0));
#541=VECTOR('',#540,5.000000006520E-1);
#542=CARTESIAN_POINT('',(-7.976450518453E0,-7.420708650400E0,-1.94E1));
#543=LINE('',#542,#541);
#544=DIRECTION('',(2.151399831232E-11,-3.722214163302E-11,1.E0));
#545=VECTOR('',#544,3.45E0);
#546=CARTESIAN_POINT('',(-8.476450519105E0,-7.420708650391E0,-1.94E1));
#547=LINE('',#546,#545);
#548=DIRECTION('',(0.E0,-1.E0,0.E0));
#549=VECTOR('',#548,3.5E-1);
#550=CARTESIAN_POINT('',(-7.976450519031E0,-7.070708650519E0,-1.595E1));
#551=LINE('',#550,#549);
#552=DIRECTION('',(1.545569469509E-10,-1.256038751268E-10,-1.E0));
#553=VECTOR('',#552,3.45E0);
#554=CARTESIAN_POINT('',(-7.976450519031E0,-7.070708650519E0,-1.595E1));
#555=LINE('',#554,#553);
#556=DIRECTION('',(1.273038819227E-10,-1.E0,0.E0));
#557=VECTOR('',#556,3.499999994479E-1);
#558=CARTESIAN_POINT('',(-7.976450518498E0,-7.070708650952E0,-1.94E1));
#559=LINE('',#558,#557);
#560=DIRECTION('',(-1.E0,0.E0,0.E0));
#561=VECTOR('',#560,5.E-1);
#562=CARTESIAN_POINT('',(-7.976450519031E0,-7.070708650519E0,-1.595E1));
#563=LINE('',#562,#561);
#564=DIRECTION('',(-2.324504518016E-11,-1.159417811356E-10,-1.E0));
#565=VECTOR('',#564,3.45E0);
#566=CARTESIAN_POINT('',(-8.476450519031E0,-7.070708650519E0,-1.595E1));
#567=LINE('',#566,#565);
#568=DIRECTION('',(1.E0,-6.666844845774E-11,0.E0));
#569=VECTOR('',#568,5.000000006134E-1);
#570=CARTESIAN_POINT('',(-8.476450519111E0,-7.070708650919E0,-1.94E1));
#571=LINE('',#570,#569);
#572=DIRECTION('',(0.E0,1.E0,0.E0));
#573=VECTOR('',#572,3.5E-1);
#574=CARTESIAN_POINT('',(-8.476450519031E0,-7.420708650519E0,-1.595E1));
#575=LINE('',#574,#573);
#576=DIRECTION('',(-1.706317629451E-11,1.E0,0.E0));
#577=VECTOR('',#576,3.499999994716E-1);
#578=CARTESIAN_POINT('',(-8.476450519105E0,-7.420708650391E0,-1.94E1));
#579=LINE('',#578,#577);
#580=DIRECTION('',(1.E0,0.E0,0.E0));
#581=VECTOR('',#580,5.E-1);
#582=CARTESIAN_POINT('',(-1.101645051903E1,-7.420708650519E0,-1.595E1));
#583=LINE('',#582,#581);
#584=DIRECTION('',(1.444445851173E-10,3.441266595355E-11,-1.E0));
#585=VECTOR('',#584,3.45E0);
#586=CARTESIAN_POINT('',(-1.051645051903E1,-7.420708650519E0,-1.595E1));
#587=LINE('',#586,#585);
#588=DIRECTION('',(-1.E0,1.938715852020E-11,0.E0));
#589=VECTOR('',#588,5.000000006450E-1);
#590=CARTESIAN_POINT('',(-1.051645051853E1,-7.420708650400E0,-1.94E1));
#591=LINE('',#590,#589);
#592=DIRECTION('',(4.251259569819E-11,-3.722214163302E-11,1.E0));
#593=VECTOR('',#592,3.45E0);
#594=CARTESIAN_POINT('',(-1.101645051918E1,-7.420708650391E0,-1.94E1));
#595=LINE('',#594,#593);
#596=DIRECTION('',(0.E0,-1.E0,0.E0));
#597=VECTOR('',#596,3.5E-1);
#598=CARTESIAN_POINT('',(-1.051645051903E1,-7.070708650519E0,-1.595E1));
#599=LINE('',#598,#597);
#600=DIRECTION('',(1.333333443654E-10,-1.256038751268E-10,-1.E0));
#601=VECTOR('',#600,3.45E0);
#602=CARTESIAN_POINT('',(-1.051645051903E1,-7.070708650519E0,-1.595E1));
#603=LINE('',#602,#601);
#604=DIRECTION('',(1.095250875849E-10,-1.E0,0.E0));
#605=VECTOR('',#604,3.499999994479E-1);
#606=CARTESIAN_POINT('',(-1.051645051857E1,-7.070708650952E0,-1.94E1));
#607=LINE('',#606,#605);
#608=DIRECTION('',(-1.E0,0.E0,0.E0));
#609=VECTOR('',#608,5.E-1);
#610=CARTESIAN_POINT('',(-1.051645051903E1,-7.070708650519E0,-1.595E1));
#611=LINE('',#610,#609);
#612=DIRECTION('',(-4.613533387849E-11,-1.159417811356E-10,-1.E0));
#613=VECTOR('',#612,3.45E0);
#614=CARTESIAN_POINT('',(-1.101645051903E1,-7.070708650519E0,-1.595E1));
#615=LINE('',#614,#613);
#616=DIRECTION('',(1.E0,-6.666844845697E-11,0.E0));
#617=VECTOR('',#616,5.000000006192E-1);
#618=CARTESIAN_POINT('',(-1.101645051919E1,-7.070708650919E0,-1.94E1));
#619=LINE('',#618,#617);
#620=DIRECTION('',(0.E0,1.E0,0.E0));
#621=VECTOR('',#620,3.5E-1);
#622=CARTESIAN_POINT('',(-1.101645051903E1,-7.420708650519E0,-1.595E1));
#623=LINE('',#622,#621);
#624=DIRECTION('',(-3.571492313638E-11,1.E0,0.E0));
#625=VECTOR('',#624,3.499999994716E-1);
#626=CARTESIAN_POINT('',(-1.101645051918E1,-7.420708650391E0,-1.94E1));
#627=LINE('',#626,#625);
#628=DIRECTION('',(1.E0,0.E0,0.E0));
#629=VECTOR('',#628,5.E-1);
#630=CARTESIAN_POINT('',(-3.396450519031E0,-7.420708650519E0,-1.595E1));
#631=LINE('',#630,#629);
#632=DIRECTION('',(-1.442269170438E-10,3.441266595355E-11,-1.E0));
#633=VECTOR('',#632,3.45E0);
#634=CARTESIAN_POINT('',(-2.896450519031E0,-7.420708650519E0,-1.595E1));
#635=LINE('',#634,#633);
#636=DIRECTION('',(-1.E0,1.938715856739E-11,0.E0));
#637=VECTOR('',#636,4.999999994282E-1);
#638=CARTESIAN_POINT('',(-2.896450519529E0,-7.420708650400E0,-1.94E1));
#639=LINE('',#638,#637);
#640=DIRECTION('',(-2.151361214779E-11,-3.722214163302E-11,1.E0));
#641=VECTOR('',#640,3.45E0);
#642=CARTESIAN_POINT('',(-3.396450518957E0,-7.420708650391E0,-1.94E1));
#643=LINE('',#642,#641);
#644=DIRECTION('',(0.E0,-1.E0,0.E0));
#645=VECTOR('',#644,3.5E-1);
#646=CARTESIAN_POINT('',(-2.896450519031E0,-7.070708650519E0,-1.595E1));
#647=LINE('',#646,#645);
#648=DIRECTION('',(-1.331160624563E-10,-1.256038751268E-10,-1.E0));
#649=VECTOR('',#648,3.45E0);
#650=CARTESIAN_POINT('',(-2.896450519031E0,-7.070708650519E0,-1.595E1));
#651=LINE('',#650,#649);
#652=DIRECTION('',(-1.095250875849E-10,-1.E0,0.E0));
#653=VECTOR('',#652,3.499999994479E-1);
#654=CARTESIAN_POINT('',(-2.896450519490E0,-7.070708650952E0,-1.94E1));
#655=LINE('',#654,#653);
#656=DIRECTION('',(-1.E0,0.E0,0.E0));
#657=VECTOR('',#656,5.E-1);
#658=CARTESIAN_POINT('',(-2.896450519031E0,-7.070708650519E0,-1.595E1));
#659=LINE('',#658,#657);
#660=DIRECTION('',(2.324491645865E-11,-1.159417811356E-10,-1.E0));
#661=VECTOR('',#660,3.45E0);
#662=CARTESIAN_POINT('',(-3.396450519031E0,-7.070708650519E0,-1.595E1));
#663=LINE('',#662,#661);
#664=DIRECTION('',(1.E0,-6.666844861146E-11,0.E0));
#665=VECTOR('',#664,4.999999994606E-1);
#666=CARTESIAN_POINT('',(-3.396450518951E0,-7.070708650919E0,-1.94E1));
#667=LINE('',#666,#665);
#668=DIRECTION('',(0.E0,1.E0,0.E0));
#669=VECTOR('',#668,3.5E-1);
#670=CARTESIAN_POINT('',(-3.396450519031E0,-7.420708650519E0,-1.595E1));
#671=LINE('',#670,#669);
#672=DIRECTION('',(1.706317629451E-11,1.E0,0.E0));
#673=VECTOR('',#672,3.499999994716E-1);
#674=CARTESIAN_POINT('',(-3.396450518957E0,-7.420708650391E0,-1.94E1));
#675=LINE('',#674,#673);
#676=DIRECTION('',(-1.E0,4.183576257689E-9,-2.493716820743E-9));
#677=VECTOR('',#676,8.220643625906E-2);
#678=CARTESIAN_POINT('',(-3.089244082772E0,3.343291349124E0,-5.669999999719E0));
#679=LINE('',#678,#677);
#680=DIRECTION('',(-1.E0,-1.454991330223E-12,0.E0));
#681=VECTOR('',#680,6.300000000076E0);
#682=CARTESIAN_POINT('',(-3.171450519014E0,3.343291349572E0,-1.108E1));
#683=LINE('',#682,#681);
#684=DIRECTION('',(-1.E0,-3.458739157738E-9,1.697885778931E-9));
#685=VECTOR('',#684,1.177935636365E-1);
#686=CARTESIAN_POINT('',(-9.471450519083E0,3.343291349381E0,-5.669999999933E0));
#687=LINE('',#686,#685);
#688=DIRECTION('',(3.026908598312E-11,-4.934345193446E-11,1.E0));
#689=VECTOR('',#688,1.028000000027E1);
#690=CARTESIAN_POINT('',(-9.589244083031E0,3.343291349481E0,-1.595E1));
#691=LINE('',#690,#689);
#692=DIRECTION('',(1.424638185006E-11,1.E0,8.675775469764E-11));
#693=VECTOR('',#692,3.650000000495E0);
#694=CARTESIAN_POINT('',(-9.589244082720E0,3.343291348974E0,-5.669999999733E0));
#695=LINE('',#694,#693);
#696=DIRECTION('',(0.E0,8.554934538548E-12,1.E0));
#697=VECTOR('',#696,2.500000000001E-1);
#698=CARTESIAN_POINT('',(-9.339244086734E0,6.993291349479E0,-1.62E1));
#699=LINE('',#698,#697);
#700=DIRECTION('',(3.532738304025E-11,-1.145646482933E-12,1.E0));
#701=VECTOR('',#700,1.028000000058E1);
#702=CARTESIAN_POINT('',(-9.589244083031E0,6.993291349481E0,-1.595E1));
#703=LINE('',#702,#701);
#704=DIRECTION('',(1.E0,3.929931142674E-12,5.364402462837E-11));
#705=VECTOR('',#704,1.242793563708E0);
#706=CARTESIAN_POINT('',(-9.589244082668E0,6.993291349469E0,-5.669999999417E0));
#707=LINE('',#706,#705);
#708=DIRECTION('',(1.E0,-2.375054885305E-13,-1.417247663553E-12));
#709=VECTOR('',#708,4.049999999944E0);
#710=CARTESIAN_POINT('',(-8.346450518975E0,6.993291349527E0,-3.999999998973E0));
#711=LINE('',#710,#709);
#712=DIRECTION('',(1.E0,-2.328586573068E-12,1.267391181157E-10));
#713=VECTOR('',#712,1.207206436241E0);
#714=CARTESIAN_POINT('',(-4.296450519031E0,6.993291349473E0,-5.669999999787E0));
#715=LINE('',#714,#713);
#716=DIRECTION('',(-1.E0,-1.160553135075E-13,0.E0));
#717=VECTOR('',#716,6.E0);
#718=CARTESIAN_POINT('',(-3.339244086734E0,6.993291349480E0,-1.62E1));
#719=LINE('',#718,#717);
#720=DIRECTION('',(0.E0,1.E0,0.E0));
#721=VECTOR('',#720,7.499999999974E-1);
#722=CARTESIAN_POINT('',(-9.339244086734E0,6.993291349481E0,-1.595E1));
#723=LINE('',#722,#721);
#724=DIRECTION('',(0.E0,7.071067811802E-1,7.071067811929E-1));
#725=VECTOR('',#724,3.535533905909E-1);
#726=CARTESIAN_POINT('',(-9.339244086734E0,7.493291349482E0,-1.62E1));
#727=LINE('',#726,#725);
#728=DIRECTION('',(0.E0,-1.E0,9.450218385543E-13));
#729=VECTOR('',#728,5.000000000035E-1);
#730=CARTESIAN_POINT('',(-9.339244086734E0,7.493291349482E0,-1.62E1));
#731=LINE('',#730,#729);
#732=DIRECTION('',(1.E0,0.E0,0.E0));
#733=VECTOR('',#732,6.E0);
#734=CARTESIAN_POINT('',(-9.339244086734E0,7.743291349478E0,-1.595E1));
#735=LINE('',#734,#733);
#736=DIRECTION('',(1.E0,0.E0,0.E0));
#737=VECTOR('',#736,6.E0);
#738=CARTESIAN_POINT('',(-9.339244086734E0,7.493291349482E0,-1.62E1));
#739=LINE('',#738,#737);
#740=DIRECTION('',(0.E0,-1.E0,0.E0));
#741=VECTOR('',#740,7.499999999974E-1);
#742=CARTESIAN_POINT('',(-3.339244086734E0,7.743291349478E0,-1.595E1));
#743=LINE('',#742,#741);
#744=DIRECTION('',(0.E0,-7.071067811801E-1,-7.071067811930E-1));
#745=VECTOR('',#744,3.535533905908E-1);
#746=CARTESIAN_POINT('',(-3.339244086734E0,7.743291349478E0,-1.595E1));
#747=LINE('',#746,#745);
#748=DIRECTION('',(0.E0,-1.E0,9.521272659131E-13));
#749=VECTOR('',#748,5.000000000029E-1);
#750=CARTESIAN_POINT('',(-3.339244086734E0,7.493291349482E0,-1.62E1));
#751=LINE('',#750,#749);
#752=DIRECTION('',(0.E0,5.773159728049E-12,1.E0));
#753=VECTOR('',#752,2.500000000001E-1);
#754=CARTESIAN_POINT('',(-3.339244086734E0,6.993291349480E0,-1.62E1));
#755=LINE('',#754,#753);
#756=DIRECTION('',(1.E0,1.313477721527E-11,2.370370566276E-10));
#757=VECTOR('',#756,1.125000000104E0);
#758=CARTESIAN_POINT('',(-9.471450519089E0,4.943291349367E0,-5.669999999883E0));
#759=LINE('',#758,#757);
#760=CARTESIAN_POINT('',(-9.471450519031E0,5.443291349481E0,-5.E-1));
#761=DIRECTION('',(1.E0,0.E0,0.E0));
#762=DIRECTION('',(0.E0,8.799998951758E-9,1.E0));
#763=AXIS2_PLACEMENT_3D('',#760,#761,#762);
#765=DIRECTION('',(-6.173269510993E-12,-1.341080697492E-11,-1.E0));
#766=VECTOR('',#765,5.169999993791E0);
#767=CARTESIAN_POINT('',(-9.471450519057E0,4.943291349437E0,
-5.000000060922E-1));
#768=LINE('',#767,#766);
#769=DIRECTION('',(3.645972412900E-12,-1.E0,-3.125000258590E-11));
#770=VECTOR('',#769,1.599999999986E0);
#771=CARTESIAN_POINT('',(-9.471450519089E0,4.943291349367E0,-5.669999999883E0));
#772=LINE('',#771,#770);
#773=DIRECTION('',(-1.329805027631E-12,3.364144042369E-11,-1.E0));
#774=VECTOR('',#773,5.410000000067E0);
#775=CARTESIAN_POINT('',(-9.471450519083E0,3.343291349381E0,-5.669999999933E0));
#776=LINE('',#775,#774);
#777=DIRECTION('',(-2.579672324767E-11,-1.E0,0.E0));
#778=VECTOR('',#777,2.650000000045E0);
#779=CARTESIAN_POINT('',(-9.471450519091E0,3.343291349563E0,-1.108E1));
#780=LINE('',#779,#778);
#781=DIRECTION('',(-9.764529054604E-11,2.177787362210E-11,1.E0));
#782=VECTOR('',#781,8.5E-1);
#783=CARTESIAN_POINT('',(-9.471450519159E0,6.932913495179E-1,-1.108E1));
#784=LINE('',#783,#782);
#785=DIRECTION('',(1.258869297921E-10,1.889897174150E-12,1.E0));
#786=VECTOR('',#785,9.699999996485E-1);
#787=CARTESIAN_POINT('',(-9.471450519231E0,2.093291349469E0,-1.023E1));
#788=LINE('',#787,#786);
#789=CARTESIAN_POINT('',(-9.471450519031E0,2.593291349481E0,-9.26E0));
#790=DIRECTION('',(-1.E0,0.E0,0.E0));
#791=DIRECTION('',(0.E0,-1.E0,-1.534239402190E-10));
#792=AXIS2_PLACEMENT_3D('',#789,#790,#791);
#794=DIRECTION('',(0.E0,1.E0,4.672203386179E-10));
#795=VECTOR('',#794,5.999999972722E-1);
#796=CARTESIAN_POINT('',(-9.471450519031E0,2.593291352172E0,-8.759999999853E0));
#797=LINE('',#796,#795);
#798=DIRECTION('',(0.E0,2.229693428108E-12,1.E0));
#799=VECTOR('',#798,8.259999997637E0);
#800=CARTESIAN_POINT('',(-9.471450519031E0,3.193291349444E0,-8.759999999572E0));
#801=LINE('',#800,#799);
#802=CARTESIAN_POINT('',(-9.471450519031E0,3.693291349481E0,-5.E-1));
#803=DIRECTION('',(-1.E0,0.E0,0.E0));
#804=DIRECTION('',(0.E0,-1.E0,-5.121277624198E-9));
#805=AXIS2_PLACEMENT_3D('',#802,#803,#804);
#807=DIRECTION('',(-1.E0,-1.313556670797E-11,-1.900658790783E-9));
#808=VECTOR('',#807,1.125000000039E0);
#809=CARTESIAN_POINT('',(-8.346450519019E0,4.943291349452E0,
-5.000000039540E-1));
#810=LINE('',#809,#808);
#811=DIRECTION('',(1.E0,-1.012740508739E-9,0.E0));
#812=VECTOR('',#811,1.125E0);
#813=CARTESIAN_POINT('',(-9.471450519031E0,5.443291352661E0,0.E0));
#814=LINE('',#813,#812);
#815=DIRECTION('',(9.130686889800E-12,-3.159840984295E-11,-1.E0));
#816=VECTOR('',#815,1.670000000377E0);
#817=CARTESIAN_POINT('',(-8.346450518975E0,6.993291349527E0,-3.999999998973E0));
#818=LINE('',#817,#816);
#819=DIRECTION('',(-1.211388712864E-11,-1.E0,-1.300813115702E-10));
#820=VECTOR('',#819,2.050000000092E0);
#821=CARTESIAN_POINT('',(-8.346450518960E0,6.993291349474E0,-5.669999999350E0));
#822=LINE('',#821,#820);
#823=DIRECTION('',(-6.560494684712E-12,1.341080697006E-11,1.E0));
#824=VECTOR('',#823,5.169999995663E0);
#825=CARTESIAN_POINT('',(-8.346450518985E0,4.943291349382E0,-5.669999999617E0));
#826=LINE('',#825,#824);
#827=CARTESIAN_POINT('',(-8.346450519031E0,5.443291349481E0,-5.E-1));
#828=DIRECTION('',(-1.E0,0.E0,0.E0));
#829=DIRECTION('',(0.E0,-1.E0,-6.538173558113E-9));
#830=AXIS2_PLACEMENT_3D('',#827,#828,#829);
#832=CARTESIAN_POINT('',(-8.346450519031E0,7.293291349481E0,-5.E-1));
#833=DIRECTION('',(-1.E0,0.E0,0.E0));
#834=DIRECTION('',(0.E0,0.E0,1.E0));
#835=AXIS2_PLACEMENT_3D('',#832,#833,#834);
#837=DIRECTION('',(9.306560212819E-12,-1.218693433437E-1,-9.925461516489E-1));
#838=VECTOR('',#837,3.993603791396E0);
#839=CARTESIAN_POINT('',(-8.346450519012E0,7.479989221159E0,
-3.616392461214E-2));
#840=LINE('',#839,#838);
#841=DIRECTION('',(-1.639517607614E-11,1.E0,5.145815815497E-14));
#842=VECTOR('',#841,3.270000000058E0);
#843=CARTESIAN_POINT('',(-1.282145051909E1,5.732913494226E-1,
9.839351555738E-14));
#844=LINE('',#843,#842);
#845=DIRECTION('',(1.E0,0.E0,-9.195230783936E-14));
#846=VECTOR('',#845,2.899999999924E0);
#847=CARTESIAN_POINT('',(-1.282145051914E1,3.843291349481E0,
2.666616927272E-13));
#848=LINE('',#847,#846);
#849=DIRECTION('',(0.E0,1.E0,0.E0));
#850=VECTOR('',#849,1.75E0);
#851=CARTESIAN_POINT('',(-9.921450519216E0,3.843291349481E0,0.E0));
#852=LINE('',#851,#850);
#853=DIRECTION('',(1.E0,0.E0,1.666629796634E-13));
#854=VECTOR('',#853,1.000000000300E0);
#855=CARTESIAN_POINT('',(-9.921450519216E0,5.593291349481E0,0.E0));
#856=LINE('',#855,#854);
#857=DIRECTION('',(-3.995340006567E-11,1.E0,5.637252647282E-13));
#858=VECTOR('',#857,1.699999999992E0);
#859=CARTESIAN_POINT('',(-8.921450518917E0,5.593291349481E0,
1.666629797133E-13));
#860=LINE('',#859,#858);
#861=DIRECTION('',(0.E0,-1.E0,0.E0));
#862=VECTOR('',#861,1.849999997958E0);
#863=CARTESIAN_POINT('',(-8.346450519031E0,7.293291349479E0,0.E0));
#864=LINE('',#863,#862);
#865=DIRECTION('',(0.E0,-1.E0,0.E0));
#866=VECTOR('',#865,1.750000002780E0);
#867=CARTESIAN_POINT('',(-9.471450519031E0,5.443291352661E0,0.E0));
#868=LINE('',#867,#866);
#869=DIRECTION('',(-1.E0,3.891376479551E-10,-3.361200526055E-12));
#870=VECTOR('',#869,4.999999525465E-2);
#871=CARTESIAN_POINT('',(-1.277145052383E1,5.732913494031E-1,
2.664535259100E-13));
#872=LINE('',#871,#870);
#873=DIRECTION('',(1.678510251374E-9,-2.175363208106E-14,1.E0));
#874=VECTOR('',#873,1.020724282261E-2);
#875=CARTESIAN_POINT('',(-1.282145051941E1,3.932913494810E-1,
2.397927571244E-1));
#876=LINE('',#875,#874);
#877=DIRECTION('',(7.933351753527E-10,0.E0,-1.E0));
#878=VECTOR('',#877,2.499999999931E-1);
#879=CARTESIAN_POINT('',(-1.282145051934E1,3.843291349481E0,2.499999999934E-1));
#880=LINE('',#879,#878);
#881=DIRECTION('',(-1.E0,0.E0,-9.665875757723E-10));
#882=VECTOR('',#881,8.390996534450E-2);
#883=CARTESIAN_POINT('',(-1.282145051927E1,-1.606708650519E0,
-3.353290330595E-11));
#884=LINE('',#883,#882);
#885=DIRECTION('',(1.E0,0.E0,9.665834972139E-10));
#886=VECTOR('',#885,8.390996525442E-2);
#887=CARTESIAN_POINT('',(-1.290536048451E1,3.932913494810E-1,
-1.038203920981E-10));
#888=LINE('',#887,#886);
#889=DIRECTION('',(9.373045552629E-10,1.E0,1.267377664133E-10));
#890=VECTOR('',#889,1.799999999416E-1);
#891=CARTESIAN_POINT('',(-1.282145051926E1,3.932913494810E-1,
-2.271440443143E-11));
#892=LINE('',#891,#890);
#893=DIRECTION('',(-1.E0,-4.969930023494E-10,1.417463369020E-11));
#894=VECTOR('',#893,1.999999999833E-1);
#895=CARTESIAN_POINT('',(-1.282145051909E1,5.732913494226E-1,
9.839351555738E-14));
#896=LINE('',#895,#894);
#897=DIRECTION('',(-1.E0,1.801381266397E-10,1.417400918874E-11));
#898=VECTOR('',#897,1.999999999976E-1);
#899=CARTESIAN_POINT('',(-1.282145051909E1,-1.826708650527E0,
9.851841564765E-14));
#900=LINE('',#899,#898);
#901=DIRECTION('',(-9.748083734765E-12,7.760404678995E-12,-1.E0));
#902=VECTOR('',#901,1.023000000005E1);
#903=CARTESIAN_POINT('',(-1.302145051909E1,-1.826708650491E0,
2.933320253362E-12));
#904=LINE('',#903,#902);
#905=DIRECTION('',(1.181888890091E-11,-8.159192170896E-12,1.E0));
#906=VECTOR('',#905,9.730000005350E0);
#907=CARTESIAN_POINT('',(-1.227145051925E1,-1.826708650379E0,
-1.023000000017E1));
#908=LINE('',#907,#906);
#909=CARTESIAN_POINT('',(-1.277145051903E1,-1.826708650519E0,-5.E-1));
#910=DIRECTION('',(0.E0,-1.E0,0.E0));
#911=DIRECTION('',(1.E0,0.E0,1.498865032090E-8));
#912=AXIS2_PLACEMENT_3D('',#909,#910,#911);
#914=DIRECTION('',(8.449537366733E-12,1.E0,0.E0));
#915=VECTOR('',#914,2.399999999815E0);
#916=CARTESIAN_POINT('',(-1.302145051909E1,-1.826708650491E0,
2.933320253362E-12));
#917=LINE('',#916,#915);
#918=DIRECTION('',(-9.748083734806E-12,-2.018409334532E-11,-1.E0));
#919=VECTOR('',#918,1.023E1);
#920=CARTESIAN_POINT('',(-1.302145051907E1,5.732913493232E-1,
2.933320253362E-12));
#921=LINE('',#920,#919);
#922=CARTESIAN_POINT('',(-1.277145051903E1,5.732913494809E-1,-5.E-1));
#923=DIRECTION('',(0.E0,1.E0,0.E0));
#924=DIRECTION('',(-9.612111995239E-9,0.E0,1.E0));
#925=AXIS2_PLACEMENT_3D('',#922,#923,#924);
#927=DIRECTION('',(-1.181925403719E-11,-2.122131407434E-11,-1.E0));
#928=VECTOR('',#927,9.730000000077E0);
#929=CARTESIAN_POINT('',(-1.227145051907E1,5.732913494263E-1,
-4.999999999230E-1));
#930=LINE('',#929,#928);
#931=DIRECTION('',(6.467760798877E-13,1.E0,-8.540177111193E-14));
#932=VECTOR('',#931,3.120000000478E0);
#933=CARTESIAN_POINT('',(-1.277145052383E1,5.732913494031E-1,
2.664535259100E-13));
#934=LINE('',#933,#932);
#935=DIRECTION('',(-2.623787531542E-11,-1.E0,4.060690079261E-10));
#936=VECTOR('',#935,2.620000000059E0);
#937=CARTESIAN_POINT('',(-1.227145051900E1,3.193291349486E0,
-5.000000009869E-1));
#938=LINE('',#937,#936);
#939=DIRECTION('',(-1.E0,8.223263340193E-12,3.386179035617E-10));
#940=VECTOR('',#939,2.799999999971E0);
#941=CARTESIAN_POINT('',(-9.471450519031E0,3.193291349463E0,
-5.000000019350E-1));
#942=LINE('',#941,#940);
#943=CARTESIAN_POINT('',(-1.227145051900E1,3.193291349486E0,
-5.000000009869E-1));
#944=CARTESIAN_POINT('',(-1.227145051898E1,3.193291349378E0,
-4.666528549253E-1));
#945=CARTESIAN_POINT('',(-1.227692432646E1,3.198770252085E0,
-3.994021934937E-1));
#946=CARTESIAN_POINT('',(-1.231652497061E1,3.238369883884E0,
-2.845375433350E-1));
#947=CARTESIAN_POINT('',(-1.235779891052E1,3.279638833172E0,
-2.139354471251E-1));
#948=CARTESIAN_POINT('',(-1.243323873611E1,3.355079452453E0,
-1.252028356341E-1));
#949=CARTESIAN_POINT('',(-1.252588199758E1,3.447721421742E0,
-6.003992040935E-2));
#950=CARTESIAN_POINT('',(-1.262941618150E1,3.551247456035E0,
-1.528834466891E-2));
#951=CARTESIAN_POINT('',(-1.272156078293E1,3.643401608976E0,
2.594266772250E-10));
#952=CARTESIAN_POINT('',(-1.277145052383E1,3.693291349881E0,0.E0));
#954=DIRECTION('',(1.E0,0.E0,0.E0));
#955=VECTOR('',#954,3.300000004799E0);
#956=CARTESIAN_POINT('',(-1.277145052383E1,3.693291349881E0,0.E0));
#957=LINE('',#956,#955);
#958=DIRECTION('',(1.E0,-4.464365385312E-12,-1.326367587192E-11));
#959=VECTOR('',#958,2.799999999997E0);
#960=CARTESIAN_POINT('',(-1.227145051903E1,3.193291349457E0,-8.759999999535E0));
#961=LINE('',#960,#959);
#962=DIRECTION('',(-3.123427463711E-12,-1.E0,-4.672233002447E-10));
#963=VECTOR('',#962,5.999999959469E-1);
#964=CARTESIAN_POINT('',(-1.227145051903E1,3.193291349457E0,-8.759999999535E0));
#965=LINE('',#964,#963);
#966=CARTESIAN_POINT('',(-1.227145051903E1,2.593291349481E0,-9.26E0));
#967=DIRECTION('',(1.E0,0.E0,0.E0));
#968=DIRECTION('',(0.E0,1.472050659146E-8,1.E0));
#969=AXIS2_PLACEMENT_3D('',#966,#967,#968);
#971=DIRECTION('',(-3.118086903026E-12,-3.503896124629E-12,-1.E0));
#972=VECTOR('',#971,8.259999998548E0);
#973=CARTESIAN_POINT('',(-1.227145051900E1,3.193291349486E0,
-5.000000009869E-1));
#974=LINE('',#973,#972);
#975=DIRECTION('',(1.E0,-4.777987529436E-10,-1.326431028507E-11));
#976=VECTOR('',#975,2.799999999999E0);
#977=CARTESIAN_POINT('',(-1.227145051903E1,2.593291353510E0,-8.759999999816E0));
#978=LINE('',#977,#976);
#979=DIRECTION('',(-1.E0,4.920667048381E-12,-1.520149085960E-10));
#980=VECTOR('',#979,2.800000000027E0);
#981=CARTESIAN_POINT('',(-9.471450519109E0,2.093291349471E0,-9.260000000351E0));
#982=LINE('',#981,#980);
#983=DIRECTION('',(1.185580844071E-10,1.889897174979E-12,1.E0));
#984=VECTOR('',#983,9.699999992229E-1);
#985=CARTESIAN_POINT('',(-1.227145051925E1,2.093291349483E0,-1.023E1));
#986=LINE('',#985,#984);
#987=DIRECTION('',(3.353440456503E-11,-1.E0,-2.432550614651E-11));
#988=VECTOR('',#987,2.350000000183E0);
#989=CARTESIAN_POINT('',(-2.006450519608E0,-1.256708650096E0,
-1.023000000032E1));
#990=LINE('',#989,#988);
#991=DIRECTION('',(-1.E0,-3.410416168114E-11,-3.363739557401E-12));
#992=VECTOR('',#991,4.699999985396E-1);
#993=CARTESIAN_POINT('',(-2.006450519530E0,-3.606708650278E0,
-1.023000000038E1));
#994=LINE('',#993,#992);
#995=DIRECTION('',(1.987006304005E-11,1.E0,2.440185169559E-11));
#996=VECTOR('',#995,2.350000000200E0);
#997=CARTESIAN_POINT('',(-2.476450518069E0,-3.606708650294E0,
-1.023000000038E1));
#998=LINE('',#997,#996);
#999=DIRECTION('',(-1.E0,-4.953613263949E-13,2.884157551561E-12));
#1000=VECTOR('',#999,5.500000014652E-1);
#1001=CARTESIAN_POINT('',(-2.476450518023E0,-1.256708650094E0,
-1.023000000032E1));
#1002=LINE('',#1001,#1000);
#1003=DIRECTION('',(-1.364090873247E-11,-1.E0,-2.440109579923E-11));
#1004=VECTOR('',#1003,2.350000000184E0);
#1005=CARTESIAN_POINT('',(-3.026450519488E0,-1.256708650094E0,
-1.023000000032E1));
#1006=LINE('',#1005,#1004);
#1007=DIRECTION('',(-1.E0,-3.374889022104E-11,-3.375077996236E-12));
#1008=VECTOR('',#1007,4.699999998084E-1);
#1009=CARTESIAN_POINT('',(-3.026450519520E0,-3.606708650278E0,
-1.023000000038E1));
#1010=LINE('',#1009,#1008);
#1011=DIRECTION('',(6.731693216465E-11,1.E0,2.440185169559E-11));
#1012=VECTOR('',#1011,2.350000000200E0);
#1013=CARTESIAN_POINT('',(-3.496450519328E0,-3.606708650294E0,
-1.023000000038E1));
#1014=LINE('',#1013,#1012);
#1015=DIRECTION('',(-1.E0,-4.953613280274E-13,2.884157561066E-12));
#1016=VECTOR('',#1015,5.499999996527E-1);
#1017=CARTESIAN_POINT('',(-3.496450519170E0,-1.256708650094E0,
-1.023000000032E1));
#1018=LINE('',#1017,#1016);
#1019=DIRECTION('',(5.773046343119E-11,-1.E0,-2.440109579923E-11));
#1020=VECTOR('',#1019,2.350000000184E0);
#1021=CARTESIAN_POINT('',(-4.046450518823E0,-1.256708650094E0,
-1.023000000032E1));
#1022=LINE('',#1021,#1020);
#1023=DIRECTION('',(-1.E0,-3.374700042504E-11,-3.375077990767E-12));
#1024=VECTOR('',#1023,4.700000005700E-1);
#1025=CARTESIAN_POINT('',(-4.046450518687E0,-3.606708650278E0,
-1.023000000038E1));
#1026=LINE('',#1025,#1024);
#1027=DIRECTION('',(7.407823762758E-11,1.E0,2.440185169559E-11));
#1028=VECTOR('',#1027,2.350000000200E0);
#1029=CARTESIAN_POINT('',(-4.516450519257E0,-3.606708650294E0,
-1.023000000038E1));
#1030=LINE('',#1029,#1028);
#1031=DIRECTION('',(-1.E0,-4.953613268857E-13,2.884157554419E-12));
#1032=VECTOR('',#1031,5.500000009203E-1);
#1033=CARTESIAN_POINT('',(-4.516450519083E0,-1.256708650094E0,
-1.023000000032E1));
#1034=LINE('',#1033,#1032);
#1035=DIRECTION('',(8.517668839083E-11,-1.E0,-2.440109579923E-11));
#1036=VECTOR('',#1035,2.350000000184E0);
#1037=CARTESIAN_POINT('',(-5.066450520003E0,-1.256708650094E0,
-1.023000000032E1));
#1038=LINE('',#1037,#1036);
#1039=DIRECTION('',(-1.E0,-3.374700056834E-11,-3.375078005099E-12));
#1040=VECTOR('',#1039,4.699999985742E-1);
#1041=CARTESIAN_POINT('',(-5.066450519803E0,-3.606708650278E0,
-1.023000000038E1));
#1042=LINE('',#1041,#1040);
#1043=DIRECTION('',(1.833313642584E-11,1.E0,2.440185169559E-11));
#1044=VECTOR('',#1043,2.350000000200E0);
#1045=CARTESIAN_POINT('',(-5.536450518377E0,-3.606708650294E0,
-1.023000000038E1));
#1046=LINE('',#1045,#1044);
#1047=DIRECTION('',(-1.E0,-4.953613263472E-13,2.884157551283E-12));
#1048=VECTOR('',#1047,5.500000015182E-1);
#1049=CARTESIAN_POINT('',(-5.536450518334E0,-1.256708650094E0,
-1.023000000032E1));
#1050=LINE('',#1049,#1048);
#1051=DIRECTION('',(3.156019180971E-11,-1.E0,-2.440109579923E-11));
#1052=VECTOR('',#1051,2.350000000184E0);
#1053=CARTESIAN_POINT('',(-6.086450519852E0,-1.256708650094E0,
-1.023000000032E1));
#1054=LINE('',#1053,#1052);
#1055=DIRECTION('',(-1.E0,-3.374700057170E-11,-3.375078005435E-12));
#1056=VECTOR('',#1055,4.699999985274E-1);
#1057=CARTESIAN_POINT('',(-6.086450519778E0,-3.606708650278E0,
-1.023000000038E1));
#1058=LINE('',#1057,#1056);
#1059=DIRECTION('',(2.515434668855E-11,1.E0,2.440185169559E-11));
#1060=VECTOR('',#1059,2.350000000200E0);
#1061=CARTESIAN_POINT('',(-6.556450518306E0,-3.606708650294E0,
-1.023000000038E1));
#1062=LINE('',#1061,#1060);
#1063=DIRECTION('',(-1.E0,-4.953613264037E-13,2.884157551612E-12));
#1064=VECTOR('',#1063,5.500000014554E-1);
#1065=CARTESIAN_POINT('',(-6.556450518247E0,-1.256708650094E0,
-1.023000000032E1));
#1066=LINE('',#1065,#1064);
#1067=DIRECTION('',(-2.205668271967E-11,-1.E0,-2.440109579923E-11));
#1068=VECTOR('',#1067,2.350000000184E0);
#1069=CARTESIAN_POINT('',(-7.106450519702E0,-1.256708650094E0,
-1.023000000032E1));
#1070=LINE('',#1069,#1068);
#1071=DIRECTION('',(-1.E0,-3.374700057509E-11,-3.375078005774E-12));
#1072=VECTOR('',#1071,4.699999984802E-1);
#1073=CARTESIAN_POINT('',(-7.106450519754E0,-3.606708650278E0,
-1.023000000038E1));
#1074=LINE('',#1073,#1072);
#1075=DIRECTION('',(3.197366720995E-11,1.E0,2.440185169559E-11));
#1076=VECTOR('',#1075,2.350000000200E0);
#1077=CARTESIAN_POINT('',(-7.576450518234E0,-3.606708650294E0,
-1.023000000038E1));
#1078=LINE('',#1077,#1076);
#1079=DIRECTION('',(-1.E0,-4.953613269237E-13,2.884157554640E-12));
#1080=VECTOR('',#1079,5.500000008781E-1);
#1081=CARTESIAN_POINT('',(-7.576450518159E0,-1.256708650094E0,
-1.023000000032E1));
#1082=LINE('',#1081,#1080);
#1083=DIRECTION('',(4.931393354747E-11,-1.E0,-2.440109579923E-11));
#1084=VECTOR('',#1083,2.350000000184E0);
#1085=CARTESIAN_POINT('',(-8.126450519037E0,-1.256708650094E0,
-1.023000000032E1));
#1086=LINE('',#1085,#1084);
#1087=DIRECTION('',(-1.E0,-3.374700042487E-11,-3.375077990750E-12));
#1088=VECTOR('',#1087,4.700000005724E-1);
#1089=CARTESIAN_POINT('',(-8.126450518921E0,-3.606708650278E0,
-1.023000000038E1));
#1090=LINE('',#1089,#1088);
#1091=DIRECTION('',(7.936233230195E-11,1.E0,2.440185169559E-11));
#1092=VECTOR('',#1091,2.350000000200E0);
#1093=CARTESIAN_POINT('',(-8.596450519494E0,-3.606708650294E0,
-1.023000000038E1));
#1094=LINE('',#1093,#1092);
#1095=DIRECTION('',(-1.E0,-4.953613280932E-13,2.884157561449E-12));
#1096=VECTOR('',#1095,5.499999995796E-1);
#1097=CARTESIAN_POINT('',(-8.596450519307E0,-1.256708650094E0,
-1.023000000032E1));
#1098=LINE('',#1097,#1096);
#1099=DIRECTION('',(-4.231508760078E-12,-1.E0,-2.440109579923E-11));
#1100=VECTOR('',#1099,2.350000000184E0);
#1101=CARTESIAN_POINT('',(-9.146450518887E0,-1.256708650094E0,
-1.023000000032E1));
#1102=LINE('',#1101,#1100);
#1103=DIRECTION('',(-1.E0,-3.374700048628E-11,-3.375077996892E-12));
#1104=VECTOR('',#1103,4.699999997171E-1);
#1105=CARTESIAN_POINT('',(-9.146450518897E0,-3.606708650278E0,
-1.023000000038E1));
#1106=LINE('',#1105,#1104);
#1107=DIRECTION('',(2.358245985995E-11,1.E0,2.440185169559E-11));
#1108=VECTOR('',#1107,2.350000000200E0);
#1109=CARTESIAN_POINT('',(-9.616450518614E0,-3.606708650294E0,
-1.023000000038E1));
#1110=LINE('',#1109,#1108);
#1111=DIRECTION('',(-1.E0,-4.953613263565E-13,2.884157551337E-12));
#1112=VECTOR('',#1111,5.500000015079E-1);
#1113=CARTESIAN_POINT('',(-9.616450518558E0,-1.256708650094E0,
-1.023000000032E1));
#1114=LINE('',#1113,#1112);
#1115=DIRECTION('',(2.340406827966E-11,-1.E0,-2.440109579923E-11));
#1116=VECTOR('',#1115,2.350000000184E0);
#1117=CARTESIAN_POINT('',(-1.016645052007E1,-1.256708650094E0,
-1.023000000032E1));
#1118=LINE('',#1117,#1116);
#1119=DIRECTION('',(-1.E0,-3.374700057158E-11,-3.352401109529E-12));
#1120=VECTOR('',#1119,4.699999985292E-1);
#1121=CARTESIAN_POINT('',(-1.016645052001E1,-3.606708650278E0,
-1.023000000038E1));
#1122=LINE('',#1121,#1120);
#1123=DIRECTION('',(3.569872529664E-11,1.E0,1.809313927839E-11));
#1124=VECTOR('',#1123,2.350000000203E0);
#1125=CARTESIAN_POINT('',(-1.063645051854E1,-3.606708650294E0,
-1.023000000038E1));
#1126=LINE('',#1125,#1124);
#1127=DIRECTION('',(-1.E0,-7.594329207425E-12,-2.391622254255E-11));
#1128=VECTOR('',#1127,5.499999998895E-1);
#1129=CARTESIAN_POINT('',(-1.063645051846E1,-1.256708650091E0,
-1.023000000033E1));
#1130=LINE('',#1129,#1128);
#1131=DIRECTION('',(-2.137448610338E-11,-1.E0,-9.227228909148E-12));
#1132=VECTOR('',#1131,2.350000000223E0);
#1133=CARTESIAN_POINT('',(-1.118645051835E1,-1.256708650095E0,
-1.023000000035E1));
#1134=LINE('',#1133,#1132);
#1135=DIRECTION('',(-1.E0,-1.268683058350E-10,4.343642697863E-11));
#1136=VECTOR('',#1135,1.085000000790E0);
#1137=CARTESIAN_POINT('',(-1.118645051840E1,-3.606708650319E0,
-1.023000000037E1));
#1138=LINE('',#1137,#1136);
#1139=DIRECTION('',(-3.620574501722E-11,1.E0,8.348976940147E-11));
#1140=VECTOR('',#1139,1.780000000077E0);
#1141=CARTESIAN_POINT('',(-1.227145051919E1,-3.606708650456E0,
-1.023000000032E1));
#1142=LINE('',#1141,#1140);
#1143=DIRECTION('',(-1.E0,-4.385232917887E-11,1.740734963721E-10));
#1144=VECTOR('',#1143,7.499999999394E-1);
#1145=CARTESIAN_POINT('',(-1.227145051925E1,-1.826708650379E0,
-1.023000000017E1));
#1146=LINE('',#1145,#1144);
#1147=DIRECTION('',(8.449537367740E-12,1.E0,1.793972378410E-11));
#1148=VECTOR('',#1147,2.399999999529E0);
#1149=CARTESIAN_POINT('',(-1.302145051919E1,-1.826708650412E0,
-1.023000000004E1));
#1150=LINE('',#1149,#1148);
#1151=DIRECTION('',(1.E0,1.374481269571E-10,0.E0));
#1152=VECTOR('',#1151,7.499999999836E-1);
#1153=CARTESIAN_POINT('',(-1.302145051917E1,5.732913491167E-1,-1.023E1));
#1154=LINE('',#1153,#1152);
#1155=DIRECTION('',(-4.239883297518E-11,1.E0,0.E0));
#1156=VECTOR('',#1155,1.520000000263E0);
#1157=CARTESIAN_POINT('',(-1.227145051919E1,5.732913492198E-1,-1.023E1));
#1158=LINE('',#1157,#1156);
#1159=DIRECTION('',(1.E0,-4.920667048394E-12,0.E0));
#1160=VECTOR('',#1159,2.800000000020E0);
#1161=CARTESIAN_POINT('',(-1.227145051925E1,2.093291349483E0,-1.023E1));
#1162=LINE('',#1161,#1160);
#1163=DIRECTION('',(-7.777905304319E-12,-1.E0,0.E0));
#1164=VECTOR('',#1163,1.399999999933E0);
#1165=CARTESIAN_POINT('',(-9.471450519231E0,2.093291349469E0,-1.023E1));
#1166=LINE('',#1165,#1164);
#1167=DIRECTION('',(1.E0,9.806088920840E-13,0.E0));
#1168=VECTOR('',#1167,6.300000000405E0);
#1169=CARTESIAN_POINT('',(-9.471450519242E0,6.932913495364E-1,-1.023E1));
#1170=LINE('',#1169,#1168);
#1171=DIRECTION('',(1.E0,4.087365366789E-12,0.E0));
#1172=VECTOR('',#1171,2.800000000009E0);
#1173=CARTESIAN_POINT('',(-3.171450518809E0,2.093291349464E0,-1.023E1));
#1174=LINE('',#1173,#1172);
#1175=DIRECTION('',(-2.761142922234E-11,-1.E0,0.E0));
#1176=VECTOR('',#1175,1.520000000141E0);
#1177=CARTESIAN_POINT('',(-3.714505188001E-1,2.093291349475E0,-1.023E1));
#1178=LINE('',#1177,#1176);
#1179=DIRECTION('',(-1.E0,9.943669025898E-11,-1.057628126767E-11));
#1180=VECTOR('',#1179,1.085000000672E0);
#1181=CARTESIAN_POINT('',(-3.714505188447E-1,-3.606708650499E0,
-1.023000000032E1));
#1182=LINE('',#1181,#1180);
#1183=DIRECTION('',(-8.227363942769E-10,1.E0,9.786592339091E-12));
#1184=VECTOR('',#1183,2.350000000291E0);
#1185=CARTESIAN_POINT('',(-1.456450519517E0,-3.606708650391E0,
-1.023000000033E1));
#1186=LINE('',#1185,#1184);
#1187=DIRECTION('',(-1.E0,6.870060099384E-12,-2.340915348197E-11));
#1188=VECTOR('',#1187,5.499999981584E-1);
#1189=CARTESIAN_POINT('',(-1.456450521450E0,-1.256708650099E0,
-1.023000000031E1));
#1190=LINE('',#1189,#1188);
#1191=DIRECTION('',(9.838130447744E-11,2.588190451153E-1,-9.659258262856E-1));
#1192=VECTOR('',#1191,5.870015942616E0);
#1193=CARTESIAN_POINT('',(-2.006450519608E0,-1.256708650096E0,
-1.023000000032E1));
#1194=LINE('',#1193,#1192);
#1195=DIRECTION('',(-8.718433900804E-11,4.208909833212E-11,1.E0));
#1196=VECTOR('',#1195,5.719999999625E0);
#1197=CARTESIAN_POINT('',(-2.006450519031E0,-3.606708650519E0,-1.595E1));
#1198=LINE('',#1197,#1196);
#1199=DIRECTION('',(1.E0,0.E0,1.332842259863E-14));
#1200=VECTOR('',#1199,1.332758491303E-1);
#1201=CARTESIAN_POINT('',(-1.589726368161E0,2.759607306092E-1,-1.595E1));
#1202=LINE('',#1201,#1200);
#1203=CARTESIAN_POINT('',(-1.456450532439E0,3.051072843683E-1,
-1.605877661227E1));
#1204=CARTESIAN_POINT('',(-1.460845546427E0,3.030531156066E-1,
-1.605111035009E1));
#1205=CARTESIAN_POINT('',(-1.471221873057E0,2.989349952695E-1,
-1.603574103347E1));
#1206=CARTESIAN_POINT('',(-1.492177633713E0,2.927669817388E-1,
-1.601272180707E1));
#1207=CARTESIAN_POINT('',(-1.518673423095E0,2.867824554998E-1,
-1.599038722065E1));
#1208=CARTESIAN_POINT('',(-1.550827634562E0,2.811068998174E-1,
-1.596920576679E1));
#1209=CARTESIAN_POINT('',(-1.576092055464E0,2.776141397359E-1,
-1.595617060686E1));
#1210=CARTESIAN_POINT('',(-1.589726368161E0,2.759607306092E-1,-1.595E1));
#1212=DIRECTION('',(1.E0,0.E0,0.E0));
#1213=VECTOR('',#1212,5.5E-1);
#1214=CARTESIAN_POINT('',(-2.006450519031E0,2.625632709839E-1,-1.59E1));
#1215=LINE('',#1214,#1213);
#1216=DIRECTION('',(0.E0,1.E0,0.E0));
#1217=VECTOR('',#1216,1.339745962527E-2);
#1218=CARTESIAN_POINT('',(-1.456450519031E0,2.625632709839E-1,-1.595E1));
#1219=LINE('',#1218,#1217);
#1220=DIRECTION('',(0.E0,0.E0,1.E0));
#1221=VECTOR('',#1220,5.E-2);
#1222=CARTESIAN_POINT('',(-1.456450519031E0,2.625632709839E-1,-1.595E1));
#1223=LINE('',#1222,#1221);
#1224=DIRECTION('',(-4.121108304417E-10,-2.588190451153E-1,9.659258262856E-1));
#1225=VECTOR('',#1224,5.870015942630E0);
#1226=CARTESIAN_POINT('',(-1.456450519031E0,2.625632709839E-1,-1.59E1));
#1227=LINE('',#1226,#1225);
#1228=DIRECTION('',(1.190598251779E-7,-2.588186171433E-1,9.659259409603E-1));
#1229=VECTOR('',#1228,1.126138223010E-1);
#1230=CARTESIAN_POINT('',(-1.456450532439E0,3.051072843683E-1,
-1.605877661227E1));
#1231=LINE('',#1230,#1229);
#1232=DIRECTION('',(0.E0,0.E0,1.E0));
#1233=VECTOR('',#1232,5.E-2);
#1234=CARTESIAN_POINT('',(-2.006450519031E0,2.625632709839E-1,-1.595E1));
#1235=LINE('',#1234,#1233);
#1236=DIRECTION('',(2.196546993234E-11,-1.301217343109E-9,1.E0));
#1237=VECTOR('',#1236,5.008305281103E-1);
#1238=CARTESIAN_POINT('',(-4.021450518931E0,-3.606708650232E0,
-5.500830525966E0));
#1239=LINE('',#1238,#1237);
#1240=DIRECTION('',(1.E0,4.219913304677E-11,-9.159251128799E-11));
#1241=VECTOR('',#1240,5.000000003557E-1);
#1242=CARTESIAN_POINT('',(-4.021450518920E0,-3.606708650884E0,
-4.999999997856E0));
#1243=LINE('',#1242,#1241);
#1244=DIRECTION('',(0.E0,1.301217343355E-9,-1.E0));
#1245=VECTOR('',#1244,5.008305280157E-1);
#1246=CARTESIAN_POINT('',(-3.521450518564E0,-3.606708650863E0,
-4.999999997902E0));
#1247=LINE('',#1246,#1245);
#1248=DIRECTION('',(-1.E0,-4.220090940268E-11,-9.760015011242E-11));
#1249=VECTOR('',#1248,5.000000003667E-1);
#1250=CARTESIAN_POINT('',(-3.521450518564E0,-3.606708650211E0,
-5.500830525917E0));
#1251=LINE('',#1250,#1249);
#1252=DIRECTION('',(-1.117248995427E-13,-1.302049072915E-9,1.E0));
#1253=VECTOR('',#1252,5.008305281111E-1);
#1254=CARTESIAN_POINT('',(-5.041450519309E0,-3.606708650232E0,
-5.500830525965E0));
#1255=LINE('',#1254,#1253);
#1256=DIRECTION('',(1.E0,4.287503682273E-11,-9.632650225949E-11));
#1257=VECTOR('',#1256,5.000000003668E-1);
#1258=CARTESIAN_POINT('',(-5.041450519309E0,-3.606708650884E0,
-4.999999997854E0));
#1259=LINE('',#1258,#1257);
#1260=DIRECTION('',(1.974338582296E-11,1.302049073164E-9,-1.E0));
#1261=VECTOR('',#1260,5.008305280152E-1);
#1262=CARTESIAN_POINT('',(-4.541450518942E0,-3.606708650863E0,
-4.999999997902E0));
#1263=LINE('',#1262,#1261);
#1264=DIRECTION('',(-1.E0,-4.287681317873E-11,-9.544187655224E-11));
#1265=VECTOR('',#1264,5.000000003766E-1);
#1266=CARTESIAN_POINT('',(-4.541450518932E0,-3.606708650211E0,
-5.500830525917E0));
#1267=LINE('',#1266,#1265);
#1268=DIRECTION('',(0.E0,-1.302048186209E-9,1.E0));
#1269=VECTOR('',#1268,5.008305281111E-1);
#1270=CARTESIAN_POINT('',(-6.061450519687E0,-3.606708650232E0,
-5.500830525965E0));
#1271=LINE('',#1270,#1269);
#1272=DIRECTION('',(1.E0,4.287503682274E-11,-9.632827861635E-11));
#1273=VECTOR('',#1272,5.000000003667E-1);
#1274=CARTESIAN_POINT('',(-6.061450519687E0,-3.606708650884E0,
-4.999999997854E0));
#1275=LINE('',#1274,#1273);
#1276=DIRECTION('',(-6.389422867290E-11,1.302049073164E-9,-1.E0));
#1277=VECTOR('',#1276,5.008305280152E-1);
#1278=CARTESIAN_POINT('',(-5.561450519320E0,-3.606708650863E0,
-4.999999997902E0));
#1279=LINE('',#1278,#1277);
#1280=DIRECTION('',(-1.E0,-4.287681318232E-11,-9.544187656024E-11));
#1281=VECTOR('',#1280,5.000000003347E-1);
#1282=CARTESIAN_POINT('',(-5.561450519352E0,-3.606708650211E0,
-5.500830525917E0));
#1283=LINE('',#1282,#1281);
#1284=DIRECTION('',(-2.234497990853E-13,-1.302049072915E-9,1.E0));
#1285=VECTOR('',#1284,5.008305281111E-1);
#1286=CARTESIAN_POINT('',(-7.081450518742E0,-3.606708650232E0,
-5.500830525965E0));
#1287=LINE('',#1286,#1285);
#1288=DIRECTION('',(1.E0,4.287503682275E-11,-9.632650225954E-11));
#1289=VECTOR('',#1288,5.000000003666E-1);
#1290=CARTESIAN_POINT('',(-7.081450518742E0,-3.606708650884E0,
-4.999999997854E0));
#1291=LINE('',#1290,#1289);
#1292=DIRECTION('',(1.454268041881E-10,1.302049073164E-9,-1.E0));
#1293=VECTOR('',#1292,5.008305280152E-1);
#1294=CARTESIAN_POINT('',(-6.581450518375E0,-3.606708650863E0,
-4.999999997902E0));
#1295=LINE('',#1294,#1293);
#1296=DIRECTION('',(-1.E0,-4.287681317335E-11,-9.544187654028E-11));
#1297=VECTOR('',#1296,5.000000004393E-1);
#1298=CARTESIAN_POINT('',(-6.581450518302E0,-3.606708650211E0,
-5.500830525917E0));
#1299=LINE('',#1298,#1297);
#1300=DIRECTION('',(-1.980190838564E-11,-1.301217343109E-9,1.E0));
#1301=VECTOR('',#1300,5.008305281103E-1);
#1302=CARTESIAN_POINT('',(-8.101450519120E0,-3.606708650232E0,
-5.500830525966E0));
#1303=LINE('',#1302,#1301);
#1304=DIRECTION('',(1.E0,4.219913304500E-11,-9.159251128416E-11));
#1305=VECTOR('',#1304,5.000000003767E-1);
#1306=CARTESIAN_POINT('',(-8.101450519130E0,-3.606708650884E0,
-4.999999997856E0));
#1307=LINE('',#1306,#1305);
#1308=DIRECTION('',(1.667006437938E-13,1.301217343355E-9,-1.E0));
#1309=VECTOR('',#1308,5.008305280157E-1);
#1310=CARTESIAN_POINT('',(-7.601450518753E0,-3.606708650863E0,
-4.999999997902E0));
#1311=LINE('',#1310,#1309);
#1312=DIRECTION('',(-1.E0,-4.220090940267E-11,-9.760015011240E-11));
#1313=VECTOR('',#1312,5.000000003668E-1);
#1314=CARTESIAN_POINT('',(-7.601450518753E0,-3.606708650211E0,
-5.500830525917E0));
#1315=LINE('',#1314,#1313);
#1316=DIRECTION('',(-1.034891783765E-10,-1.301217343109E-9,1.E0));
#1317=VECTOR('',#1316,5.008305281103E-1);
#1318=CARTESIAN_POINT('',(-9.121450519498E0,-3.606708650232E0,
-5.500830525966E0));
#1319=LINE('',#1318,#1317);
#1320=DIRECTION('',(1.E0,4.219913304149E-11,-9.159251127653E-11));
#1321=VECTOR('',#1320,5.000000004183E-1);
#1322=CARTESIAN_POINT('',(-9.121450519549E0,-3.606708650884E0,
-4.999999997856E0));
#1323=LINE('',#1322,#1321);
#1324=DIRECTION('',(2.234497991279E-13,1.301217343355E-9,-1.E0));
#1325=VECTOR('',#1324,5.008305280157E-1);
#1326=CARTESIAN_POINT('',(-8.621450519131E0,-3.606708650863E0,
-4.999999997902E0));
#1327=LINE('',#1326,#1325);
#1328=DIRECTION('',(-1.E0,-4.220090940269E-11,-9.760015011246E-11));
#1329=VECTOR('',#1328,5.000000003666E-1);
#1330=CARTESIAN_POINT('',(-8.621450519131E0,-3.606708650211E0,
-5.500830525917E0));
#1331=LINE('',#1330,#1329);
#1332=DIRECTION('',(1.098167091951E-10,-1.301217343109E-9,1.E0));
#1333=VECTOR('',#1332,5.008305281103E-1);
#1334=CARTESIAN_POINT('',(-1.014145051856E1,-3.606708650232E0,
-5.500830525966E0));
#1335=LINE('',#1334,#1333);
#1336=DIRECTION('',(1.E0,4.219913316190E-11,-9.159251153788E-11));
#1337=VECTOR('',#1336,4.999999989916E-1);
#1338=CARTESIAN_POINT('',(-1.014145051850E1,-3.606708650884E0,
-4.999999997856E0));
#1339=LINE('',#1338,#1337);
#1340=DIRECTION('',(2.766521322536E-13,1.301217343355E-9,-1.E0));
#1341=VECTOR('',#1340,5.008305280157E-1);
#1342=CARTESIAN_POINT('',(-9.641450519509E0,-3.606708650863E0,
-4.999999997902E0));
#1343=LINE('',#1342,#1341);
#1344=DIRECTION('',(-1.E0,-4.220090951409E-11,-9.760015037008E-11));
#1345=VECTOR('',#1344,4.999999990468E-1);
#1346=CARTESIAN_POINT('',(-9.641450519509E0,-3.606708650211E0,
-5.500830525917E0));
#1347=LINE('',#1346,#1345);
#1348=DIRECTION('',(1.E0,4.219913315745E-11,-9.159251152822E-11));
#1349=VECTOR('',#1348,4.999999990443E-1);
#1350=CARTESIAN_POINT('',(-3.001450518553E0,-3.606708650884E0,
-4.999999997856E0));
#1351=LINE('',#1350,#1349);
#1352=DIRECTION('',(-1.057139226263E-10,1.301217343355E-9,-1.E0));
#1353=VECTOR('',#1352,5.008305280157E-1);
#1354=CARTESIAN_POINT('',(-2.501450519509E0,-3.606708650863E0,
-4.999999997902E0));
#1355=LINE('',#1354,#1353);
#1356=DIRECTION('',(-1.E0,-4.220090951877E-11,-9.760015038092E-11));
#1357=VECTOR('',#1356,4.999999989912E-1);
#1358=CARTESIAN_POINT('',(-2.501450519562E0,-3.606708650211E0,
-5.500830525917E0));
#1359=LINE('',#1358,#1357);
#1360=DIRECTION('',(-3.325145819727E-13,-1.301217343109E-9,1.E0));
#1361=VECTOR('',#1360,5.008305281103E-1);
#1362=CARTESIAN_POINT('',(-3.001450518553E0,-3.606708650232E0,
-5.500830525966E0));
#1363=LINE('',#1362,#1361);
#1364=DIRECTION('',(-8.490675140926E-11,2.240189386104E-11,1.E0));
#1365=VECTOR('',#1364,5.719999999672E0);
#1366=CARTESIAN_POINT('',(-1.456450519031E0,-3.606708650519E0,-1.595E1));
#1367=LINE('',#1366,#1365);
#1368=DIRECTION('',(-1.287520963032E-11,1.316763301846E-11,-1.E0));
#1369=VECTOR('',#1368,9.730000003016E0);
#1370=CARTESIAN_POINT('',(-1.227145051906E1,-3.606708650584E0,
-4.999999973060E-1));
#1371=LINE('',#1370,#1369);
#1372=DIRECTION('',(5.827446941685E-12,-4.055902736300E-1,9.140549928406E-1));
#1373=VECTOR('',#1372,5.720058273359E0);
#1374=CARTESIAN_POINT('',(-4.021450518953E0,-1.286708650613E0,
-1.022844782196E1));
#1375=LINE('',#1374,#1373);
#1376=DIRECTION('',(-6.432170058004E-12,4.096544610375E-1,-9.122407700559E-1));
#1377=VECTOR('',#1376,5.182422723461E0);
#1378=CARTESIAN_POINT('',(-4.021450518931E0,-3.606708650232E0,
-5.500830525966E0));
#1379=LINE('',#1378,#1377);
#1380=DIRECTION('',(5.584326106786E-11,1.E0,6.609577000281E-11));
#1381=VECTOR('',#1380,1.969974119713E-1);
#1382=CARTESIAN_POINT('',(-4.021450518964E0,-1.483706062584E0,
-1.022844782197E1));
#1383=LINE('',#1382,#1381);
#1384=DIRECTION('',(1.E0,-3.606848151423E-11,8.995471029588E-12));
#1385=VECTOR('',#1384,5.000000002854E-1);
#1386=CARTESIAN_POINT('',(-4.021450518953E0,-1.286708650613E0,
-1.022844782196E1));
#1387=LINE('',#1386,#1385);
#1388=DIRECTION('',(-1.812331340653E-11,4.055902736275E-1,-9.140549928417E-1));
#1389=VECTOR('',#1388,5.720058273297E0);
#1390=CARTESIAN_POINT('',(-3.521450518564E0,-3.606708650863E0,
-4.999999997902E0));
#1391=LINE('',#1390,#1389);
#1392=DIRECTION('',(0.E0,-1.E0,-6.611380432889E-11));
#1393=VECTOR('',#1392,1.969974119428E-1);
#1394=CARTESIAN_POINT('',(-3.521450518668E0,-1.286708650631E0,
-1.022844782195E1));
#1395=LINE('',#1394,#1393);
#1396=DIRECTION('',(2.000346446470E-11,-4.096544610326E-1,9.122407700581E-1));
#1397=VECTOR('',#1396,5.182422723497E0);
#1398=CARTESIAN_POINT('',(-3.521450518668E0,-1.483706062574E0,
-1.022844782197E1));
#1399=LINE('',#1398,#1397);
#1400=DIRECTION('',(1.E0,2.096234296013E-11,9.002576456744E-12));
#1401=VECTOR('',#1400,5.000000002964E-1);
#1402=CARTESIAN_POINT('',(-4.021450518964E0,-1.483706062584E0,
-1.022844782197E1));
#1403=LINE('',#1402,#1401);
#1404=DIRECTION('',(-1.078085447915E-11,-4.055902736410E-1,9.140549928357E-1));
#1405=VECTOR('',#1404,5.720058273437E0);
#1406=CARTESIAN_POINT('',(-5.041450519247E0,-1.286708650519E0,
-1.022844782200E1));
#1407=LINE('',#1406,#1405);
#1408=DIRECTION('',(1.189928324032E-11,4.096544610458E-1,-9.122407700521E-1));
#1409=VECTOR('',#1408,5.182422723515E0);
#1410=CARTESIAN_POINT('',(-5.041450519309E0,-3.606708650232E0,
-5.500830525965E0));
#1411=LINE('',#1410,#1409);
#1412=DIRECTION('',(-2.840404849633E-13,1.E0,8.115442427522E-13));
#1413=VECTOR('',#1412,1.969974120004E-1);
#1414=CARTESIAN_POINT('',(-5.041450519247E0,-1.483706062519E0,
-1.022844782200E1));
#1415=LINE('',#1414,#1413);
#1416=DIRECTION('',(1.E0,1.323385844624E-13,0.E0));
#1417=VECTOR('',#1416,5.000000002754E-1);
#1418=CARTESIAN_POINT('',(-5.041450519247E0,-1.286708650519E0,
-1.022844782200E1));
#1419=LINE('',#1418,#1417);
#1420=DIRECTION('',(1.E0,1.327826736694E-13,0.E0));
#1421=VECTOR('',#1420,5.000000002852E-1);
#1422=CARTESIAN_POINT('',(-5.041450519247E0,-1.483706062519E0,
-1.022844782200E1));
#1423=LINE('',#1422,#1421);
#1424=DIRECTION('',(-5.019401141422E-11,1.E0,8.115442427522E-13));
#1425=VECTOR('',#1424,1.969974120004E-1);
#1426=CARTESIAN_POINT('',(-4.541450518962E0,-1.483706062519E0,
-1.022844782200E1));
#1427=LINE('',#1426,#1425);
#1428=DIRECTION('',(-5.196101371055E-12,4.055902736410E-1,-9.140549928357E-1));
#1429=VECTOR('',#1428,5.720058273384E0);
#1430=CARTESIAN_POINT('',(-4.541450518942E0,-3.606708650863E0,
-4.999999997902E0));
#1431=LINE('',#1430,#1429);
#1432=DIRECTION('',(5.735155972859E-12,-4.096544610389E-1,9.122407700552E-1));
#1433=VECTOR('',#1432,5.182422723550E0);
#1434=CARTESIAN_POINT('',(-4.541450518962E0,-1.483706062519E0,
-1.022844782200E1));
#1435=LINE('',#1434,#1433);
#1436=DIRECTION('',(-2.546608288175E-11,-4.055902736410E-1,9.140549928357E-1));
#1437=VECTOR('',#1436,5.720058273437E0);
#1438=CARTESIAN_POINT('',(-6.061450519541E0,-1.286708650519E0,
-1.022844782200E1));
#1439=LINE('',#1438,#1437);
#1440=DIRECTION('',(2.810781707181E-11,4.096544610458E-1,-9.122407700521E-1));
#1441=VECTOR('',#1440,5.182422723515E0);
#1442=CARTESIAN_POINT('',(-6.061450519687E0,-3.606708650232E0,
-5.500830525965E0));
#1443=LINE('',#1442,#1441);
#1444=DIRECTION('',(0.E0,1.E0,8.115442427522E-13));
#1445=VECTOR('',#1444,1.969974120004E-1);
#1446=CARTESIAN_POINT('',(-6.061450519541E0,-1.483706062519E0,
-1.022844782200E1));
#1447=LINE('',#1446,#1445);
#1448=DIRECTION('',(1.E0,1.323385844513E-13,0.E0));
#1449=VECTOR('',#1448,5.000000003173E-1);
#1450=CARTESIAN_POINT('',(-6.061450519541E0,-1.286708650519E0,
-1.022844782200E1));
#1451=LINE('',#1450,#1449);
#1452=DIRECTION('',(1.E0,1.327826736694E-13,0.E0));
#1453=VECTOR('',#1452,5.000000002853E-1);
#1454=CARTESIAN_POINT('',(-6.061450519541E0,-1.483706062519E0,
-1.022844782200E1));
#1455=LINE('',#1454,#1453);
#1456=DIRECTION('',(1.624441059242E-10,1.E0,8.115442427522E-13));
#1457=VECTOR('',#1456,1.969974120004E-1);
#1458=CARTESIAN_POINT('',(-5.561450519256E0,-1.483706062519E0,
-1.022844782200E1));
#1459=LINE('',#1458,#1457);
#1460=DIRECTION('',(1.682211422237E-11,4.055902736410E-1,-9.140549928357E-1));
#1461=VECTOR('',#1460,5.720058273384E0);
#1462=CARTESIAN_POINT('',(-5.561450519320E0,-3.606708650863E0,
-4.999999997902E0));
#1463=LINE('',#1462,#1461);
#1464=DIRECTION('',(-1.856710472841E-11,-4.096544610389E-1,9.122407700552E-1));
#1465=VECTOR('',#1464,5.182422723550E0);
#1466=CARTESIAN_POINT('',(-5.561450519256E0,-1.483706062519E0,
-1.022844782200E1));
#1467=LINE('',#1466,#1465);
#1468=DIRECTION('',(1.124698812474E-11,-4.055902736410E-1,9.140549928357E-1));
#1469=VECTOR('',#1468,5.720058273437E0);
#1470=CARTESIAN_POINT('',(-7.081450518806E0,-1.286708650519E0,
-1.022844782200E1));
#1471=LINE('',#1470,#1469);
#1472=DIRECTION('',(-1.241360319833E-11,4.096544610458E-1,-9.122407700521E-1));
#1473=VECTOR('',#1472,5.182422723515E0);
#1474=CARTESIAN_POINT('',(-7.081450518742E0,-3.606708650232E0,
-5.500830525965E0));
#1475=LINE('',#1474,#1473);
#1476=DIRECTION('',(-5.635723908001E-13,1.E0,8.115442427522E-13));
#1477=VECTOR('',#1476,1.969974120004E-1);
#1478=CARTESIAN_POINT('',(-7.081450518806E0,-1.483706062519E0,
-1.022844782200E1));
#1479=LINE('',#1478,#1477);
#1480=DIRECTION('',(1.E0,1.327826736888E-13,0.E0));
#1481=VECTOR('',#1480,5.000000002124E-1);
#1482=CARTESIAN_POINT('',(-7.081450518806E0,-1.286708650519E0,
-1.022844782200E1));
#1483=LINE('',#1482,#1481);
#1484=DIRECTION('',(1.E0,1.327826736695E-13,0.E0));
#1485=VECTOR('',#1484,5.000000002851E-1);
#1486=CARTESIAN_POINT('',(-7.081450518806E0,-1.483706062519E0,
-1.022844782200E1));
#1487=LINE('',#1486,#1485);
#1488=DIRECTION('',(-3.697170141023E-10,1.E0,8.115442427522E-13));
#1489=VECTOR('',#1488,1.969974120004E-1);
#1490=CARTESIAN_POINT('',(-6.581450518521E0,-1.483706062519E0,
-1.022844782200E1));
#1491=LINE('',#1490,#1489);
#1492=DIRECTION('',(-3.819920196015E-11,4.055902736410E-1,-9.140549928357E-1));
#1493=VECTOR('',#1492,5.720058273384E0);
#1494=CARTESIAN_POINT('',(-6.581450518375E0,-3.606708650863E0,
-4.999999997902E0));
#1495=LINE('',#1494,#1493);
#1496=DIRECTION('',(4.216223975600E-11,-4.096544610389E-1,9.122407700552E-1));
#1497=VECTOR('',#1496,5.182422723550E0);
#1498=CARTESIAN_POINT('',(-6.581450518521E0,-1.483706062519E0,
-1.022844782200E1));
#1499=LINE('',#1498,#1497);
#1500=DIRECTION('',(-5.181505580710E-12,-4.055902736300E-1,9.140549928406E-1));
#1501=VECTOR('',#1500,5.720058273359E0);
#1502=CARTESIAN_POINT('',(-8.101450519100E0,-1.286708650613E0,
-1.022844782196E1));
#1503=LINE('',#1502,#1501);
#1504=DIRECTION('',(5.719045984268E-12,4.096544610375E-1,-9.122407700559E-1));
#1505=VECTOR('',#1504,5.182422723461E0);
#1506=CARTESIAN_POINT('',(-8.101450519120E0,-3.606708650232E0,
-5.500830525966E0));
#1507=LINE('',#1506,#1505);
#1508=DIRECTION('',(-5.033377737459E-11,1.E0,6.609577000281E-11));
#1509=VECTOR('',#1508,1.969974119713E-1);
#1510=CARTESIAN_POINT('',(-8.101450519090E0,-1.483706062584E0,
-1.022844782197E1));
#1511=LINE('',#1510,#1509);
#1512=DIRECTION('',(1.E0,-3.606803742502E-11,8.995471029589E-12));
#1513=VECTOR('',#1512,5.000000002853E-1);
#1514=CARTESIAN_POINT('',(-8.101450519100E0,-1.286708650613E0,
-1.022844782196E1));
#1515=LINE('',#1514,#1513);
#1516=DIRECTION('',(-1.078597853348E-11,4.055902736275E-1,-9.140549928417E-1));
#1517=VECTOR('',#1516,5.720058273297E0);
#1518=CARTESIAN_POINT('',(-7.601450518753E0,-3.606708650863E0,
-4.999999997902E0));
#1519=LINE('',#1518,#1517);
#1520=DIRECTION('',(4.283150171334E-13,-1.E0,-6.611380432889E-11));
#1521=VECTOR('',#1520,1.969974119428E-1);
#1522=CARTESIAN_POINT('',(-7.601450518815E0,-1.286708650631E0,
-1.022844782195E1));
#1523=LINE('',#1522,#1521);
#1524=DIRECTION('',(1.190442472612E-11,-4.096544610326E-1,9.122407700581E-1));
#1525=VECTOR('',#1524,5.182422723497E0);
#1526=CARTESIAN_POINT('',(-7.601450518815E0,-1.483706062574E0,
-1.022844782197E1));
#1527=LINE('',#1526,#1525);
#1528=DIRECTION('',(1.E0,2.096145478258E-11,9.002576457120E-12));
#1529=VECTOR('',#1528,5.000000002755E-1);
#1530=CARTESIAN_POINT('',(-8.101450519090E0,-1.483706062584E0,
-1.022844782197E1));
#1531=LINE('',#1530,#1529);
#1532=DIRECTION('',(-2.715562325439E-11,-4.055902736300E-1,9.140549928406E-1));
#1533=VECTOR('',#1532,5.720058273359E0);
#1534=CARTESIAN_POINT('',(-9.121450519394E0,-1.286708650613E0,
-1.022844782196E1));
#1535=LINE('',#1534,#1533);
#1536=DIRECTION('',(2.997280533703E-11,4.096544610375E-1,-9.122407700559E-1));
#1537=VECTOR('',#1536,5.182422723461E0);
#1538=CARTESIAN_POINT('',(-9.121450519498E0,-3.606708650232E0,
-5.500830525966E0));
#1539=LINE('',#1538,#1537);
#1540=DIRECTION('',(-2.631116606974E-10,1.E0,6.609577000281E-11));
#1541=VECTOR('',#1540,1.969974119713E-1);
#1542=CARTESIAN_POINT('',(-9.121450519342E0,-1.483706062584E0,
-1.022844782197E1));
#1543=LINE('',#1542,#1541);
#1544=DIRECTION('',(1.E0,-3.606848151423E-11,8.995471029590E-12));
#1545=VECTOR('',#1544,5.000000002853E-1);
#1546=CARTESIAN_POINT('',(-9.121450519394E0,-1.286708650613E0,
-1.022844782196E1));
#1547=LINE('',#1546,#1545);
#1548=DIRECTION('',(3.904218649169E-12,4.055902736275E-1,-9.140549928417E-1));
#1549=VECTOR('',#1548,5.720058273297E0);
#1550=CARTESIAN_POINT('',(-8.621450519131E0,-3.606708650863E0,
-4.999999997902E0));
#1551=LINE('',#1550,#1549);
#1552=DIRECTION('',(5.590638118373E-13,-1.E0,-6.611380432889E-11));
#1553=VECTOR('',#1552,1.969974119428E-1);
#1554=CARTESIAN_POINT('',(-8.621450519109E0,-1.286708650631E0,
-1.022844782195E1));
#1555=LINE('',#1554,#1553);
#1556=DIRECTION('',(-4.309250591173E-12,-4.096544610326E-1,9.122407700581E-1));
#1557=VECTOR('',#1556,5.182422723497E0);
#1558=CARTESIAN_POINT('',(-8.621450519109E0,-1.483706062574E0,
-1.022844782197E1));
#1559=LINE('',#1558,#1557);
#1560=DIRECTION('',(1.E0,2.096234296276E-11,9.002576457875E-12));
#1561=VECTOR('',#1560,5.000000002336E-1);
#1562=CARTESIAN_POINT('',(-9.121450519342E0,-1.483706062584E0,
-1.022844782197E1));
#1563=LINE('',#1562,#1561);
#1564=DIRECTION('',(2.738915590029E-11,-4.055902736300E-1,9.140549928406E-1));
#1565=VECTOR('',#1564,5.720058273359E0);
#1566=CARTESIAN_POINT('',(-1.014145051866E1,-1.286708650613E0,
-1.022844782196E1));
#1567=LINE('',#1566,#1565);
#1568=DIRECTION('',(-3.023056515604E-11,4.096544610375E-1,-9.122407700559E-1));
#1569=VECTOR('',#1568,5.182422723461E0);
#1570=CARTESIAN_POINT('',(-1.014145051856E1,-3.606708650232E0,
-5.500830525966E0));
#1571=LINE('',#1570,#1569);
#1572=DIRECTION('',(2.791802367063E-10,1.E0,6.609577000281E-11));
#1573=VECTOR('',#1572,1.969974119713E-1);
#1574=CARTESIAN_POINT('',(-1.014145051871E1,-1.483706062584E0,
-1.022844782197E1));
#1575=LINE('',#1574,#1573);
#1576=DIRECTION('',(1.E0,-3.606848158860E-11,8.995471048139E-12));
#1577=VECTOR('',#1576,4.999999992543E-1);
#1578=CARTESIAN_POINT('',(-1.014145051866E1,-1.286708650613E0,
-1.022844782196E1));
#1579=LINE('',#1578,#1577);
#1580=DIRECTION('',(1.853634321908E-11,4.055902736275E-1,-9.140549928417E-1));
#1581=VECTOR('',#1580,5.720058273297E0);
#1582=CARTESIAN_POINT('',(-9.641450519509E0,-3.606708650863E0,
-4.999999997902E0));
#1583=LINE('',#1582,#1581);
#1584=DIRECTION('',(7.033383439244E-13,-1.E0,-6.611380432889E-11));
#1585=VECTOR('',#1584,1.969974119428E-1);
#1586=CARTESIAN_POINT('',(-9.641450519403E0,-1.286708650631E0,
-1.022844782195E1));
#1587=LINE('',#1586,#1585);
#1588=DIRECTION('',(-2.045900010229E-11,-4.096544610326E-1,9.122407700581E-1));
#1589=VECTOR('',#1588,5.182422723497E0);
#1590=CARTESIAN_POINT('',(-9.641450519403E0,-1.483706062574E0,
-1.022844782197E1));
#1591=LINE('',#1590,#1589);
#1592=DIRECTION('',(1.E0,2.096234300150E-11,9.002576474514E-12));
#1593=VECTOR('',#1592,4.999999993094E-1);
#1594=CARTESIAN_POINT('',(-1.014145051871E1,-1.483706062584E0,
-1.022844782197E1));
#1595=LINE('',#1594,#1593);
#1596=DIRECTION('',(1.E0,-3.402478303807E-11,4.391154113062E-12));
#1597=VECTOR('',#1596,4.999999993094E-1);
#1598=CARTESIAN_POINT('',(-3.001450518659E0,-1.286708650611E0,
-1.022844782196E1));
#1599=LINE('',#1598,#1597);
#1600=DIRECTION('',(1.854100144984E-11,-4.055902736301E-1,9.140549928405E-1));
#1601=VECTOR('',#1600,5.720058273360E0);
#1602=CARTESIAN_POINT('',(-3.001450518659E0,-1.286708650611E0,
-1.022844782196E1));
#1603=LINE('',#1602,#1601);
#1604=DIRECTION('',(-2.046448435390E-11,4.096544610375E-1,-9.122407700559E-1));
#1605=VECTOR('',#1604,5.182422723461E0);
#1606=CARTESIAN_POINT('',(-3.001450518553E0,-3.606708650232E0,
-5.500830525966E0));
#1607=LINE('',#1606,#1605);
#1608=DIRECTION('',(-8.453585863184E-13,1.E0,6.108223001302E-11));
#1609=VECTOR('',#1608,1.969974119729E-1);
#1610=CARTESIAN_POINT('',(-3.001450518659E0,-1.483706062584E0,
-1.022844782197E1));
#1611=LINE('',#1610,#1609);
#1612=DIRECTION('',(-1.E0,-2.302869010024E-11,-4.394706827213E-12));
#1613=VECTOR('',#1612,4.999999992563E-1);
#1614=CARTESIAN_POINT('',(-2.501450519403E0,-1.483706062573E0,
-1.022844782197E1));
#1615=LINE('',#1614,#1613);
#1616=DIRECTION('',(2.780676630690E-11,4.055902736277E-1,-9.140549928416E-1));
#1617=VECTOR('',#1616,5.720058273301E0);
#1618=CARTESIAN_POINT('',(-2.501450519509E0,-3.606708650863E0,
-4.999999997902E0));
#1619=LINE('',#1618,#1617);
#1620=DIRECTION('',(-2.687564018013E-10,-1.E0,-6.108223002187E-11));
#1621=VECTOR('',#1620,1.969974119443E-1);
#1622=CARTESIAN_POINT('',(-2.501450519350E0,-1.286708650628E0,
-1.022844782196E1));
#1623=LINE('',#1622,#1621);
#1624=DIRECTION('',(-3.069149935344E-11,-4.096544610326E-1,9.122407700581E-1));
#1625=VECTOR('',#1624,5.182422723500E0);
#1626=CARTESIAN_POINT('',(-2.501450519403E0,-1.483706062573E0,
-1.022844782197E1));
#1627=LINE('',#1626,#1625);
#1628=DIRECTION('',(7.781541502261E-11,2.588190450353E-1,-9.659258263071E-1));
#1629=VECTOR('',#1628,5.870015942486E0);
#1630=CARTESIAN_POINT('',(-3.026450519488E0,-1.256708650094E0,
-1.023000000032E1));
#1631=LINE('',#1630,#1629);
#1632=DIRECTION('',(-8.546023252486E-11,4.205990645399E-11,1.E0));
#1633=VECTOR('',#1632,5.719999999625E0);
#1634=CARTESIAN_POINT('',(-3.026450519031E0,-3.606708650519E0,-1.595E1));
#1635=LINE('',#1634,#1633);
#1636=DIRECTION('',(1.E0,0.E0,0.E0));
#1637=VECTOR('',#1636,5.5E-1);
#1638=CARTESIAN_POINT('',(-3.026450519031E0,2.625632704821E-1,-1.59E1));
#1639=LINE('',#1638,#1637);
#1640=DIRECTION('',(0.E0,0.E0,1.E0));
#1641=VECTOR('',#1640,5.E-2);
#1642=CARTESIAN_POINT('',(-3.026450519031E0,2.625632704821E-1,-1.595E1));
#1643=LINE('',#1642,#1641);
#1644=DIRECTION('',(-1.681331841540E-10,-3.928714385931E-11,-1.E0));
#1645=VECTOR('',#1644,5.719999999623E0);
#1646=CARTESIAN_POINT('',(-2.476450518069E0,-3.606708650294E0,
-1.023000000038E1));
#1647=LINE('',#1646,#1645);
#1648=DIRECTION('',(0.E0,0.E0,1.E0));
#1649=VECTOR('',#1648,5.E-2);
#1650=CARTESIAN_POINT('',(-2.476450519031E0,2.625632704821E-1,-1.595E1));
#1651=LINE('',#1650,#1649);
#1652=DIRECTION('',(1.717911698052E-10,-2.588190450353E-1,9.659258263071E-1));
#1653=VECTOR('',#1652,5.870015942485E0);
#1654=CARTESIAN_POINT('',(-2.476450519031E0,2.625632704821E-1,-1.59E1));
#1655=LINE('',#1654,#1653);
#1656=DIRECTION('',(2.504915750299E-11,1.E0,6.648065368643E-11));
#1657=VECTOR('',#1656,1.780000000128E0);
#1658=CARTESIAN_POINT('',(-3.714505188447E-1,-3.606708650499E0,
-1.023000000032E1));
#1659=LINE('',#1658,#1657);
#1660=DIRECTION('',(1.328129110296E-11,6.931397329433E-12,-1.E0));
#1661=VECTOR('',#1660,9.730000002441E0);
#1662=CARTESIAN_POINT('',(-3.714505189739E-1,-3.606708650566E0,
-4.999999978762E-1));
#1663=LINE('',#1662,#1661);
#1664=CARTESIAN_POINT('',(1.285494809690E-1,-1.826708650519E0,-5.E-1));
#1665=DIRECTION('',(0.E0,-1.E0,0.E0));
#1666=DIRECTION('',(9.612109830304E-9,0.E0,1.E0));
#1667=AXIS2_PLACEMENT_3D('',#1664,#1665,#1666);
#1669=DIRECTION('',(1.294310096453E-11,7.542556275828E-12,-1.E0));
#1670=VECTOR('',#1669,9.730000004374E0);
#1671=CARTESIAN_POINT('',(-3.714505189261E-1,-1.826708650445E0,
-4.999999958246E-1));
#1672=LINE('',#1671,#1670);
#1673=DIRECTION('',(1.E0,-6.640732409234E-11,1.733345319343E-10));
#1674=VECTOR('',#1673,7.499999999073E-1);
#1675=CARTESIAN_POINT('',(-3.714505188001E-1,-1.826708650371E0,
-1.023000000020E1));
#1676=LINE('',#1675,#1674);
#1677=DIRECTION('',(9.902327419094E-10,-1.E0,-1.868428637921E-10));
#1678=VECTOR('',#1677,1.799999999226E-1);
#1679=CARTESIAN_POINT('',(1.785494810314E-1,5.732913494036E-1,
9.874739914648E-14));
#1680=LINE('',#1679,#1678);
#1681=DIRECTION('',(1.E0,0.E0,-9.665876860138E-10));
#1682=VECTOR('',#1681,8.390996534606E-2);
#1683=CARTESIAN_POINT('',(1.785494812097E-1,3.932913494810E-1,
-3.353296806896E-11));
#1684=LINE('',#1683,#1682);
#1685=DIRECTION('',(-1.E0,0.E0,9.665836074835E-10));
#1686=VECTOR('',#1685,8.390996525353E-2);
#1687=CARTESIAN_POINT('',(2.624594464475E-1,-1.606708650519E0,
-1.038204476093E-10));
#1688=LINE('',#1687,#1686);
#1689=DIRECTION('',(-7.673097005940E-10,-1.E0,1.036947463878E-10));
#1690=VECTOR('',#1689,2.200000000093E-1);
#1691=CARTESIAN_POINT('',(1.785494811940E-1,-1.606708650519E0,
-2.271445069072E-11));
#1692=LINE('',#1691,#1690);
#1693=DIRECTION('',(1.E0,1.697253449037E-10,1.417463369021E-11));
#1694=VECTOR('',#1693,1.999999999833E-1);
#1695=CARTESIAN_POINT('',(1.785494810252E-1,-1.826708650528E0,
9.839351555738E-14));
#1696=LINE('',#1695,#1694);
#1697=DIRECTION('',(8.222219202214E-12,1.E0,0.E0));
#1698=VECTOR('',#1697,2.399999999876E0);
#1699=CARTESIAN_POINT('',(3.785494810085E-1,-1.826708650494E0,
2.933320253362E-12));
#1700=LINE('',#1699,#1698);
#1701=DIRECTION('',(1.E0,-1.103789282215E-10,1.417286427130E-11));
#1702=VECTOR('',#1701,1.999999999968E-1);
#1703=CARTESIAN_POINT('',(1.785494810314E-1,5.732913494036E-1,
9.874739914648E-14));
#1704=LINE('',#1703,#1702);
#1705=DIRECTION('',(9.651338053927E-12,-1.200635116470E-11,-1.E0));
#1706=VECTOR('',#1705,1.023000000001E1);
#1707=CARTESIAN_POINT('',(3.785494810282E-1,5.732913493815E-1,
2.933320253362E-12));
#1708=LINE('',#1707,#1706);
#1709=DIRECTION('',(-1.E0,1.012406455008E-10,1.148237061036E-11));
#1710=VECTOR('',#1709,7.499999999690E-1);
#1711=CARTESIAN_POINT('',(3.785494811270E-1,5.732913492587E-1,
-1.023000000001E1));
#1712=LINE('',#1711,#1710);
#1713=DIRECTION('',(-1.294593072660E-11,1.262330425157E-11,1.E0));
#1714=VECTOR('',#1713,9.730000000210E0);
#1715=CARTESIAN_POINT('',(-3.714505188421E-1,5.732913493346E-1,-1.023E1));
#1716=LINE('',#1715,#1714);
#1717=CARTESIAN_POINT('',(1.285494809690E-1,5.732913494809E-1,-5.E-1));
#1718=DIRECTION('',(0.E0,1.E0,0.E0));
#1719=DIRECTION('',(-1.E0,0.E0,2.862302395101E-9));
#1720=AXIS2_PLACEMENT_3D('',#1717,#1718,#1719);
#1722=DIRECTION('',(9.651338053871E-12,7.173907389666E-12,-1.E0));
#1723=VECTOR('',#1722,1.023000000007E1);
#1724=CARTESIAN_POINT('',(3.785494810085E-1,-1.826708650494E0,
2.933320253362E-12));
#1725=LINE('',#1724,#1723);
#1726=DIRECTION('',(8.222219202886E-12,1.E0,2.499926192316E-11));
#1727=VECTOR('',#1726,2.399999999680E0);
#1728=CARTESIAN_POINT('',(3.785494811072E-1,-1.826708650421E0,
-1.023000000007E1));
#1729=LINE('',#1728,#1727);
#1730=CARTESIAN_POINT('',(-3.714505190310E-1,2.593291349481E0,-9.26E0));
#1731=DIRECTION('',(-1.E0,0.E0,0.E0));
#1732=DIRECTION('',(0.E0,-1.E0,-8.518554750481E-10));
#1733=AXIS2_PLACEMENT_3D('',#1730,#1731,#1732);
#1735=DIRECTION('',(1.298596969272E-10,-8.418924209251E-12,-1.E0));
#1736=VECTOR('',#1735,9.699999996388E-1);
#1737=CARTESIAN_POINT('',(-3.714505189261E-1,2.093291349484E0,
-9.260000000361E0));
#1738=LINE('',#1737,#1736);
#1739=DIRECTION('',(0.E0,-1.E0,-4.672203401980E-10));
#1740=VECTOR('',#1739,5.999999952431E-1);
#1741=CARTESIAN_POINT('',(-3.171450519031E0,3.193291349443E0,
-8.759999999507E0));
#1742=LINE('',#1741,#1740);
#1743=CARTESIAN_POINT('',(-3.171450519031E0,2.593291349481E0,-9.26E0));
#1744=DIRECTION('',(1.E0,0.E0,0.E0));
#1745=DIRECTION('',(0.E0,2.028735401893E-8,1.E0));
#1746=AXIS2_PLACEMENT_3D('',#1743,#1744,#1745);
#1748=DIRECTION('',(1.258873875879E-10,-8.418924207287E-12,-1.E0));
#1749=VECTOR('',#1748,9.699999998651E-1);
#1750=CARTESIAN_POINT('',(-3.171450518931E0,2.093291349472E0,
-9.260000000135E0));
#1751=LINE('',#1750,#1749);
#1752=DIRECTION('',(-1.984158869064E-11,-1.E0,0.E0));
#1753=VECTOR('',#1752,1.399999999921E0);
#1754=CARTESIAN_POINT('',(-3.171450518809E0,2.093291349464E0,-1.023E1));
#1755=LINE('',#1754,#1753);
#1756=DIRECTION('',(-1.240524023374E-10,-2.177774300763E-11,-1.E0));
#1757=VECTOR('',#1756,8.5E-1);
#1758=CARTESIAN_POINT('',(-3.171450518837E0,6.932913495426E-1,-1.023E1));
#1759=LINE('',#1758,#1757);
#1760=DIRECTION('',(-2.725350343675E-11,1.E0,0.E0));
#1761=VECTOR('',#1760,2.650000000048E0);
#1762=CARTESIAN_POINT('',(-3.171450518942E0,6.932913495241E-1,-1.108E1));
#1763=LINE('',#1762,#1761);
#1764=DIRECTION('',(-3.080797067403E-12,-1.936220746246E-11,1.E0));
#1765=VECTOR('',#1764,5.410000000076E0);
#1766=CARTESIAN_POINT('',(-3.171450519014E0,3.343291349572E0,-1.108E1));
#1767=LINE('',#1766,#1765);
#1768=DIRECTION('',(0.E0,1.E0,-5.427103211792E-11));
#1769=VECTOR('',#1768,1.599999999848E0);
#1770=CARTESIAN_POINT('',(-3.171450519031E0,3.343291349468E0,
-5.669999999924E0));
#1771=LINE('',#1770,#1769);
#1772=DIRECTION('',(0.E0,1.534521490711E-11,1.E0));
#1773=VECTOR('',#1772,5.169999994338E0);
#1774=CARTESIAN_POINT('',(-3.171450519031E0,4.943291349315E0,
-5.670000000010E0));
#1775=LINE('',#1774,#1773);
#1776=CARTESIAN_POINT('',(-3.171450519031E0,5.443291349481E0,-5.E-1));
#1777=DIRECTION('',(-1.E0,0.E0,0.E0));
#1778=DIRECTION('',(0.E0,-1.E0,-1.449887143679E-8));
#1779=AXIS2_PLACEMENT_3D('',#1776,#1777,#1778);
#1781=CARTESIAN_POINT('',(-3.171450519031E0,3.693291349481E0,-5.E-1));
#1782=DIRECTION('',(1.E0,0.E0,0.E0));
#1783=DIRECTION('',(0.E0,7.999982898355E-10,1.E0));
#1784=AXIS2_PLACEMENT_3D('',#1781,#1782,#1783);
#1786=DIRECTION('',(0.E0,-2.774428522329E-12,-1.E0));
#1787=VECTOR('',#1786,8.259999996636E0);
#1788=CARTESIAN_POINT('',(-3.171450519031E0,3.193291349466E0,
-5.000000028703E-1));
#1789=LINE('',#1788,#1787);
#1790=DIRECTION('',(1.E0,1.897212545797E-12,-2.860061394068E-11));
#1791=VECTOR('',#1790,2.799999999997E0);
#1792=CARTESIAN_POINT('',(-3.171450519031E0,3.193291349443E0,
-8.759999999507E0));
#1793=LINE('',#1792,#1791);
#1794=DIRECTION('',(4.222178179385E-12,-1.E0,-4.672203383457E-10));
#1795=VECTOR('',#1794,5.999999976217E-1);
#1796=CARTESIAN_POINT('',(-3.714505190335E-1,3.193291349449E0,
-8.759999999587E0));
#1797=LINE('',#1796,#1795);
#1798=DIRECTION('',(4.691243359206E-12,-3.793468096232E-12,-1.E0));
#1799=VECTOR('',#1798,8.259999998346E0);
#1800=CARTESIAN_POINT('',(-3.714505190723E-1,3.193291349480E0,
-5.000000012405E-1));
#1801=LINE('',#1800,#1799);
#1802=DIRECTION('',(1.E0,0.E0,0.E0));
#1803=VECTOR('',#1802,3.300000004800E0);
#1804=CARTESIAN_POINT('',(-3.171450519031E0,3.693291349881E0,0.E0));
#1805=LINE('',#1804,#1803);
#1806=DIRECTION('',(-1.E0,-4.903379289974E-12,-5.820881871834E-10));
#1807=VECTOR('',#1806,2.799999999959E0);
#1808=CARTESIAN_POINT('',(-3.714505190723E-1,3.193291349480E0,
-5.000000012405E-1));
#1809=LINE('',#1808,#1807);
#1810=DIRECTION('',(1.E0,0.E0,-1.666629796591E-13));
#1811=VECTOR('',#1810,1.000000000325E0);
#1812=CARTESIAN_POINT('',(-3.721450519171E0,5.593291349481E0,
1.666629797133E-13));
#1813=LINE('',#1812,#1811);
#1814=DIRECTION('',(0.E0,-1.E0,0.E0));
#1815=VECTOR('',#1814,1.75E0);
#1816=CARTESIAN_POINT('',(-2.721450518846E0,5.593291349481E0,0.E0));
#1817=LINE('',#1816,#1815);
#1818=DIRECTION('',(1.E0,0.E0,9.195230783956E-14));
#1819=VECTOR('',#1818,2.899999999918E0);
#1820=CARTESIAN_POINT('',(-2.721450518846E0,3.843291349481E0,0.E0));
#1821=LINE('',#1820,#1819);
#1822=DIRECTION('',(-1.234072307447E-11,-1.E0,-5.134993687361E-14));
#1823=VECTOR('',#1822,3.270000000077E0);
#1824=CARTESIAN_POINT('',(1.785494810718E-1,3.843291349481E0,
2.666616927272E-13));
#1825=LINE('',#1824,#1823);
#1826=DIRECTION('',(-1.E0,-5.154099858086E-10,3.360044043240E-12));
#1827=VECTOR('',#1826,4.999999526041E-2);
#1828=CARTESIAN_POINT('',(1.785494810314E-1,5.732913494036E-1,
9.874739914648E-14));
#1829=LINE('',#1828,#1827);
#1830=DIRECTION('',(0.E0,1.E0,0.E0));
#1831=VECTOR('',#1830,1.750000001640E0);
#1832=CARTESIAN_POINT('',(-3.171450519031E0,3.693291349881E0,0.E0));
#1833=LINE('',#1832,#1831);
#1834=DIRECTION('',(0.E0,1.E0,0.E0));
#1835=VECTOR('',#1834,1.849999996842E0);
#1836=CARTESIAN_POINT('',(-4.296450519031E0,5.443291352660E0,0.E0));
#1837=LINE('',#1836,#1835);
#1838=DIRECTION('',(6.328062257163E-11,1.E0,5.637252647216E-13));
#1839=VECTOR('',#1838,1.700000000012E0);
#1840=CARTESIAN_POINT('',(-3.721450519171E0,5.593291349481E0,
1.666629797133E-13));
#1841=LINE('',#1840,#1839);
#1842=DIRECTION('',(8.069420687109E-10,0.E0,-1.E0));
#1843=VECTOR('',#1842,2.500000000030E-1);
#1844=CARTESIAN_POINT('',(-3.721450519373E0,5.593291349481E0,
2.500000000032E-1));
#1845=LINE('',#1844,#1843);
#1846=DIRECTION('',(-1.E0,0.E0,0.E0));
#1847=VECTOR('',#1846,6.E0);
#1848=CARTESIAN_POINT('',(-3.321450519030E0,-8.256708650533E0,
5.503200079665E-9));
#1849=LINE('',#1848,#1847);
#1850=DIRECTION('',(5.850431250222E-12,1.E0,-2.000277114198E-8));
#1851=VECTOR('',#1850,2.500000000146E-1);
#1852=CARTESIAN_POINT('',(1.428549480969E0,-8.256708650534E0,
6.322518786295E-9));
#1853=LINE('',#1852,#1851);
#1854=DIRECTION('',(-1.E0,0.E0,-1.092441714605E-8));
#1855=VECTOR('',#1854,1.000000018025E-1);
#1856=CARTESIAN_POINT('',(1.428549480971E0,-8.006708650519E0,
1.321826000507E-9));
#1857=LINE('',#1856,#1855);
#1858=DIRECTION('',(1.E0,0.E0,2.080904879524E-11));
#1859=VECTOR('',#1858,1.000000006401E-1);
#1860=CARTESIAN_POINT('',(1.328549480331E0,7.243291349481E0,
6.271395439998E-12));
#1861=LINE('',#1860,#1859);
#1862=DIRECTION('',(-2.940758747648E-12,1.E0,-5.823110512342E-12));
#1863=VECTOR('',#1862,4.999999999964E-1);
#1864=CARTESIAN_POINT('',(1.428549480971E0,7.243291349481E0,
8.352300332840E-12));
#1865=LINE('',#1864,#1863);
#1866=DIRECTION('',(-1.E0,-3.566924531217E-11,-2.004865022705E-11));
#1867=VECTOR('',#1866,1.000000000645E-1);
#1868=CARTESIAN_POINT('',(1.428549480969E0,7.743291349477E0,
5.440745076690E-12));
#1869=LINE('',#1868,#1867);
#1870=DIRECTION('',(3.185155842916E-10,-1.E0,-4.000017909662E-12));
#1871=VECTOR('',#1870,4.499999999809E-1);
#1872=CARTESIAN_POINT('',(-3.721450519207E0,7.743291349474E0,
2.925003989018E-12));
#1873=LINE('',#1872,#1871);
#1874=DIRECTION('',(3.829825345749E-10,1.E0,4.000017909494E-12));
#1875=VECTOR('',#1874,4.499999999998E-1);
#1876=CARTESIAN_POINT('',(-8.921450518985E0,7.293291349473E0,
1.124995929747E-12));
#1877=LINE('',#1876,#1875);
#1878=DIRECTION('',(-1.E0,4.849454168894E-11,3.125635165636E-11));
#1879=VECTOR('',#1878,1.000000000550E-1);
#1880=CARTESIAN_POINT('',(-1.397145051897E1,7.743291349473E0,
3.571951762149E-12));
#1881=LINE('',#1880,#1879);
#1882=DIRECTION('',(-4.483524662678E-12,-1.E0,2.548729745791E-12));
#1883=VECTOR('',#1882,4.999999999965E-1);
#1884=CARTESIAN_POINT('',(-1.407145051903E1,7.743291349478E0,
6.697586929505E-12));
#1885=LINE('',#1884,#1883);
#1886=DIRECTION('',(1.E0,0.E0,-2.851209989826E-11));
#1887=VECTOR('',#1886,1.000000006666E-1);
#1888=CARTESIAN_POINT('',(-1.407145051903E1,7.243291349481E0,
7.971951802392E-12));
#1889=LINE('',#1888,#1887);
#1890=DIRECTION('',(-1.E0,0.E0,1.401447612105E-8));
#1891=VECTOR('',#1890,1.000000018830E-1);
#1892=CARTESIAN_POINT('',(-1.397145051715E1,-8.006708650519E0,
2.564887422822E-10));
#1893=LINE('',#1892,#1891);
#1894=DIRECTION('',(7.986500349482E-12,-1.E0,1.958491648373E-8));
#1895=VECTOR('',#1894,2.500000000145E-1);
#1896=CARTESIAN_POINT('',(-1.407145051903E1,-8.006708650519E0,
1.657936380776E-9));
#1897=LINE('',#1896,#1895);
#1898=DIRECTION('',(0.E0,0.E0,-1.E0));
#1899=VECTOR('',#1898,2.5E-1);
#1900=CARTESIAN_POINT('',(-3.321450519030E0,-8.256708650533E0,
2.500000055032E-1));
#1901=LINE('',#1900,#1899);
#1902=DIRECTION('',(0.E0,0.E0,-1.E0));
#1903=VECTOR('',#1902,2.5E-1);
#1904=CARTESIAN_POINT('',(-9.321450519030E0,-8.256708650533E0,
2.500000055032E-1));
#1905=LINE('',#1904,#1903);
#1906=CARTESIAN_POINT('',(-3.321450519030E0,-8.256708650519E0,
-9.999999999680E-2));
#1907=DIRECTION('',(1.E0,0.E0,0.E0));
#1908=DIRECTION('',(0.E0,-1.711164355166E-10,1.E0));
#1909=AXIS2_PLACEMENT_3D('',#1906,#1907,#1908);
#1911=DIRECTION('',(1.E0,-1.938760730905E-10,-4.526531196654E-12));
#1912=VECTOR('',#1911,4.749999999999E0);
#1913=CARTESIAN_POINT('',(-3.321450519030E0,-8.356708656019E0,
-9.999999999680E-2));
#1914=LINE('',#1913,#1912);
#1915=DIRECTION('',(-1.E0,1.551974922845E-13,-1.724881487642E-10));
#1916=VECTOR('',#1915,4.749999999999E0);
#1917=CARTESIAN_POINT('',(1.428549480969E0,-8.256708650534E0,
6.322518786295E-9));
#1918=LINE('',#1917,#1916);
#1919=CARTESIAN_POINT('',(-9.321450519030E0,-8.256708650519E0,
-9.999999999680E-2));
#1920=DIRECTION('',(1.E0,0.E0,0.E0));
#1921=DIRECTION('',(0.E0,-1.711164355166E-10,1.E0));
#1922=AXIS2_PLACEMENT_3D('',#1919,#1920,#1921);
#1924=DIRECTION('',(-1.E0,-1.178005061918E-13,2.212558769240E-10));
#1925=VECTOR('',#1924,4.75E0);
#1926=CARTESIAN_POINT('',(-9.321450519030E0,-8.256708650533E0,
5.503200086604E-9));
#1927=LINE('',#1926,#1925);
#1928=DIRECTION('',(1.E0,2.040323465735E-10,4.526531196653E-12));
#1929=VECTOR('',#1928,4.75E0);
#1930=CARTESIAN_POINT('',(-1.407145051903E1,-8.356708656988E0,
-1.000000000183E-1));
#1931=LINE('',#1930,#1929);
#1932=CARTESIAN_POINT('',(-3.321450519030E0,-8.256708650519E0,
-9.999999999680E-2));
#1933=DIRECTION('',(1.E0,0.E0,0.E0));
#1934=DIRECTION('',(0.E0,-4.889041398899E-11,1.E0));
#1935=AXIS2_PLACEMENT_3D('',#1932,#1933,#1934);
#1937=DIRECTION('',(1.E0,-5.317851422374E-13,2.369825154827E-10));
#1938=VECTOR('',#1937,4.749999999999E0);
#1939=CARTESIAN_POINT('',(-3.321450519030E0,-8.256708650533E0,
2.500000055032E-1));
#1940=LINE('',#1939,#1938);
#1941=DIRECTION('',(-1.E0,2.115611078137E-10,5.200223292915E-12));
#1942=VECTOR('',#1941,4.749999999999E0);
#1943=CARTESIAN_POINT('',(1.428549480969E0,-8.606708657024E0,
-1.000000000215E-1));
#1944=LINE('',#1943,#1942);
#1945=CARTESIAN_POINT('',(-9.321450519030E0,-8.256708650519E0,
-9.999999999680E-2));
#1946=DIRECTION('',(1.E0,0.E0,0.E0));
#1947=DIRECTION('',(0.E0,-4.889041398899E-11,1.E0));
#1948=AXIS2_PLACEMENT_3D('',#1945,#1946,#1947);
#1950=DIRECTION('',(-1.E0,-2.298661845663E-10,-5.200226214553E-12));
#1951=VECTOR('',#1950,4.75E0);
#1952=CARTESIAN_POINT('',(-9.321450519030E0,-8.606708656019E0,
-9.999999999680E-2));
#1953=LINE('',#1952,#1951);
#1954=DIRECTION('',(1.E0,4.943881561447E-13,-1.433878980463E-10));
#1955=VECTOR('',#1954,4.749999999999E0);
#1956=CARTESIAN_POINT('',(-1.407145051903E1,-8.256708650535E0,
2.500000061843E-1));
#1957=LINE('',#1956,#1955);
#1958=DIRECTION('',(-1.E0,0.E0,0.E0));
#1959=VECTOR('',#1958,6.E0);
#1960=CARTESIAN_POINT('',(-3.321450519030E0,-8.256708650533E0,
2.500000055032E-1));
#1961=LINE('',#1960,#1959);
#1962=DIRECTION('',(-1.186606368642E-12,1.E0,-2.077942018317E-8));
#1963=VECTOR('',#1962,2.500000000163E-1);
#1964=CARTESIAN_POINT('',(-1.407145051903E1,-8.256708650535E0,
2.500000061843E-1));
#1965=LINE('',#1964,#1963);
#1966=DIRECTION('',(1.E0,0.E0,-9.081708536298E-9));
#1967=VECTOR('',#1966,1.000000020050E-1);
#1968=CARTESIAN_POINT('',(-1.407145051903E1,-8.006708650519E0,
2.500000009894E-1));
#1969=LINE('',#1968,#1967);
#1970=DIRECTION('',(-1.E0,0.E0,-2.480571293183E-11));
#1971=VECTOR('',#1970,1.000000004328E-1);
#1972=CARTESIAN_POINT('',(-1.397145051860E1,7.243291349481E0,
2.500000000027E-1));
#1973=LINE('',#1972,#1971);
#1974=DIRECTION('',(6.146194664374E-12,1.E0,-3.963829264851E-12));
#1975=VECTOR('',#1974,4.999999999960E-1);
#1976=CARTESIAN_POINT('',(-1.407145051903E1,7.243291349481E0,
2.500000000002E-1));
#1977=LINE('',#1976,#1975);
#1978=DIRECTION('',(1.E0,-6.330047592996E-11,3.409050817148E-11));
#1979=VECTOR('',#1978,1.000000000665E-1);
#1980=CARTESIAN_POINT('',(-1.407145051903E1,7.743291349477E0,
2.499999999982E-1));
#1981=LINE('',#1980,#1979);
#1982=DIRECTION('',(4.879610927233E-12,-1.E0,0.E0));
#1983=VECTOR('',#1982,2.149999999989E0);
#1984=CARTESIAN_POINT('',(-8.921450518770E0,7.743291349470E0,
2.500000000032E-1));
#1985=LINE('',#1984,#1983);
#1986=DIRECTION('',(-1.E0,0.E0,0.E0));
#1987=VECTOR('',#1986,1.000000000827E0);
#1988=CARTESIAN_POINT('',(-8.921450518759E0,5.593291349481E0,
2.500000000032E-1));
#1989=LINE('',#1988,#1987);
#1990=DIRECTION('',(0.E0,-1.E0,-4.999810089755E-13));
#1991=VECTOR('',#1990,1.75E0);
#1992=CARTESIAN_POINT('',(-9.921450519587E0,5.593291349481E0,
2.500000000032E-1));
#1993=LINE('',#1992,#1991);
#1994=DIRECTION('',(-1.E0,0.E0,-3.080476487184E-12));
#1995=VECTOR('',#1994,2.899999999752E0);
#1996=CARTESIAN_POINT('',(-9.921450519587E0,3.843291349481E0,
2.500000000023E-1));
#1997=LINE('',#1996,#1995);
#1998=DIRECTION('',(-1.540642010102E-11,-1.E0,-1.344599954727E-11));
#1999=VECTOR('',#1998,3.45E0);
#2000=CARTESIAN_POINT('',(-1.282145051934E1,3.843291349481E0,
2.499999999934E-1));
#2001=LINE('',#2000,#1999);
#2002=DIRECTION('',(-1.E0,0.E0,-2.188456267337E-9));
#2003=VECTOR('',#2002,8.390997149399E-2);
#2004=CARTESIAN_POINT('',(-1.282145051939E1,3.932913494810E-1,
2.499999999470E-1));
#2005=LINE('',#2004,#2003);
#2006=DIRECTION('',(1.E0,0.E0,2.263040091210E-9));
#2007=VECTOR('',#2006,8.390997178330E-2);
#2008=CARTESIAN_POINT('',(-1.290536049115E1,-1.606708650519E0,
2.499999997687E-1));
#2009=LINE('',#2008,#2007);
#2010=DIRECTION('',(1.851988647909E-11,-1.E0,1.577356834891E-11));
#2011=VECTOR('',#2010,2.6E0);
#2012=CARTESIAN_POINT('',(-1.282145051936E1,-1.606708650519E0,
2.499999999586E-1));
#2013=LINE('',#2012,#2011);
#2014=DIRECTION('',(1.E0,0.E0,-4.788477306761E-13));
#2015=VECTOR('',#2014,1.300000000059E1);
#2016=CARTESIAN_POINT('',(-1.282145051931E1,-4.206708650519E0,
2.499999999996E-1));
#2017=LINE('',#2016,#2015);
#2018=DIRECTION('',(2.043260859653E-11,1.E0,-1.784186046768E-11));
#2019=VECTOR('',#2018,2.6E0);
#2020=CARTESIAN_POINT('',(1.785494812781E-1,-4.206708650519E0,
2.499999999934E-1));
#2021=LINE('',#2020,#2019);
#2022=DIRECTION('',(1.E0,0.E0,-2.188853531913E-9));
#2023=VECTOR('',#2022,8.390997148806E-2);
#2024=CARTESIAN_POINT('',(1.785494813312E-1,-1.606708650519E0,
2.499999999470E-1));
#2025=LINE('',#2024,#2023);
#2026=DIRECTION('',(-1.E0,0.E0,2.263040090810E-9));
#2027=VECTOR('',#2026,8.390997179813E-2);
#2028=CARTESIAN_POINT('',(2.624594530811E-1,3.932913494810E-1,
2.499999997687E-1));
#2029=LINE('',#2028,#2027);
#2030=DIRECTION('',(-1.156552309639E-11,1.E0,1.214093238183E-11));
#2031=VECTOR('',#2030,3.45E0);
#2032=CARTESIAN_POINT('',(1.785494812829E-1,3.932913494810E-1,
2.499999999586E-1));
#2033=LINE('',#2032,#2031);
#2034=DIRECTION('',(-1.E0,0.E0,9.224230575665E-13));
#2035=VECTOR('',#2034,2.899999999718E0);
#2036=CARTESIAN_POINT('',(1.785494812430E-1,3.843291349481E0,
2.500000000005E-1));
#2037=LINE('',#2036,#2035);
#2038=DIRECTION('',(0.E0,1.E0,0.E0));
#2039=VECTOR('',#2038,1.75E0);
#2040=CARTESIAN_POINT('',(-2.721450518475E0,3.843291349481E0,
2.500000000032E-1));
#2041=LINE('',#2040,#2039);
#2042=DIRECTION('',(-1.E0,0.E0,0.E0));
#2043=VECTOR('',#2042,1.000000000897E0);
#2044=CARTESIAN_POINT('',(-2.721450518475E0,5.593291349481E0,
2.500000000032E-1));
#2045=LINE('',#2044,#2043);
#2046=DIRECTION('',(8.572780728237E-12,1.E0,0.E0));
#2047=VECTOR('',#2046,2.149999999989E0);
#2048=CARTESIAN_POINT('',(-3.721450519373E0,5.593291349481E0,
2.500000000032E-1));
#2049=LINE('',#2048,#2047);
#2050=DIRECTION('',(1.E0,4.885869484183E-11,-3.687050662827E-12));
#2051=VECTOR('',#2050,1.000000000530E-1);
#2052=CARTESIAN_POINT('',(1.328549480917E0,7.743291349471E0,2.500000000026E-1));
#2053=LINE('',#2052,#2051);
#2054=DIRECTION('',(3.447908625313E-12,-1.E0,1.162625551400E-12));
#2055=VECTOR('',#2054,4.999999999946E-1);
#2056=CARTESIAN_POINT('',(1.428549480970E0,7.743291349476E0,2.500000000023E-1));
#2057=LINE('',#2056,#2055);
#2058=DIRECTION('',(-1.E0,0.E0,3.499422879310E-12));
#2059=VECTOR('',#2058,1.000000026950E-1);
#2060=CARTESIAN_POINT('',(1.428549480971E0,7.243291349481E0,2.500000000029E-1));
#2061=LINE('',#2060,#2059);
#2062=DIRECTION('',(1.E0,1.776356621098E-14,1.500499817626E-8));
#2063=VECTOR('',#2062,1.000000122893E-1);
#2064=CARTESIAN_POINT('',(1.328549468681E0,-8.006708650519E0,
2.500000003719E-1));
#2065=LINE('',#2064,#2063);
#2066=DIRECTION('',(-5.655031997859E-12,-1.E0,1.902581247978E-8));
#2067=VECTOR('',#2066,2.500000000164E-1);
#2068=CARTESIAN_POINT('',(1.428549480970E0,-8.006708650519E0,
2.500000018724E-1));
#2069=LINE('',#2068,#2067);
#2070=DIRECTION('',(2.465504341673E-10,-1.217533008233E-13,1.E0));
#2071=VECTOR('',#2070,1.458980436167E-2);
#2072=CARTESIAN_POINT('',(-1.407145051903E1,-8.006708650519E0,
2.354101966278E-1));
#2073=LINE('',#2072,#2071);
#2074=DIRECTION('',(-5.410334306096E-12,0.E0,1.E0));
#2075=VECTOR('',#2074,2.354101949698E-1);
#2076=CARTESIAN_POINT('',(-1.407145051903E1,-8.006708650519E0,
1.657936380776E-9));
#2077=LINE('',#2076,#2075);
#2078=CARTESIAN_POINT('',(-1.397145051903E1,-8.006708650519E0,
-9.999999999680E-2));
#2079=DIRECTION('',(0.E0,1.E0,0.E0));
#2080=DIRECTION('',(-2.857142857186E-1,0.E0,9.583148474986E-1));
#2081=AXIS2_PLACEMENT_3D('',#2078,#2079,#2080);
#2083=DIRECTION('',(1.033323663429E-10,-1.E0,5.152464975625E-12));
#2084=VECTOR('',#2083,1.525E1);
#2085=CARTESIAN_POINT('',(-1.397145051860E1,7.243291349481E0,
2.500000000027E-1));
#2086=LINE('',#2085,#2084);
#2087=DIRECTION('',(-7.967397233858E-14,1.E0,0.E0));
#2088=VECTOR('',#2087,1.524999999983E1);
#2089=CARTESIAN_POINT('',(-1.432145051903E1,-8.006708650449E0,
-1.000000000856E-1));
#2090=LINE('',#2089,#2088);
#2091=CARTESIAN_POINT('',(-1.397145051903E1,-8.006708650519E0,
-9.999999999680E-2));
#2092=DIRECTION('',(0.E0,-1.E0,0.E0));
#2093=DIRECTION('',(4.347675996996E-8,0.E0,1.E0));
#2094=AXIS2_PLACEMENT_3D('',#2091,#2092,#2093);
#2096=DIRECTION('',(-1.E0,-1.195061827303E-10,0.E0));
#2097=VECTOR('',#2096,2.499999999942E-1);
#2098=CARTESIAN_POINT('',(-1.407145051904E1,-8.006708650419E0,
-1.000000000856E-1));
#2099=LINE('',#2098,#2097);
#2100=CARTESIAN_POINT('',(-1.397145051903E1,-8.006708650519E0,
-9.999999999680E-2));
#2101=DIRECTION('',(0.E0,1.E0,0.E0));
#2102=DIRECTION('',(-1.E0,0.E0,-2.962498896990E-10));
#2103=AXIS2_PLACEMENT_3D('',#2100,#2101,#2102);
#2105=DIRECTION('',(-3.889347860212E-13,-1.E0,0.E0));
#2106=VECTOR('',#2105,1.524999999983E1);
#2107=CARTESIAN_POINT('',(-1.407145051903E1,7.243291349411E0,
-1.000000000857E-1));
#2108=LINE('',#2107,#2106);
#2109=DIRECTION('',(-7.975877153632E-11,1.E0,-1.648314757302E-11));
#2110=VECTOR('',#2109,1.525E1);
#2111=CARTESIAN_POINT('',(-1.397145051715E1,-8.006708650519E0,
2.564887422822E-10));
#2112=LINE('',#2111,#2110);
#2113=CARTESIAN_POINT('',(-1.397145051903E1,7.243291349481E0,
-9.999999999680E-2));
#2114=DIRECTION('',(0.E0,-1.E0,0.E0));
#2115=DIRECTION('',(-2.857142857299E-1,0.E0,9.583148474952E-1));
#2116=AXIS2_PLACEMENT_3D('',#2113,#2114,#2115);
#2118=DIRECTION('',(1.E0,1.184226050548E-10,0.E0));
#2119=VECTOR('',#2118,2.500000000013E-1);
#2120=CARTESIAN_POINT('',(-1.432145051903E1,7.243291349381E0,
-1.000000000857E-1));
#2121=LINE('',#2120,#2119);
#2122=CARTESIAN_POINT('',(-1.397145051903E1,7.243291349481E0,
-9.999999999680E-2));
#2123=DIRECTION('',(0.E0,1.E0,0.E0));
#2124=DIRECTION('',(-1.E0,0.E0,-1.036175173441E-9));
#2125=AXIS2_PLACEMENT_3D('',#2122,#2123,#2124);
#2127=DIRECTION('',(-1.970206802545E-11,0.E0,1.E0));
#2128=VECTOR('',#2127,2.354101966191E-1);
#2129=CARTESIAN_POINT('',(-1.407145051903E1,7.243291349481E0,
7.971951802392E-12));
#2130=LINE('',#2129,#2128);
#2131=DIRECTION('',(1.E0,-4.156675004197E-13,-4.352074256531E-13));
#2132=VECTOR('',#2131,2.5E-1);
#2133=CARTESIAN_POINT('',(-1.432145051903E1,4.643291349801E0,
-2.699999999881E0));
#2134=LINE('',#2133,#2132);
#2135=DIRECTION('',(0.E0,-1.E0,-2.876637568099E-14));
#2136=VECTOR('',#2135,1.005000000064E1);
#2137=CARTESIAN_POINT('',(-1.432145051903E1,4.643291349801E0,
-2.699999999881E0));
#2138=LINE('',#2137,#2136);
#2139=DIRECTION('',(1.E0,1.922018100231E-12,-4.369837824925E-13));
#2140=VECTOR('',#2139,2.5E-1);
#2141=CARTESIAN_POINT('',(-1.432145051903E1,-5.406708650839E0,
-2.699999999881E0));
#2142=LINE('',#2141,#2140);
#2143=DIRECTION('',(0.E0,1.E0,2.881056366207E-14));
#2144=VECTOR('',#2143,1.005000000064E1);
#2145=CARTESIAN_POINT('',(-1.407145051903E1,-5.406708650838E0,
-2.699999999881E0));
#2146=LINE('',#2145,#2144);
#2147=DIRECTION('',(-1.666713533255E-13,7.071067811613E-1,-7.071067812118E-1));
#2148=VECTOR('',#2147,3.676955261749E0);
#2149=CARTESIAN_POINT('',(-1.432145051903E1,-8.006708650449E0,
-1.000000000856E-1));
#2150=LINE('',#2149,#2148);
#2151=DIRECTION('',(-1.637727210947E-13,7.071067811573E-1,7.071067812158E-1));
#2152=VECTOR('',#2151,3.676955261728E0);
#2153=CARTESIAN_POINT('',(-1.432145051903E1,4.643291349801E0,
-2.699999999881E0));
#2154=LINE('',#2153,#2152);
#2155=DIRECTION('',(-1.414532529101E-12,-7.071067811573E-1,7.071067812158E-1));
#2156=VECTOR('',#2155,3.676955261729E0);
#2157=CARTESIAN_POINT('',(-1.407145051903E1,-5.406708650838E0,
-2.699999999881E0));
#2158=LINE('',#2157,#2156);
#2159=DIRECTION('',(-1.990394132467E-13,-7.071067811613E-1,-7.071067812117E-1));
#2160=VECTOR('',#2159,3.676955261749E0);
#2161=CARTESIAN_POINT('',(-1.407145051903E1,7.243291349411E0,
-1.000000000857E-1));
#2162=LINE('',#2161,#2160);
#2163=DIRECTION('',(-2.238209617720E-12,-1.975308805480E-12,1.E0));
#2164=VECTOR('',#2163,2.499999999915E-1);
#2165=CARTESIAN_POINT('',(-1.407145051903E1,7.743291349478E0,
6.697586929505E-12));
#2166=LINE('',#2165,#2164);
#2167=DIRECTION('',(-2.228085556036E-10,1.826299636095E-13,-1.E0));
#2168=VECTOR('',#2167,1.458980337310E-2);
#2169=CARTESIAN_POINT('',(-1.407145051903E1,7.243291349481E0,
2.500000000002E-1));
#2170=LINE('',#2169,#2168);
#2171=DIRECTION('',(7.354117314940E-12,1.E0,4.411138121334E-12));
#2172=VECTOR('',#2171,2.500000000060E-1);
#2173=CARTESIAN_POINT('',(-1.397145051903E1,7.843291349481E0,
-9.999999999457E-2));
#2174=LINE('',#2173,#2172);
#2175=CARTESIAN_POINT('',(-1.397145051903E1,7.743291349481E0,
-9.999999999680E-2));
#2176=DIRECTION('',(1.E0,0.E0,0.E0));
#2177=DIRECTION('',(0.E0,1.E0,1.216808400071E-11));
#2178=AXIS2_PLACEMENT_3D('',#2175,#2176,#2177);
#2180=DIRECTION('',(-4.349942628357E-11,7.894129794356E-12,-1.E0));
#2181=VECTOR('',#2180,2.499999999981E-1);
#2182=CARTESIAN_POINT('',(-1.397145051896E1,7.743291349471E0,
2.500000000016E-1));
#2183=LINE('',#2182,#2181);
#2184=CARTESIAN_POINT('',(-1.397145051903E1,7.743291349481E0,
-9.999999999680E-2));
#2185=DIRECTION('',(-1.E0,0.E0,0.E0));
#2186=DIRECTION('',(0.E0,-1.324984566509E-10,1.E0));
#2187=AXIS2_PLACEMENT_3D('',#2184,#2185,#2186);
#2189=DIRECTION('',(-1.E0,2.329159087708E-11,1.371880387002E-10));
#2190=VECTOR('',#2189,2.500000000122E-1);
#2191=CARTESIAN_POINT('',(-1.407145051909E1,7.743291349354E0,
-1.000000001265E-1));
#2192=LINE('',#2191,#2190);
#2193=CARTESIAN_POINT('',(-1.397145051903E1,7.743291349481E0,
-9.999999999680E-2));
#2194=DIRECTION('',(0.E0,0.E0,-1.E0));
#2195=DIRECTION('',(-1.E0,-4.867826776587E-10,0.E0));
#2196=AXIS2_PLACEMENT_3D('',#2193,#2194,#2195);
#2198=CARTESIAN_POINT('',(-1.397145051903E1,7.743291349481E0,
-9.999999999680E-2));
#2199=DIRECTION('',(0.E0,0.E0,1.E0));
#2200=DIRECTION('',(8.999023748402E-11,1.E0,0.E0));
#2201=AXIS2_PLACEMENT_3D('',#2198,#2199,#2200);
#2203=DIRECTION('',(-1.E0,6.991029969139E-11,5.094591409567E-11));
#2204=VECTOR('',#2203,2.500000002862E-1);
#2205=CARTESIAN_POINT('',(-1.407145051988E1,4.743291350323E0,
-3.099999999850E0));
#2206=LINE('',#2205,#2204);
#2207=DIRECTION('',(1.421085471520E-12,1.E0,0.E0));
#2208=VECTOR('',#2207,4.999999999999E-3);
#2209=CARTESIAN_POINT('',(-1.407145051903E1,7.253291349481E0,-1.55E1));
#2210=LINE('',#2209,#2208);
#2211=DIRECTION('',(0.E0,1.110223024625E-14,1.E0));
#2212=VECTOR('',#2211,1.6E-1);
#2213=CARTESIAN_POINT('',(-1.407145051903E1,7.193291349481E0,-1.556E1));
#2214=LINE('',#2213,#2212);
#2215=DIRECTION('',(0.E0,1.E0,0.E0));
#2216=VECTOR('',#2215,1.4E0);
#2217=CARTESIAN_POINT('',(-1.407145051903E1,5.793291349481E0,-1.54E1));
#2218=LINE('',#2217,#2216);
#2219=DIRECTION('',(1.104470573720E-14,0.E0,-1.E0));
#2220=VECTOR('',#2219,1.608333333333E-1);
#2221=CARTESIAN_POINT('',(-1.407145051903E1,5.793291349481E0,-1.54E1));
#2222=LINE('',#2221,#2220);
#2223=CARTESIAN_POINT('',(-1.407145051903E1,5.793291349481E0,
-1.556083333333E1));
#2224=CARTESIAN_POINT('',(-1.407145051903E1,5.793291349481E0,
-1.555224548470E1));
#2225=CARTESIAN_POINT('',(-1.407145051903E1,5.788991701752E0,
-1.553513573285E1));
#2226=CARTESIAN_POINT('',(-1.407145051903E1,5.771895131824E0,
-1.551239449411E1));
#2227=CARTESIAN_POINT('',(-1.407145051903E1,5.744733443693E0,
-1.549931290136E1));
#2228=CARTESIAN_POINT('',(-1.407145051903E1,5.716690771896E0,
-1.549960280301E1));
#2229=CARTESIAN_POINT('',(-1.407145051903E1,5.691102652294E0,
-1.551138443269E1));
#2230=CARTESIAN_POINT('',(-1.407145051903E1,5.672586368490E0,
-1.553450185941E1));
#2231=CARTESIAN_POINT('',(-1.407145051903E1,5.668291349481E0,
-1.555246149540E1));
#2232=CARTESIAN_POINT('',(-1.407145051903E1,5.668291349481E0,-1.55625E1));
#2234=DIRECTION('',(0.E0,-1.E0,0.E0));
#2235=VECTOR('',#2234,6.425E0);
#2236=CARTESIAN_POINT('',(-1.407145051903E1,5.668291349481E0,-1.58E1));
#2237=LINE('',#2236,#2235);
#2238=CARTESIAN_POINT('',(-1.407145051903E1,-1.405708650519E0,-1.9551E1));
#2239=DIRECTION('',(-1.E0,0.E0,0.E0));
#2240=DIRECTION('',(0.E0,1.E0,-1.889915034947E-8));
#2241=AXIS2_PLACEMENT_3D('',#2238,#2239,#2240);
#2243=CARTESIAN_POINT('',(-1.407145051903E1,-1.407708650519E0,-1.9551E1));
#2244=DIRECTION('',(-1.E0,0.E0,0.E0));
#2245=DIRECTION('',(0.E0,1.535958744837E-3,-9.999988204147E-1));
#2246=AXIS2_PLACEMENT_3D('',#2243,#2244,#2245);
#2248=DIRECTION('',(-1.034483448494E-9,-1.E0,0.E0));
#2249=VECTOR('',#2248,2.900000023148E0);
#2250=CARTESIAN_POINT('',(-1.407145051903E1,-2.056708650158E0,-1.58E1));
#2251=LINE('',#2250,#2249);
#2252=DIRECTION('',(4.361686727331E-10,1.E0,1.744863131261E-11));
#2253=VECTOR('',#2252,9.700000000856E0);
#2254=CARTESIAN_POINT('',(-1.407145052411E1,-4.956708650533E0,
-3.100000000019E0));
#2255=LINE('',#2254,#2253);
#2256=DIRECTION('',(1.857775266632E-10,7.071067811050E-1,7.071067812681E-1));
#2257=VECTOR('',#2256,4.242640686239E0);
#2258=CARTESIAN_POINT('',(-1.407145051988E1,4.743291350323E0,
-3.099999999850E0));
#2259=LINE('',#2258,#2257);
#2260=DIRECTION('',(0.E0,-1.E0,0.E0));
#2261=VECTOR('',#2260,4.25E-1);
#2262=CARTESIAN_POINT('',(-1.407145051903E1,7.743291349481E0,-1.58E1));
#2263=LINE('',#2262,#2261);
#2264=DIRECTION('',(-1.E0,0.E0,0.E0));
#2265=VECTOR('',#2264,2.5E-1);
#2266=CARTESIAN_POINT('',(-1.407145051903E1,7.318291349481E0,-1.556E1));
#2267=LINE('',#2266,#2265);
#2268=DIRECTION('',(0.E0,0.E0,-1.E0));
#2269=VECTOR('',#2268,2.4E-1);
#2270=CARTESIAN_POINT('',(-1.407145051903E1,7.318291349481E0,-1.556E1));
#2271=LINE('',#2270,#2269);
#2272=DIRECTION('',(1.E0,0.E0,0.E0));
#2273=VECTOR('',#2272,2.5E-1);
#2274=CARTESIAN_POINT('',(-1.432145051903E1,7.318291349481E0,-1.58E1));
#2275=LINE('',#2274,#2273);
#2276=DIRECTION('',(0.E0,0.E0,1.E0));
#2277=VECTOR('',#2276,2.4E-1);
#2278=CARTESIAN_POINT('',(-1.432145051903E1,7.318291349481E0,-1.58E1));
#2279=LINE('',#2278,#2277);
#2280=CARTESIAN_POINT('',(-1.407145051903E1,7.258291349481E0,-1.556E1));
#2281=DIRECTION('',(-1.E0,0.E0,0.E0));
#2282=DIRECTION('',(0.E0,0.E0,1.E0));
#2283=AXIS2_PLACEMENT_3D('',#2280,#2281,#2282);
#2285=CARTESIAN_POINT('',(-1.432145051903E1,7.258291349481E0,-1.556E1));
#2286=DIRECTION('',(1.E0,0.E0,0.E0));
#2287=DIRECTION('',(0.E0,1.E0,0.E0));
#2288=AXIS2_PLACEMENT_3D('',#2285,#2286,#2287);
#2290=DIRECTION('',(-1.E0,0.E0,0.E0));
#2291=VECTOR('',#2290,2.5E-1);
#2292=CARTESIAN_POINT('',(-1.407145051903E1,7.258291349481E0,-1.55E1));
#2293=LINE('',#2292,#2291);
#2294=DIRECTION('',(1.E0,0.E0,0.E0));
#2295=VECTOR('',#2294,2.5E-1);
#2296=CARTESIAN_POINT('',(-1.432145051903E1,7.253291349481E0,-1.55E1));
#2297=LINE('',#2296,#2295);
#2298=DIRECTION('',(-3.552713678801E-13,1.E0,0.E0));
#2299=VECTOR('',#2298,4.999999999999E-3);
#2300=CARTESIAN_POINT('',(-1.432145051903E1,7.253291349481E0,-1.55E1));
#2301=LINE('',#2300,#2299);
#2302=DIRECTION('',(0.E0,-1.E0,0.E0));
#2303=VECTOR('',#2302,4.25E-1);
#2304=CARTESIAN_POINT('',(-1.432145051903E1,7.743291349481E0,-1.58E1));
#2305=LINE('',#2304,#2303);
#2306=DIRECTION('',(-2.503715491178E-10,-7.071067811011E-1,-7.071067812720E-1));
#2307=VECTOR('',#2306,4.242640686246E0);
#2308=CARTESIAN_POINT('',(-1.432145051910E1,7.743291349360E0,
-1.000000000922E-1));
#2309=LINE('',#2308,#2307);
#2310=DIRECTION('',(-1.034483448494E-9,-1.E0,0.E0));
#2311=VECTOR('',#2310,2.900000023148E0);
#2312=CARTESIAN_POINT('',(-1.432145051903E1,-2.056708650158E0,-1.58E1));
#2313=LINE('',#2312,#2311);
#2314=CARTESIAN_POINT('',(-1.432145051903E1,-1.407708650519E0,-1.9551E1));
#2315=DIRECTION('',(1.E0,0.E0,0.E0));
#2316=DIRECTION('',(0.E0,-1.E0,-1.193626946983E-8));
#2317=AXIS2_PLACEMENT_3D('',#2314,#2315,#2316);
#2319=CARTESIAN_POINT('',(-1.432145051903E1,-1.405708650519E0,-1.9551E1));
#2320=DIRECTION('',(1.E0,0.E0,0.E0));
#2321=DIRECTION('',(0.E0,-1.545705353670E-3,-9.999988053968E-1));
#2322=AXIS2_PLACEMENT_3D('',#2319,#2320,#2321);
#2324=DIRECTION('',(0.E0,-1.E0,0.E0));
#2325=VECTOR('',#2324,6.425E0);
#2326=CARTESIAN_POINT('',(-1.432145051903E1,5.668291349481E0,-1.58E1));
#2327=LINE('',#2326,#2325);
#2328=CARTESIAN_POINT('',(-1.432145051903E1,5.668291349481E0,-1.55625E1));
#2329=CARTESIAN_POINT('',(-1.432145051903E1,5.668291349481E0,
-1.555129461925E1));
#2330=CARTESIAN_POINT('',(-1.432145051903E1,5.673595698890E0,
-1.553165804886E1));
#2331=CARTESIAN_POINT('',(-1.432145051903E1,5.695584625049E0,
-1.550755828915E1));
#2332=CARTESIAN_POINT('',(-1.432145051903E1,5.726189208092E0,
-1.549756444724E1));
#2333=CARTESIAN_POINT('',(-1.432145051903E1,5.757939681255E0,
-1.550311908776E1));
#2334=CARTESIAN_POINT('',(-1.432145051903E1,5.782712599386E0,
-1.552390742790E1));
#2335=CARTESIAN_POINT('',(-1.432145051903E1,5.790835251365E0,
-1.554119771440E1));
#2336=CARTESIAN_POINT('',(-1.432145051903E1,5.792440491726E0,
-1.555069444444E1));
#2338=DIRECTION('',(0.E0,-9.999998772728E-1,-4.954336048137E-4));
#2339=VECTOR('',#2338,1.401690231949E0);
#2340=CARTESIAN_POINT('',(-1.432145051903E1,7.194130551650E0,-1.555E1));
#2341=LINE('',#2340,#2339);
#2342=DIRECTION('',(-1.E0,0.E0,0.E0));
#2343=VECTOR('',#2342,2.5E-1);
#2344=CARTESIAN_POINT('',(-1.407145051903E1,-7.567086505190E-1,-1.58E1));
#2345=LINE('',#2344,#2343);
#2346=DIRECTION('',(-1.E0,0.E0,0.E0));
#2347=VECTOR('',#2346,2.5E-1);
#2348=CARTESIAN_POINT('',(1.678549480969E0,-7.567086505190E-1,-1.58E1));
#2349=LINE('',#2348,#2347);
#2350=DIRECTION('',(1.E0,0.E0,0.E0));
#2351=VECTOR('',#2350,2.5E-1);
#2352=CARTESIAN_POINT('',(-1.432145051903E1,-2.056708650158E0,-1.58E1));
#2353=LINE('',#2352,#2351);
#2354=DIRECTION('',(4.573106117800E-10,1.E0,0.E0));
#2355=VECTOR('',#2354,2.078603907558E0);
#2356=CARTESIAN_POINT('',(-1.372145051907E1,-7.571708650519E0,-1.58E1));
#2357=LINE('',#2356,#2355);
#2358=DIRECTION('',(1.E0,0.E0,0.E0));
#2359=VECTOR('',#2358,2.5E-1);
#2360=CARTESIAN_POINT('',(1.428549480969E0,-2.056708650437E0,-1.58E1));
#2361=LINE('',#2360,#2359);
#2362=DIRECTION('',(1.169894868730E-9,1.E0,0.E0));
#2363=VECTOR('',#2362,2.614999977585E0);
#2364=CARTESIAN_POINT('',(1.078549481005E0,-7.571708650519E0,-1.58E1));
#2365=LINE('',#2364,#2363);
#2366=CARTESIAN_POINT('',(-1.397145051903E1,7.743291349481E0,-1.58E1));
#2367=DIRECTION('',(0.E0,0.E0,-1.E0));
#2368=DIRECTION('',(-1.E0,0.E0,0.E0));
#2369=AXIS2_PLACEMENT_3D('',#2366,#2367,#2368);
#2371=DIRECTION('',(-3.645265264475E-12,-8.058267429195E-12,1.E0));
#2372=VECTOR('',#2371,1.569999999987E1);
#2373=CARTESIAN_POINT('',(-1.407145051903E1,7.743291349481E0,-1.58E1));
#2374=LINE('',#2373,#2372);
#2375=DIRECTION('',(-1.981147022795E-13,0.E0,-1.E0));
#2376=VECTOR('',#2375,1.570000000001E1);
#2377=CARTESIAN_POINT('',(-1.397145051903E1,7.843291349481E0,
-9.999999999457E-2));
#2378=LINE('',#2377,#2376);
#2379=DIRECTION('',(-1.E0,0.E0,0.E0));
#2380=VECTOR('',#2379,1.53E1);
#2381=CARTESIAN_POINT('',(1.328549480969E0,7.843291349481E0,-1.58E1));
#2382=LINE('',#2381,#2380);
#2383=DIRECTION('',(1.E0,1.834430043904E-13,0.E0));
#2384=VECTOR('',#2383,5.199999999606E0);
#2385=CARTESIAN_POINT('',(-8.921450518812E0,7.743291349473E0,
2.925003989018E-12));
#2386=LINE('',#2385,#2384);
#2387=DIRECTION('',(1.E0,5.751175113575E-14,1.011635769631E-13));
#2388=VECTOR('',#2387,5.050000000111E0);
#2389=CARTESIAN_POINT('',(-3.721450519207E0,7.743291349474E0,
2.925003989018E-12));
#2390=LINE('',#2389,#2388);
#2391=DIRECTION('',(-1.E0,0.E0,-1.489549224706E-14));
#2392=VECTOR('',#2391,1.529999999999E1);
#2393=CARTESIAN_POINT('',(1.328549480965E0,7.843291349481E0,
-9.999999999434E-2));
#2394=LINE('',#2393,#2392);
#2395=DIRECTION('',(1.E0,-1.442190701249E-14,-1.281084699228E-13));
#2396=VECTOR('',#2395,5.050000000163E0);
#2397=CARTESIAN_POINT('',(-1.397145051897E1,7.743291349473E0,
3.571951762149E-12));
#2398=LINE('',#2397,#2396);
#2399=DIRECTION('',(1.E0,0.E0,0.E0));
#2400=VECTOR('',#2399,1.44E1);
#2401=CARTESIAN_POINT('',(-1.352145051903E1,7.803291349481E0,
-1.999999999680E-2));
#2402=LINE('',#2401,#2400);
#2403=CARTESIAN_POINT('',(9.780482246797E-1,7.793291349481E0,
-1.339745961835E-2));
#2404=CARTESIAN_POINT('',(9.612850480741E-1,7.796695257670E0,
-1.536270692786E-2));
#2405=CARTESIAN_POINT('',(9.279628786856E-1,7.801678066805E0,
-1.875031918438E-2));
#2406=CARTESIAN_POINT('',(8.949622281188E-1,7.803291349481E0,
-1.999999999680E-2));
#2407=CARTESIAN_POINT('',(8.785494809690E-1,7.803291349481E0,
-1.999999999680E-2));
#2409=DIRECTION('',(1.E0,0.E0,0.E0));
#2410=VECTOR('',#2409,1.459899748742E1);
#2411=CARTESIAN_POINT('',(-1.362094926274E1,7.793291349481E0,
-1.339745961835E-2));
#2412=LINE('',#2411,#2410);
#2413=CARTESIAN_POINT('',(-1.352145051903E1,7.803291349481E0,
-1.999999999680E-2));
#2414=CARTESIAN_POINT('',(-1.353809315292E1,7.803291349481E0,
-1.999999999680E-2));
#2415=CARTESIAN_POINT('',(-1.357132643635E1,7.801631982969E0,
-1.871504417545E-2));
#2416=CARTESIAN_POINT('',(-1.360441008467E1,7.796649772828E0,
-1.533644624152E-2));
#2417=CARTESIAN_POINT('',(-1.362094926274E1,7.793291349481E0,
-1.339745961835E-2));
#2419=DIRECTION('',(5.902052180311E-10,1.306688091061E-11,-1.E0));
#2420=VECTOR('',#2419,2.500000000003E-1);
#2421=CARTESIAN_POINT('',(-3.721450519354E0,7.743291349470E0,
2.500000000032E-1));
#2422=LINE('',#2421,#2420);
#2423=DIRECTION('',(-1.E0,1.431638086353E-13,-3.092795546500E-13));
#2424=VECTOR('',#2423,5.050000000194E0);
#2425=CARTESIAN_POINT('',(-8.921450518770E0,7.743291349470E0,
2.500000000032E-1));
#2426=LINE('',#2425,#2424);
#2427=DIRECTION('',(1.E0,-3.793044310016E-13,1.489639929202E-14));
#2428=VECTOR('',#2427,1.529999999999E1);
#2429=CARTESIAN_POINT('',(-1.397145051903E1,8.093291349487E0,
-9.999999999346E-2));
#2430=LINE('',#2429,#2428);
#2431=DIRECTION('',(-1.E0,-9.092836494264E-14,1.114070332077E-13));
#2432=VECTOR('',#2431,5.050000000271E0);
#2433=CARTESIAN_POINT('',(1.328549480917E0,7.743291349471E0,2.500000000026E-1));
#2434=LINE('',#2433,#2432);
#2435=DIRECTION('',(-1.E0,-6.012284687876E-14,0.E0));
#2436=VECTOR('',#2435,5.199999999416E0);
#2437=CARTESIAN_POINT('',(-3.721450519354E0,7.743291349470E0,
2.500000000032E-1));
#2438=LINE('',#2437,#2436);
#2439=DIRECTION('',(-1.E0,0.E0,0.E0));
#2440=VECTOR('',#2439,1.53E1);
#2441=CARTESIAN_POINT('',(1.328549480969E0,8.093291349481E0,-1.58E1));
#2442=LINE('',#2441,#2440);
#2443=CARTESIAN_POINT('',(1.328549480969E0,7.743291349481E0,-1.58E1));
#2444=DIRECTION('',(0.E0,0.E0,1.E0));
#2445=DIRECTION('',(1.E0,0.E0,0.E0));
#2446=AXIS2_PLACEMENT_3D('',#2443,#2444,#2445);
#2448=DIRECTION('',(-2.367476349448E-12,-7.177613068713E-12,1.E0));
#2449=VECTOR('',#2448,1.569999999987E1);
#2450=CARTESIAN_POINT('',(1.678549480969E0,7.743291349481E0,-1.58E1));
#2451=LINE('',#2450,#2449);
#2452=DIRECTION('',(3.103108711247E-13,-1.968701210545E-14,-1.E0));
#2453=VECTOR('',#2452,1.570000000001E1);
#2454=CARTESIAN_POINT('',(1.328549480964E0,8.093291349481E0,
-9.999999999324E-2));
#2455=LINE('',#2454,#2453);
#2456=DIRECTION('',(0.E0,1.E0,0.E0));
#2457=VECTOR('',#2456,1.402525512861E0);
#2458=CARTESIAN_POINT('',(1.678549480969E0,5.792028593051E0,-1.555E1));
#2459=LINE('',#2458,#2457);
#2460=CARTESIAN_POINT('',(1.678549480969E0,5.730791349481E0,-1.55625E1));
#2461=DIRECTION('',(1.E0,0.E0,0.E0));
#2462=DIRECTION('',(0.E0,9.797958971133E-1,2.E-1));
#2463=AXIS2_PLACEMENT_3D('',#2460,#2461,#2462);
#2465=DIRECTION('',(0.E0,-1.E0,0.E0));
#2466=VECTOR('',#2465,6.425E0);
#2467=CARTESIAN_POINT('',(1.678549480969E0,5.668291349481E0,-1.58E1));
#2468=LINE('',#2467,#2466);
#2469=CARTESIAN_POINT('',(1.678549480969E0,-1.405708650519E0,-1.9551E1));
#2470=DIRECTION('',(-1.E0,0.E0,0.E0));
#2471=DIRECTION('',(0.E0,1.E0,-1.739547112759E-8));
#2472=AXIS2_PLACEMENT_3D('',#2469,#2470,#2471);
#2474=CARTESIAN_POINT('',(1.678549480969E0,-1.407708650519E0,-1.9551E1));
#2475=DIRECTION('',(-1.E0,0.E0,0.E0));
#2476=DIRECTION('',(0.E0,1.535956479652E-3,-9.999988204182E-1));
#2477=AXIS2_PLACEMENT_3D('',#2474,#2475,#2476);
#2479=DIRECTION('',(-2.820551802602E-10,-1.E0,0.E0));
#2480=VECTOR('',#2479,2.363603892018E0);
#2481=CARTESIAN_POINT('',(1.678549480969E0,-2.056708650437E0,-1.58E1));
#2482=LINE('',#2481,#2480);
#2483=DIRECTION('',(9.616698900873E-11,1.E0,-4.368158008887E-11));
#2484=VECTOR('',#2483,9.163603895794E0);
#2485=CARTESIAN_POINT('',(1.678549479786E0,-4.420312547519E0,
-3.100000000103E0));
#2486=LINE('',#2485,#2484);
#2487=DIRECTION('',(6.238526869185E-11,7.071067812713E-1,7.071067811018E-1));
#2488=VECTOR('',#2487,4.242640688157E0);
#2489=CARTESIAN_POINT('',(1.678549480667E0,4.743291348275E0,-3.100000000504E0));
#2490=LINE('',#2489,#2488);
#2491=DIRECTION('',(0.E0,-1.E0,0.E0));
#2492=VECTOR('',#2491,4.25E-1);
#2493=CARTESIAN_POINT('',(1.678549480969E0,7.743291349481E0,-1.58E1));
#2494=LINE('',#2493,#2492);
#2495=CARTESIAN_POINT('',(1.678549480969E0,7.255791349481E0,-1.55625E1));
#2496=DIRECTION('',(1.E0,0.E0,0.E0));
#2497=DIRECTION('',(0.E0,1.E0,0.E0));
#2498=AXIS2_PLACEMENT_3D('',#2495,#2496,#2497);
#2500=CARTESIAN_POINT('',(1.678549480969E0,7.194554105911E0,-1.555E1));
#2501=CARTESIAN_POINT('',(1.678549480969E0,7.194133634753E0,-1.555205987958E1));
#2502=CARTESIAN_POINT('',(1.678421887777E0,7.193501718031E0,-1.555621724844E1));
#2503=CARTESIAN_POINT('',(1.678028785741E0,7.193291349481E0,-1.556040749692E1));
#2504=CARTESIAN_POINT('',(1.677765155134E0,7.193291349481E0,-1.55625E1));
#2506=DIRECTION('',(-1.E0,0.E0,1.421085471520E-14));
#2507=VECTOR('',#2506,2.5E-1);
#2508=CARTESIAN_POINT('',(1.678549480969E0,7.318291349481E0,-1.55625E1));
#2509=LINE('',#2508,#2507);
#2510=DIRECTION('',(0.E0,0.E0,-1.E0));
#2511=VECTOR('',#2510,2.375E-1);
#2512=CARTESIAN_POINT('',(1.678549480969E0,7.318291349481E0,-1.55625E1));
#2513=LINE('',#2512,#2511);
#2514=DIRECTION('',(1.E0,0.E0,0.E0));
#2515=VECTOR('',#2514,2.5E-1);
#2516=CARTESIAN_POINT('',(1.428549480969E0,7.318291349481E0,-1.58E1));
#2517=LINE('',#2516,#2515);
#2518=DIRECTION('',(0.E0,0.E0,1.E0));
#2519=VECTOR('',#2518,2.375E-1);
#2520=CARTESIAN_POINT('',(1.428549480969E0,7.318291349481E0,-1.58E1));
#2521=LINE('',#2520,#2519);
#2522=CARTESIAN_POINT('',(1.428549480969E0,7.255791349481E0,-1.55625E1));
#2523=DIRECTION('',(-1.E0,0.E0,0.E0));
#2524=DIRECTION('',(0.E0,-1.E0,0.E0));
#2525=AXIS2_PLACEMENT_3D('',#2522,#2523,#2524);
#2527=DIRECTION('',(0.E0,-1.E0,0.E0));
#2528=VECTOR('',#2527,4.25E-1);
#2529=CARTESIAN_POINT('',(1.428549480969E0,7.743291349481E0,-1.58E1));
#2530=LINE('',#2529,#2528);
#2531=DIRECTION('',(-6.688698545109E-11,-7.071067812666E-1,-7.071067811065E-1));
#2532=VECTOR('',#2531,4.242640688207E0);
#2533=CARTESIAN_POINT('',(1.428549480900E0,7.743291349368E0,
-1.000000000893E-1));
#2534=LINE('',#2533,#2532);
#2535=DIRECTION('',(-2.820551802602E-10,-1.E0,0.E0));
#2536=VECTOR('',#2535,2.363603892018E0);
#2537=CARTESIAN_POINT('',(1.428549480969E0,-2.056708650437E0,-1.58E1));
#2538=LINE('',#2537,#2536);
#2539=CARTESIAN_POINT('',(1.428549480969E0,-1.407708650519E0,-1.9551E1));
#2540=DIRECTION('',(1.E0,0.E0,0.E0));
#2541=DIRECTION('',(0.E0,-1.E0,-5.717115532914E-9));
#2542=AXIS2_PLACEMENT_3D('',#2539,#2540,#2541);
#2544=CARTESIAN_POINT('',(1.428549480969E0,-1.405708650519E0,-1.9551E1));
#2545=DIRECTION('',(1.E0,0.E0,0.E0));
#2546=DIRECTION('',(0.E0,-1.545332771702E-3,-9.999988059726E-1));
#2547=AXIS2_PLACEMENT_3D('',#2544,#2545,#2546);
#2549=DIRECTION('',(0.E0,-1.E0,0.E0));
#2550=VECTOR('',#2549,6.425E0);
#2551=CARTESIAN_POINT('',(1.428549480969E0,5.668291349481E0,-1.58E1));
#2552=LINE('',#2551,#2550);
#2553=CARTESIAN_POINT('',(1.428549480969E0,5.730791349481E0,-1.55625E1));
#2554=DIRECTION('',(-1.E0,0.E0,0.E0));
#2555=DIRECTION('',(0.E0,-1.E0,0.E0));
#2556=AXIS2_PLACEMENT_3D('',#2553,#2554,#2555);
#2558=DIRECTION('',(0.E0,0.E0,1.E0));
#2559=VECTOR('',#2558,1.625E-1);
#2560=CARTESIAN_POINT('',(1.428549480969E0,5.793291349481E0,-1.55625E1));
#2561=LINE('',#2560,#2559);
#2562=DIRECTION('',(0.E0,1.E0,0.E0));
#2563=VECTOR('',#2562,1.4E0);
#2564=CARTESIAN_POINT('',(1.428549480969E0,5.793291349481E0,-1.54E1));
#2565=LINE('',#2564,#2563);
#2566=DIRECTION('',(0.E0,0.E0,-1.E0));
#2567=VECTOR('',#2566,1.625E-1);
#2568=CARTESIAN_POINT('',(1.428549480969E0,7.193291349481E0,-1.54E1));
#2569=LINE('',#2568,#2567);
#2570=CARTESIAN_POINT('',(1.328549480969E0,7.743291349481E0,-1.58E1));
#2571=DIRECTION('',(0.E0,0.E0,1.E0));
#2572=DIRECTION('',(1.E0,0.E0,0.E0));
#2573=AXIS2_PLACEMENT_3D('',#2570,#2571,#2572);
#2575=DIRECTION('',(-2.564403042356E-13,1.397325284496E-14,1.E0));
#2576=VECTOR('',#2575,1.570000000001E1);
#2577=CARTESIAN_POINT('',(1.328549480969E0,7.843291349481E0,-1.58E1));
#2578=LINE('',#2577,#2576);
#2579=DIRECTION('',(4.378606465399E-12,7.168901000120E-12,-1.E0));
#2580=VECTOR('',#2579,1.569999999991E1);
#2581=CARTESIAN_POINT('',(1.428549480900E0,7.743291349368E0,
-1.000000000893E-1));
#2582=LINE('',#2581,#2580);
#2583=DIRECTION('',(-3.377742530118E-12,1.E0,4.411138121439E-12));
#2584=VECTOR('',#2583,2.500000000001E-1);
#2585=CARTESIAN_POINT('',(1.328549480965E0,7.843291349481E0,
-9.999999999434E-2));
#2586=LINE('',#2585,#2584);
#2587=CARTESIAN_POINT('',(1.328549480969E0,7.743291349481E0,
-9.999999999680E-2));
#2588=DIRECTION('',(0.E0,0.E0,-1.E0));
#2589=DIRECTION('',(-1.603669578084E-11,1.E0,0.E0));
#2590=AXIS2_PLACEMENT_3D('',#2587,#2588,#2589);
#2592=CARTESIAN_POINT('',(1.328549480969E0,7.743291349481E0,
-9.999999999680E-2));
#2593=DIRECTION('',(0.E0,0.E0,1.E0));
#2594=DIRECTION('',(1.E0,-1.483755340814E-9,0.E0));
#2595=AXIS2_PLACEMENT_3D('',#2592,#2593,#2594);
#2597=CARTESIAN_POINT('',(1.328549480969E0,7.743291349481E0,
-9.999999999680E-2));
#2598=DIRECTION('',(1.E0,0.E0,0.E0));
#2599=DIRECTION('',(0.E0,1.E0,5.398834157511E-11));
#2600=AXIS2_PLACEMENT_3D('',#2597,#2598,#2599);
#2602=DIRECTION('',(4.684874710407E-11,-1.238475988434E-11,1.E0));
#2603=VECTOR('',#2602,2.499999999992E-1);
#2604=CARTESIAN_POINT('',(1.328549480905E0,7.743291349474E0,
3.435880052693E-12));
#2605=LINE('',#2604,#2603);
#2606=CARTESIAN_POINT('',(1.328549480969E0,7.743291349481E0,
-9.999999999680E-2));
#2607=DIRECTION('',(-1.E0,0.E0,0.E0));
#2608=DIRECTION('',(0.E0,-3.517947837801E-11,1.E0));
#2609=AXIS2_PLACEMENT_3D('',#2606,#2607,#2608);
#2611=DIRECTION('',(8.881784197114E-13,-7.112532785049E-12,1.E0));
#2612=VECTOR('',#2611,2.499999999968E-1);
#2613=CARTESIAN_POINT('',(1.428549480969E0,7.743291349477E0,
5.440745076690E-12));
#2614=LINE('',#2613,#2612);
#2615=DIRECTION('',(-4.956881595E-11,0.E0,1.E0));
#2616=VECTOR('',#2615,1.458980337497E-2);
#2617=CARTESIAN_POINT('',(1.428549480972E0,7.243291349481E0,2.354101966279E-1));
#2618=LINE('',#2617,#2616);
#2619=DIRECTION('',(5.092467697684E-12,0.E0,1.E0));
#2620=VECTOR('',#2619,2.354101966195E-1);
#2621=CARTESIAN_POINT('',(1.428549480971E0,7.243291349481E0,
8.352300332840E-12));
#2622=LINE('',#2621,#2620);
#2623=CARTESIAN_POINT('',(1.328549480969E0,7.243291349481E0,
-9.999999999680E-2));
#2624=DIRECTION('',(0.E0,-1.E0,0.E0));
#2625=DIRECTION('',(2.857142857290E-1,0.E0,9.583148474955E-1));
#2626=AXIS2_PLACEMENT_3D('',#2623,#2624,#2625);
#2628=DIRECTION('',(6.291900188474E-10,1.E0,-2.417796018040E-11));
#2629=VECTOR('',#2628,1.525E1);
#2630=CARTESIAN_POINT('',(1.328549468681E0,-8.006708650519E0,
2.500000003719E-1));
#2631=LINE('',#2630,#2629);
#2632=DIRECTION('',(-1.030745882314E-7,-1.E0,-3.947966928840E-10));
#2633=VECTOR('',#2632,1.525034605805E1);
#2634=CARTESIAN_POINT('',(1.678550671649E0,7.243429050226E0,
-1.003896373075E-1));
#2635=LINE('',#2634,#2633);
#2636=CARTESIAN_POINT('',(1.678549099726E0,-8.006917007823E0,
-1.003896433283E-1));
#2637=CARTESIAN_POINT('',(1.678585566888E0,-8.006917007823E0,
-6.149035301233E-2));
#2638=CARTESIAN_POINT('',(1.666335340313E0,-8.006611913199E0,
1.194322002094E-2));
#2639=CARTESIAN_POINT('',(1.613953363706E0,-8.006734695182E0,
1.130900955032E-1));
#2640=CARTESIAN_POINT('',(1.531987282389E0,-8.006701209187E0,
1.919018966332E-1));
#2641=CARTESIAN_POINT('',(1.465558551199E0,-8.006708650519E0,
2.243762233643E-1));
#2642=CARTESIAN_POINT('',(1.428549481436E0,-8.006708650519E0,
2.354101963576E-1));
#2644=DIRECTION('',(9.999999506722E-1,-3.140949667053E-4,-4.274719407573E-8));
#2645=VECTOR('',#2644,2.500015251172E-1);
#2646=CARTESIAN_POINT('',(1.428549158864E0,7.243507574447E0,
-1.003896266207E-1));
#2647=LINE('',#2646,#2645);
#2648=CARTESIAN_POINT('',(1.328549480969E0,7.243291349481E0,
-9.999999999680E-2));
#2649=DIRECTION('',(0.E0,-1.E0,0.E0));
#2650=DIRECTION('',(9.999995606090E-1,0.E0,-9.374335847300E-4));
#2651=AXIS2_PLACEMENT_3D('',#2648,#2649,#2650);
#2653=CARTESIAN_POINT('',(1.328549479168E0,-8.006708650519E0,
2.293842662112E-10));
#2654=CARTESIAN_POINT('',(1.342059750809E0,-8.006708650519E0,
3.163168978177E-10));
#2655=CARTESIAN_POINT('',(1.367028788259E0,-8.006702326155E0,
-5.026633418671E-3));
#2656=CARTESIAN_POINT('',(1.401138960976E0,-8.006730785792E0,
-2.722304857103E-2));
#2657=CARTESIAN_POINT('',(1.423488969783E0,-8.006626433789E0,
-6.133031016806E-2));
#2658=CARTESIAN_POINT('',(1.428597613495E0,-8.006885732707E0,
-8.667910128622E-2));
#2659=CARTESIAN_POINT('',(1.428552630381E0,-8.006885732707E0,
-1.003896326414E-1));
#2661=DIRECTION('',(-2.276346341913E-7,1.E0,3.947954688062E-10));
#2662=VECTOR('',#2661,1.525039330715E1);
#2663=CARTESIAN_POINT('',(1.428552630381E0,-8.006885732707E0,
-1.003896326414E-1));
#2664=LINE('',#2663,#2662);
#2665=CARTESIAN_POINT('',(1.428549158864E0,7.243507574447E0,
-1.003896266207E-1));
#2666=CARTESIAN_POINT('',(1.428594627271E0,7.243507574447E0,
-8.653118111158E-2));
#2667=CARTESIAN_POINT('',(1.423370662659E0,7.243190959318E0,
-6.098665282669E-2));
#2668=CARTESIAN_POINT('',(1.400869726592E0,7.243318377602E0,
-2.698153087230E-2));
#2669=CARTESIAN_POINT('',(1.366866381959E0,7.243283627161E0,
-4.986140141029E-3));
#2670=CARTESIAN_POINT('',(1.341993270948E0,7.243291349481E0,
9.277625102287E-11));
#2671=CARTESIAN_POINT('',(1.328549480331E0,7.243291349481E0,
6.271395439998E-12));
#2673=DIRECTION('',(-7.624547259493E-11,-1.E0,1.463035218172E-11));
#2674=VECTOR('',#2673,1.525E1);
#2675=CARTESIAN_POINT('',(1.328549480331E0,7.243291349481E0,
6.271395439998E-12));
#2676=LINE('',#2675,#2674);
#2677=DIRECTION('',(-9.999999921747E-1,1.251022299245E-4,4.274805834487E-8));
#2678=VECTOR('',#2677,2.499964713007E-1);
#2679=CARTESIAN_POINT('',(1.678549099726E0,-8.006917007823E0,
-1.003896433283E-1));
#2680=LINE('',#2679,#2678);
#2681=DIRECTION('',(1.975655822295E-9,0.E0,1.E0));
#2682=VECTOR('',#2681,2.354101950358E-1);
#2683=CARTESIAN_POINT('',(1.428549480971E0,-8.006708650519E0,
1.321826000507E-9));
#2684=LINE('',#2683,#2682);
#2685=DIRECTION('',(-1.E0,8.881809505090E-14,2.202688757262E-13));
#2686=VECTOR('',#2685,2.499992876427E-1);
#2687=CARTESIAN_POINT('',(1.678549893504E0,-5.407708648921E0,
-2.700000000575E0));
#2688=LINE('',#2687,#2686);
#2689=DIRECTION('',(-5.290729279190E-9,-1.E0,0.E0));
#2690=VECTOR('',#2689,1.005199999681E1);
#2691=CARTESIAN_POINT('',(1.428550659043E0,4.644291347884E0,-2.700000000575E0));
#2692=LINE('',#2691,#2690);
#2693=DIRECTION('',(4.293675143991E-8,1.E0,0.E0));
#2694=VECTOR('',#2693,1.005199999681E1);
#2695=CARTESIAN_POINT('',(1.678549893504E0,-5.407708648921E0,
-2.700000000575E0));
#2696=LINE('',#2695,#2694);
#2697=DIRECTION('',(-1.E0,1.676883096304E-12,2.220449015233E-13));
#2698=VECTOR('',#2697,2.499996660605E-1);
#2699=CARTESIAN_POINT('',(1.678550325104E0,4.644291347884E0,-2.700000000575E0));
#2700=LINE('',#2699,#2698);
#2701=DIRECTION('',(-5.507253778739E-7,7.070478461120E-1,-7.071657113493E-1));
#2702=VECTOR('',#2701,3.676097873826E0);
#2703=CARTESIAN_POINT('',(1.428552630381E0,-8.006885732707E0,
-1.003896326414E-1));
#2704=LINE('',#2703,#2702);
#2705=DIRECTION('',(-4.080871830857E-7,7.070531700778E-1,7.071603882308E-1));
#2706=VECTOR('',#2705,3.676125554004E0);
#2707=CARTESIAN_POINT('',(1.428550659043E0,4.644291347884E0,-2.700000000575E0));
#2708=LINE('',#2707,#2706);
#2709=DIRECTION('',(-2.159281811873E-7,-7.070521020833E-1,7.071614560619E-1));
#2710=VECTOR('',#2709,3.676119979338E0);
#2711=CARTESIAN_POINT('',(1.678549893504E0,-5.407708648921E0,
-2.700000000575E0));
#2712=LINE('',#2711,#2710);
#2713=DIRECTION('',(-9.427051498070E-8,-7.070424893737E-1,-7.071710671544E-1));
#2714=VECTOR('',#2713,3.676070026067E0);
#2715=CARTESIAN_POINT('',(1.678550671649E0,7.243429050226E0,
-1.003896373075E-1));
#2716=LINE('',#2715,#2714);
#2717=DIRECTION('',(8.260059293089E-14,-7.162270767685E-12,1.E0));
#2718=VECTOR('',#2717,2.500000003063E-1);
#2719=CARTESIAN_POINT('',(1.428549480969E0,-8.256708650534E0,
6.322518786295E-9));
#2720=LINE('',#2719,#2718);
#2721=DIRECTION('',(3.187963826131E-8,-2.435065824007E-13,-1.E0));
#2722=VECTOR('',#2721,1.458980551480E-2);
#2723=CARTESIAN_POINT('',(1.428549480970E0,-8.006708650519E0,
2.500000018724E-1));
#2724=LINE('',#2723,#2722);
#2725=DIRECTION('',(4.796163464769E-13,-1.E0,-1.280009431351E-11));
#2726=VECTOR('',#2725,2.500000000840E-1);
#2727=CARTESIAN_POINT('',(1.428549480969E0,-8.356708656940E0,
-1.000000000183E-1));
#2728=LINE('',#2727,#2726);
#2729=CARTESIAN_POINT('',(1.428549480969E0,-8.256708650519E0,
-9.999999999680E-2));
#2730=DIRECTION('',(-1.E0,0.E0,0.E0));
#2731=DIRECTION('',(0.E0,-1.E0,-6.600664252006E-11));
#2732=AXIS2_PLACEMENT_3D('',#2729,#2730,#2731);
#2734=CARTESIAN_POINT('',(1.428549480969E0,-8.256708650519E0,
-9.999999999680E-2));
#2735=DIRECTION('',(1.E0,0.E0,0.E0));
#2736=DIRECTION('',(0.E0,-1.575095436236E-10,1.E0));
#2737=AXIS2_PLACEMENT_3D('',#2734,#2735,#2736);
#2739=DIRECTION('',(-7.309708406650E-12,-1.878101588578E-8,1.E0));
#2740=VECTOR('',#2739,2.499999995719E-1);
#2741=CARTESIAN_POINT('',(1.428549480971E0,-8.606708652329E0,
-3.499999995934E-1));
#2742=LINE('',#2741,#2740);
#2743=DIRECTION('',(5.577760483438E-12,1.976331279146E-8,-1.E0));
#2744=VECTOR('',#2743,2.499999996539E-1);
#2745=CARTESIAN_POINT('',(1.428549480969E0,-8.356708656940E0,
-1.000000000183E-1));
#2746=LINE('',#2745,#2744);
#2747=DIRECTION('',(7.355262707084E-12,-1.E0,-8.650887328170E-10));
#2748=VECTOR('',#2747,2.354101951434E-1);
#2749=CARTESIAN_POINT('',(1.428549480971E0,-8.356708651999E0,
-3.499999996722E-1));
#2750=LINE('',#2749,#2748);
#2751=DIRECTION('',(-8.078331053089E-11,-1.E0,1.936317587940E-8));
#2752=VECTOR('',#2751,1.458980518620E-2);
#2753=CARTESIAN_POINT('',(1.428549480972E0,-8.592118847142E0,
-3.499999998759E-1));
#2754=LINE('',#2753,#2752);
#2755=DIRECTION('',(1.E0,0.E0,0.E0));
#2756=VECTOR('',#2755,6.E0);
#2757=CARTESIAN_POINT('',(-9.321450519030E0,-8.606708656019E0,
-9.999999999680E-2));
#2758=LINE('',#2757,#2756);
#2759=DIRECTION('',(-1.E0,1.339889733704E-8,-1.668631041535E-9));
#2760=VECTOR('',#2759,1.000000181391E-1);
#2761=CARTESIAN_POINT('',(1.428549480971E0,-8.606708652329E0,
-3.499999995934E-1));
#2762=LINE('',#2761,#2760);
#2763=DIRECTION('',(-1.E0,2.996121870103E-12,0.E0));
#2764=VECTOR('',#2763,1.529999999499E1);
#2765=CARTESIAN_POINT('',(1.328549476381E0,-8.606708650582E0,-1.5E1));
#2766=LINE('',#2765,#2764);
#2767=DIRECTION('',(-1.E0,-1.455361954521E-8,1.668709501910E-9));
#2768=VECTOR('',#2767,1.000000067731E-1);
#2769=CARTESIAN_POINT('',(-1.397145051226E1,-8.606708650825E0,
-3.499999997715E-1));
#2770=LINE('',#2769,#2768);
#2771=DIRECTION('',(1.035260767729E-11,-1.932311736066E-8,1.E0));
#2772=VECTOR('',#2771,2.499999995831E-1);
#2773=CARTESIAN_POINT('',(-1.407145051903E1,-8.606708652280E0,
-3.499999996046E-1));
#2774=LINE('',#2773,#2772);
#2775=DIRECTION('',(0.E0,-1.E0,0.E0));
#2776=VECTOR('',#2775,2.5E-1);
#2777=CARTESIAN_POINT('',(-9.321450519030E0,-8.356708656019E0,
-9.999999999680E-2));
#2778=LINE('',#2777,#2776);
#2779=DIRECTION('',(0.E0,1.E0,0.E0));
#2780=VECTOR('',#2779,2.5E-1);
#2781=CARTESIAN_POINT('',(-3.321450519030E0,-8.606708656019E0,
-9.999999999680E-2));
#2782=LINE('',#2781,#2780);
#2783=DIRECTION('',(1.E0,0.E0,0.E0));
#2784=VECTOR('',#2783,6.E0);
#2785=CARTESIAN_POINT('',(-9.321450519030E0,-8.356708656019E0,
-9.999999999680E-2));
#2786=LINE('',#2785,#2784);
#2787=DIRECTION('',(1.E0,1.292210764509E-8,-1.668749559312E-9));
#2788=VECTOR('',#2787,1.000000014172E-1);
#2789=CARTESIAN_POINT('',(-1.407145051903E1,-8.356708652037E0,
-3.499999996497E-1));
#2790=LINE('',#2789,#2788);
#2791=DIRECTION('',(1.E0,-5.168617894429E-12,0.E0));
#2792=VECTOR('',#2791,1.529999999839E1);
#2793=CARTESIAN_POINT('',(-1.397145051867E1,-8.356708650518E0,-1.5E1));
#2794=LINE('',#2793,#2792);
#2795=DIRECTION('',(1.E0,-1.227670387050E-8,1.556033606471E-9));
#2796=VECTOR('',#2795,1.000000018511E-1);
#2797=CARTESIAN_POINT('',(1.328549479119E0,-8.356708650771E0,
-3.499999998278E-1));
#2798=LINE('',#2797,#2796);
#2799=DIRECTION('',(5.563549629205E-12,-1.980312450278E-8,1.E0));
#2800=VECTOR('',#2799,2.499999996314E-1);
#2801=CARTESIAN_POINT('',(-1.407145051903E1,-8.356708652037E0,
-3.499999996497E-1));
#2802=LINE('',#2801,#2800);
#2803=DIRECTION('',(-1.044497821055E-12,-1.E0,-1.280009431153E-11));
#2804=VECTOR('',#2803,2.500000001227E-1);
#2805=CARTESIAN_POINT('',(-1.407145051903E1,-8.356708656988E0,
-1.000000000183E-1));
#2806=LINE('',#2805,#2804);
#2807=DIRECTION('',(-2.002841692133E-10,1.E0,-1.830158614271E-8));
#2808=VECTOR('',#2807,1.458980513683E-2);
#2809=CARTESIAN_POINT('',(-1.407145051903E1,-8.606708652280E0,
-3.499999996046E-1));
#2810=LINE('',#2809,#2808);
#2811=DIRECTION('',(1.860038222708E-11,1.E0,9.429115720271E-10));
#2812=VECTOR('',#2811,2.354101951059E-1);
#2813=CARTESIAN_POINT('',(-1.407145051904E1,-8.592118847143E0,
-3.499999998716E-1));
#2814=LINE('',#2813,#2812);
#2815=CARTESIAN_POINT('',(-1.407145051903E1,-8.256708650519E0,
-9.999999999680E-2));
#2816=DIRECTION('',(-1.E0,0.E0,0.E0));
#2817=DIRECTION('',(0.E0,-1.E0,-2.310232306684E-10));
#2818=AXIS2_PLACEMENT_3D('',#2815,#2816,#2817);
#2820=DIRECTION('',(2.501110433576E-12,-7.162270787058E-12,1.E0));
#2821=VECTOR('',#2820,2.499999996301E-1);
#2822=CARTESIAN_POINT('',(-1.407145051903E1,-8.256708650533E0,
6.554165501993E-9));
#2823=LINE('',#2822,#2821);
#2824=CARTESIAN_POINT('',(-1.407145051903E1,-8.256708650519E0,
-9.999999999680E-2));
#2825=DIRECTION('',(1.E0,0.E0,0.E0));
#2826=DIRECTION('',(0.E0,-4.398766926634E-11,1.E0));
#2827=AXIS2_PLACEMENT_3D('',#2824,#2825,#2826);
#2829=CARTESIAN_POINT('',(-1.397145051903E1,-8.256708650519E0,
-3.499999999968E-1));
#2830=DIRECTION('',(0.E0,0.E0,-1.E0));
#2831=DIRECTION('',(5.556374661962E-8,-1.E0,0.E0));
#2832=AXIS2_PLACEMENT_3D('',#2829,#2830,#2831);
#2834=DIRECTION('',(-4.334263399389E-10,1.970713315675E-11,-1.E0));
#2835=VECTOR('',#2834,1.465000000023E1);
#2836=CARTESIAN_POINT('',(-1.397145051226E1,-8.606708650825E0,
-3.499999997715E-1));
#2837=LINE('',#2836,#2835);
#2838=DIRECTION('',(-2.985249514424E-13,4.605311202572E-12,1.E0));
#2839=VECTOR('',#2838,1.464999999991E1);
#2840=CARTESIAN_POINT('',(-1.432145051903E1,-8.256708650506E0,-1.5E1));
#2841=LINE('',#2840,#2839);
#2842=DIRECTION('',(-1.E0,-8.022027486732E-12,0.E0));
#2843=VECTOR('',#2842,2.5E-1);
#2844=CARTESIAN_POINT('',(-1.407145051903E1,-8.256708650504E0,-1.5E1));
#2845=LINE('',#2844,#2843);
#2846=CARTESIAN_POINT('',(-1.397145051903E1,-8.256708650519E0,-1.5E1));
#2847=DIRECTION('',(0.E0,0.E0,1.E0));
#2848=DIRECTION('',(-1.E0,0.E0,0.E0));
#2849=AXIS2_PLACEMENT_3D('',#2846,#2847,#2848);
#2851=DIRECTION('',(-2.280557964529E-10,1.E0,0.E0));
#2852=VECTOR('',#2851,2.500000000183E-1);
#2853=CARTESIAN_POINT('',(-1.397145051861E1,-8.606708650536E0,-1.5E1));
#2854=LINE('',#2853,#2852);
#2855=CARTESIAN_POINT('',(-1.397145051903E1,-8.256708650519E0,-1.5E1));
#2856=DIRECTION('',(0.E0,0.E0,-1.E0));
#2857=DIRECTION('',(4.093756444945E-9,-1.E0,0.E0));
#2858=AXIS2_PLACEMENT_3D('',#2855,#2856,#2857);
#2860=DIRECTION('',(0.E0,1.E0,0.E0));
#2861=VECTOR('',#2860,2.599999999986E0);
#2862=CARTESIAN_POINT('',(-1.407145051903E1,-8.256708650504E0,-1.5E1));
#2863=LINE('',#2862,#2861);
#2864=DIRECTION('',(-1.E0,1.136868377216E-13,0.E0));
#2865=VECTOR('',#2864,2.5E-1);
#2866=CARTESIAN_POINT('',(-1.407145051903E1,-5.656708650519E0,-1.5E1));
#2867=LINE('',#2866,#2865);
#2868=DIRECTION('',(0.E0,-1.E0,0.E0));
#2869=VECTOR('',#2868,2.599999999988E0);
#2870=CARTESIAN_POINT('',(-1.432145051903E1,-5.656708650519E0,-1.5E1));
#2871=LINE('',#2870,#2869);
#2872=DIRECTION('',(0.E0,-9.198727533493E-14,-1.E0));
#2873=VECTOR('',#2872,1.205E1);
#2874=CARTESIAN_POINT('',(-1.407145051903E1,-5.656708650518E0,
-2.950000000001E0));
#2875=LINE('',#2874,#2873);
#2876=DIRECTION('',(-3.454203409200E-13,7.071067811841E-1,-7.071067811890E-1));
#2877=VECTOR('',#2876,3.676955262069E0);
#2878=CARTESIAN_POINT('',(-1.407145051903E1,-8.256708650437E0,
-3.500000000641E-1));
#2879=LINE('',#2878,#2877);
#2880=DIRECTION('',(0.E0,0.E0,-1.E0));
#2881=VECTOR('',#2880,1.5E-1);
#2882=CARTESIAN_POINT('',(-1.407145051903E1,-6.406708650519E0,-1.24E1));
#2883=LINE('',#2882,#2881);
#2884=DIRECTION('',(0.E0,1.E0,0.E0));
#2885=VECTOR('',#2884,1.25E0);
#2886=CARTESIAN_POINT('',(-1.407145051903E1,-7.656708650519E0,-1.24E1));
#2887=LINE('',#2886,#2885);
#2888=DIRECTION('',(0.E0,0.E0,1.E0));
#2889=VECTOR('',#2888,1.3E0);
#2890=CARTESIAN_POINT('',(-1.407145051903E1,-7.656708650519E0,-1.37E1));
#2891=LINE('',#2890,#2889);
#2892=DIRECTION('',(0.E0,-1.E0,0.E0));
#2893=VECTOR('',#2892,1.25E0);
#2894=CARTESIAN_POINT('',(-1.407145051903E1,-6.406708650519E0,-1.37E1));
#2895=LINE('',#2894,#2893);
#2896=DIRECTION('',(0.E0,0.E0,-1.E0));
#2897=VECTOR('',#2896,1.5E-1);
#2898=CARTESIAN_POINT('',(-1.407145051903E1,-6.406708650519E0,-1.355E1));
#2899=LINE('',#2898,#2897);
#2900=DIRECTION('',(0.E0,0.E0,-1.E0));
#2901=VECTOR('',#2900,1.E0);
#2902=CARTESIAN_POINT('',(-1.407145051903E1,-6.406708650519E0,-1.255E1));
#2903=LINE('',#2902,#2901);
#2904=DIRECTION('',(0.E0,-9.198727533493E-14,-1.E0));
#2905=VECTOR('',#2904,1.205E1);
#2906=CARTESIAN_POINT('',(-1.432145051903E1,-5.656708650518E0,
-2.950000000001E0));
#2907=LINE('',#2906,#2905);
#2908=DIRECTION('',(-1.E0,1.101341240428E-13,5.204725539443E-13));
#2909=VECTOR('',#2908,2.5E-1);
#2910=CARTESIAN_POINT('',(-1.407145051903E1,-5.656708650518E0,
-2.950000000001E0));
#2911=LINE('',#2910,#2909);
#2912=DIRECTION('',(-1.189405425663E-12,-7.071067811881E-1,7.071067811850E-1));
#2913=VECTOR('',#2912,3.676955262051E0);
#2914=CARTESIAN_POINT('',(-1.432145051903E1,-5.656708650518E0,
-2.950000000001E0));
#2915=LINE('',#2914,#2913);
#2916=DIRECTION('',(0.E0,0.E0,-1.E0));
#2917=VECTOR('',#2916,1.5E-1);
#2918=CARTESIAN_POINT('',(-1.432145051903E1,-6.406708650519E0,-1.24E1));
#2919=LINE('',#2918,#2917);
#2920=DIRECTION('',(0.E0,1.E0,0.E0));
#2921=VECTOR('',#2920,1.E0);
#2922=CARTESIAN_POINT('',(-1.432145051903E1,-7.406708650519E0,-1.255E1));
#2923=LINE('',#2922,#2921);
#2924=DIRECTION('',(0.E0,0.E0,1.E0));
#2925=VECTOR('',#2924,1.E0);
#2926=CARTESIAN_POINT('',(-1.432145051903E1,-7.406708650519E0,-1.355E1));
#2927=LINE('',#2926,#2925);
#2928=DIRECTION('',(0.E0,-1.E0,0.E0));
#2929=VECTOR('',#2928,1.E0);
#2930=CARTESIAN_POINT('',(-1.432145051903E1,-6.406708650519E0,-1.355E1));
#2931=LINE('',#2930,#2929);
#2932=DIRECTION('',(0.E0,0.E0,-1.E0));
#2933=VECTOR('',#2932,1.5E-1);
#2934=CARTESIAN_POINT('',(-1.432145051903E1,-6.406708650519E0,-1.355E1));
#2935=LINE('',#2934,#2933);
#2936=DIRECTION('',(0.E0,-1.E0,0.E0));
#2937=VECTOR('',#2936,1.25E0);
#2938=CARTESIAN_POINT('',(-1.432145051903E1,-6.406708650519E0,-1.37E1));
#2939=LINE('',#2938,#2937);
#2940=DIRECTION('',(0.E0,0.E0,1.E0));
#2941=VECTOR('',#2940,1.3E0);
#2942=CARTESIAN_POINT('',(-1.432145051903E1,-7.656708650519E0,-1.37E1));
#2943=LINE('',#2942,#2941);
#2944=DIRECTION('',(0.E0,1.E0,0.E0));
#2945=VECTOR('',#2944,1.25E0);
#2946=CARTESIAN_POINT('',(-1.432145051903E1,-7.656708650519E0,-1.24E1));
#2947=LINE('',#2946,#2945);
#2948=CARTESIAN_POINT('',(-1.397145051903E1,-8.256708650519E0,
-3.499999999968E-1));
#2949=DIRECTION('',(0.E0,0.E0,-1.E0));
#2950=DIRECTION('',(-2.857142857247E-1,-9.583148474968E-1,0.E0));
#2951=AXIS2_PLACEMENT_3D('',#2948,#2949,#2950);
#2953=DIRECTION('',(1.E0,8.014922059193E-12,1.080666667239E-10));
#2954=VECTOR('',#2953,2.500000000056E-1);
#2955=CARTESIAN_POINT('',(-1.432145051903E1,-8.256708650439E0,
-3.500000000911E-1));
#2956=LINE('',#2955,#2954);
#2957=CARTESIAN_POINT('',(-1.397145051903E1,-8.256708650519E0,
-3.499999999968E-1));
#2958=DIRECTION('',(0.E0,0.E0,1.E0));
#2959=DIRECTION('',(-1.E0,1.076845279613E-9,0.E0));
#2960=AXIS2_PLACEMENT_3D('',#2957,#2958,#2959);
#2962=DIRECTION('',(-8.657466097866E-14,-4.605189949537E-12,-1.E0));
#2963=VECTOR('',#2962,1.464999999994E1);
#2964=CARTESIAN_POINT('',(-1.407145051903E1,-8.256708650437E0,
-3.500000000641E-1));
#2965=LINE('',#2964,#2963);
#2966=DIRECTION('',(7.182835289680E-11,-1.552548002919E-11,1.E0));
#2967=VECTOR('',#2966,1.465000000018E1);
#2968=CARTESIAN_POINT('',(-1.397145051867E1,-8.356708650518E0,-1.5E1));
#2969=LINE('',#2968,#2967);
#2970=DIRECTION('',(-1.E0,0.E0,0.E0));
#2971=VECTOR('',#2970,2.5E-1);
#2972=CARTESIAN_POINT('',(-1.407145051903E1,-6.406708650519E0,-1.255E1));
#2973=LINE('',#2972,#2971);
#2974=DIRECTION('',(1.E0,0.E0,0.E0));
#2975=VECTOR('',#2974,2.5E-1);
#2976=CARTESIAN_POINT('',(-1.432145051903E1,-6.406708650519E0,-1.24E1));
#2977=LINE('',#2976,#2975);
#2978=DIRECTION('',(-1.E0,0.E0,0.E0));
#2979=VECTOR('',#2978,2.5E-1);
#2980=CARTESIAN_POINT('',(-1.407145051903E1,-6.406708650519E0,-1.355E1));
#2981=LINE('',#2980,#2979);
#2982=DIRECTION('',(-1.E0,0.E0,0.E0));
#2983=VECTOR('',#2982,3.5E-1);
#2984=CARTESIAN_POINT('',(-1.397145051903E1,-7.406708650519E0,-1.255E1));
#2985=LINE('',#2984,#2983);
#2986=DIRECTION('',(-3.754312272238E-10,-1.E0,0.E0));
#2987=VECTOR('',#2986,2.663603904596E0);
#2988=CARTESIAN_POINT('',(-1.397145051803E1,-5.493104745923E0,-1.58E1));
#2989=LINE('',#2988,#2987);
#2990=DIRECTION('',(-4.693287159075E-10,-1.E0,0.E0));
#2991=VECTOR('',#2990,2.663603896983E0);
#2992=CARTESIAN_POINT('',(-1.397145051725E1,-5.493104753536E0,
-3.099999999997E0));
#2993=LINE('',#2992,#2991);
#2994=DIRECTION('',(-4.188551517873E-11,0.E0,-1.E0));
#2995=VECTOR('',#2994,1.27E1);
#2996=CARTESIAN_POINT('',(-1.397145051850E1,-8.156708650519E0,
-3.099999999997E0));
#2997=LINE('',#2996,#2995);
#2998=DIRECTION('',(0.E0,1.E0,0.E0));
#2999=VECTOR('',#2998,1.E0);
#3000=CARTESIAN_POINT('',(-1.397145051903E1,-7.406708650519E0,-1.255E1));
#3001=LINE('',#3000,#2999);
#3002=DIRECTION('',(0.E0,0.E0,-1.E0));
#3003=VECTOR('',#3002,1.E0);
#3004=CARTESIAN_POINT('',(-1.397145051903E1,-6.406708650519E0,-1.255E1));
#3005=LINE('',#3004,#3003);
#3006=DIRECTION('',(0.E0,-1.E0,0.E0));
#3007=VECTOR('',#3006,1.E0);
#3008=CARTESIAN_POINT('',(-1.397145051903E1,-6.406708650519E0,-1.355E1));
#3009=LINE('',#3008,#3007);
#3010=DIRECTION('',(0.E0,0.E0,1.E0));
#3011=VECTOR('',#3010,1.E0);
#3012=CARTESIAN_POINT('',(-1.397145051903E1,-7.406708650519E0,-1.355E1));
#3013=LINE('',#3012,#3011);
#3014=CARTESIAN_POINT('',(-1.407145051903E1,-5.493104753519E0,-1.58E1));
#3015=DIRECTION('',(0.E0,0.E0,1.E0));
#3016=DIRECTION('',(1.E0,2.278726472432E-7,0.E0));
#3017=AXIS2_PLACEMENT_3D('',#3014,#3015,#3016);
#3019=DIRECTION('',(-4.510553260728E-10,4.695446830998E-10,1.E0));
#3020=VECTOR('',#3019,1.27E1);
#3021=CARTESIAN_POINT('',(-1.400073983445E1,-5.422394080614E0,-1.58E1));
#3022=LINE('',#3021,#3020);
#3023=DIRECTION('',(-6.157873860866E-11,5.993951092244E-10,-1.E0));
#3024=VECTOR('',#3023,1.27E1);
#3025=CARTESIAN_POINT('',(-1.397145051725E1,-5.493104753536E0,
-3.099999999997E0));
#3026=LINE('',#3025,#3024);
#3027=DIRECTION('',(7.071067893091E-1,-7.071067730640E-1,0.E0));
#3028=VECTOR('',#3027,3.085786770404E-1);
#3029=CARTESIAN_POINT('',(-1.421893791202E1,-5.204196008055E0,-1.58E1));
#3030=LINE('',#3029,#3028);
#3031=CARTESIAN_POINT('',(-1.397145051903E1,-4.956708650519E0,-1.58E1));
#3032=DIRECTION('',(0.E0,0.E0,1.E0));
#3033=DIRECTION('',(-1.E0,-1.953194076846E-7,0.E0));
#3034=AXIS2_PLACEMENT_3D('',#3031,#3032,#3033);
#3036=DIRECTION('',(-1.794386161968E-10,1.793013331860E-9,1.E0));
#3037=VECTOR('',#3036,1.269999999999E1);
#3038=CARTESIAN_POINT('',(-1.432145052203E1,-4.956708673306E0,-1.58E1));
#3039=LINE('',#3038,#3037);
#3040=DIRECTION('',(-1.274564845617E-9,1.512536797472E-9,-1.E0));
#3041=VECTOR('',#3040,1.27E1);
#3042=CARTESIAN_POINT('',(-1.421893789583E1,-5.204196027264E0,
-3.099999999997E0));
#3043=LINE('',#3042,#3041);
#3044=DIRECTION('',(-7.071067812605E-1,-7.071067811126E-1,0.E0));
#3045=VECTOR('',#3044,2.499999997609E-1);
#3046=CARTESIAN_POINT('',(-1.404216120068E1,-5.027419332155E0,
-3.099999999997E0));
#3047=LINE('',#3046,#3045);
#3048=CARTESIAN_POINT('',(-1.397145051903E1,-4.956708650519E0,
-3.099999999997E0));
#3049=DIRECTION('',(0.E0,0.E0,-1.E0));
#3050=DIRECTION('',(-7.071067812727E-1,-7.071067811004E-1,0.E0));
#3051=AXIS2_PLACEMENT_3D('',#3048,#3049,#3050);
#3053=CARTESIAN_POINT('',(-1.397145051903E1,-4.956708650519E0,
-3.099999999997E0));
#3054=DIRECTION('',(0.E0,0.E0,1.E0));
#3055=DIRECTION('',(-1.E0,-1.544275679348E-10,0.E0));
#3056=AXIS2_PLACEMENT_3D('',#3053,#3054,#3055);
#3058=DIRECTION('',(7.071067945861E-1,-7.071067677870E-1,0.E0));
#3059=VECTOR('',#3058,3.085786436916E-1);
#3060=CARTESIAN_POINT('',(-1.404216120068E1,-5.027419332155E0,
-3.099999999997E0));
#3061=LINE('',#3060,#3059);
#3062=DIRECTION('',(-7.071067945866E-1,7.071067677865E-1,0.E0));
#3063=VECTOR('',#3062,3.085786437443E-1);
#3064=CARTESIAN_POINT('',(-1.400073984017E1,-5.422394074650E0,
-3.099999999997E0));
#3065=LINE('',#3064,#3063);
#3066=DIRECTION('',(7.071067893082E-1,-7.071067730649E-1,0.E0));
#3067=VECTOR('',#3066,3.085786770427E-1);
#3068=CARTESIAN_POINT('',(-1.404216121577E1,-5.027419314102E0,-1.58E1));
#3069=LINE('',#3068,#3067);
#3070=DIRECTION('',(-5.117595236470E-10,-2.638580021141E-8,1.E0));
#3071=VECTOR('',#3070,4.E-1);
#3072=CARTESIAN_POINT('',(-1.372145051812E1,-5.493104742961E0,-1.58E1));
#3073=LINE('',#3072,#3071);
#3074=DIRECTION('',(7.948373666559E-11,-1.285403581226E-12,1.E0));
#3075=VECTOR('',#3074,1.23E1);
#3076=CARTESIAN_POINT('',(-1.372145051832E1,-5.493104753516E0,-1.54E1));
#3077=LINE('',#3076,#3075);
#3078=DIRECTION('',(5.409458358066E-10,-5.636359270823E-10,-1.E0));
#3079=VECTOR('',#3078,1.27E1);
#3080=CARTESIAN_POINT('',(-1.382396314507E1,-5.245617379504E0,
-3.099999999997E0));
#3081=LINE('',#3080,#3079);
#3082=CARTESIAN_POINT('',(-1.407145051903E1,-5.493104753519E0,-1.58E1));
#3083=DIRECTION('',(0.E0,0.E0,1.E0));
#3084=DIRECTION('',(1.E0,9.044120295728E-8,0.E0));
#3085=AXIS2_PLACEMENT_3D('',#3082,#3083,#3084);
#3087=DIRECTION('',(-8.958611630305E-11,0.E0,1.E0));
#3088=VECTOR('',#3087,4.E-1);
#3089=CARTESIAN_POINT('',(-1.372145051907E1,-7.571708650519E0,-1.58E1));
#3090=LINE('',#3089,#3088);
#3091=DIRECTION('',(-2.986055847032E-11,0.E0,-1.E0));
#3092=VECTOR('',#3091,4.E-1);
#3093=CARTESIAN_POINT('',(-1.372145051907E1,-7.571708650519E0,-1.58E1));
#3094=LINE('',#3093,#3092);
#3095=DIRECTION('',(1.E0,0.E0,0.E0));
#3096=VECTOR('',#3095,5.000000000578E-1);
#3097=CARTESIAN_POINT('',(-1.372145051908E1,-7.571708650519E0,-1.62E1));
#3098=LINE('',#3097,#3096);
#3099=DIRECTION('',(2.835388489654E-11,0.E0,-1.E0));
#3100=VECTOR('',#3099,5.5E-1);
#3101=CARTESIAN_POINT('',(-1.322145051903E1,-7.571708650519E0,-1.54E1));
#3102=LINE('',#3101,#3100);
#3103=DIRECTION('',(0.E0,0.E0,-1.E0));
#3104=VECTOR('',#3103,5.5E-1);
#3105=CARTESIAN_POINT('',(-1.322145051891E1,-9.067086505190E-1,-1.54E1));
#3106=LINE('',#3105,#3104);
#3107=DIRECTION('',(2.342641855273E-6,-6.712451983119E-8,9.999999999973E-1));
#3108=VECTOR('',#3107,1.600000000004E1);
#3109=CARTESIAN_POINT('',(-1.402145051903E1,7.303291349481E0,-1.62E1));
#3110=LINE('',#3109,#3108);
#3111=CARTESIAN_POINT('',(-1.402141303676E1,7.303290275489E0,-2.E-1));
#3112=CARTESIAN_POINT('',(-1.402141303676E1,7.301627283728E0,-2.E-1));
#3113=CARTESIAN_POINT('',(-1.402146926016E1,7.298299236291E0,-2.E-1));
#3114=CARTESIAN_POINT('',(-1.402145051903E1,7.294961691064E0,-2.E-1));
#3115=CARTESIAN_POINT('',(-1.402145051903E1,7.293291349497E0,-2.E-1));
#3117=DIRECTION('',(0.E0,3.348639883364E-10,1.E0));
#3118=VECTOR('',#3117,3.000000000481E-1);
#3119=CARTESIAN_POINT('',(-1.402145051903E1,7.293291349397E0,
-5.000000000481E-1));
#3120=LINE('',#3119,#3118);
#3121=DIRECTION('',(0.E0,-1.E0,0.E0));
#3122=VECTOR('',#3121,3.4E0);
#3123=CARTESIAN_POINT('',(-1.402145051903E1,-9.067086505190E-1,-1.54E1));
#3124=LINE('',#3123,#3122);
#3125=DIRECTION('',(0.E0,0.E0,-1.E0));
#3126=VECTOR('',#3125,5.5E-1);
#3127=CARTESIAN_POINT('',(-1.402145051903E1,-9.067086505190E-1,-1.54E1));
#3128=LINE('',#3127,#3126);
#3129=DIRECTION('',(0.E0,-1.E0,0.E0));
#3130=VECTOR('',#3129,2.E0);
#3131=CARTESIAN_POINT('',(-1.402145051903E1,5.793291349481E0,-1.54E1));
#3132=LINE('',#3131,#3130);
#3133=DIRECTION('',(0.E0,1.E0,0.E0));
#3134=VECTOR('',#3133,1.4E0);
#3135=CARTESIAN_POINT('',(-1.402145051903E1,5.793291349481E0,-1.54E1));
#3136=LINE('',#3135,#3134);
#3137=DIRECTION('',(0.E0,-1.E0,1.776356839116E-14));
#3138=VECTOR('',#3137,1.000000000160E-1);
#3139=CARTESIAN_POINT('',(-1.402145051903E1,7.293291349497E0,-1.54E1));
#3140=LINE('',#3139,#3138);
#3141=DIRECTION('',(0.E0,1.E0,0.E0));
#3142=VECTOR('',#3141,9.999999984E-3);
#3143=CARTESIAN_POINT('',(-1.402145051903E1,7.293291349497E0,-1.62E1));
#3144=LINE('',#3143,#3142);
#3145=DIRECTION('',(0.E0,0.E0,1.E0));
#3146=VECTOR('',#3145,1.6E1);
#3147=CARTESIAN_POINT('',(-1.362094926274E1,7.793291349481E0,-1.62E1));
#3148=LINE('',#3147,#3146);
#3149=DIRECTION('',(-1.068999454049E-12,6.629453978598E-14,1.E0));
#3150=VECTOR('',#3149,1.339745961835E-2);
#3151=CARTESIAN_POINT('',(9.780482246797E-1,7.793291349481E0,
-1.339745961835E-2));
#3152=LINE('',#3151,#3150);
#3153=DIRECTION('',(-1.E0,0.E0,0.E0));
#3154=VECTOR('',#3153,1.44E1);
#3155=CARTESIAN_POINT('',(8.785494809144E-1,7.793291349481E0,-5.E-1));
#3156=LINE('',#3155,#3154);
#3157=DIRECTION('',(-1.E0,2.116760872662E-12,7.065151603181E-14));
#3158=VECTOR('',#3157,4.600000000439E0);
#3159=CARTESIAN_POINT('',(8.785494813754E-1,7.293291349483E0,
7.999989559692E-13));
#3160=LINE('',#3159,#3158);
#3161=DIRECTION('',(-1.E0,1.747317266819E-11,-1.956514660538E-12));
#3162=VECTOR('',#3161,5.749999999678E-1);
#3163=CARTESIAN_POINT('',(-3.721450519063E0,7.293291349493E0,
1.124995929747E-12));
#3164=LINE('',#3163,#3162);
#3165=DIRECTION('',(-1.E0,-2.226805845352E-12,-1.525254545443E-13));
#3166=VECTOR('',#3165,4.049999999981E0);
#3167=CARTESIAN_POINT('',(-4.296450519031E0,7.479989221168E0,
-3.616392461152E-2));
#3168=LINE('',#3167,#3166);
#3169=DIRECTION('',(-1.E0,-1.097942992650E-11,1.956514660587E-12));
#3170=VECTOR('',#3169,5.749999999535E-1);
#3171=CARTESIAN_POINT('',(-8.346450519031E0,7.293291349479E0,0.E0));
#3172=LINE('',#3171,#3170);
#3173=DIRECTION('',(-1.E0,-6.524442821114E-12,-7.065151603156E-14));
#3174=VECTOR('',#3173,4.600000000454E0);
#3175=CARTESIAN_POINT('',(-8.921450518985E0,7.293291349473E0,
1.124995929747E-12));
#3176=LINE('',#3175,#3174);
#3177=CARTESIAN_POINT('',(8.785494809690E-1,7.293291349481E0,-5.E-1));
#3178=DIRECTION('',(0.E0,0.E0,-1.E0));
#3179=DIRECTION('',(0.E0,1.E0,0.E0));
#3180=AXIS2_PLACEMENT_3D('',#3177,#3178,#3179);
#3182=CARTESIAN_POINT('',(8.785494809690E-1,7.293291349481E0,-5.E-1));
#3183=DIRECTION('',(0.E0,-1.E0,0.E0));
#3184=DIRECTION('',(1.E0,0.E0,-2.348810701491E-9));
#3185=AXIS2_PLACEMENT_3D('',#3182,#3183,#3184);
#3187=CARTESIAN_POINT('',(8.785494809690E-1,7.293291349481E0,-5.E-1));
#3188=DIRECTION('',(-1.E0,0.E0,0.E0));
#3189=DIRECTION('',(0.E0,0.E0,1.E0));
#3190=AXIS2_PLACEMENT_3D('',#3187,#3188,#3189);
#3192=DIRECTION('',(-1.821683544752E-10,1.184237892933E-14,-1.E0));
#3193=VECTOR('',#3192,3.E-1);
#3194=CARTESIAN_POINT('',(8.785494809690E-1,7.793291349481E0,-2.E-1));
#3195=LINE('',#3194,#3193);
#3196=DIRECTION('',(0.E0,5.332919280914E-11,1.E0));
#3197=VECTOR('',#3196,3.000000005872E-1);
#3198=CARTESIAN_POINT('',(1.378549480969E0,7.293291349481E0,
-5.000000005872E-1));
#3199=LINE('',#3198,#3197);
#3200=DIRECTION('',(-1.E0,0.E0,0.E0));
#3201=VECTOR('',#3200,9.949874371067E-2);
#3202=CARTESIAN_POINT('',(9.780482246797E-1,7.793291349481E0,-2.E-1));
#3203=LINE('',#3202,#3201);
#3204=CARTESIAN_POINT('',(8.785494809690E-1,7.303291349481E0,-2.E-1));
#3205=DIRECTION('',(0.E0,0.E0,1.E0));
#3206=DIRECTION('',(9.999999999959E-1,-2.864265807645E-6,0.E0));
#3207=AXIS2_PLACEMENT_3D('',#3204,#3205,#3206);
#3209=CARTESIAN_POINT('',(8.785494809690E-1,7.293291349481E0,-2.E-1));
#3210=DIRECTION('',(0.E0,0.E0,1.E0));
#3211=DIRECTION('',(9.998000772695E-1,1.999513670673E-2,0.E0));
#3212=AXIS2_PLACEMENT_3D('',#3209,#3210,#3211);
#3214=DIRECTION('',(-1.E0,0.E0,1.199502332354E-14));
#3215=VECTOR('',#3214,9.949874371067E-2);
#3216=CARTESIAN_POINT('',(-1.352145051903E1,7.793291349481E0,-2.E-1));
#3217=LINE('',#3216,#3215);
#3218=CARTESIAN_POINT('',(-1.352145051903E1,7.293291349481E0,-2.E-1));
#3219=DIRECTION('',(0.E0,0.E0,1.E0));
#3220=DIRECTION('',(-3.552713678801E-14,1.E0,0.E0));
#3221=AXIS2_PLACEMENT_3D('',#3218,#3219,#3220);
#3223=CARTESIAN_POINT('',(-1.352145051903E1,7.303291349481E0,-2.E-1));
#3224=DIRECTION('',(0.E0,0.E0,1.E0));
#3225=DIRECTION('',(-1.989974874213E-1,9.8E-1,0.E0));
#3226=AXIS2_PLACEMENT_3D('',#3223,#3224,#3225);
#3228=DIRECTION('',(0.E0,0.E0,-1.E0));
#3229=VECTOR('',#3228,1.6E1);
#3230=CARTESIAN_POINT('',(9.780482246797E-1,7.793291349481E0,-2.E-1));
#3231=LINE('',#3230,#3229);
#3232=DIRECTION('',(-1.E0,0.E0,0.E0));
#3233=VECTOR('',#3232,3.994987437107E-1);
#3234=CARTESIAN_POINT('',(9.780482246797E-1,7.793291349481E0,-1.62E1));
#3235=LINE('',#3234,#3233);
#3236=DIRECTION('',(-1.E0,0.E0,0.E0));
#3237=VECTOR('',#3236,8.E-1);
#3238=CARTESIAN_POINT('',(1.378549480969E0,7.293291349497E0,-1.62E1));
#3239=LINE('',#3238,#3237);
#3240=CARTESIAN_POINT('',(8.785494809690E-1,7.303291349481E0,-1.62E1));
#3241=DIRECTION('',(0.E0,0.E0,-1.E0));
#3242=DIRECTION('',(1.989974874213E-1,9.8E-1,0.E0));
#3243=AXIS2_PLACEMENT_3D('',#3240,#3241,#3242);
#3245=DIRECTION('',(-1.E0,0.E0,0.E0));
#3246=VECTOR('',#3245,3.994987437107E-1);
#3247=CARTESIAN_POINT('',(-1.322145051903E1,7.793291349481E0,-1.62E1));
#3248=LINE('',#3247,#3246);
#3249=CARTESIAN_POINT('',(-1.352145051903E1,7.303291349481E0,-1.62E1));
#3250=DIRECTION('',(0.E0,0.E0,-1.E0));
#3251=DIRECTION('',(-1.E0,0.E0,0.E0));
#3252=AXIS2_PLACEMENT_3D('',#3249,#3250,#3251);
#3254=DIRECTION('',(-1.E0,0.E0,0.E0));
#3255=VECTOR('',#3254,8.E-1);
#3256=CARTESIAN_POINT('',(-1.322145051903E1,7.293291349497E0,-1.62E1));
#3257=LINE('',#3256,#3255);
#3258=DIRECTION('',(0.E0,1.E0,0.E0));
#3259=VECTOR('',#3258,4.999999999840E-1);
#3260=CARTESIAN_POINT('',(-1.322145051903E1,7.293291349497E0,-1.62E1));
#3261=LINE('',#3260,#3259);
#3262=DIRECTION('',(0.E0,0.E0,-1.E0));
#3263=VECTOR('',#3262,2.5E-1);
#3264=CARTESIAN_POINT('',(5.785494809690E-1,7.793291349481E0,-1.595E1));
#3265=LINE('',#3264,#3263);
#3266=DIRECTION('',(-8.117950756319E-13,1.E0,0.E0));
#3267=VECTOR('',#3266,4.999999999840E-1);
#3268=CARTESIAN_POINT('',(5.785494809694E-1,7.293291349497E0,-1.595E1));
#3269=LINE('',#3268,#3267);
#3270=DIRECTION('',(-1.623590151212E-12,0.E0,-1.E0));
#3271=VECTOR('',#3270,2.5E-1);
#3272=CARTESIAN_POINT('',(5.785494809694E-1,7.293291349497E0,-1.595E1));
#3273=LINE('',#3272,#3271);
#3274=DIRECTION('',(0.E0,1.E0,-1.421085471566E-14));
#3275=VECTOR('',#3274,4.999999999840E-1);
#3276=CARTESIAN_POINT('',(5.785494809690E-1,7.293291349497E0,-1.62E1));
#3277=LINE('',#3276,#3275);
#3278=DIRECTION('',(0.E0,0.E0,1.E0));
#3279=VECTOR('',#3278,8.E-1);
#3280=CARTESIAN_POINT('',(1.378549480969E0,7.293291349497E0,-1.62E1));
#3281=LINE('',#3280,#3279);
#3282=DIRECTION('',(2.342641855245E-6,6.712451988670E-8,-9.999999999973E-1));
#3283=VECTOR('',#3282,1.600000000004E1);
#3284=CARTESIAN_POINT('',(1.378511998699E0,7.303290275489E0,-2.E-1));
#3285=LINE('',#3284,#3283);
#3286=DIRECTION('',(-4.440892105606E-14,-1.E0,3.552713684485E-13));
#3287=VECTOR('',#3286,9.999999984E-3);
#3288=CARTESIAN_POINT('',(1.378549480969E0,7.303291349481E0,-1.62E1));
#3289=LINE('',#3288,#3287);
#3290=DIRECTION('',(0.E0,1.E0,-3.552713678232E-14));
#3291=VECTOR('',#3290,1.000000000160E-1);
#3292=CARTESIAN_POINT('',(1.378549480969E0,7.193291349481E0,-1.54E1));
#3293=LINE('',#3292,#3291);
#3294=DIRECTION('',(0.E0,1.E0,0.E0));
#3295=VECTOR('',#3294,1.4E0);
#3296=CARTESIAN_POINT('',(1.378549480969E0,5.793291349481E0,-1.54E1));
#3297=LINE('',#3296,#3295);
#3298=DIRECTION('',(0.E0,1.E0,0.E0));
#3299=VECTOR('',#3298,2.E0);
#3300=CARTESIAN_POINT('',(1.378549480969E0,3.793291349481E0,-1.54E1));
#3301=LINE('',#3300,#3299);
#3302=DIRECTION('',(0.E0,0.E0,-1.E0));
#3303=VECTOR('',#3302,5.5E-1);
#3304=CARTESIAN_POINT('',(1.378549480969E0,3.793291349481E0,-1.54E1));
#3305=LINE('',#3304,#3303);
#3306=DIRECTION('',(0.E0,1.E0,0.E0));
#3307=VECTOR('',#3306,3.4E0);
#3308=CARTESIAN_POINT('',(1.378549480969E0,-4.306708650519E0,-1.54E1));
#3309=LINE('',#3308,#3307);
#3310=DIRECTION('',(0.E0,-3.719262035147E-12,1.E0));
#3311=VECTOR('',#3310,1.489999999868E1);
#3312=CARTESIAN_POINT('',(1.378549480969E0,-4.306708650519E0,-1.54E1));
#3313=LINE('',#3312,#3311);
#3314=CARTESIAN_POINT('',(1.378549480969E0,7.293291349497E0,-2.E-1));
#3315=CARTESIAN_POINT('',(1.378549480969E0,7.294961691064E0,-2.E-1));
#3316=CARTESIAN_POINT('',(1.378568222104E0,7.298299236291E0,-2.E-1));
#3317=CARTESIAN_POINT('',(1.378511998699E0,7.301627283728E0,-2.E-1));
#3318=CARTESIAN_POINT('',(1.378511998699E0,7.303290275489E0,-2.E-1));
#3320=DIRECTION('',(-1.E0,0.E0,0.E0));
#3321=VECTOR('',#3320,8.000000001238E-1);
#3322=CARTESIAN_POINT('',(1.378549480969E0,-9.067086505190E-1,-1.54E1));
#3323=LINE('',#3322,#3321);
#3324=DIRECTION('',(1.872330747557E-11,-1.E0,0.E0));
#3325=VECTOR('',#3324,6.665E0);
#3326=CARTESIAN_POINT('',(5.785494808452E-1,-9.067086505190E-1,-1.54E1));
#3327=LINE('',#3326,#3325);
#3328=DIRECTION('',(1.E0,0.E0,0.E0));
#3329=VECTOR('',#3328,5.000000000717E-1);
#3330=CARTESIAN_POINT('',(5.785494809700E-1,-7.571708650519E0,-1.54E1));
#3331=LINE('',#3330,#3329);
#3332=DIRECTION('',(8.497701373993E-10,1.E0,0.E0));
#3333=VECTOR('',#3332,2.615000000031E0);
#3334=CARTESIAN_POINT('',(1.078549481042E0,-7.571708650519E0,-1.54E1));
#3335=LINE('',#3334,#3333);
#3336=DIRECTION('',(-1.E0,0.E0,0.E0));
#3337=VECTOR('',#3336,7.999999999990E-1);
#3338=CARTESIAN_POINT('',(1.378549480969E0,7.293291349497E0,-1.54E1));
#3339=LINE('',#3338,#3337);
#3340=DIRECTION('',(0.E0,-1.E0,0.E0));
#3341=VECTOR('',#3340,3.500000000016E0);
#3342=CARTESIAN_POINT('',(5.785494809700E-1,7.293291349497E0,-1.54E1));
#3343=LINE('',#3342,#3341);
#3344=DIRECTION('',(1.E0,0.E0,0.E0));
#3345=VECTOR('',#3344,7.999999999990E-1);
#3346=CARTESIAN_POINT('',(5.785494809700E-1,3.793291349481E0,-1.54E1));
#3347=LINE('',#3346,#3345);
#3348=DIRECTION('',(-1.E0,0.E0,0.E0));
#3349=VECTOR('',#3348,3.5E-1);
#3350=CARTESIAN_POINT('',(1.378549480969E0,5.793291349481E0,-1.54E1));
#3351=LINE('',#3350,#3349);
#3352=DIRECTION('',(0.E0,1.E0,0.E0));
#3353=VECTOR('',#3352,9.E-1);
#3354=CARTESIAN_POINT('',(7.785494809690E-1,6.043291349481E0,-1.54E1));
#3355=LINE('',#3354,#3353);
#3356=DIRECTION('',(-1.E0,0.E0,0.E0));
#3357=VECTOR('',#3356,3.5E-1);
#3358=CARTESIAN_POINT('',(1.378549480969E0,7.193291349481E0,-1.54E1));
#3359=LINE('',#3358,#3357);
#3360=DIRECTION('',(0.E0,0.E0,-1.E0));
#3361=VECTOR('',#3360,5.5E-1);
#3362=CARTESIAN_POINT('',(1.378549480969E0,-9.067086505190E-1,-1.54E1));
#3363=LINE('',#3362,#3361);
#3364=DIRECTION('',(0.E0,0.E0,-1.E0));
#3365=VECTOR('',#3364,5.5E-1);
#3366=CARTESIAN_POINT('',(5.785494808452E-1,-9.067086505190E-1,-1.54E1));
#3367=LINE('',#3366,#3365);
#3368=DIRECTION('',(-1.870523937762E-11,0.E0,1.E0));
#3369=VECTOR('',#3368,5.5E-1);
#3370=CARTESIAN_POINT('',(5.785494809803E-1,-7.571708650519E0,-1.595E1));
#3371=LINE('',#3370,#3369);
#3372=DIRECTION('',(-6.574607525067E-11,0.E0,-1.E0));
#3373=VECTOR('',#3372,2.5E-1);
#3374=CARTESIAN_POINT('',(5.785494809803E-1,-7.571708650519E0,-1.595E1));
#3375=LINE('',#3374,#3373);
#3376=DIRECTION('',(1.E0,0.E0,0.E0));
#3377=VECTOR('',#3376,5.000000000051E-1);
#3378=CARTESIAN_POINT('',(5.785494809639E-1,-7.571708650519E0,-1.62E1));
#3379=LINE('',#3378,#3377);
#3380=DIRECTION('',(9.083456209424E-11,0.E0,1.E0));
#3381=VECTOR('',#3380,4.E-1);
#3382=CARTESIAN_POINT('',(1.078549480969E0,-7.571708650519E0,-1.62E1));
#3383=LINE('',#3382,#3381);
#3384=DIRECTION('',(1.535566836195E-11,1.E0,0.E0));
#3385=VECTOR('',#3384,7.35E-1);
#3386=CARTESIAN_POINT('',(5.785494809690E-1,-8.306708650519E0,-1.595E1));
#3387=LINE('',#3386,#3385);
#3388=DIRECTION('',(-2.855825930992E-11,1.E0,0.E0));
#3389=VECTOR('',#3388,7.349999999995E-1);
#3390=CARTESIAN_POINT('',(5.785494809848E-1,-8.306708650518E0,-1.62E1));
#3391=LINE('',#3390,#3389);
#3392=CARTESIAN_POINT('',(5.785494823729E-1,-8.306708650519E0,
-4.999999977267E-1));
#3393=CARTESIAN_POINT('',(6.292099094795E-1,-8.306708650333E0,
-4.493395706201E-1));
#3394=CARTESIAN_POINT('',(7.234695964808E-1,-8.291895161505E0,
-3.550766231899E-1));
#3395=CARTESIAN_POINT('',(8.431297533352E-1,-8.236271949579E0,
-2.354212711976E-1));
#3396=CARTESIAN_POINT('',(9.266666590877E-1,-8.171008643339E0,
-1.518815834379E-1));
#3397=CARTESIAN_POINT('',(1.001646945727E0,-8.081655524535E0,
-7.690398629708E-2));
#3398=CARTESIAN_POINT('',(1.035587175404E0,-8.013112452695E0,
-4.296230615596E-2));
#3399=CARTESIAN_POINT('',(1.048705693121E0,-7.976864862808E0,
-2.984378841408E-2));
#3401=CARTESIAN_POINT('',(1.048705693121E0,-7.976864862808E0,
-2.984378841408E-2));
#3402=CARTESIAN_POINT('',(1.055440469077E0,-7.958256099067E0,
-3.228119951176E-2));
#3403=CARTESIAN_POINT('',(1.066546378828E0,-7.920584286488E0,
-3.663537765363E-2));
#3404=CARTESIAN_POINT('',(1.076302325661E0,-7.864416619418E0,
-4.077123175261E-2));
#3405=CARTESIAN_POINT('',(1.078549481493E0,-7.825935799519E0,
-4.174243228957E-2));
#3406=CARTESIAN_POINT('',(1.078549481532E0,-7.806708650016E0,
-4.174243230671E-2));
#3408=DIRECTION('',(-7.234421491707E-11,-3.393032105166E-10,-1.E0));
#3409=VECTOR('',#3408,3.058257567690E0);
#3410=CARTESIAN_POINT('',(1.078549481532E0,-7.806708650016E0,
-4.174243230671E-2));
#3411=LINE('',#3410,#3409);
#3412=DIRECTION('',(-2.198232846844E-11,1.375564579128E-11,-1.E0));
#3413=VECTOR('',#3412,1.27E1);
#3414=CARTESIAN_POINT('',(1.078549481311E0,-7.806708651053E0,
-3.099999999997E0));
#3415=LINE('',#3414,#3413);
#3416=DIRECTION('',(-6.336042801536E-11,-2.202682480856E-12,1.E0));
#3417=VECTOR('',#3416,2.5E-1);
#3418=CARTESIAN_POINT('',(5.785494809848E-1,-8.306708650518E0,-1.62E1));
#3419=LINE('',#3418,#3417);
#3420=DIRECTION('',(-9.086999400436E-11,0.E0,-1.E0));
#3421=VECTOR('',#3420,1.545000000227E1);
#3422=CARTESIAN_POINT('',(5.785494823729E-1,-8.306708650519E0,
-4.999999977267E-1));
#3423=LINE('',#3422,#3421);
#3424=DIRECTION('',(5.510454371451E-11,0.E0,1.E0));
#3425=VECTOR('',#3424,1.545000000311E1);
#3426=CARTESIAN_POINT('',(-1.322145051903E1,-8.306708650519E0,-1.595E1));
#3427=LINE('',#3426,#3425);
#3428=DIRECTION('',(1.847269004429E-10,2.941646926047E-12,-1.E0));
#3429=VECTOR('',#3428,2.5E-1);
#3430=CARTESIAN_POINT('',(-1.322145051903E1,-8.306708650519E0,-1.595E1));
#3431=LINE('',#3430,#3429);
#3432=DIRECTION('',(9.419586720424E-12,8.042588467469E-11,1.E0));
#3433=VECTOR('',#3432,1.27E1);
#3434=CARTESIAN_POINT('',(-1.372145051903E1,-7.806708649997E0,-1.58E1));
#3435=LINE('',#3434,#3433);
#3436=DIRECTION('',(-1.116890492663E-10,9.501753216384E-10,1.E0));
#3437=VECTOR('',#3436,3.058257568986E0);
#3438=CARTESIAN_POINT('',(-1.372145051891E1,-7.806708648975E0,
-3.099999999997E0));
#3439=LINE('',#3438,#3437);
#3440=CARTESIAN_POINT('',(-1.372145051925E1,-7.806708646070E0,
-4.174243101151E-2));
#3441=CARTESIAN_POINT('',(-1.372145051925E1,-7.825965873767E0,
-4.174243101151E-2));
#3442=CARTESIAN_POINT('',(-1.371919290373E1,-7.864484671925E0,
-4.076708460048E-2));
#3443=CARTESIAN_POINT('',(-1.370945778748E1,-7.920527778040E0,
-3.663987752307E-2));
#3444=CARTESIAN_POINT('',(-1.369835003054E1,-7.958232544955E0,
-3.228428417908E-2));
#3445=CARTESIAN_POINT('',(-1.369160672990E1,-7.976864863037E0,
-2.984378790765E-2));
#3447=CARTESIAN_POINT('',(-1.369160672990E1,-7.976864863037E0,
-2.984378790765E-2));
#3448=CARTESIAN_POINT('',(-1.367825978421E1,-8.013743618839E0,
-4.319073354892E-2));
#3449=CARTESIAN_POINT('',(-1.364368223595E1,-8.083036318163E0,
-7.776964814990E-2));
#3450=CARTESIAN_POINT('',(-1.356850424882E1,-8.172026475359E0,
-1.529450587758E-1));
#3451=CARTESIAN_POINT('',(-1.348444520129E1,-8.237251998824E0,
-2.370074244140E-1));
#3452=CARTESIAN_POINT('',(-1.336507775805E1,-8.292192569651E0,
-3.563688561973E-1));
#3453=CARTESIAN_POINT('',(-1.327159115098E1,-8.306708650406E0,
-4.498593640906E-1));
#3454=CARTESIAN_POINT('',(-1.322145051818E1,-8.306708650519E0,
-4.999999968941E-1));
#3456=DIRECTION('',(-2.122202640377E-11,-1.E0,0.E0));
#3457=VECTOR('',#3456,7.35E-1);
#3458=CARTESIAN_POINT('',(-1.322145051901E1,-7.571708650519E0,-1.595E1));
#3459=LINE('',#3458,#3457);
#3460=DIRECTION('',(-2.238920160380E-11,0.E0,-1.E0));
#3461=VECTOR('',#3460,2.5E-1);
#3462=CARTESIAN_POINT('',(-1.322145051901E1,-7.571708650519E0,-1.595E1));
#3463=LINE('',#3462,#3461);
#3464=DIRECTION('',(4.922562735366E-11,-1.E0,0.E0));
#3465=VECTOR('',#3464,7.349999999993E-1);
#3466=CARTESIAN_POINT('',(-1.322145051902E1,-7.571708650519E0,-1.62E1));
#3467=LINE('',#3466,#3465);
#3468=CARTESIAN_POINT('',(-1.322145051903E1,-7.806708650519E0,-1.62E1));
#3469=DIRECTION('',(0.E0,0.E0,1.E0));
#3470=DIRECTION('',(-1.E0,3.545695292928E-9,0.E0));
#3471=AXIS2_PLACEMENT_3D('',#3468,#3469,#3470);
#3473=DIRECTION('',(5.984773071970E-10,-1.E0,0.E0));
#3474=VECTOR('',#3473,1.186396102997E0);
#3475=CARTESIAN_POINT('',(-1.372145051903E1,-4.306708650519E0,-1.54E1));
#3476=LINE('',#3475,#3474);
#3477=DIRECTION('',(-3.487513623621E-11,-3.653510796441E-12,1.E0));
#3478=VECTOR('',#3477,1.535825756903E1);
#3479=CARTESIAN_POINT('',(-1.372145051903E1,-4.306708650519E0,-1.54E1));
#3480=LINE('',#3479,#3478);
#3481=DIRECTION('',(1.524870068121E-10,-1.E0,0.E0));
#3482=VECTOR('',#3481,2.349999994779E-1);
#3483=CARTESIAN_POINT('',(-1.372145051907E1,-7.571708650519E0,-1.58E1));
#3484=LINE('',#3483,#3482);
#3485=DIRECTION('',(-5.972111694064E-11,1.776816471732E-9,-1.E0));
#3486=VECTOR('',#3485,4.E-1);
#3487=CARTESIAN_POINT('',(-1.372145051903E1,-7.806708649997E0,-1.58E1));
#3488=LINE('',#3487,#3486);
#3489=DIRECTION('',(-1.016529655386E-10,1.E0,0.E0));
#3490=VECTOR('',#3489,2.349999987671E-1);
#3491=CARTESIAN_POINT('',(-1.372145051905E1,-7.806708649286E0,-1.62E1));
#3492=LINE('',#3491,#3490);
#3493=DIRECTION('',(3.760688906640E-10,1.E0,0.E0));
#3494=VECTOR('',#3493,2.078603897003E0);
#3495=CARTESIAN_POINT('',(-1.372145051910E1,-7.571708650519E0,-1.54E1));
#3496=LINE('',#3495,#3494);
#3497=DIRECTION('',(-1.E0,0.E0,0.E0));
#3498=VECTOR('',#3497,5.000000000717E-1);
#3499=CARTESIAN_POINT('',(-1.322145051903E1,-7.571708650519E0,-1.54E1));
#3500=LINE('',#3499,#3498);
#3501=DIRECTION('',(-1.872277443526E-11,-1.E0,0.E0));
#3502=VECTOR('',#3501,6.665E0);
#3503=CARTESIAN_POINT('',(-1.322145051891E1,-9.067086505190E-1,-1.54E1));
#3504=LINE('',#3503,#3502);
#3505=DIRECTION('',(1.E0,0.E0,0.E0));
#3506=VECTOR('',#3505,8.000000001248E-1);
#3507=CARTESIAN_POINT('',(-1.402145051903E1,-9.067086505190E-1,-1.54E1));
#3508=LINE('',#3507,#3506);
#3509=DIRECTION('',(1.E0,0.E0,0.E0));
#3510=VECTOR('',#3509,8.E-1);
#3511=CARTESIAN_POINT('',(-1.402145051903E1,7.293291349497E0,-1.54E1));
#3512=LINE('',#3511,#3510);
#3513=DIRECTION('',(1.E0,0.E0,0.E0));
#3514=VECTOR('',#3513,3.5E-1);
#3515=CARTESIAN_POINT('',(-1.402145051903E1,7.193291349481E0,-1.54E1));
#3516=LINE('',#3515,#3514);
#3517=DIRECTION('',(0.E0,1.E0,0.E0));
#3518=VECTOR('',#3517,9.E-1);
#3519=CARTESIAN_POINT('',(-1.342145051903E1,6.043291349481E0,-1.54E1));
#3520=LINE('',#3519,#3518);
#3521=DIRECTION('',(1.E0,0.E0,0.E0));
#3522=VECTOR('',#3521,3.5E-1);
#3523=CARTESIAN_POINT('',(-1.402145051903E1,5.793291349481E0,-1.54E1));
#3524=LINE('',#3523,#3522);
#3525=DIRECTION('',(-1.E0,0.E0,0.E0));
#3526=VECTOR('',#3525,8.E-1);
#3527=CARTESIAN_POINT('',(-1.322145051903E1,3.793291349481E0,-1.54E1));
#3528=LINE('',#3527,#3526);
#3529=DIRECTION('',(0.E0,-1.E0,0.E0));
#3530=VECTOR('',#3529,3.500000000016E0);
#3531=CARTESIAN_POINT('',(-1.322145051903E1,7.293291349497E0,-1.54E1));
#3532=LINE('',#3531,#3530);
#3533=DIRECTION('',(1.E0,0.E0,0.E0));
#3534=VECTOR('',#3533,3.E-1);
#3535=CARTESIAN_POINT('',(-1.402145051903E1,-4.306708650519E0,-1.54E1));
#3536=LINE('',#3535,#3534);
#3537=DIRECTION('',(0.E0,-5.469808051725E-12,1.E0));
#3538=VECTOR('',#3537,1.489999999989E1);
#3539=CARTESIAN_POINT('',(-1.402145051903E1,-4.306708650519E0,-1.54E1));
#3540=LINE('',#3539,#3538);
#3541=CARTESIAN_POINT('',(-1.352145051903E1,-4.306708650749E0,-5.E-1));
#3542=DIRECTION('',(0.E0,1.E0,0.E0));
#3543=DIRECTION('',(-1.E0,0.E0,-2.734061865795E-10));
#3544=AXIS2_PLACEMENT_3D('',#3541,#3542,#3543);
#3546=DIRECTION('',(0.E0,1.E0,5.309947883692E-12));
#3547=VECTOR('',#3546,1.16E1);
#3548=CARTESIAN_POINT('',(-1.402145051903E1,-4.306708650600E0,
-5.000000001097E-1));
#3549=LINE('',#3548,#3547);
#3550=DIRECTION('',(-2.662253052587E-11,-1.E0,1.766002110497E-14));
#3551=VECTOR('',#3550,1.509999999838E1);
#3552=CARTESIAN_POINT('',(-1.352145051944E1,7.293291349443E0,
7.999989559692E-13));
#3553=LINE('',#3552,#3551);
#3554=CARTESIAN_POINT('',(-1.352145051984E1,-7.806708648932E0,
1.066665274626E-12));
#3555=CARTESIAN_POINT('',(-1.354132550114E1,-7.826583630231E0,
1.650082085445E-11));
#3556=CARTESIAN_POINT('',(-1.358053757591E1,-7.865794166724E0,
-2.407439379344E-3));
#3557=CARTESIAN_POINT('',(-1.363602794602E1,-7.921288200297E0,
-1.220115009926E-2));
#3558=CARTESIAN_POINT('',(-1.367324450152E1,-7.958502634863E0,
-2.319823666914E-2));
#3559=CARTESIAN_POINT('',(-1.369160672990E1,-7.976864863037E0,
-2.984378790765E-2));
#3561=DIRECTION('',(-8.962177043784E-11,1.E0,1.180170843524E-11));
#3562=VECTOR('',#3561,3.499999995494E0);
#3563=CARTESIAN_POINT('',(-1.372145051925E1,-7.806708646070E0,
-4.174243101151E-2));
#3564=LINE('',#3563,#3562);
#3565=CARTESIAN_POINT('',(-1.352145051903E1,7.293291349481E0,-5.E-1));
#3566=DIRECTION('',(0.E0,0.E0,-1.E0));
#3567=DIRECTION('',(-1.E0,0.E0,0.E0));
#3568=AXIS2_PLACEMENT_3D('',#3565,#3566,#3567);
#3570=CARTESIAN_POINT('',(-1.352145051903E1,7.293291349481E0,-5.E-1));
#3571=DIRECTION('',(1.E0,0.E0,0.E0));
#3572=DIRECTION('',(0.E0,1.E0,0.E0));
#3573=AXIS2_PLACEMENT_3D('',#3570,#3571,#3572);
#3575=CARTESIAN_POINT('',(-1.352145051903E1,7.293291349481E0,-5.E-1));
#3576=DIRECTION('',(0.E0,-1.E0,0.E0));
#3577=DIRECTION('',(-1.554418815886E-9,0.E0,1.E0));
#3578=AXIS2_PLACEMENT_3D('',#3575,#3576,#3577);
#3580=DIRECTION('',(-1.724842491058E-10,0.E0,-1.E0));
#3581=VECTOR('',#3580,3.E-1);
#3582=CARTESIAN_POINT('',(-1.352145051903E1,7.793291349481E0,-2.E-1));
#3583=LINE('',#3582,#3581);
#3584=DIRECTION('',(1.E0,2.952058350422E-11,0.E0));
#3585=VECTOR('',#3584,1.440000000211E1);
#3586=CARTESIAN_POINT('',(-1.352145051984E1,-7.806708648932E0,
1.066665274626E-12));
#3587=LINE('',#3586,#3585);
#3588=CARTESIAN_POINT('',(8.785494822733E-1,-7.806708648507E0,
1.066665274626E-12));
#3589=CARTESIAN_POINT('',(8.983780529852E-1,-7.826537219219E0,
1.509950308147E-11));
#3590=CARTESIAN_POINT('',(9.375293451011E-1,-7.865690112572E0,
-2.391259152562E-3));
#3591=CARTESIAN_POINT('',(9.932069528977E-1,-7.921364062477E0,
-1.221522450805E-2));
#3592=CARTESIAN_POINT('',(1.030376944622E0,-7.958536114312E0,
-2.321035394061E-2));
#3593=CARTESIAN_POINT('',(1.048705693121E0,-7.976864862808E0,
-2.984378841408E-2));
#3595=DIRECTION('',(-1.E0,0.E0,6.033031964261E-11));
#3596=VECTOR('',#3595,1.380000000055E1);
#3597=CARTESIAN_POINT('',(5.785494823729E-1,-8.306708650519E0,
-4.999999977267E-1));
#3598=LINE('',#3597,#3596);
#3599=DIRECTION('',(0.E0,-1.E0,-6.347995883708E-11));
#3600=VECTOR('',#3599,1.160000000006E1);
#3601=CARTESIAN_POINT('',(1.378549480969E0,7.293291349481E0,
-5.000000005872E-1));
#3602=LINE('',#3601,#3600);
#3603=DIRECTION('',(-1.190571451146E-10,-1.E0,-1.976684411716E-10));
#3604=VECTOR('',#3603,3.499999999424E0);
#3605=CARTESIAN_POINT('',(1.078549481949E0,-4.306708650591E0,
-4.174243161487E-2));
#3606=LINE('',#3605,#3604);
#3607=DIRECTION('',(-5.946095713727E-11,1.E0,-1.766002110542E-14));
#3608=VECTOR('',#3607,1.509999999799E1);
#3609=CARTESIAN_POINT('',(8.785494822733E-1,-7.806708648507E0,
1.066665274626E-12));
#3610=LINE('',#3609,#3608);
#3611=DIRECTION('',(-1.E0,0.E0,0.E0));
#3612=VECTOR('',#3611,3.E-1);
#3613=CARTESIAN_POINT('',(1.378549480969E0,-4.306708650519E0,-1.54E1));
#3614=LINE('',#3613,#3612);
#3615=DIRECTION('',(6.381493668981E-11,-4.706144763918E-12,1.E0));
#3616=VECTOR('',#3615,1.535825756839E1);
#3617=CARTESIAN_POINT('',(1.078549480969E0,-4.306708650519E0,-1.54E1));
#3618=LINE('',#3617,#3616);
#3619=CARTESIAN_POINT('',(8.785494809690E-1,-4.306708650749E0,-5.E-1));
#3620=DIRECTION('',(0.E0,1.E0,0.E0));
#3621=DIRECTION('',(4.000000023736E-1,0.E0,9.165151379552E-1));
#3622=AXIS2_PLACEMENT_3D('',#3619,#3620,#3621);
#3624=DIRECTION('',(3.530487355623E-9,-1.E0,0.E0));
#3625=VECTOR('',#3624,6.499999999690E-1);
#3626=CARTESIAN_POINT('',(1.078549480969E0,-4.306708650519E0,-1.54E1));
#3627=LINE('',#3626,#3625);
#3628=DIRECTION('',(-1.656309241505E-9,-1.E0,0.E0));
#3629=VECTOR('',#3628,2.850000000520E0);
#3630=CARTESIAN_POINT('',(1.078549486032E0,-4.956708650534E0,
-3.099999999997E0));
#3631=LINE('',#3630,#3629);
#3632=DIRECTION('',(0.E0,-1.E0,0.E0));
#3633=VECTOR('',#3632,2.350000001621E-1);
#3634=CARTESIAN_POINT('',(1.078549480969E0,-7.571708650519E0,-1.62E1));
#3635=LINE('',#3634,#3633);
#3636=DIRECTION('',(1.574090857659E-10,-4.938383035835E-10,1.E0));
#3637=VECTOR('',#3636,4.E-1);
#3638=CARTESIAN_POINT('',(1.078549480969E0,-7.806708650681E0,-1.62E1));
#3639=LINE('',#3638,#3637);
#3640=DIRECTION('',(-1.133183379911E-10,1.E0,0.E0));
#3641=VECTOR('',#3640,2.350000003597E-1);
#3642=CARTESIAN_POINT('',(1.078549481032E0,-7.806708650879E0,-1.58E1));
#3643=LINE('',#3642,#3641);
#3644=DIRECTION('',(-2.001981358468E-9,5.611418885110E-8,1.E0));
#3645=VECTOR('',#3644,4.E-1);
#3646=CARTESIAN_POINT('',(1.078549484065E0,-4.956708672934E0,-1.58E1));
#3647=LINE('',#3646,#3645);
#3648=CARTESIAN_POINT('',(1.428549480969E0,-4.956708650519E0,-1.58E1));
#3649=DIRECTION('',(0.E0,0.E0,1.E0));
#3650=DIRECTION('',(-7.071066537071E-1,7.071069086659E-1,0.E0));
#3651=AXIS2_PLACEMENT_3D('',#3648,#3649,#3650);
#3653=DIRECTION('',(-1.030308087315E-9,-1.257082976646E-9,1.E0));
#3654=VECTOR('',#3653,1.27E1);
#3655=CARTESIAN_POINT('',(1.181062124446E0,-4.709221265007E0,-1.58E1));
#3656=LINE('',#3655,#3654);
#3657=DIRECTION('',(-2.250247323616E-10,3.715401969823E-12,-1.E0));
#3658=VECTOR('',#3657,1.23E1);
#3659=CARTESIAN_POINT('',(1.078549486032E0,-4.956708650534E0,
-3.099999999997E0));
#3660=LINE('',#3659,#3658);
#3661=DIRECTION('',(9.083400698273E-11,0.E0,1.E0));
#3662=VECTOR('',#3661,4.E-1);
#3663=CARTESIAN_POINT('',(1.078549481005E0,-7.571708650519E0,-1.58E1));
#3664=LINE('',#3663,#3662);
#3665=DIRECTION('',(-7.071067717410E-1,-7.071067906321E-1,0.E0));
#3666=VECTOR('',#3665,3.085786188063E-1);
#3667=CARTESIAN_POINT('',(1.399260155419E0,-4.491023228205E0,-1.58E1));
#3668=LINE('',#3667,#3666);
#3669=DIRECTION('',(-7.071067682334E-1,-7.071067941397E-1,0.E0));
#3670=VECTOR('',#3669,3.085786438499E-1);
#3671=CARTESIAN_POINT('',(1.399260158960E0,-4.491023225380E0,
-3.099999999997E0));
#3672=LINE('',#3671,#3670);
#3673=CARTESIAN_POINT('',(1.328549480969E0,-4.420312547519E0,-1.58E1));
#3674=DIRECTION('',(0.E0,0.E0,1.E0));
#3675=DIRECTION('',(7.071066843971E-1,-7.071068779760E-1,0.E0));
#3676=AXIS2_PLACEMENT_3D('',#3673,#3674,#3675);
#3678=DIRECTION('',(-4.178477336702E-11,-3.987273503532E-10,1.E0));
#3679=VECTOR('',#3678,1.269999999989E1);
#3680=CARTESIAN_POINT('',(1.428549480302E0,-4.420312542455E0,-1.58E1));
#3681=LINE('',#3680,#3679);
#3682=DIRECTION('',(-2.788367961722E-10,-2.225138009106E-10,-1.E0));
#3683=VECTOR('',#3682,1.27E1);
#3684=CARTESIAN_POINT('',(1.399260158960E0,-4.491023225380E0,
-3.099999999997E0));
#3685=LINE('',#3684,#3683);
#3686=CARTESIAN_POINT('',(1.328549480969E0,-4.420312547519E0,
-3.099999999997E0));
#3687=DIRECTION('',(0.E0,0.E0,-1.E0));
#3688=DIRECTION('',(1.E0,0.E0,0.E0));
#3689=AXIS2_PLACEMENT_3D('',#3686,#3687,#3688);
#3691=DIRECTION('',(-7.071067811716E-1,7.071067812015E-1,0.E0));
#3692=VECTOR('',#3691,2.499999997155E-1);
#3693=CARTESIAN_POINT('',(1.576036854052E0,-4.667799920479E0,
-3.099999999997E0));
#3694=LINE('',#3693,#3692);
#3695=CARTESIAN_POINT('',(1.328549480969E0,-4.420312547519E0,
-3.099999999997E0));
#3696=DIRECTION('',(0.E0,0.E0,1.E0));
#3697=DIRECTION('',(7.071067817437E-1,-7.071067806294E-1,0.E0));
#3698=AXIS2_PLACEMENT_3D('',#3695,#3696,#3697);
#3700=DIRECTION('',(-1.E0,0.E0,-4.512479278871E-11));
#3701=VECTOR('',#3700,2.500000000142E-1);
#3702=CARTESIAN_POINT('',(1.678549479786E0,-4.420312547519E0,
-3.100000000103E0));
#3703=LINE('',#3702,#3701);
#3704=DIRECTION('',(9.219213638959E-11,1.E0,-4.409195874255E-11));
#3705=VECTOR('',#3704,9.163603895779E0);
#3706=CARTESIAN_POINT('',(1.428549479772E0,-4.420312547519E0,
-3.100000000115E0));
#3707=LINE('',#3706,#3705);
#3708=DIRECTION('',(-1.E0,-5.963229908658E-11,-6.016520613829E-11));
#3709=VECTOR('',#3708,2.500000000507E-1);
#3710=CARTESIAN_POINT('',(1.678549480667E0,4.743291348275E0,-3.100000000504E0));
#3711=LINE('',#3710,#3709);
#3712=DIRECTION('',(1.E0,-5.471179064662E-13,-1.596696108462E-10));
#3713=VECTOR('',#3712,2.500000000316E-1);
#3714=CARTESIAN_POINT('',(1.428549480900E0,7.743291349368E0,
-1.000000000893E-1));
#3715=LINE('',#3714,#3713);
#3716=CARTESIAN_POINT('',(1.328549480969E0,-4.420312547519E0,-1.58E1));
#3717=DIRECTION('',(0.E0,0.E0,1.E0));
#3718=DIRECTION('',(7.071067611273E-1,-7.071068012458E-1,0.E0));
#3719=AXIS2_PLACEMENT_3D('',#3716,#3717,#3718);
#3721=DIRECTION('',(1.872438861878E-10,1.314560708756E-10,1.E0));
#3722=VECTOR('',#3721,1.27E1);
#3723=CARTESIAN_POINT('',(1.576036851674E0,-4.667799922148E0,-1.58E1));
#3724=LINE('',#3723,#3722);
#3725=DIRECTION('',(4.066273127519E-11,3.987273503528E-10,-1.E0));
#3726=VECTOR('',#3725,1.269999999990E1);
#3727=CARTESIAN_POINT('',(1.678549479786E0,-4.420312547519E0,
-3.100000000103E0));
#3728=LINE('',#3727,#3726);
#3729=DIRECTION('',(-7.071067717410E-1,-7.071067906321E-1,0.E0));
#3730=VECTOR('',#3729,3.085786188063E-1);
#3731=CARTESIAN_POINT('',(1.576036851674E0,-4.667799922148E0,-1.58E1));
#3732=LINE('',#3731,#3730);
#3733=DIRECTION('',(7.071067682347E-1,7.071067941384E-1,0.E0));
#3734=VECTOR('',#3733,3.085786438780E-1);
#3735=CARTESIAN_POINT('',(1.357838806433E0,-4.885997976091E0,
-3.099999999997E0));
#3736=LINE('',#3735,#3734);
#3737=CARTESIAN_POINT('',(1.428549480969E0,-4.956708650519E0,-1.58E1));
#3738=DIRECTION('',(0.E0,0.E0,1.E0));
#3739=DIRECTION('',(-7.071063084263E-1,7.071072539465E-1,0.E0));
#3740=AXIS2_PLACEMENT_3D('',#3737,#3738,#3739);
#3742=DIRECTION('',(1.855424125801E-10,1.792790448029E-9,1.E0));
#3743=VECTOR('',#3742,1.27E1);
#3744=CARTESIAN_POINT('',(1.328549483969E0,-4.956708673306E0,-1.58E1));
#3745=LINE('',#3744,#3743);
#3746=DIRECTION('',(1.123494455823E-9,1.349667744145E-9,-1.E0));
#3747=VECTOR('',#3746,1.27E1);
#3748=CARTESIAN_POINT('',(1.357838806433E0,-4.885997976091E0,
-3.099999999997E0));
#3749=LINE('',#3748,#3747);
#3750=DIRECTION('',(-9.375000148561E-10,-1.E0,0.E0));
#3751=VECTOR('',#3750,3.199999977213E0);
#3752=CARTESIAN_POINT('',(1.328549483969E0,-4.956708673306E0,-1.58E1));
#3753=LINE('',#3752,#3751);
#3754=DIRECTION('',(1.267344759320E-10,0.E0,1.E0));
#3755=VECTOR('',#3754,1.27E1);
#3756=CARTESIAN_POINT('',(1.328549480969E0,-8.156708650519E0,-1.58E1));
#3757=LINE('',#3756,#3755);
#3758=DIRECTION('',(0.E0,1.E0,0.E0));
#3759=VECTOR('',#3758,1.E0);
#3760=CARTESIAN_POINT('',(1.328549480969E0,-7.406708650519E0,-1.255E1));
#3761=LINE('',#3760,#3759);
#3762=DIRECTION('',(0.E0,0.E0,1.E0));
#3763=VECTOR('',#3762,1.E0);
#3764=CARTESIAN_POINT('',(1.328549480969E0,-7.406708650519E0,-1.355E1));
#3765=LINE('',#3764,#3763);
#3766=DIRECTION('',(0.E0,-1.E0,0.E0));
#3767=VECTOR('',#3766,1.E0);
#3768=CARTESIAN_POINT('',(1.328549480969E0,-6.406708650519E0,-1.355E1));
#3769=LINE('',#3768,#3767);
#3770=DIRECTION('',(0.E0,0.E0,-1.E0));
#3771=VECTOR('',#3770,1.E0);
#3772=CARTESIAN_POINT('',(1.328549480969E0,-6.406708650519E0,-1.255E1));
#3773=LINE('',#3772,#3771);
#3774=DIRECTION('',(1.E0,0.E0,0.E0));
#3775=VECTOR('',#3774,2.5E-1);
#3776=CARTESIAN_POINT('',(1.078549480969E0,-8.156708650519E0,-1.58E1));
#3777=LINE('',#3776,#3775);
#3778=DIRECTION('',(-1.798960982030E-10,-1.E0,0.E0));
#3779=VECTOR('',#3778,3.499999996403E-1);
#3780=CARTESIAN_POINT('',(1.078549481032E0,-7.806708650879E0,-1.58E1));
#3781=LINE('',#3780,#3779);
#3782=DIRECTION('',(9.104748714905E-10,-1.E0,-2.791417894748E-14));
#3783=VECTOR('',#3782,3.499999994656E-1);
#3784=CARTESIAN_POINT('',(1.078549481311E0,-7.806708651053E0,
-3.099999999997E0));
#3785=LINE('',#3784,#3783);
#3786=DIRECTION('',(-5.203193956182E-11,0.E0,-1.E0));
#3787=VECTOR('',#3786,1.27E1);
#3788=CARTESIAN_POINT('',(1.078549481630E0,-8.156708650519E0,
-3.099999999997E0));
#3789=LINE('',#3788,#3787);
#3790=DIRECTION('',(-1.170894006759E-9,-1.E0,0.E0));
#3791=VECTOR('',#3790,3.199999999981E0);
#3792=CARTESIAN_POINT('',(1.328549486325E0,-4.956708650538E0,
-3.099999999997E0));
#3793=LINE('',#3792,#3791);
#3794=DIRECTION('',(-1.E0,0.E0,0.E0));
#3795=VECTOR('',#3794,2.500000009487E-1);
#3796=CARTESIAN_POINT('',(1.328549482579E0,-8.156708650519E0,
-3.099999999997E0));
#3797=LINE('',#3796,#3795);
#3798=CARTESIAN_POINT('',(1.428549480969E0,-4.956708650519E0,
-3.099999999997E0));
#3799=DIRECTION('',(0.E0,0.E0,-1.E0));
#3800=DIRECTION('',(-1.E0,-4.826869187296E-11,0.E0));
#3801=AXIS2_PLACEMENT_3D('',#3798,#3799,#3800);
#3803=DIRECTION('',(7.071067810924E-1,-7.071067812807E-1,0.E0));
#3804=VECTOR('',#3803,2.499999997149E-1);
#3805=CARTESIAN_POINT('',(1.181062111362E0,-4.709221280972E0,
-3.099999999997E0));
#3806=LINE('',#3805,#3804);
#3807=CARTESIAN_POINT('',(1.428549480969E0,-4.956708650519E0,
-3.099999999997E0));
#3808=DIRECTION('',(0.E0,0.E0,1.E0));
#3809=DIRECTION('',(-7.071067816157E-1,7.071067807574E-1,0.E0));
#3810=AXIS2_PLACEMENT_3D('',#3807,#3808,#3809);
#3812=DIRECTION('',(-1.E0,1.649880230496E-11,0.E0));
#3813=VECTOR('',#3812,2.500000002938E-1);
#3814=CARTESIAN_POINT('',(1.328549486325E0,-4.956708650538E0,
-3.099999999997E0));
#3815=LINE('',#3814,#3813);
#3816=DIRECTION('',(1.E0,0.E0,0.E0));
#3817=VECTOR('',#3816,3.500000000007E-1);
#3818=CARTESIAN_POINT('',(1.328549480969E0,-7.406708650519E0,-1.255E1));
#3819=LINE('',#3818,#3817);
#3820=DIRECTION('',(1.094560127182E-14,-9.198727533493E-14,-1.E0));
#3821=VECTOR('',#3820,1.205E1);
#3822=CARTESIAN_POINT('',(1.678549480967E0,-5.656708650518E0,
-2.950000000001E0));
#3823=LINE('',#3822,#3821);
#3824=DIRECTION('',(3.212650723242E-14,7.071067811841E-1,-7.071067811890E-1));
#3825=VECTOR('',#3824,3.676955262069E0);
#3826=CARTESIAN_POINT('',(1.678549480967E0,-8.256708650437E0,
-3.500000000641E-1));
#3827=LINE('',#3826,#3825);
#3828=DIRECTION('',(-2.221926346616E-12,0.E0,-1.E0));
#3829=VECTOR('',#3828,1.5E-1);
#3830=CARTESIAN_POINT('',(1.678549480969E0,-6.406708650519E0,-1.355E1));
#3831=LINE('',#3830,#3829);
#3832=DIRECTION('',(3.332889519925E-13,-1.E0,0.E0));
#3833=VECTOR('',#3832,1.E0);
#3834=CARTESIAN_POINT('',(1.678549480969E0,-6.406708650519E0,-1.355E1));
#3835=LINE('',#3834,#3833);
#3836=DIRECTION('',(0.E0,0.E0,1.E0));
#3837=VECTOR('',#3836,1.E0);
#3838=CARTESIAN_POINT('',(1.678549480970E0,-7.406708650519E0,-1.355E1));
#3839=LINE('',#3838,#3837);
#3840=DIRECTION('',(-3.337330412023E-13,1.E0,0.E0));
#3841=VECTOR('',#3840,1.E0);
#3842=CARTESIAN_POINT('',(1.678549480970E0,-7.406708650519E0,-1.255E1));
#3843=LINE('',#3842,#3841);
#3844=DIRECTION('',(2.221926346616E-12,0.E0,-1.E0));
#3845=VECTOR('',#3844,1.5E-1);
#3846=CARTESIAN_POINT('',(1.678549480969E0,-6.406708650519E0,-1.24E1));
#3847=LINE('',#3846,#3845);
#3848=DIRECTION('',(0.E0,1.E0,0.E0));
#3849=VECTOR('',#3848,1.25E0);
#3850=CARTESIAN_POINT('',(1.678549480969E0,-7.656708650519E0,-1.24E1));
#3851=LINE('',#3850,#3849);
#3852=DIRECTION('',(0.E0,0.E0,1.E0));
#3853=VECTOR('',#3852,1.3E0);
#3854=CARTESIAN_POINT('',(1.678549480969E0,-7.656708650519E0,-1.37E1));
#3855=LINE('',#3854,#3853);
#3856=DIRECTION('',(0.E0,-1.E0,0.E0));
#3857=VECTOR('',#3856,1.25E0);
#3858=CARTESIAN_POINT('',(1.678549480969E0,-6.406708650519E0,-1.37E1));
#3859=LINE('',#3858,#3857);
#3860=DIRECTION('',(-1.E0,-3.339550858084E-13,9.663381206370E-13));
#3861=VECTOR('',#3860,2.499999999992E-1);
#3862=CARTESIAN_POINT('',(1.678549480967E0,-5.656708650518E0,
-2.950000000001E0));
#3863=LINE('',#3862,#3861);
#3864=DIRECTION('',(-3.116310628367E-13,1.E0,0.E0));
#3865=VECTOR('',#3864,2.599999999988E0);
#3866=CARTESIAN_POINT('',(1.428549480968E0,-8.256708650506E0,-1.5E1));
#3867=LINE('',#3866,#3865);
#3868=DIRECTION('',(6.394147544315E-14,9.198727533492E-14,1.E0));
#3869=VECTOR('',#3868,1.205E1);
#3870=CARTESIAN_POINT('',(1.428549480968E0,-5.656708650519E0,-1.5E1));
#3871=LINE('',#3870,#3869);
#3872=DIRECTION('',(1.637002552745E-12,-7.071067811881E-1,7.071067811850E-1));
#3873=VECTOR('',#3872,3.676955262051E0);
#3874=CARTESIAN_POINT('',(1.428549480968E0,-5.656708650518E0,
-2.950000000001E0));
#3875=LINE('',#3874,#3873);
#3876=DIRECTION('',(0.E0,0.E0,-1.E0));
#3877=VECTOR('',#3876,1.5E-1);
#3878=CARTESIAN_POINT('',(1.428549480969E0,-6.406708650519E0,-1.355E1));
#3879=LINE('',#3878,#3877);
#3880=DIRECTION('',(0.E0,-1.E0,0.E0));
#3881=VECTOR('',#3880,1.25E0);
#3882=CARTESIAN_POINT('',(1.428549480969E0,-6.406708650519E0,-1.37E1));
#3883=LINE('',#3882,#3881);
#3884=DIRECTION('',(0.E0,0.E0,1.E0));
#3885=VECTOR('',#3884,1.3E0);
#3886=CARTESIAN_POINT('',(1.428549480969E0,-7.656708650519E0,-1.37E1));
#3887=LINE('',#3886,#3885);
#3888=DIRECTION('',(0.E0,1.E0,0.E0));
#3889=VECTOR('',#3888,1.25E0);
#3890=CARTESIAN_POINT('',(1.428549480969E0,-7.656708650519E0,-1.24E1));
#3891=LINE('',#3890,#3889);
#3892=DIRECTION('',(0.E0,0.E0,-1.E0));
#3893=VECTOR('',#3892,1.5E-1);
#3894=CARTESIAN_POINT('',(1.428549480969E0,-6.406708650519E0,-1.24E1));
#3895=LINE('',#3894,#3893);
#3896=DIRECTION('',(0.E0,0.E0,-1.E0));
#3897=VECTOR('',#3896,1.E0);
#3898=CARTESIAN_POINT('',(1.428549480969E0,-6.406708650519E0,-1.255E1));
#3899=LINE('',#3898,#3897);
#3900=DIRECTION('',(-6.663131584981E-12,1.E0,0.E0));
#3901=VECTOR('',#3900,2.599999999986E0);
#3902=CARTESIAN_POINT('',(1.678549480985E0,-8.256708650504E0,-1.5E1));
#3903=LINE('',#3902,#3901);
#3904=DIRECTION('',(-1.E0,-3.304023721284E-13,0.E0));
#3905=VECTOR('',#3904,2.500000000001E-1);
#3906=CARTESIAN_POINT('',(1.678549480968E0,-5.656708650519E0,-1.5E1));
#3907=LINE('',#3906,#3905);
#3908=CARTESIAN_POINT('',(1.328549480969E0,-8.256708650519E0,-1.5E1));
#3909=DIRECTION('',(0.E0,0.E0,1.E0));
#3910=DIRECTION('',(-5.648783028635E-9,-1.E0,0.E0));
#3911=AXIS2_PLACEMENT_3D('',#3908,#3909,#3910);
#3913=DIRECTION('',(-1.E0,-8.022027486199E-12,0.E0));
#3914=VECTOR('',#3913,2.500000000166E-1);
#3915=CARTESIAN_POINT('',(1.678549480985E0,-8.256708650504E0,-1.5E1));
#3916=LINE('',#3915,#3914);
#3917=CARTESIAN_POINT('',(1.328549480969E0,-8.256708650519E0,-1.5E1));
#3918=DIRECTION('',(0.E0,0.E0,-1.E0));
#3919=DIRECTION('',(1.E0,0.E0,0.E0));
#3920=AXIS2_PLACEMENT_3D('',#3917,#3918,#3919);
#3922=DIRECTION('',(1.335229527024E-8,1.E0,0.E0));
#3923=VECTOR('',#3922,2.499999999851E-1);
#3924=CARTESIAN_POINT('',(1.328549476381E0,-8.606708650582E0,-1.5E1));
#3925=LINE('',#3924,#3923);
#3926=DIRECTION('',(-9.248231153057E-10,-2.777627956946E-11,1.E0));
#3927=VECTOR('',#3926,1.465000000024E1);
#3928=CARTESIAN_POINT('',(1.328549476381E0,-8.606708650582E0,-1.5E1));
#3929=LINE('',#3928,#3927);
#3930=DIRECTION('',(1.199586505220E-12,-4.605311202564E-12,-1.E0));
#3931=VECTOR('',#3930,1.464999999994E1);
#3932=CARTESIAN_POINT('',(1.678549480967E0,-8.256708650437E0,
-3.500000000641E-1));
#3933=LINE('',#3932,#3931);
#3934=CARTESIAN_POINT('',(1.328549480969E0,-8.256708650519E0,
-3.499999999968E-1));
#3935=DIRECTION('',(0.E0,0.E0,-1.E0));
#3936=DIRECTION('',(2.857142857289E-1,-9.583148474956E-1,0.E0));
#3937=AXIS2_PLACEMENT_3D('',#3934,#3935,#3936);
#3939=CARTESIAN_POINT('',(1.328549480969E0,-8.256708650519E0,
-3.499999999968E-1));
#3940=DIRECTION('',(0.E0,0.E0,1.E0));
#3941=DIRECTION('',(-4.501846895266E-8,-1.E0,0.E0));
#3942=AXIS2_PLACEMENT_3D('',#3939,#3940,#3941);
#3944=DIRECTION('',(1.E0,8.022027486955E-12,1.080644462833E-10));
#3945=VECTOR('',#3944,2.499999999930E-1);
#3946=CARTESIAN_POINT('',(1.428549480974E0,-8.256708650439E0,
-3.500000000911E-1));
#3947=LINE('',#3946,#3945);
#3948=CARTESIAN_POINT('',(1.328549480969E0,-8.256708650519E0,
-3.499999999968E-1));
#3949=DIRECTION('',(0.E0,0.E0,-1.E0));
#3950=DIRECTION('',(1.E0,3.076802304999E-10,0.E0));
#3951=AXIS2_PLACEMENT_3D('',#3948,#3949,#3950);
#3953=DIRECTION('',(4.081528440999E-13,4.605189949545E-12,1.E0));
#3954=VECTOR('',#3953,1.464999999991E1);
#3955=CARTESIAN_POINT('',(1.428549480968E0,-8.256708650506E0,-1.5E1));
#3956=LINE('',#3955,#3954);
#3957=DIRECTION('',(4.090861892646E-11,1.191953627178E-11,-1.E0));
#3958=VECTOR('',#3957,1.465000000017E1);
#3959=CARTESIAN_POINT('',(1.328549479119E0,-8.356708650771E0,
-3.499999998278E-1));
#3960=LINE('',#3959,#3958);
#3961=DIRECTION('',(1.E0,0.E0,0.E0));
#3962=VECTOR('',#3961,2.500000000003E-1);
#3963=CARTESIAN_POINT('',(1.428549480969E0,-6.406708650519E0,-1.255E1));
#3964=LINE('',#3963,#3962);
#3965=DIRECTION('',(-1.E0,0.E0,0.E0));
#3966=VECTOR('',#3965,2.5E-1);
#3967=CARTESIAN_POINT('',(1.678549480969E0,-6.406708650519E0,-1.24E1));
#3968=LINE('',#3967,#3966);
#3969=DIRECTION('',(1.E0,0.E0,0.E0));
#3970=VECTOR('',#3969,2.500000000003E-1);
#3971=CARTESIAN_POINT('',(1.428549480969E0,-6.406708650519E0,-1.355E1));
#3972=LINE('',#3971,#3970);
#3973=DIRECTION('',(-1.E0,0.E0,0.E0));
#3974=VECTOR('',#3973,2.5E-1);
#3975=CARTESIAN_POINT('',(1.678549480969E0,-7.656708650519E0,-1.24E1));
#3976=LINE('',#3975,#3974);
#3977=DIRECTION('',(-1.E0,0.E0,0.E0));
#3978=VECTOR('',#3977,2.5E-1);
#3979=CARTESIAN_POINT('',(1.678549480969E0,-7.656708650519E0,-1.37E1));
#3980=LINE('',#3979,#3978);
#3981=DIRECTION('',(-1.E0,0.E0,0.E0));
#3982=VECTOR('',#3981,2.5E-1);
#3983=CARTESIAN_POINT('',(1.678549480969E0,-6.406708650519E0,-1.37E1));
#3984=LINE('',#3983,#3982);
#3985=DIRECTION('',(1.E0,0.E0,0.E0));
#3986=VECTOR('',#3985,1.E-1);
#3987=CARTESIAN_POINT('',(1.328549480969E0,-6.406708650519E0,-1.355E1));
#3988=LINE('',#3987,#3986);
#3989=DIRECTION('',(1.E0,0.E0,0.E0));
#3990=VECTOR('',#3989,1.E-1);
#3991=CARTESIAN_POINT('',(1.328549480969E0,-6.406708650519E0,-1.255E1));
#3992=LINE('',#3991,#3990);
#3993=DIRECTION('',(1.E0,0.E0,0.E0));
#3994=VECTOR('',#3993,3.500000000007E-1);
#3995=CARTESIAN_POINT('',(1.328549480969E0,-7.406708650519E0,-1.355E1));
#3996=LINE('',#3995,#3994);
#3997=CARTESIAN_POINT('',(5.785494809690E-1,-7.806708650519E0,-1.62E1));
#3998=DIRECTION('',(0.E0,0.E0,1.E0));
#3999=DIRECTION('',(-2.506683749459E-11,-1.E0,0.E0));
#4000=AXIS2_PLACEMENT_3D('',#3997,#3998,#3999);
#4002=DIRECTION('',(0.E0,0.E0,1.E0));
#4003=VECTOR('',#4002,8.E-1);
#4004=CARTESIAN_POINT('',(-1.402145051903E1,7.293291349497E0,-1.62E1));
#4005=LINE('',#4004,#4003);
#4006=DIRECTION('',(0.E0,0.E0,-1.E0));
#4007=VECTOR('',#4006,2.5E-1);
#4008=CARTESIAN_POINT('',(-1.322145051903E1,7.293291349497E0,-1.595E1));
#4009=LINE('',#4008,#4007);
#4010=DIRECTION('',(0.E0,0.E0,-1.E0));
#4011=VECTOR('',#4010,5.5E-1);
#4012=CARTESIAN_POINT('',(-1.322145051903E1,3.793291349481E0,-1.54E1));
#4013=LINE('',#4012,#4011);
#4014=DIRECTION('',(0.E0,0.E0,1.E0));
#4015=VECTOR('',#4014,5.5E-1);
#4016=CARTESIAN_POINT('',(-1.322145051903E1,7.293291349497E0,-1.595E1));
#4017=LINE('',#4016,#4015);
#4018=DIRECTION('',(0.E0,0.E0,-1.E0));
#4019=VECTOR('',#4018,5.5E-1);
#4020=CARTESIAN_POINT('',(-1.402145051903E1,3.793291349481E0,-1.54E1));
#4021=LINE('',#4020,#4019);
#4022=DIRECTION('',(0.E0,0.E0,-1.E0));
#4023=VECTOR('',#4022,2.5E-1);
#4024=CARTESIAN_POINT('',(-1.322145051903E1,7.793291349481E0,-1.595E1));
#4025=LINE('',#4024,#4023);
#4026=DIRECTION('',(0.E0,-1.E0,0.E0));
#4027=VECTOR('',#4026,4.999999999840E-1);
#4028=CARTESIAN_POINT('',(-1.322145051903E1,7.793291349481E0,-1.595E1));
#4029=LINE('',#4028,#4027);
#4030=DIRECTION('',(1.E0,0.E0,0.E0));
#4031=VECTOR('',#4030,2.494987437107E-1);
#4032=CARTESIAN_POINT('',(-1.432094926274E1,7.193291349481E0,-1.556E1));
#4033=LINE('',#4032,#4031);
#4034=CARTESIAN_POINT('',(-1.422145051903E1,7.193291349481E0,-1.555E1));
#4035=DIRECTION('',(0.E0,1.E0,0.E0));
#4036=DIRECTION('',(3.552713678801E-14,0.E0,-1.E0));
#4037=AXIS2_PLACEMENT_3D('',#4034,#4035,#4036);
#4039=DIRECTION('',(-1.E0,0.E0,0.E0));
#4040=VECTOR('',#4039,5.5E-1);
#4041=CARTESIAN_POINT('',(-1.367145051903E1,7.193291349481E0,-1.565E1));
#4042=LINE('',#4041,#4040);
#4043=DIRECTION('',(0.E0,0.E0,1.E0));
#4044=VECTOR('',#4043,2.5E-1);
#4045=CARTESIAN_POINT('',(-1.367145051903E1,7.193291349481E0,-1.565E1));
#4046=LINE('',#4045,#4044);
#4047=CARTESIAN_POINT('',(-1.407145051903E1,7.253291349481E0,-1.556E1));
#4048=DIRECTION('',(-1.E0,0.E0,0.E0));
#4049=DIRECTION('',(0.E0,-1.E0,0.E0));
#4050=AXIS2_PLACEMENT_3D('',#4047,#4048,#4049);
#4052=CARTESIAN_POINT('',(-1.432145051903E1,7.253291349481E0,-1.556E1));
#4053=DIRECTION('',(1.E0,0.E0,0.E0));
#4054=DIRECTION('',(0.E0,0.E0,1.E0));
#4055=AXIS2_PLACEMENT_3D('',#4052,#4053,#4054);
#4057=CARTESIAN_POINT('',(-1.432111652303E1,5.793291349481E0,
-1.556083333333E1));
#4058=CARTESIAN_POINT('',(-1.432128543968E1,5.793291349481E0,
-1.555915263389E1));
#4059=CARTESIAN_POINT('',(-1.432128522472E1,5.793156054737E0,
-1.555420506186E1));
#4060=CARTESIAN_POINT('',(-1.432145051903E1,5.792719358666E0,
-1.555234424351E1));
#4061=CARTESIAN_POINT('',(-1.432145051903E1,5.792440491726E0,
-1.555069444444E1));
#4063=CARTESIAN_POINT('',(-1.432145051903E1,7.194130551650E0,-1.555E1));
#4064=CARTESIAN_POINT('',(-1.432145051903E1,7.193851547953E0,
-1.555165060813E1));
#4065=CARTESIAN_POINT('',(-1.432136877336E1,7.193432333859E0,
-1.555497059660E1));
#4066=CARTESIAN_POINT('',(-1.432111809733E1,7.193291349481E0,
-1.555832011702E1));
#4067=CARTESIAN_POINT('',(-1.432094926274E1,7.193291349481E0,-1.556E1));
#4069=DIRECTION('',(1.E0,0.E0,0.E0));
#4070=VECTOR('',#4069,2.5E-1);
#4071=CARTESIAN_POINT('',(-1.432145051903E1,5.668291349481E0,-1.55625E1));
#4072=LINE('',#4071,#4070);
#4073=DIRECTION('',(0.E0,0.E0,-1.E0));
#4074=VECTOR('',#4073,2.375E-1);
#4075=CARTESIAN_POINT('',(-1.432145051903E1,5.668291349481E0,-1.55625E1));
#4076=LINE('',#4075,#4074);
#4077=DIRECTION('',(-1.E0,0.E0,0.E0));
#4078=VECTOR('',#4077,2.5E-1);
#4079=CARTESIAN_POINT('',(-1.407145051903E1,5.668291349481E0,-1.58E1));
#4080=LINE('',#4079,#4078);
#4081=DIRECTION('',(0.E0,0.E0,1.E0));
#4082=VECTOR('',#4081,2.375E-1);
#4083=CARTESIAN_POINT('',(-1.407145051903E1,5.668291349481E0,-1.58E1));
#4084=LINE('',#4083,#4082);
#4085=DIRECTION('',(0.E0,0.E0,-1.E0));
#4086=VECTOR('',#4085,2.5E-1);
#4087=CARTESIAN_POINT('',(-1.367145051903E1,5.793291349481E0,-1.54E1));
#4088=LINE('',#4087,#4086);
#4089=DIRECTION('',(1.E0,0.E0,0.E0));
#4090=VECTOR('',#4089,5.5E-1);
#4091=CARTESIAN_POINT('',(-1.422145051903E1,5.793291349481E0,-1.565E1));
#4092=LINE('',#4091,#4090);
#4093=CARTESIAN_POINT('',(-1.422145051903E1,5.793291349481E0,-1.555E1));
#4094=DIRECTION('',(0.E0,-1.E0,0.E0));
#4095=DIRECTION('',(-9.950372418890E-1,0.E0,-9.950320222989E-2));
#4096=AXIS2_PLACEMENT_3D('',#4093,#4094,#4095);
#4098=DIRECTION('',(-1.E0,0.E0,0.E0));
#4099=VECTOR('',#4098,2.496660039954E-1);
#4100=CARTESIAN_POINT('',(-1.407145051903E1,5.793291349481E0,
-1.556083333333E1));
#4101=LINE('',#4100,#4099);
#4102=DIRECTION('',(-1.E0,1.776356839400E-14,3.552713678801E-14));
#4103=VECTOR('',#4102,5.E-2);
#4104=CARTESIAN_POINT('',(-1.402145051903E1,7.193291349481E0,-1.54E1));
#4105=LINE('',#4104,#4103);
#4106=DIRECTION('',(1.E0,1.776356839400E-14,-3.552713678801E-14));
#4107=VECTOR('',#4106,5.E-2);
#4108=CARTESIAN_POINT('',(-1.407145051903E1,5.793291349481E0,-1.54E1));
#4109=LINE('',#4108,#4107);
#4110=CARTESIAN_POINT('',(-1.367145051903E1,6.043291349481E0,-1.54E1));
#4111=DIRECTION('',(0.E0,0.E0,1.E0));
#4112=DIRECTION('',(0.E0,-1.E0,0.E0));
#4113=AXIS2_PLACEMENT_3D('',#4110,#4111,#4112);
#4115=DIRECTION('',(0.E0,-1.E0,0.E0));
#4116=VECTOR('',#4115,1.4E0);
#4117=CARTESIAN_POINT('',(-1.422145051903E1,7.193291349481E0,-1.565E1));
#4118=LINE('',#4117,#4116);
#4119=CARTESIAN_POINT('',(-1.367145051903E1,6.043291349481E0,-1.565E1));
#4120=DIRECTION('',(0.E0,0.E0,-1.E0));
#4121=DIRECTION('',(1.E0,-1.065814103640E-14,0.E0));
#4122=AXIS2_PLACEMENT_3D('',#4119,#4120,#4121);
#4124=CARTESIAN_POINT('',(-1.367145051903E1,6.943291349481E0,-1.565E1));
#4125=DIRECTION('',(0.E0,0.E0,-1.E0));
#4126=DIRECTION('',(0.E0,1.E0,0.E0));
#4127=AXIS2_PLACEMENT_3D('',#4124,#4125,#4126);
#4129=DIRECTION('',(0.E0,0.E0,1.E0));
#4130=VECTOR('',#4129,2.5E-1);
#4131=CARTESIAN_POINT('',(-1.342145051903E1,6.943291349481E0,-1.565E1));
#4132=LINE('',#4131,#4130);
#4133=DIRECTION('',(0.E0,1.E0,0.E0));
#4134=VECTOR('',#4133,9.E-1);
#4135=CARTESIAN_POINT('',(-1.342145051903E1,6.043291349481E0,-1.565E1));
#4136=LINE('',#4135,#4134);
#4137=DIRECTION('',(0.E0,0.E0,-1.E0));
#4138=VECTOR('',#4137,2.5E-1);
#4139=CARTESIAN_POINT('',(-1.342145051903E1,6.043291349481E0,-1.54E1));
#4140=LINE('',#4139,#4138);
#4141=CARTESIAN_POINT('',(-1.367145051903E1,6.943291349481E0,-1.54E1));
#4142=DIRECTION('',(0.E0,0.E0,1.E0));
#4143=DIRECTION('',(1.E0,0.E0,0.E0));
#4144=AXIS2_PLACEMENT_3D('',#4141,#4142,#4143);
#4146=DIRECTION('',(-6.777531615138E-10,-1.E0,-2.341752782678E-14));
#4147=VECTOR('',#4146,2.313603895444E0);
#4148=CARTESIAN_POINT('',(-1.372145051734E1,-5.493104753531E0,
-3.099999999997E0));
#4149=LINE('',#4148,#4147);
#4150=DIRECTION('',(1.312220168004E-10,-1.E0,1.547968096079E-13));
#4151=VECTOR('',#4150,3.500000015436E-1);
#4152=CARTESIAN_POINT('',(-1.372145051891E1,-7.806708648975E0,
-3.099999999997E0));
#4153=LINE('',#4152,#4151);
#4154=DIRECTION('',(-1.E0,0.E0,0.E0));
#4155=VECTOR('',#4154,2.499999996336E-1);
#4156=CARTESIAN_POINT('',(-1.372145051886E1,-8.156708650519E0,
-3.099999999997E0));
#4157=LINE('',#4156,#4155);
#4158=DIRECTION('',(1.E0,1.687183726699E-11,0.E0));
#4159=VECTOR('',#4158,2.499999999056E-1);
#4160=CARTESIAN_POINT('',(-1.397145051725E1,-5.493104753536E0,
-3.099999999997E0));
#4161=LINE('',#4160,#4159);
#4162=DIRECTION('',(0.E0,-1.E0,0.E0));
#4163=VECTOR('',#4162,3.500000005221E-1);
#4164=CARTESIAN_POINT('',(-1.372145051903E1,-7.806708649997E0,-1.58E1));
#4165=LINE('',#4164,#4163);
#4166=DIRECTION('',(1.303594153008E-11,0.E0,1.E0));
#4167=VECTOR('',#4166,1.27E1);
#4168=CARTESIAN_POINT('',(-1.372145051903E1,-8.156708650519E0,-1.58E1));
#4169=LINE('',#4168,#4167);
#4170=DIRECTION('',(1.E0,0.E0,0.E0));
#4171=VECTOR('',#4170,2.5E-1);
#4172=CARTESIAN_POINT('',(-1.397145051903E1,-8.156708650519E0,-1.58E1));
#4173=LINE('',#4172,#4171);
#4174=CARTESIAN_POINT('',(-1.407145051903E1,-5.493104753519E0,
-3.099999999997E0));
#4175=DIRECTION('',(0.E0,0.E0,-1.E0));
#4176=DIRECTION('',(7.071067810952E-1,7.071067812779E-1,0.E0));
#4177=AXIS2_PLACEMENT_3D('',#4174,#4175,#4176);
#4179=CARTESIAN_POINT('',(-1.407145051903E1,-5.493104753519E0,
-3.099999999997E0));
#4180=DIRECTION('',(0.E0,0.E0,1.E0));
#4181=DIRECTION('',(1.E0,-1.475175493025E-10,0.E0));
#4182=AXIS2_PLACEMENT_3D('',#4179,#4180,#4181);
#4184=DIRECTION('',(7.071067811113E-1,7.071067812618E-1,0.E0));
#4185=VECTOR('',#4184,2.499999997607E-1);
#4186=CARTESIAN_POINT('',(-1.400073984017E1,-5.422394074650E0,
-3.099999999997E0));
#4187=LINE('',#4186,#4185);
#4188=DIRECTION('',(-1.078127486277E-12,0.E0,-1.E0));
#4189=VECTOR('',#4188,5.5E-1);
#4190=CARTESIAN_POINT('',(5.785494809700E-1,7.293291349497E0,-1.54E1));
#4191=LINE('',#4190,#4189);
#4192=DIRECTION('',(0.E0,0.E0,-1.E0));
#4193=VECTOR('',#4192,5.5E-1);
#4194=CARTESIAN_POINT('',(5.785494809700E-1,3.793291349481E0,-1.54E1));
#4195=LINE('',#4194,#4193);
#4196=CARTESIAN_POINT('',(1.578549480969E0,5.793291349481E0,-1.555E1));
#4197=DIRECTION('',(0.E0,-1.E0,0.E0));
#4198=DIRECTION('',(0.E0,0.E0,-1.E0));
#4199=AXIS2_PLACEMENT_3D('',#4196,#4197,#4198);
#4201=DIRECTION('',(1.E0,0.E0,0.E0));
#4202=VECTOR('',#4201,5.5E-1);
#4203=CARTESIAN_POINT('',(1.028549480969E0,5.793291349481E0,-1.565E1));
#4204=LINE('',#4203,#4202);
#4205=DIRECTION('',(0.E0,0.E0,1.E0));
#4206=VECTOR('',#4205,2.5E-1);
#4207=CARTESIAN_POINT('',(1.028549480969E0,5.793291349481E0,-1.565E1));
#4208=LINE('',#4207,#4206);
#4209=DIRECTION('',(-1.E0,0.E0,0.E0));
#4210=VECTOR('',#4209,2.492156741649E-1);
#4211=CARTESIAN_POINT('',(1.677765155134E0,5.793291349481E0,-1.55625E1));
#4212=LINE('',#4211,#4210);
#4213=DIRECTION('',(0.E0,1.E0,0.E0));
#4214=VECTOR('',#4213,1.4E0);
#4215=CARTESIAN_POINT('',(1.578549480969E0,5.793291349481E0,-1.565E1));
#4216=LINE('',#4215,#4214);
#4217=CARTESIAN_POINT('',(1.028549480969E0,6.943291349481E0,-1.565E1));
#4218=DIRECTION('',(0.E0,0.E0,-1.E0));
#4219=DIRECTION('',(-1.E0,0.E0,0.E0));
#4220=AXIS2_PLACEMENT_3D('',#4217,#4218,#4219);
#4222=CARTESIAN_POINT('',(1.028549480969E0,6.043291349481E0,-1.565E1));
#4223=DIRECTION('',(0.E0,0.E0,-1.E0));
#4224=DIRECTION('',(0.E0,-1.E0,0.E0));
#4225=AXIS2_PLACEMENT_3D('',#4222,#4223,#4224);
#4227=CARTESIAN_POINT('',(1.578549480969E0,7.193291349481E0,-1.555E1));
#4228=DIRECTION('',(0.E0,1.E0,0.E0));
#4229=DIRECTION('',(9.921567416492E-1,0.E0,-1.25E-1));
#4230=AXIS2_PLACEMENT_3D('',#4227,#4228,#4229);
#4232=DIRECTION('',(1.E0,0.E0,0.E0));
#4233=VECTOR('',#4232,2.492156741649E-1);
#4234=CARTESIAN_POINT('',(1.428549480969E0,7.193291349481E0,-1.55625E1));
#4235=LINE('',#4234,#4233);
#4236=DIRECTION('',(0.E0,0.E0,-1.E0));
#4237=VECTOR('',#4236,2.5E-1);
#4238=CARTESIAN_POINT('',(1.028549480969E0,7.193291349481E0,-1.54E1));
#4239=LINE('',#4238,#4237);
#4240=DIRECTION('',(-1.E0,0.E0,0.E0));
#4241=VECTOR('',#4240,5.5E-1);
#4242=CARTESIAN_POINT('',(1.578549480969E0,7.193291349481E0,-1.565E1));
#4243=LINE('',#4242,#4241);
#4244=DIRECTION('',(1.E0,-3.552713678800E-14,7.105427357601E-14));
#4245=VECTOR('',#4244,5.E-2);
#4246=CARTESIAN_POINT('',(1.378549480969E0,7.193291349481E0,-1.54E1));
#4247=LINE('',#4246,#4245);
#4248=DIRECTION('',(-1.E0,1.776356839400E-14,-3.552713678800E-14));
#4249=VECTOR('',#4248,5.E-2);
#4250=CARTESIAN_POINT('',(1.428549480969E0,5.793291349481E0,-1.54E1));
#4251=LINE('',#4250,#4249);
#4252=CARTESIAN_POINT('',(1.028549480969E0,6.943291349481E0,-1.54E1));
#4253=DIRECTION('',(0.E0,0.E0,1.E0));
#4254=DIRECTION('',(0.E0,1.E0,0.E0));
#4255=AXIS2_PLACEMENT_3D('',#4252,#4253,#4254);
#4257=DIRECTION('',(0.E0,0.E0,-1.E0));
#4258=VECTOR('',#4257,2.5E-1);
#4259=CARTESIAN_POINT('',(7.785494809690E-1,6.943291349481E0,-1.54E1));
#4260=LINE('',#4259,#4258);
#4261=DIRECTION('',(0.E0,0.E0,1.E0));
#4262=VECTOR('',#4261,2.5E-1);
#4263=CARTESIAN_POINT('',(7.785494809690E-1,6.043291349481E0,-1.565E1));
#4264=LINE('',#4263,#4262);
#4265=DIRECTION('',(0.E0,1.E0,0.E0));
#4266=VECTOR('',#4265,9.E-1);
#4267=CARTESIAN_POINT('',(7.785494809690E-1,6.043291349481E0,-1.565E1));
#4268=LINE('',#4267,#4266);
#4269=CARTESIAN_POINT('',(1.028549480969E0,6.043291349481E0,-1.54E1));
#4270=DIRECTION('',(0.E0,0.E0,1.E0));
#4271=DIRECTION('',(-1.E0,0.E0,0.E0));
#4272=AXIS2_PLACEMENT_3D('',#4269,#4270,#4271);
#4274=CARTESIAN_POINT('',(1.677765155134E0,5.793291349481E0,-1.55625E1));
#4275=CARTESIAN_POINT('',(1.678028888992E0,5.793291349481E0,-1.556040667740E1));
#4276=CARTESIAN_POINT('',(1.678421989932E0,5.793080814720E0,-1.555621559722E1));
#4277=CARTESIAN_POINT('',(1.678549480969E0,5.792448899005E0,-1.555205907025E1));
#4278=CARTESIAN_POINT('',(1.678549480969E0,5.792028593051E0,-1.555E1));
#4280=DIRECTION('',(1.E0,0.E0,0.E0));
#4281=VECTOR('',#4280,2.5E-1);
#4282=CARTESIAN_POINT('',(1.428549480969E0,5.668291349481E0,-1.55625E1));
#4283=LINE('',#4282,#4281);
#4284=DIRECTION('',(0.E0,0.E0,-1.E0));
#4285=VECTOR('',#4284,2.375E-1);
#4286=CARTESIAN_POINT('',(1.428549480969E0,5.668291349481E0,-1.55625E1));
#4287=LINE('',#4286,#4285);
#4288=DIRECTION('',(-1.E0,0.E0,0.E0));
#4289=VECTOR('',#4288,2.5E-1);
#4290=CARTESIAN_POINT('',(1.678549480969E0,5.668291349481E0,-1.58E1));
#4291=LINE('',#4290,#4289);
#4292=DIRECTION('',(0.E0,0.E0,1.E0));
#4293=VECTOR('',#4292,2.375E-1);
#4294=CARTESIAN_POINT('',(1.678549480969E0,5.668291349481E0,-1.58E1));
#4295=LINE('',#4294,#4293);
#4296=CARTESIAN_POINT('',(-4.296450519031E0,5.443291349481E0,-5.E-1));
#4297=DIRECTION('',(1.E0,0.E0,0.E0));
#4298=DIRECTION('',(0.E0,8.800002504472E-9,1.E0));
#4299=AXIS2_PLACEMENT_3D('',#4296,#4297,#4298);
#4301=DIRECTION('',(0.E0,-1.534504310860E-11,-1.E0));
#4302=VECTOR('',#4301,5.169999995633E0);
#4303=CARTESIAN_POINT('',(-4.296450519031E0,4.943291349460E0,
-5.000000043254E-1));
#4304=LINE('',#4303,#4302);
#4305=DIRECTION('',(0.E0,1.E0,8.374006095216E-11));
#4306=VECTOR('',#4305,2.050000000092E0);
#4307=CARTESIAN_POINT('',(-4.296450519031E0,4.943291349381E0,
-5.669999999958E0));
#4308=LINE('',#4307,#4306);
#4309=DIRECTION('',(0.E0,3.153192941419E-11,1.E0));
#4310=VECTOR('',#4309,1.670000000808E0);
#4311=CARTESIAN_POINT('',(-4.296450519031E0,6.993291349473E0,
-5.669999999787E0));
#4312=LINE('',#4311,#4310);
#4313=DIRECTION('',(0.E0,1.218693433459E-1,9.925461516486E-1));
#4314=VECTOR('',#4313,3.993603791404E0);
#4315=CARTESIAN_POINT('',(-4.296450519031E0,6.993291349526E0,
-3.999999998978E0));
#4316=LINE('',#4315,#4314);
#4317=CARTESIAN_POINT('',(-4.296450519031E0,7.293291349481E0,-5.E-1));
#4318=DIRECTION('',(1.E0,0.E0,0.E0));
#4319=DIRECTION('',(0.E0,3.733957430598E-1,9.276721506356E-1));
#4320=AXIS2_PLACEMENT_3D('',#4317,#4318,#4319);
#4322=DIRECTION('',(-1.E0,5.854319498313E-11,1.197551687445E-9));
#4323=VECTOR('',#4322,1.125E0);
#4324=CARTESIAN_POINT('',(-3.171450519031E0,4.943291349395E0,
-5.000000056727E-1));
#4325=LINE('',#4324,#4323);
#4326=DIRECTION('',(1.E0,-1.012741298230E-9,0.E0));
#4327=VECTOR('',#4326,1.125E0);
#4328=CARTESIAN_POINT('',(-4.296450519031E0,5.443291352660E0,0.E0));
#4329=LINE('',#4328,#4327);
#4330=DIRECTION('',(1.E0,-5.854240549120E-11,-4.622238394505E-11));
#4331=VECTOR('',#4330,1.125E0);
#4332=CARTESIAN_POINT('',(-4.296450519031E0,4.943291349381E0,
-5.669999999958E0));
#4333=LINE('',#4332,#4331);
#4334=DIRECTION('',(-2.519998909001E-11,3.476004611591E-11,-1.E0));
#4335=VECTOR('',#4334,1.028000000028E1);
#4336=CARTESIAN_POINT('',(-3.089244082772E0,3.343291349124E0,
-5.669999999719E0));
#4337=LINE('',#4336,#4335);
#4338=DIRECTION('',(2.341382600040E-11,-1.026761900714E-12,1.E0));
#4339=VECTOR('',#4338,1.028000000037E1);
#4340=CARTESIAN_POINT('',(-3.089244083031E0,6.993291349481E0,-1.595E1));
#4341=LINE('',#4340,#4339);
#4342=DIRECTION('',(5.030253230218E-12,-1.E0,-2.324229089030E-11));
#4343=VECTOR('',#4342,3.650000000347E0);
#4344=CARTESIAN_POINT('',(-3.089244082790E0,6.993291349470E0,
-5.669999999634E0));
#4345=LINE('',#4344,#4343);
#4346=DIRECTION('',(6.106226636416E-14,0.E0,1.E0));
#4347=VECTOR('',#4346,1.999999999680E-2);
#4348=CARTESIAN_POINT('',(8.785494809690E-1,7.803291349481E0,
-1.999999999680E-2));
#4349=LINE('',#4348,#4347);
#4350=DIRECTION('',(0.E0,0.E0,1.E0));
#4351=VECTOR('',#4350,1.999999999680E-2);
#4352=CARTESIAN_POINT('',(-1.352145051903E1,7.803291349481E0,
-1.999999999680E-2));
#4353=LINE('',#4352,#4351);
#4354=DIRECTION('',(2.916959750585E-12,4.640617785022E-13,1.E0));
#4355=VECTOR('',#4354,1.339745961835E-2);
#4356=CARTESIAN_POINT('',(-1.362094926274E1,7.793291349481E0,
-1.339745961835E-2));
#4357=LINE('',#4356,#4355);
#4358=DIRECTION('',(1.E0,0.E0,0.E0));
#4359=VECTOR('',#4358,1.44E1);
#4360=CARTESIAN_POINT('',(-1.352145051903E1,7.803291349481E0,0.E0));
#4361=LINE('',#4360,#4359);
#4362=CARTESIAN_POINT('',(-1.352145051903E1,7.303291349481E0,0.E0));
#4363=DIRECTION('',(0.E0,0.E0,-1.E0));
#4364=DIRECTION('',(-1.989974874213E-1,9.8E-1,0.E0));
#4365=AXIS2_PLACEMENT_3D('',#4362,#4363,#4364);
#4367=DIRECTION('',(-1.E0,0.E0,0.E0));
#4368=VECTOR('',#4367,1.459899748742E1);
#4369=CARTESIAN_POINT('',(9.780482246797E-1,7.793291349481E0,0.E0));
#4370=LINE('',#4369,#4368);
#4371=CARTESIAN_POINT('',(8.785494809690E-1,7.303291349481E0,0.E0));
#4372=DIRECTION('',(0.E0,0.E0,-1.E0));
#4373=DIRECTION('',(0.E0,1.E0,0.E0));
#4374=AXIS2_PLACEMENT_3D('',#4371,#4372,#4373);
#4376=CARTESIAN_POINT('',(-1.397145051903E1,-4.956708650519E0,-1.58E1));
#4377=DIRECTION('',(0.E0,0.E0,1.E0));
#4378=DIRECTION('',(-9.999999999998E-1,-6.836179273580E-7,0.E0));
#4379=AXIS2_PLACEMENT_3D('',#4376,#4377,#4378);
#4381=DIRECTION('',(1.187729389905E-9,-1.421517322051E-9,1.E0));
#4382=VECTOR('',#4381,1.27E1);
#4383=CARTESIAN_POINT('',(-1.404216121577E1,-5.027419314102E0,-1.58E1));
#4384=LINE('',#4383,#4382);
#4385=DIRECTION('',(1.634846938493E-10,-1.793167749023E-9,-1.E0));
#4386=VECTOR('',#4385,1.269999999998E1);
#4387=CARTESIAN_POINT('',(-1.407145052411E1,-4.956708650533E0,
-3.100000000019E0));
#4388=LINE('',#4387,#4386);
#4389=DIRECTION('',(-1.E0,-7.844391796434E-12,3.820943558453E-11));
#4390=VECTOR('',#4389,2.500000002026E-1);
#4391=CARTESIAN_POINT('',(-1.407145052411E1,-4.956708650533E0,
-3.100000000019E0));
#4392=LINE('',#4391,#4390);
#4393=DIRECTION('',(4.275471156565E-10,1.E0,1.777689106869E-11));
#4394=VECTOR('',#4393,9.700000000875E0);
#4395=CARTESIAN_POINT('',(-1.432145052431E1,-4.956708650535E0,
-3.100000000009E0));
#4396=LINE('',#4395,#4394);
#4397=DIRECTION('',(-1.E0,0.E0,0.E0));
#4398=VECTOR('',#4397,1.E-1);
#4399=CARTESIAN_POINT('',(-1.397145051903E1,-6.406708650519E0,-1.255E1));
#4400=LINE('',#4399,#4398);
#4401=DIRECTION('',(-1.E0,0.E0,0.E0));
#4402=VECTOR('',#4401,1.E-1);
#4403=CARTESIAN_POINT('',(-1.397145051903E1,-6.406708650519E0,-1.355E1));
#4404=LINE('',#4403,#4402);
#4405=DIRECTION('',(-1.E0,0.E0,0.E0));
#4406=VECTOR('',#4405,3.5E-1);
#4407=CARTESIAN_POINT('',(-1.397145051903E1,-7.406708650519E0,-1.355E1));
#4408=LINE('',#4407,#4406);
#4409=DIRECTION('',(1.E0,0.E0,0.E0));
#4410=VECTOR('',#4409,2.5E-1);
#4411=CARTESIAN_POINT('',(-1.432145051903E1,-7.656708650519E0,-1.24E1));
#4412=LINE('',#4411,#4410);
#4413=DIRECTION('',(1.E0,0.E0,0.E0));
#4414=VECTOR('',#4413,2.5E-1);
#4415=CARTESIAN_POINT('',(-1.432145051903E1,-7.656708650519E0,-1.37E1));
#4416=LINE('',#4415,#4414);
#4417=DIRECTION('',(1.E0,0.E0,0.E0));
#4418=VECTOR('',#4417,2.5E-1);
#4419=CARTESIAN_POINT('',(-1.432145051903E1,-6.406708650519E0,-1.37E1));
#4420=LINE('',#4419,#4418);
#4421=CARTESIAN_POINT('',(1.328549480969E0,-8.006708650519E0,
-9.999999999680E-2));
#4422=DIRECTION('',(0.E0,1.E0,0.E0));
#4423=DIRECTION('',(-8.656698405726E-8,0.E0,1.E0));
#4424=AXIS2_PLACEMENT_3D('',#4421,#4422,#4423);
#4426=DIRECTION('',(3.599064228558E-12,1.382596160053E-11,1.E0));
#4427=VECTOR('',#4426,3.751000003756E0);
#4428=CARTESIAN_POINT('',(1.428549480955E0,-2.056708650489E0,
-1.955100000376E1));
#4429=LINE('',#4428,#4427);
#4430=DIRECTION('',(-1.235967398026E-11,-1.669934072751E-11,-1.E0));
#4431=VECTOR('',#4430,3.751000004171E0);
#4432=CARTESIAN_POINT('',(1.678549480969E0,-2.056708650437E0,-1.58E1));
#4433=LINE('',#4432,#4431);
#4434=DIRECTION('',(-9.999999999999E-1,3.244340103237E-7,4.236262896029E-8));
#4435=VECTOR('',#4434,2.5E-1);
#4436=CARTESIAN_POINT('',(1.678549480969E0,-1.406711629854E0,
-2.019999922958E1));
#4437=LINE('',#4436,#4435);
#4438=DIRECTION('',(1.E0,-4.311218049791E-11,-1.660382054288E-9));
#4439=VECTOR('',#4438,2.499999999671E-1);
#4440=CARTESIAN_POINT('',(1.428549480955E0,-2.056708650489E0,
-1.955100000376E1));
#4441=LINE('',#4440,#4439);
#4442=DIRECTION('',(-1.E0,2.562448031540E-10,-3.274038817835E-10));
#4443=VECTOR('',#4442,2.5E-1);
#4444=CARTESIAN_POINT('',(1.678549480969E0,-7.567086506952E-1,
-1.955100000716E1));
#4445=LINE('',#4444,#4443);
#4446=DIRECTION('',(0.E0,4.697116527800E-11,1.E0));
#4447=VECTOR('',#4446,3.751000007165E0);
#4448=CARTESIAN_POINT('',(1.678549480969E0,-7.567086506952E-1,
-1.955100000716E1));
#4449=LINE('',#4448,#4447);
#4450=DIRECTION('',(0.E0,-2.989267348563E-11,-1.E0));
#4451=VECTOR('',#4450,3.751000007247E0);
#4452=CARTESIAN_POINT('',(1.428549480969E0,-7.567086505190E-1,-1.58E1));
#4453=LINE('',#4452,#4451);
#4454=CARTESIAN_POINT('',(-1.397145051903E1,7.743291349481E0,-1.58E1));
#4455=DIRECTION('',(0.E0,0.E0,-1.E0));
#4456=DIRECTION('',(-1.E0,0.E0,0.E0));
#4457=AXIS2_PLACEMENT_3D('',#4454,#4455,#4456);
#4459=DIRECTION('',(3.154447686781E-13,3.893276359474E-13,1.E0));
#4460=VECTOR('',#4459,1.570000000001E1);
#4461=CARTESIAN_POINT('',(-1.397145051903E1,8.093291349481E0,-1.58E1));
#4462=LINE('',#4461,#4460);
#4463=DIRECTION('',(4.422562811394E-12,7.687382224108E-12,-1.E0));
#4464=VECTOR('',#4463,1.569999999991E1);
#4465=CARTESIAN_POINT('',(-1.432145051910E1,7.743291349360E0,
-1.000000000922E-1));
#4466=LINE('',#4465,#4464);
#4467=DIRECTION('',(-1.694573370512E-10,1.049826892084E-11,-1.E0));
#4468=VECTOR('',#4467,2.500000000003E-1);
#4469=CARTESIAN_POINT('',(-8.921450518770E0,7.743291349470E0,
2.500000000032E-1));
#4470=LINE('',#4469,#4468);
#4471=DIRECTION('',(-6.291074328070E-10,0.E0,-1.E0));
#4472=VECTOR('',#4471,2.500000000030E-1);
#4473=CARTESIAN_POINT('',(-8.921450518759E0,5.593291349481E0,
2.500000000032E-1));
#4474=LINE('',#4473,#4472);
#4475=DIRECTION('',(1.481339495494E-9,0.E0,-1.E0));
#4476=VECTOR('',#4475,2.500000000032E-1);
#4477=CARTESIAN_POINT('',(-9.921450519587E0,5.593291349481E0,
2.500000000032E-1));
#4478=LINE('',#4477,#4476);
#4479=DIRECTION('',(1.481339495499E-9,0.E0,-1.E0));
#4480=VECTOR('',#4479,2.500000000023E-1);
#4481=CARTESIAN_POINT('',(-9.921450519587E0,3.843291349481E0,
2.500000000023E-1));
#4482=LINE('',#4481,#4480);
#4483=DIRECTION('',(0.E0,4.797974850092E-11,1.E0));
#4484=VECTOR('',#4483,3.751000013466E0);
#4485=CARTESIAN_POINT('',(-1.407145051903E1,-7.567086506990E-1,
-1.955100001347E1));
#4486=LINE('',#4485,#4484);
#4487=DIRECTION('',(0.E0,-3.053554314976E-11,-1.E0));
#4488=VECTOR('',#4487,3.751000016898E0);
#4489=CARTESIAN_POINT('',(-1.432145051903E1,-7.567086505190E-1,-1.58E1));
#4490=LINE('',#4489,#4488);
#4491=DIRECTION('',(-1.E0,2.617328576093E-10,-1.372586666548E-8));
#4492=VECTOR('',#4491,2.5E-1);
#4493=CARTESIAN_POINT('',(-1.407145051903E1,-7.567086506990E-1,
-1.955100001347E1));
#4494=LINE('',#4493,#4492);
#4495=DIRECTION('',(1.E0,-1.922231264555E-10,-8.278590264236E-9));
#4496=VECTOR('',#4495,2.499999998044E-1);
#4497=CARTESIAN_POINT('',(-1.432145051927E1,-2.056708650387E0,
-1.955100000471E1));
#4498=LINE('',#4497,#4496);
#4499=DIRECTION('',(-1.E0,2.842170943040E-14,-2.117417352565E-12));
#4500=VECTOR('',#4499,2.5E-1);
#4501=CARTESIAN_POINT('',(-1.407145051903E1,-1.406711628443E0,
-2.019999922958E1));
#4502=LINE('',#4501,#4500);
#4503=DIRECTION('',(6.383518960896E-11,6.099093496645E-11,1.E0));
#4504=VECTOR('',#4503,3.751000004709E0);
#4505=CARTESIAN_POINT('',(-1.432145051927E1,-2.056708650387E0,
-1.955100000471E1));
#4506=LINE('',#4505,#4504);
#4507=DIRECTION('',(-1.159689659069E-10,-7.380251199989E-11,-1.E0));
#4508=VECTOR('',#4507,3.751000006778E0);
#4509=CARTESIAN_POINT('',(-1.407145051903E1,-2.056708650158E0,-1.58E1));
#4510=LINE('',#4509,#4508);
#4511=CARTESIAN_POINT('',(-1.397145051903E1,7.243291349481E0,
-9.999999999680E-2));
#4512=DIRECTION('',(0.E0,-1.E0,0.E0));
#4513=DIRECTION('',(1.366982717497E-9,0.E0,1.E0));
#4514=AXIS2_PLACEMENT_3D('',#4511,#4512,#4513);
#4516=CARTESIAN_POINT('',(-1.290536048203E1,3.932913494810E-1,
-9.999999999680E-2));
#4517=DIRECTION('',(0.E0,-1.E0,0.E0));
#4518=DIRECTION('',(2.397427504228E-1,0.E0,9.708364505001E-1));
#4519=AXIS2_PLACEMENT_3D('',#4516,#4517,#4518);
#4521=DIRECTION('',(1.299316210179E-10,1.E0,-2.688696487674E-12));
#4522=VECTOR('',#4521,2.E0);
#4523=CARTESIAN_POINT('',(-1.290536049115E1,-1.606708650519E0,
2.499999997687E-1));
#4524=LINE('',#4523,#4522);
#4525=DIRECTION('',(-8.819611707622E-13,-1.E0,-2.791069458885E-12));
#4526=VECTOR('',#4525,2.E0);
#4527=CARTESIAN_POINT('',(-1.256067776901E1,3.932913494810E-1,
-3.922313809098E-2));
#4528=LINE('',#4527,#4526);
#4529=CARTESIAN_POINT('',(-1.290536048203E1,3.932913494810E-1,
-9.999999999680E-2));
#4530=DIRECTION('',(0.E0,1.E0,0.E0));
#4531=DIRECTION('',(-2.947063045598E-8,0.E0,1.E0));
#4532=AXIS2_PLACEMENT_3D('',#4529,#4530,#4531);
#4534=CARTESIAN_POINT('',(-1.290536048203E1,3.932913494810E-1,
-9.999999999680E-2));
#4535=DIRECTION('',(0.E0,-1.E0,0.E0));
#4536=DIRECTION('',(9.848077531172E-1,0.E0,1.736481770717E-1));
#4537=AXIS2_PLACEMENT_3D('',#4534,#4535,#4536);
#4539=DIRECTION('',(6.402115266447E-10,0.E0,-1.E0));
#4540=VECTOR('',#4539,2.397927571471E-1);
#4541=CARTESIAN_POINT('',(-1.282145051941E1,3.932913494810E-1,
2.397927571244E-1));
#4542=LINE('',#4541,#4540);
#4543=DIRECTION('',(1.007194327940E-12,1.E0,-7.414249769688E-12));
#4544=VECTOR('',#4543,2.E0);
#4545=CARTESIAN_POINT('',(-1.280687970699E1,-1.606708650519E0,
-8.263518220088E-2));
#4546=LINE('',#4545,#4544);
#4547=DIRECTION('',(-5.286082682687E-11,-1.E0,-5.409420596643E-12));
#4548=VECTOR('',#4547,2.E0);
#4549=CARTESIAN_POINT('',(-1.290536048451E1,3.932913494810E-1,
-1.038203920981E-10));
#4550=LINE('',#4549,#4548);
#4551=CARTESIAN_POINT('',(-1.290536048203E1,-1.606708650519E0,
-9.999999999680E-2));
#4552=DIRECTION('',(0.E0,1.E0,0.E0));
#4553=DIRECTION('',(2.397427504927E-1,0.E0,9.708364504829E-1));
#4554=AXIS2_PLACEMENT_3D('',#4551,#4552,#4553);
#4556=DIRECTION('',(-9.848077531934E-1,0.E0,-1.736481766394E-1));
#4557=VECTOR('',#4556,2.499999996801E-1);
#4558=CARTESIAN_POINT('',(-1.256067776901E1,-1.606708650519E0,
-3.922313809657E-2));
#4559=LINE('',#4558,#4557);
#4560=CARTESIAN_POINT('',(-1.290536048203E1,-1.606708650519E0,
-9.999999999680E-2));
#4561=DIRECTION('',(0.E0,-1.E0,0.E0));
#4562=DIRECTION('',(9.848077529946E-1,0.E0,1.736481777666E-1));
#4563=AXIS2_PLACEMENT_3D('',#4560,#4561,#4562);
#4565=DIRECTION('',(-9.848077528553E-1,0.E0,-1.736481785571E-1));
#4566=VECTOR('',#4565,2.500000002848E-1);
#4567=CARTESIAN_POINT('',(-1.201243831573E1,-1.606708650519E0,
-3.148443575143E0));
#4568=LINE('',#4567,#4566);
#4569=DIRECTION('',(-1.736481778636E-1,0.E0,9.848077529775E-1));
#4570=VECTOR('',#4569,3.157185174701E0);
#4571=CARTESIAN_POINT('',(-1.225864025423E1,-1.606708650519E0,
-3.191855619832E0));
#4572=LINE('',#4571,#4570);
#4573=DIRECTION('',(1.736481780522E-1,0.E0,-9.848077529443E-1));
#4574=VECTOR('',#4573,3.157185174214E0);
#4575=CARTESIAN_POINT('',(-1.256067776901E1,-1.606708650519E0,
-3.922313809657E-2));
#4576=LINE('',#4575,#4574);
#4577=CARTESIAN_POINT('',(-1.235712103003E1,-1.606708650519E0,
-3.209220437997E0));
#4578=DIRECTION('',(0.E0,1.E0,0.E0));
#4579=DIRECTION('',(9.848077527440E-1,0.E0,1.736481791877E-1));
#4580=AXIS2_PLACEMENT_3D('',#4577,#4578,#4579);
#4582=DIRECTION('',(-9.396926204838E-1,0.E0,3.420201441558E-1));
#4583=VECTOR('',#4582,2.499999999779E-1);
#4584=CARTESIAN_POINT('',(-1.202822861220E1,-1.606708650519E0,
-3.328927488264E0));
#4585=LINE('',#4584,#4583);
#4586=CARTESIAN_POINT('',(-1.235712103003E1,-1.606708650519E0,
-3.209220437997E0));
#4587=DIRECTION('',(0.E0,-1.E0,0.E0));
#4588=DIRECTION('',(9.396926219882E-1,0.E0,-3.420201400223E-1));
#4589=AXIS2_PLACEMENT_3D('',#4586,#4587,#4588);
#4591=DIRECTION('',(1.494893098197E-11,-1.E0,2.456479464286E-12));
#4592=VECTOR('',#4591,2.E0);
#4593=CARTESIAN_POINT('',(-1.202822861223E1,3.932913494810E-1,
-3.328927488269E0));
#4594=LINE('',#4593,#4592);
#4595=DIRECTION('',(5.137223979546E-12,1.E0,-9.378275933614E-12));
#4596=VECTOR('',#4595,2.E0);
#4597=CARTESIAN_POINT('',(-1.201243831573E1,-1.606708650519E0,
-3.148443575143E0));
#4598=LINE('',#4597,#4596);
#4599=DIRECTION('',(9.396926205627E-1,0.E0,-3.420201439388E-1));
#4600=VECTOR('',#4599,2.499999999516E-1);
#4601=CARTESIAN_POINT('',(-1.226315176732E1,3.932913494810E-1,
-3.243422452301E0));
#4602=LINE('',#4601,#4600);
#4603=CARTESIAN_POINT('',(-1.235712103003E1,3.932913494810E-1,
-3.209220437997E0));
#4604=DIRECTION('',(0.E0,-1.E0,0.E0));
#4605=DIRECTION('',(9.396926208562E-1,0.E0,-3.420201431325E-1));
#4606=AXIS2_PLACEMENT_3D('',#4603,#4604,#4605);
#4608=DIRECTION('',(-9.848077528728E-1,0.E0,-1.736481784573E-1));
#4609=VECTOR('',#4608,2.500000003006E-1);
#4610=CARTESIAN_POINT('',(-1.201243831572E1,3.932913494810E-1,
-3.148443575162E0));
#4611=LINE('',#4610,#4609);
#4612=CARTESIAN_POINT('',(-1.235712103003E1,3.932913494810E-1,
-3.209220437997E0));
#4613=DIRECTION('',(0.E0,1.E0,0.E0));
#4614=DIRECTION('',(9.848077524693E-1,0.E0,1.736481807459E-1));
#4615=AXIS2_PLACEMENT_3D('',#4612,#4613,#4614);
#4617=DIRECTION('',(-3.420201434575E-1,0.E0,-9.396926207379E-1));
#4618=VECTOR('',#4617,1.141095137853E0);
#4619=CARTESIAN_POINT('',(-1.226315176732E1,3.932913494810E-1,
-3.243422452301E0));
#4620=LINE('',#4619,#4618);
#4621=DIRECTION('',(9.396926215472E-1,0.E0,-3.420201412340E-1));
#4622=VECTOR('',#4621,2.499999995546E-1);
#4623=CARTESIAN_POINT('',(-1.265342929007E1,3.932913494810E-1,
-4.315701132902E0));
#4624=LINE('',#4623,#4622);
#4625=DIRECTION('',(3.420201437845E-1,0.E0,9.396926206189E-1));
#4626=VECTOR('',#4625,1.141095137134E0);
#4627=CARTESIAN_POINT('',(-1.241850613510E1,3.932913494810E-1,
-4.401206168058E0));
#4628=LINE('',#4627,#4626);
#4629=DIRECTION('',(3.881339694090E-13,1.E0,-3.210764987216E-13));
#4630=VECTOR('',#4629,2.E0);
#4631=CARTESIAN_POINT('',(-1.265342929007E1,-1.606708650519E0,
-4.315701132901E0));
#4632=LINE('',#4631,#4630);
#4633=DIRECTION('',(-3.420201438068E-1,0.E0,-9.396926206108E-1));
#4634=VECTOR('',#4633,1.141095137148E0);
#4635=CARTESIAN_POINT('',(-1.202822861220E1,-1.606708650519E0,
-3.328927488264E0));
#4636=LINE('',#4635,#4634);
#4637=DIRECTION('',(-9.396926215470E-1,0.E0,3.420201412346E-1));
#4638=VECTOR('',#4637,2.499999995549E-1);
#4639=CARTESIAN_POINT('',(-1.241850613510E1,-1.606708650519E0,
-4.401206168058E0));
#4640=LINE('',#4639,#4638);
#4641=DIRECTION('',(3.420201434585E-1,0.E0,9.396926207376E-1));
#4642=VECTOR('',#4641,1.141095137925E0);
#4643=CARTESIAN_POINT('',(-1.265342929007E1,-1.606708650519E0,
-4.315701132901E0));
#4644=LINE('',#4643,#4642);
#4645=DIRECTION('',(-2.469136006766E-13,-1.E0,1.829647544582E-13));
#4646=VECTOR('',#4645,2.E0);
#4647=CARTESIAN_POINT('',(-1.241850613510E1,3.932913494810E-1,
-4.401206168058E0));
#4648=LINE('',#4647,#4646);
#4649=DIRECTION('',(4.861888669438E-12,-1.E0,-1.715072528441E-12));
#4650=VECTOR('',#4649,2.E0);
#4651=CARTESIAN_POINT('',(-1.225864025424E1,3.932913494810E-1,
-3.191855619829E0));
#4652=LINE('',#4651,#4650);
#4653=DIRECTION('',(-1.250377579254E-11,1.E0,-3.405786763722E-11));
#4654=VECTOR('',#4653,2.E0);
#4655=CARTESIAN_POINT('',(-1.226315176730E1,-1.606708650519E0,
-3.243422452233E0));
#4656=LINE('',#4655,#4654);
#4657=DIRECTION('',(-1.736481780535E-1,0.E0,9.848077529440E-1));
#4658=VECTOR('',#4657,3.157185174240E0);
#4659=CARTESIAN_POINT('',(-1.201243831572E1,3.932913494810E-1,
-3.148443575162E0));
#4660=LINE('',#4659,#4658);
#4661=DIRECTION('',(-9.848077531794E-1,0.E0,-1.736481767188E-1));
#4662=VECTOR('',#4661,2.499999996834E-1);
#4663=CARTESIAN_POINT('',(-1.256067776901E1,3.932913494810E-1,
-3.922313809098E-2));
#4664=LINE('',#4663,#4662);
#4665=DIRECTION('',(1.736481778610E-1,0.E0,-9.848077529780E-1));
#4666=VECTOR('',#4665,3.157185174681E0);
#4667=CARTESIAN_POINT('',(-1.280687970699E1,3.932913494810E-1,
-8.263518221571E-2));
#4668=LINE('',#4667,#4666);
#4669=DIRECTION('',(-7.211227170973E-10,0.E0,1.E0));
#4670=VECTOR('',#4669,2.499999999994E-1);
#4671=CARTESIAN_POINT('',(-1.282145051913E1,-4.206708650519E0,
2.666616927272E-13));
#4672=LINE('',#4671,#4670);
#4673=DIRECTION('',(-3.659482998654E-9,-2.175363205401E-14,-1.E0));
#4674=VECTOR('',#4673,1.020724283530E-2);
#4675=CARTESIAN_POINT('',(-1.282145051936E1,-1.606708650519E0,
2.499999999586E-1));
#4676=LINE('',#4675,#4674);
#4677=DIRECTION('',(5.365381952713E-10,0.E0,-1.E0));
#4678=VECTOR('',#4677,2.397927571569E-1);
#4679=CARTESIAN_POINT('',(-1.282145051940E1,-1.606708650519E0,
2.397927571233E-1));
#4680=LINE('',#4679,#4678);
#4681=DIRECTION('',(8.104789566439E-10,-1.E0,1.528700987287E-10));
#4682=VECTOR('',#4681,2.200000000084E-1);
#4683=CARTESIAN_POINT('',(-1.282145051927E1,-1.606708650519E0,
-3.353290330595E-11));
#4684=LINE('',#4683,#4682);
#4685=DIRECTION('',(1.730231271056E-11,1.E0,-7.064843574794E-14));
#4686=VECTOR('',#4685,2.379999999992E0);
#4687=CARTESIAN_POINT('',(-1.282145051913E1,-4.206708650519E0,
2.666616927272E-13));
#4688=LINE('',#4687,#4686);
#4689=DIRECTION('',(1.E0,-5.610179519804E-11,3.358702523606E-12));
#4690=VECTOR('',#4689,4.999999526069E-2);
#4691=CARTESIAN_POINT('',(-1.282145051909E1,-1.826708650527E0,
9.851841564765E-14));
#4692=LINE('',#4691,#4690);
#4693=DIRECTION('',(1.E0,6.166179264044E-11,-3.361200526088E-12));
#4694=VECTOR('',#4693,4.999999525415E-2);
#4695=CARTESIAN_POINT('',(1.285494857710E-1,-1.826708650531E0,
2.664535259100E-13));
#4696=LINE('',#4695,#4694);
#4697=DIRECTION('',(2.278015544648E-11,-1.E0,7.070091477749E-14));
#4698=VECTOR('',#4697,2.379999999991E0);
#4699=CARTESIAN_POINT('',(1.785494810252E-1,-1.826708650528E0,
9.839351555738E-14));
#4700=LINE('',#4699,#4698);
#4701=DIRECTION('',(-1.E0,0.E0,0.E0));
#4702=VECTOR('',#4701,1.300000000021E1);
#4703=CARTESIAN_POINT('',(1.785494810794E-1,-4.206708650519E0,
2.666616927272E-13));
#4704=LINE('',#4703,#4702);
#4705=DIRECTION('',(4.197890474387E-11,-1.E0,-1.394886141575E-9));
#4706=VECTOR('',#4705,1.780000000126E0);
#4707=CARTESIAN_POINT('',(-1.227145051914E1,-1.826708650458E0,
-4.999999948231E-1));
#4708=LINE('',#4707,#4706);
#4709=CARTESIAN_POINT('',(-1.227145051906E1,-3.606708650584E0,
-4.999999973060E-1));
#4710=CARTESIAN_POINT('',(-1.227145051933E1,-3.606708650676E0,
-4.666575599232E-1));
#4711=CARTESIAN_POINT('',(-1.227692843280E1,-3.612181309475E0,
-3.994159319264E-1));
#4712=CARTESIAN_POINT('',(-1.231651351049E1,-3.651768737480E0,
-2.845727432989E-1));
#4713=CARTESIAN_POINT('',(-1.235777797039E1,-3.693037043259E0,
-2.139626921192E-1));
#4714=CARTESIAN_POINT('',(-1.243322618373E1,-3.768483458278E0,
-1.252112308925E-1));
#4715=CARTESIAN_POINT('',(-1.252586723856E1,-3.861127223839E0,
-6.005427194035E-2));
#4716=CARTESIAN_POINT('',(-1.262928939692E1,-3.964556533187E0,
-1.532477474382E-2));
#4717=CARTESIAN_POINT('',(-1.272150943238E1,-4.056767552768E0,
-7.491161446437E-11));
#4718=CARTESIAN_POINT('',(-1.277145052383E1,-4.106708644219E0,0.E0));
#4720=DIRECTION('',(-8.850620066423E-13,1.E0,1.168736975284E-13));
#4721=VECTOR('',#4720,2.279999993689E0);
#4722=CARTESIAN_POINT('',(-1.277145052383E1,-4.106708644219E0,0.E0));
#4723=LINE('',#4722,#4721);
#4724=DIRECTION('',(1.E0,1.531137495026E-12,-4.791141339840E-11));
#4725=VECTOR('',#4724,1.190000000009E1);
#4726=CARTESIAN_POINT('',(-1.227145051906E1,-3.606708650584E0,
-4.999999973060E-1));
#4727=LINE('',#4726,#4725);
#4728=CARTESIAN_POINT('',(-3.714505189739E-1,-3.606708650566E0,
-4.999999978762E-1));
#4729=CARTESIAN_POINT('',(-3.714505187820E-1,-3.606708650658E0,
-4.666621280465E-1));
#4730=CARTESIAN_POINT('',(-3.659842537716E-1,-3.612180219517E0,
-3.994221094714E-1));
#4731=CARTESIAN_POINT('',(-3.263602316144E-1,-3.651802910049E0,
-2.845011911513E-1));
#4732=CARTESIAN_POINT('',(-2.850985741011E-1,-3.693059673396E0,
-2.139318077671E-1));
#4733=CARTESIAN_POINT('',(-2.096436837286E-1,-3.768515538229E0,
-1.251850692005E-1));
#4734=CARTESIAN_POINT('',(-1.170254153177E-1,-3.861132309201E0,
-6.004928497364E-2));
#4735=CARTESIAN_POINT('',(-1.354710256446E-2,-3.964602544903E0,
-1.530722641207E-2));
#4736=CARTESIAN_POINT('',(7.863162956017E-2,-4.056790788010E0,
-7.487678378772E-11));
#4737=CARTESIAN_POINT('',(1.285494857690E-1,-4.106708644219E0,0.E0));
#4739=DIRECTION('',(-1.E0,0.E0,0.E0));
#4740=VECTOR('',#4739,1.290000000960E1);
#4741=CARTESIAN_POINT('',(1.285494857690E-1,-4.106708644219E0,0.E0));
#4742=LINE('',#4741,#4740);
#4743=DIRECTION('',(2.689780358311E-11,1.E0,1.152563936846E-9));
#4744=VECTOR('',#4743,1.780000000122E0);
#4745=CARTESIAN_POINT('',(-3.714505189739E-1,-3.606708650566E0,
-4.999999978762E-1));
#4746=LINE('',#4745,#4744);
#4747=DIRECTION('',(-8.852324356163E-13,-1.E0,-1.168736975284E-13));
#4748=VECTOR('',#4747,2.279999993688E0);
#4749=CARTESIAN_POINT('',(1.285494857710E-1,-1.826708650531E0,
2.664535259100E-13));
#4750=LINE('',#4749,#4748);
#4751=DIRECTION('',(5.720680256372E-10,0.E0,1.E0));
#4752=VECTOR('',#4751,2.397927571482E-1);
#4753=CARTESIAN_POINT('',(1.785494811940E-1,-1.606708650519E0,
-2.271445069072E-11));
#4754=LINE('',#4753,#4752);
#4755=DIRECTION('',(-7.948225411387E-10,0.E0,-1.E0));
#4756=VECTOR('',#4755,2.499999999932E-1);
#4757=CARTESIAN_POINT('',(1.785494812781E-1,-4.206708650519E0,
2.499999999934E-1));
#4758=LINE('',#4757,#4756);
#4759=CARTESIAN_POINT('',(2.624594439690E-1,-1.606708650519E0,
-9.999999999680E-2));
#4760=DIRECTION('',(0.E0,-1.E0,0.E0));
#4761=DIRECTION('',(2.942764983681E-8,0.E0,1.E0));
#4762=AXIS2_PLACEMENT_3D('',#4759,#4760,#4761);
#4764=DIRECTION('',(-9.848077531790E-1,0.E0,1.736481767213E-1));
#4765=VECTOR('',#4764,2.499999996906E-1);
#4766=CARTESIAN_POINT('',(1.639786689350E-1,-1.606708650519E0,
-8.263518221750E-2));
#4767=LINE('',#4766,#4765);
#4768=CARTESIAN_POINT('',(2.624594439690E-1,-1.606708650519E0,
-9.999999999680E-2));
#4769=DIRECTION('',(0.E0,1.E0,0.E0));
#4770=DIRECTION('',(-9.848077531174E-1,0.E0,1.736481770703E-1));
#4771=AXIS2_PLACEMENT_3D('',#4768,#4769,#4770);
#4773=DIRECTION('',(2.255959308251E-12,-1.E0,-8.096794068546E-12));
#4774=VECTOR('',#4773,2.E0);
#4775=CARTESIAN_POINT('',(1.639786689304E-1,3.932913494810E-1,
-8.263518220130E-2));
#4776=LINE('',#4775,#4774);
#4777=DIRECTION('',(5.411082693030E-11,1.E0,-5.409429848502E-12));
#4778=VECTOR('',#4777,2.E0);
#4779=CARTESIAN_POINT('',(2.624594464475E-1,-1.606708650519E0,
-1.038204476093E-10));
#4780=LINE('',#4779,#4778);
#4781=CARTESIAN_POINT('',(2.624594439690E-1,3.932913494810E-1,
-9.999999999680E-2));
#4782=DIRECTION('',(0.E0,-1.E0,0.E0));
#4783=DIRECTION('',(-2.397427504925E-1,0.E0,9.708364504829E-1));
#4784=AXIS2_PLACEMENT_3D('',#4781,#4782,#4783);
#4786=DIRECTION('',(9.848077531926E-1,0.E0,-1.736481766440E-1));
#4787=VECTOR('',#4786,2.499999996794E-1);
#4788=CARTESIAN_POINT('',(-8.222326905199E-2,3.932913494810E-1,
-3.922313809598E-2));
#4789=LINE('',#4788,#4787);
#4790=CARTESIAN_POINT('',(2.624594439690E-1,3.932913494810E-1,
-9.999999999680E-2));
#4791=DIRECTION('',(0.E0,1.E0,0.E0));
#4792=DIRECTION('',(-9.848077529954E-1,0.E0,1.736481777621E-1));
#4793=AXIS2_PLACEMENT_3D('',#4790,#4791,#4792);
#4795=DIRECTION('',(-1.308995967175E-10,-1.E0,-2.688779754401E-12));
#4796=VECTOR('',#4795,2.E0);
#4797=CARTESIAN_POINT('',(2.624594530811E-1,3.932913494810E-1,
2.499999997687E-1));
#4798=LINE('',#4797,#4796);
#4799=DIRECTION('',(1.533030646872E-12,1.E0,-2.534670390242E-12));
#4800=VECTOR('',#4799,2.E0);
#4801=CARTESIAN_POINT('',(-8.222326905506E-2,-1.606708650519E0,
-3.922313809091E-2));
#4802=LINE('',#4801,#4800);
#4803=DIRECTION('',(-6.001283251009E-12,0.E0,-1.E0));
#4804=VECTOR('',#4803,1.020724282151E-2);
#4805=CARTESIAN_POINT('',(1.785494813312E-1,-1.606708650519E0,
2.499999999470E-1));
#4806=LINE('',#4805,#4804);
#4807=CARTESIAN_POINT('',(2.624594439690E-1,-1.606708650519E0,
-9.999999999680E-2));
#4808=DIRECTION('',(0.E0,1.E0,0.E0));
#4809=DIRECTION('',(-2.397427504223E-1,0.E0,9.708364505003E-1));
#4810=AXIS2_PLACEMENT_3D('',#4807,#4808,#4809);
#4812=DIRECTION('',(-1.801520044253E-11,-1.E0,-1.151301276536E-12));
#4813=VECTOR('',#4812,2.E0);
#4814=CARTESIAN_POINT('',(-6.304627229512E-1,3.932913494810E-1,
-3.148443575025E0));
#4815=LINE('',#4814,#4813);
#4816=DIRECTION('',(-2.819511291108E-11,1.E0,-2.098987650356E-12));
#4817=VECTOR('',#4816,2.E0);
#4818=CARTESIAN_POINT('',(-6.146724264372E-1,-1.606708650519E0,
-3.328927488469E0));
#4819=LINE('',#4818,#4817);
#4820=CARTESIAN_POINT('',(-2.857800080310E-1,-1.606708650519E0,
-3.209220437997E0));
#4821=DIRECTION('',(0.E0,1.E0,0.E0));
#4822=DIRECTION('',(-9.396926208732E-1,0.E0,-3.420201430859E-1));
#4823=AXIS2_PLACEMENT_3D('',#4820,#4821,#4822);
#4825=CARTESIAN_POINT('',(-2.857800080310E-1,-1.606708650519E0,
-3.209220437997E0));
#4826=DIRECTION('',(0.E0,1.E0,0.E0));
#4827=DIRECTION('',(-1.E0,0.E0,-1.268826306607E-14));
#4828=AXIS2_PLACEMENT_3D('',#4825,#4826,#4827);
#4830=DIRECTION('',(9.848077528635E-1,0.E0,-1.736481785105E-1));
#4831=VECTOR('',#4830,2.500000003295E-1);
#4832=CARTESIAN_POINT('',(-6.304627229873E-1,-1.606708650519E0,
-3.148443575027E0));
#4833=LINE('',#4832,#4831);
#4834=CARTESIAN_POINT('',(-2.857800080310E-1,-1.606708650519E0,
-3.209220437997E0));
#4835=DIRECTION('',(0.E0,-1.E0,0.E0));
#4836=DIRECTION('',(-9.848077524507E-1,0.E0,1.736481808511E-1));
#4837=AXIS2_PLACEMENT_3D('',#4834,#4835,#4836);
#4839=CARTESIAN_POINT('',(-2.857800080310E-1,-1.606708650519E0,
-3.209220437997E0));
#4840=DIRECTION('',(0.E0,-1.E0,0.E0));
#4841=DIRECTION('',(-1.E0,0.E0,3.996802808715E-14));
#4842=AXIS2_PLACEMENT_3D('',#4839,#4840,#4841);
#4844=DIRECTION('',(3.420201439814E-1,0.E0,-9.396926205472E-1));
#4845=VECTOR('',#4844,1.141095137864E0);
#4846=CARTESIAN_POINT('',(-3.797492713384E-1,-1.606708650519E0,
-3.243422452508E0));
#4847=LINE('',#4846,#4845);
#4848=DIRECTION('',(-9.396926215489E-1,0.E0,-3.420201412293E-1));
#4849=VECTOR('',#4848,2.499999995607E-1);
#4850=CARTESIAN_POINT('',(1.052825201017E-2,-1.606708650519E0,
-4.315701132901E0));
#4851=LINE('',#4850,#4849);
#4852=DIRECTION('',(-3.420201443042E-1,0.E0,9.396926204298E-1));
#4853=VECTOR('',#4852,1.141095137150E0);
#4854=CARTESIAN_POINT('',(-2.243949029642E-1,-1.606708650519E0,
-4.401206168058E0));
#4855=LINE('',#4854,#4853);
#4856=DIRECTION('',(9.396926205731E-1,0.E0,3.420201439102E-1));
#4857=VECTOR('',#4856,2.499999999527E-1);
#4858=CARTESIAN_POINT('',(-6.146724264372E-1,-1.606708650519E0,
-3.328927488469E0));
#4859=LINE('',#4858,#4857);
#4860=DIRECTION('',(4.089350386094E-14,-1.E0,-4.529709940471E-14));
#4861=VECTOR('',#4860,2.E0);
#4862=CARTESIAN_POINT('',(1.052825201009E-2,3.932913494810E-1,
-4.315701132901E0));
#4863=LINE('',#4862,#4861);
#4864=DIRECTION('',(3.420201443489E-1,0.E0,-9.396926204135E-1));
#4865=VECTOR('',#4864,1.141095137166E0);
#4866=CARTESIAN_POINT('',(-6.146724264936E-1,3.932913494810E-1,
-3.328927488474E0));
#4867=LINE('',#4866,#4865);
#4868=DIRECTION('',(9.396926215487E-1,0.E0,3.420201412299E-1));
#4869=VECTOR('',#4868,2.499999995607E-1);
#4870=CARTESIAN_POINT('',(-2.243949029643E-1,3.932913494810E-1,
-4.401206168058E0));
#4871=LINE('',#4870,#4869);
#4872=DIRECTION('',(-3.420201440237E-1,0.E0,9.396926205319E-1));
#4873=VECTOR('',#4872,1.141095137945E0);
#4874=CARTESIAN_POINT('',(1.052825201009E-2,3.932913494810E-1,
-4.315701132901E0));
#4875=LINE('',#4874,#4873);
#4876=DIRECTION('',(-4.636568906591E-14,1.E0,-4.263256414561E-14));
#4877=VECTOR('',#4876,2.E0);
#4878=CARTESIAN_POINT('',(-2.243949029642E-1,-1.606708650519E0,
-4.401206168058E0));
#4879=LINE('',#4878,#4877);
#4880=CARTESIAN_POINT('',(-2.857800080310E-1,3.932913494810E-1,
-3.209220437997E0));
#4881=DIRECTION('',(0.E0,1.E0,0.E0));
#4882=DIRECTION('',(-9.396926220687E-1,0.E0,-3.420201398012E-1));
#4883=AXIS2_PLACEMENT_3D('',#4880,#4881,#4882);
#4885=CARTESIAN_POINT('',(-2.857800080310E-1,3.932913494810E-1,
-3.209220437997E0));
#4886=DIRECTION('',(0.E0,1.E0,0.E0));
#4887=DIRECTION('',(-1.E0,0.E0,0.E0));
#4888=AXIS2_PLACEMENT_3D('',#4885,#4886,#4887);
#4890=CARTESIAN_POINT('',(-2.857800080310E-1,3.932913494810E-1,
-3.209220437997E0));
#4891=DIRECTION('',(0.E0,-1.E0,0.E0));
#4892=DIRECTION('',(-9.848077527423E-1,0.E0,1.736481791977E-1));
#4893=AXIS2_PLACEMENT_3D('',#4890,#4891,#4892);
#4895=CARTESIAN_POINT('',(-2.857800080310E-1,3.932913494810E-1,
-3.209220437997E0));
#4896=DIRECTION('',(0.E0,-1.E0,0.E0));
#4897=DIRECTION('',(-1.E0,0.E0,2.030122090571E-14));
#4898=AXIS2_PLACEMENT_3D('',#4895,#4896,#4897);
#4900=DIRECTION('',(9.396926204824E-1,0.E0,3.420201441597E-1));
#4901=VECTOR('',#4900,2.499999999557E-1);
#4902=CARTESIAN_POINT('',(-6.146724264936E-1,3.932913494810E-1,
-3.328927488474E0));
#4903=LINE('',#4902,#4901);
#4904=DIRECTION('',(3.812211657461E-11,-1.E0,-2.959965605953E-11));
#4905=VECTOR('',#4904,2.E0);
#4906=CARTESIAN_POINT('',(-3.797492714147E-1,3.932913494810E-1,
-3.243422452449E0));
#4907=LINE('',#4906,#4905);
#4908=DIRECTION('',(-2.928107756262E-11,1.E0,-1.225686219186E-12));
#4909=VECTOR('',#4908,2.E0);
#4910=CARTESIAN_POINT('',(-3.842607844469E-1,-1.606708650519E0,
-3.191855619712E0));
#4911=LINE('',#4910,#4909);
#4912=DIRECTION('',(9.848077528488E-1,0.E0,-1.736481785936E-1));
#4913=VECTOR('',#4912,2.500000002372E-1);
#4914=CARTESIAN_POINT('',(-6.304627229512E-1,3.932913494810E-1,
-3.148443575025E0));
#4915=LINE('',#4914,#4913);
#4916=DIRECTION('',(1.736481780762E-1,0.E0,9.848077529400E-1));
#4917=VECTOR('',#4916,3.157185174701E0);
#4918=CARTESIAN_POINT('',(-3.842607845055E-1,3.932913494810E-1,
-3.191855619714E0));
#4919=LINE('',#4918,#4917);
#4920=DIRECTION('',(-1.736481782501E-1,0.E0,-9.848077529094E-1));
#4921=VECTOR('',#4920,3.157185174206E0);
#4922=CARTESIAN_POINT('',(-8.222326905199E-2,3.932913494810E-1,
-3.922313809598E-2));
#4923=LINE('',#4922,#4921);
#4924=DIRECTION('',(1.736481782599E-1,0.E0,9.848077529077E-1));
#4925=VECTOR('',#4924,3.157185174219E0);
#4926=CARTESIAN_POINT('',(-6.304627229873E-1,-1.606708650519E0,
-3.148443575027E0));
#4927=LINE('',#4926,#4925);
#4928=DIRECTION('',(-1.736481780606E-1,0.E0,-9.848077529428E-1));
#4929=VECTOR('',#4928,3.157185174673E0);
#4930=CARTESIAN_POINT('',(1.639786689350E-1,-1.606708650519E0,
-8.263518221750E-2));
#4931=LINE('',#4930,#4929);
#4932=CARTESIAN_POINT('',(2.624594439690E-1,3.932913494810E-1,
-9.999999999680E-2));
#4933=DIRECTION('',(0.E0,-1.E0,0.E0));
#4934=DIRECTION('',(4.787619864019E-8,0.E0,1.E0));
#4935=AXIS2_PLACEMENT_3D('',#4932,#4933,#4934);
#4937=DIRECTION('',(4.718827775654E-9,0.E0,-1.E0));
#4938=VECTOR('',#4937,1.020724283691E-2);
#4939=CARTESIAN_POINT('',(1.785494812829E-1,3.932913494810E-1,
2.499999999586E-1));
#4940=LINE('',#4939,#4938);
#4941=DIRECTION('',(-5.064392696128E-10,0.E0,-1.E0));
#4942=VECTOR('',#4941,2.397927571553E-1);
#4943=CARTESIAN_POINT('',(1.785494813311E-1,3.932913494810E-1,
2.397927571217E-1));
#4944=LINE('',#4943,#4942);
#4945=DIRECTION('',(-6.850436884413E-10,0.E0,-1.E0));
#4946=VECTOR('',#4945,2.500000000003E-1);
#4947=CARTESIAN_POINT('',(1.785494812430E-1,3.843291349481E0,
2.500000000005E-1));
#4948=LINE('',#4947,#4946);
#4949=DIRECTION('',(-1.481335942780E-9,0.E0,-1.E0));
#4950=VECTOR('',#4949,2.500000000032E-1);
#4951=CARTESIAN_POINT('',(-2.721450518475E0,3.843291349481E0,
2.500000000032E-1));
#4952=LINE('',#4951,#4950);
#4953=DIRECTION('',(-1.481335942780E-9,0.E0,-1.E0));
#4954=VECTOR('',#4953,2.500000000032E-1);
#4955=CARTESIAN_POINT('',(-2.721450518475E0,5.593291349481E0,
2.500000000032E-1));
#4956=LINE('',#4955,#4954);
#4957=CARTESIAN_POINT('',(-1.290536048203E1,-1.606708650519E0,
-9.999999999680E-2));
#4958=DIRECTION('',(0.E0,1.E0,0.E0));
#4959=DIRECTION('',(-4.787675026243E-8,0.E0,1.E0));
#4960=AXIS2_PLACEMENT_3D('',#4957,#4958,#4959);
#4962=DIRECTION('',(-3.979526631855E-11,1.E0,-5.537839906698E-10));
#4963=VECTOR('',#4962,2.620000000023E0);
#4964=CARTESIAN_POINT('',(-3.714505189680E-1,5.732913494574E-1,
-4.999999997896E-1));
#4965=LINE('',#4964,#4963);
#4966=CARTESIAN_POINT('',(-3.714505190723E-1,3.193291349480E0,
-5.000000012405E-1));
#4967=CARTESIAN_POINT('',(-3.714505190990E-1,3.193291349341E0,
-4.666528556431E-1));
#4968=CARTESIAN_POINT('',(-3.659716163551E-1,3.198765157016E0,
-3.994021926605E-1));
#4969=CARTESIAN_POINT('',(-3.263719844574E-1,3.238365801247E0,
-2.845375429166E-1));
#4970=CARTESIAN_POINT('',(-2.851030344423E-1,3.279639741766E0,
-2.139354460240E-1));
#4971=CARTESIAN_POINT('',(-2.096624167789E-1,3.355079566244E0,
-1.252028361661E-1));
#4972=CARTESIAN_POINT('',(-1.170204436328E-1,3.447722829545E0,
-6.003991833668E-2));
#4973=CARTESIAN_POINT('',(-1.349440565997E-2,3.551257024706E0,
-1.528834201582E-2));
#4974=CARTESIAN_POINT('',(7.865974920025E-2,3.643401613312E0,
2.594266340493E-10));
#4975=CARTESIAN_POINT('',(1.285494857690E-1,3.693291349881E0,0.E0));
#4977=DIRECTION('',(6.475055533440E-13,-1.E0,8.549666196803E-14));
#4978=VECTOR('',#4977,3.120000000503E0);
#4979=CARTESIAN_POINT('',(1.285494857690E-1,3.693291349881E0,0.E0));
#4980=LINE('',#4979,#4978);
#4981=DIRECTION('',(-1.E0,-4.087365366795E-12,8.082740825835E-11));
#4982=VECTOR('',#4981,2.800000000005E0);
#4983=CARTESIAN_POINT('',(-3.714505189261E-1,2.093291349484E0,
-9.260000000361E0));
#4984=LINE('',#4983,#4982);
#4985=DIRECTION('',(1.E0,-8.476099187606E-10,-2.860061394066E-11));
#4986=VECTOR('',#4985,2.8E0);
#4987=CARTESIAN_POINT('',(-3.171450519031E0,2.593291354200E0,
-8.759999999787E0));
#4988=LINE('',#4987,#4986);
#4989=DIRECTION('',(-1.E0,-9.806265147010E-13,0.E0));
#4990=VECTOR('',#4989,6.300000000217E0);
#4991=CARTESIAN_POINT('',(-3.171450518942E0,6.932913495241E-1,-1.108E1));
#4992=LINE('',#4991,#4990);
#4993=CARTESIAN_POINT('',(-1.118645051838E1,3.051074264609E-1,
-1.605877695302E1));
#4994=CARTESIAN_POINT('',(-1.118645051838E1,2.905492765409E-1,
-1.603574543353E1));
#4995=CARTESIAN_POINT('',(-1.118645051936E1,2.559522013894E-1,
-1.599502758376E1));
#4996=CARTESIAN_POINT('',(-1.118645051903E1,2.130054159810E-1,
-1.596354201292E1));
#4997=CARTESIAN_POINT('',(-1.118645051903E1,1.893572337686E-1,-1.595E1));
#4999=DIRECTION('',(1.108201331860E-10,3.502807989500E-11,1.E0));
#5000=VECTOR('',#4999,5.719999999631E0);
#5001=CARTESIAN_POINT('',(-1.118645051903E1,-3.606708650519E0,-1.595E1));
#5002=LINE('',#5001,#5000);
#5003=DIRECTION('',(-1.165450334074E-10,2.588190451167E-1,-9.659258262853E-1));
#5004=VECTOR('',#5003,5.870015942588E0);
#5005=CARTESIAN_POINT('',(-1.118645051835E1,-1.256708650095E0,
-1.023000000035E1));
#5006=LINE('',#5005,#5004);
#5007=DIRECTION('',(0.E0,-1.E0,-1.325890795036E-13));
#5008=VECTOR('',#5007,1.339745962527E-2);
#5009=CARTESIAN_POINT('',(-1.118645051903E1,2.759607306106E-1,-1.595E1));
#5010=LINE('',#5009,#5008);
#5011=DIRECTION('',(5.811835392732E-9,2.588190379341E-1,-9.659258282098E-1));
#5012=VECTOR('',#5011,1.126141882101E-1);
#5013=CARTESIAN_POINT('',(-1.118645051903E1,2.759607306106E-1,-1.595E1));
#5014=LINE('',#5013,#5012);
#5015=CARTESIAN_POINT('',(-1.203645051903E1,1.643291349264E0,
-1.595000001454E1));
#5016=DIRECTION('',(0.E0,9.078999996248E-9,1.E0));
#5017=DIRECTION('',(-6.531411961325E-1,-7.572361440889E-1,6.874947024103E-9));
#5018=AXIS2_PLACEMENT_3D('',#5015,#5016,#5017);
#5020=CARTESIAN_POINT('',(-1.118645051838E1,3.051074264609E-1,
-1.605877695302E1));
#5021=CARTESIAN_POINT('',(-1.118202481002E1,3.030389009043E-1,
-1.605105711054E1));
#5022=CARTESIAN_POINT('',(-1.117158754938E1,2.989034741311E-1,
-1.603562348295E1));
#5023=CARTESIAN_POINT('',(-1.115064323012E1,2.927476191945E-1,
-1.601264952148E1));
#5024=CARTESIAN_POINT('',(-1.112417357350E1,2.867720625185E-1,
-1.599034843986E1));
#5025=CARTESIAN_POINT('',(-1.109203429431E1,2.811011579385E-1,
-1.596918433599E1));
#5026=CARTESIAN_POINT('',(-1.106679454079E1,2.776123884046E-1,
-1.595616407080E1));
#5027=CARTESIAN_POINT('',(-1.105317466990E1,2.759607306106E-1,-1.595E1));
#5029=CARTESIAN_POINT('',(-1.203645051903E1,1.643291349264E0,
-1.595000001201E1));
#5030=DIRECTION('',(0.E0,9.078999996248E-9,1.E0));
#5031=DIRECTION('',(5.838345133734E-1,-8.118726876759E-1,7.370992412798E-9));
#5032=AXIS2_PLACEMENT_3D('',#5029,#5030,#5031);
#5034=CARTESIAN_POINT('',(-1.093645051903E1,3.679778895859E-1,-1.595E1));
#5035=CARTESIAN_POINT('',(-1.093645051903E1,3.868242309601E-1,
-1.595946639716E1));
#5036=CARTESIAN_POINT('',(-1.093645051911E1,4.212980334176E-1,
-1.598006468875E1));
#5037=CARTESIAN_POINT('',(-1.093645051875E1,4.646247676325E-1,
-1.601525736474E1));
#5038=CARTESIAN_POINT('',(-1.093645052007E1,4.981500125497E-1,
-1.605211135909E1));
#5039=CARTESIAN_POINT('',(-1.093645051513E1,5.228114527786E-1,
-1.608942637585E1));
#5040=CARTESIAN_POINT('',(-1.093645053357E1,5.395642473802E-1,
-1.612669595690E1));
#5041=CARTESIAN_POINT('',(-1.093645046475E1,5.491776187746E-1,
-1.616344165944E1));
#5042=CARTESIAN_POINT('',(-1.093645063599E1,5.512744314288E-1,
-1.618784602395E1));
#5043=CARTESIAN_POINT('',(-1.093645063599E1,5.512744313185E-1,
-1.619999627320E1));
#5045=CARTESIAN_POINT('',(-1.203645051903E1,1.643291346994E0,
-1.620000001475E1));
#5046=DIRECTION('',(0.E0,-9.078999996248E-9,-1.E0));
#5047=DIRECTION('',(7.096771449845E-1,-7.045270398549E-1,6.396401984346E-9));
#5048=AXIS2_PLACEMENT_3D('',#5045,#5046,#5047);
#5050=CARTESIAN_POINT('',(-1.203645051903E1,1.643291346994E0,
-1.620000001475E1));
#5051=DIRECTION('',(0.E0,-9.078999996248E-9,-1.E0));
#5052=DIRECTION('',(0.E0,-1.E0,9.079001077622E-9));
#5053=AXIS2_PLACEMENT_3D('',#5050,#5051,#5052);
#5055=CARTESIAN_POINT('',(-1.313645037546E1,5.512746671362E-1,
-1.620000008821E1));
#5056=CARTESIAN_POINT('',(-1.313645037546E1,5.512746672468E-1,
-1.618782010727E1));
#5057=CARTESIAN_POINT('',(-1.313645058566E1,5.491707028885E-1,
-1.616338760168E1));
#5058=CARTESIAN_POINT('',(-1.313645050118E1,5.395352725524E-1,
-1.612662086282E1));
#5059=CARTESIAN_POINT('',(-1.313645052381E1,5.228102929233E-1,
-1.608943272871E1));
#5060=CARTESIAN_POINT('',(-1.313645051775E1,4.981542464944E-1,
-1.605210813990E1));
#5061=CARTESIAN_POINT('',(-1.313645051938E1,4.645458012670E-1,
-1.601518335701E1));
#5062=CARTESIAN_POINT('',(-1.313645051893E1,4.212912999543E-1,
-1.598006529534E1));
#5063=CARTESIAN_POINT('',(-1.313645051903E1,3.868219475216E-1,
-1.595946525020E1));
#5064=CARTESIAN_POINT('',(-1.313645051903E1,3.679778895859E-1,-1.595E1));
#5066=DIRECTION('',(1.E0,0.E0,0.E0));
#5067=VECTOR('',#5066,1.332758491323E-1);
#5068=CARTESIAN_POINT('',(-1.118645051903E1,2.759607306106E-1,-1.595E1));
#5069=LINE('',#5068,#5067);
#5070=DIRECTION('',(1.E0,0.E0,0.E0));
#5071=VECTOR('',#5070,5.5E-1);
#5072=CARTESIAN_POINT('',(-1.118645051903E1,2.625632709853E-1,-1.59E1));
#5073=LINE('',#5072,#5071);
#5074=DIRECTION('',(-8.561543083442E-11,-3.928714385931E-11,-1.E0));
#5075=VECTOR('',#5074,5.719999999623E0);
#5076=CARTESIAN_POINT('',(-1.063645051854E1,-3.606708650294E0,
-1.023000000038E1));
#5077=LINE('',#5076,#5075);
#5078=DIRECTION('',(0.E0,0.E0,1.E0));
#5079=VECTOR('',#5078,5.E-2);
#5080=CARTESIAN_POINT('',(-1.063645051903E1,2.625632709853E-1,-1.595E1));
#5081=LINE('',#5080,#5079);
#5082=DIRECTION('',(9.771903081763E-11,-2.588190451155E-1,9.659258262856E-1));
#5083=VECTOR('',#5082,5.870015942600E0);
#5084=CARTESIAN_POINT('',(-1.063645051903E1,2.625632709853E-1,-1.59E1));
#5085=LINE('',#5084,#5083);
#5086=DIRECTION('',(0.E0,0.E0,1.E0));
#5087=VECTOR('',#5086,5.E-2);
#5088=CARTESIAN_POINT('',(-1.118645051903E1,2.625632709853E-1,-1.595E1));
#5089=LINE('',#5088,#5087);
#5090=DIRECTION('',(0.E0,1.E0,0.E0));
#5091=VECTOR('',#5090,2.550626919792E0);
#5092=CARTESIAN_POINT('',(-1.093645051903E1,3.679778895859E-1,-1.595E1));
#5093=LINE('',#5092,#5091);
#5094=CARTESIAN_POINT('',(-1.093645063534E1,2.735308035841E0,
-1.781000036191E1));
#5095=CARTESIAN_POINT('',(-1.093645063534E1,2.758140929902E0,
-1.781965219339E1));
#5096=CARTESIAN_POINT('',(-1.093645029951E1,2.803688125972E0,
-1.783922984726E1));
#5097=CARTESIAN_POINT('',(-1.093645111286E1,2.871744116826E0,
-1.786921664901E1));
#5098=CARTESIAN_POINT('',(-1.093644927976E1,2.916893359834E0,
-1.788969049403E1));
#5099=CARTESIAN_POINT('',(-1.093644927976E1,2.939438259864E0,
-1.790000395188E1));
#5101=DIRECTION('',(1.172655559635E-9,-1.E0,7.834401792020E-11));
#5102=VECTOR('',#5101,4.326161638822E-2);
#5103=CARTESIAN_POINT('',(-1.093645051910E1,2.186552965879E0,-1.95E1));
#5104=LINE('',#5103,#5102);
#5105=DIRECTION('',(6.525146560762E-12,-2.181760662422E-12,1.E0));
#5106=VECTOR('',#5105,2.801000000597E0);
#5107=CARTESIAN_POINT('',(-1.093645051905E1,2.143291349491E0,
-1.949999999999E1));
#5108=LINE('',#5107,#5106);
#5109=CARTESIAN_POINT('',(-1.093645051903E1,1.644291349481E0,-1.6699E1));
#5110=DIRECTION('',(1.E0,0.E0,0.E0));
#5111=DIRECTION('',(0.E0,1.E0,1.779247424077E-9));
#5112=AXIS2_PLACEMENT_3D('',#5109,#5110,#5111);
#5114=CARTESIAN_POINT('',(-1.093645051903E1,1.642291349481E0,-1.6699E1));
#5115=DIRECTION('',(1.E0,0.E0,0.E0));
#5116=DIRECTION('',(0.E0,2.505068997900E-3,9.999968623097E-1));
#5117=AXIS2_PLACEMENT_3D('',#5114,#5115,#5116);
#5119=DIRECTION('',(-2.005805574414E-11,-1.447895713230E-11,-1.E0));
#5120=VECTOR('',#5119,2.800999998864E0);
#5121=CARTESIAN_POINT('',(-1.093645051903E1,1.143291349459E0,
-1.669900000112E1));
#5122=LINE('',#5121,#5120);
#5123=DIRECTION('',(-3.539154011523E-9,-1.E0,-9.747835234131E-11));
#5124=VECTOR('',#5123,4.326161691747E-2);
#5125=CARTESIAN_POINT('',(-1.093645051909E1,1.143291349418E0,
-1.949999999999E1));
#5126=LINE('',#5125,#5124);
#5127=CARTESIAN_POINT('',(-1.093645051924E1,1.100029732501E0,
-1.949999999999E1));
#5128=CARTESIAN_POINT('',(-1.093645051924E1,1.069582500305E0,
-1.946295722554E1));
#5129=CARTESIAN_POINT('',(-1.093645051882E1,1.007476684097E0,
-1.938237001060E1));
#5130=CARTESIAN_POINT('',(-1.093645051946E1,9.110626980334E-1,
-1.924245714491E1));
#5131=CARTESIAN_POINT('',(-1.093645051754E1,8.103381007570E-1,
-1.908202676787E1));
#5132=CARTESIAN_POINT('',(-1.093645052458E1,7.044221824673E-1,
-1.889949678794E1));
#5133=CARTESIAN_POINT('',(-1.093645049833E1,5.925778129035E-1,
-1.869337612643E1));
#5134=CARTESIAN_POINT('',(-1.093645059628E1,4.741890182613E-1,
-1.846234313923E1));
#5135=CARTESIAN_POINT('',(-1.093645035259E1,3.902827017599E-1,
-1.829036762939E1));
#5136=CARTESIAN_POINT('',(-1.093645035259E1,3.471434029985E-1,
-1.820000000182E1));
#5138=CARTESIAN_POINT('',(-1.093645016901E1,3.471435587918E-1,
-1.790000017410E1));
#5139=CARTESIAN_POINT('',(-1.093645016901E1,3.696858258393E-1,
-1.788968790228E1));
#5140=CARTESIAN_POINT('',(-1.093645085453E1,4.148447474706E-1,
-1.786923290513E1));
#5141=CARTESIAN_POINT('',(-1.093644986979E1,4.829001746794E-1,
-1.783924575827E1));
#5142=CARTESIAN_POINT('',(-1.093645181025E1,5.284378034308E-1,
-1.781964921747E1));
#5143=CARTESIAN_POINT('',(-1.093645181025E1,5.512732481657E-1,
-1.780999627759E1));
#5145=CARTESIAN_POINT('',(-1.203645051903E1,1.643291349698E0,
-1.595000001434E1));
#5146=DIRECTION('',(0.E0,-9.078999996248E-9,1.E0));
#5147=DIRECTION('',(6.531411961321E-1,7.572361440893E-1,6.874947022876E-9));
#5148=AXIS2_PLACEMENT_3D('',#5145,#5146,#5147);
#5150=CARTESIAN_POINT('',(-1.203645051903E1,1.643291351968E0,
-1.620000001475E1));
#5151=DIRECTION('',(0.E0,9.078999996248E-9,-1.E0));
#5152=DIRECTION('',(-7.096772785293E-1,7.045269053338E-1,6.396399692268E-9));
#5153=AXIS2_PLACEMENT_3D('',#5150,#5151,#5152);
#5155=CARTESIAN_POINT('',(-1.203645051903E1,1.643291351968E0,
-1.620000001475E1));
#5156=DIRECTION('',(0.E0,9.078999996248E-9,-1.E0));
#5157=DIRECTION('',(0.E0,1.E0,9.079001077616E-9));
#5158=AXIS2_PLACEMENT_3D('',#5155,#5156,#5157);
#5160=CARTESIAN_POINT('',(-1.093645070933E1,2.735308110054E0,
-1.620000043345E1));
#5161=CARTESIAN_POINT('',(-1.093645070933E1,2.735308109943E0,
-1.618781993199E1));
#5162=CARTESIAN_POINT('',(-1.093645043071E1,2.737411959032E0,
-1.616338767435E1));
#5163=CARTESIAN_POINT('',(-1.093645054269E1,2.747047452006E0,
-1.612662079522E1));
#5164=CARTESIAN_POINT('',(-1.093645051269E1,2.763772416738E0,
-1.608943271306E1));
#5165=CARTESIAN_POINT('',(-1.093645052073E1,2.788428467397E0,
-1.605210812012E1));
#5166=CARTESIAN_POINT('',(-1.093645051857E1,2.822036909982E0,
-1.601518334642E1));
#5167=CARTESIAN_POINT('',(-1.093645051916E1,2.865291405883E0,
-1.598006529095E1));
#5168=CARTESIAN_POINT('',(-1.093645051903E1,2.899760753922E0,
-1.595946524896E1));
#5169=CARTESIAN_POINT('',(-1.093645051903E1,2.918604809377E0,-1.595E1));
#5171=DIRECTION('',(0.E0,-1.E0,0.E0));
#5172=VECTOR('',#5171,2.550626919792E0);
#5173=CARTESIAN_POINT('',(-1.313645051903E1,2.918604809377E0,-1.595E1));
#5174=LINE('',#5173,#5172);
#5175=CARTESIAN_POINT('',(-1.313645041834E1,5.512747100102E-1,
-1.781000034857E1));
#5176=CARTESIAN_POINT('',(-1.313645041834E1,5.284417691734E-1,
-1.781965219983E1));
#5177=CARTESIAN_POINT('',(-1.313645073128E1,4.828945731193E-1,
-1.783922984429E1));
#5178=CARTESIAN_POINT('',(-1.313644992720E1,4.148385823806E-1,
-1.786921664995E1));
#5179=CARTESIAN_POINT('',(-1.313645175847E1,3.696893393814E-1,
-1.788969049409E1));
#5180=CARTESIAN_POINT('',(-1.313645175847E1,3.471444393412E-1,
-1.790000395194E1));
#5182=DIRECTION('',(-1.163047332163E-9,1.E0,9.756047524165E-11));
#5183=VECTOR('',#5182,4.326161634577E-2);
#5184=CARTESIAN_POINT('',(-1.313645051897E1,1.100029733072E0,-1.95E1));
#5185=LINE('',#5184,#5183);
#5186=DIRECTION('',(-3.930688928868E-12,1.447903639866E-11,1.E0));
#5187=VECTOR('',#5186,2.801000000214E0);
#5188=CARTESIAN_POINT('',(-1.313645051902E1,1.143291349418E0,
-1.949999999999E1));
#5189=LINE('',#5188,#5187);
#5190=CARTESIAN_POINT('',(-1.313645051903E1,1.642291349481E0,-1.6699E1));
#5191=DIRECTION('',(-1.E0,0.E0,0.E0));
#5192=DIRECTION('',(0.E0,-1.E0,1.139317542558E-9));
#5193=AXIS2_PLACEMENT_3D('',#5190,#5191,#5192);
#5195=CARTESIAN_POINT('',(-1.313645051903E1,1.644291349481E0,-1.6699E1));
#5196=DIRECTION('',(-1.E0,0.E0,0.E0));
#5197=DIRECTION('',(0.E0,-1.323139838162E-3,9.999991246501E-1));
#5198=AXIS2_PLACEMENT_3D('',#5195,#5196,#5197);
#5200=DIRECTION('',(1.174069766725E-11,2.181760662764E-12,-1.E0));
#5201=VECTOR('',#5200,2.801000000159E0);
#5202=CARTESIAN_POINT('',(-1.313645051902E1,2.143291349484E0,
-1.669899999983E1));
#5203=LINE('',#5202,#5201);
#5204=DIRECTION('',(1.794151911773E-9,1.E0,-7.826189595695E-11));
#5205=VECTOR('',#5204,4.326161658234E-2);
#5206=CARTESIAN_POINT('',(-1.313645051899E1,2.143291349490E0,
-1.949999999999E1));
#5207=LINE('',#5206,#5205);
#5208=CARTESIAN_POINT('',(-1.313645051891E1,2.186552966072E0,
-1.949999999999E1));
#5209=CARTESIAN_POINT('',(-1.313645051891E1,2.217000198287E0,
-1.946295722555E1));
#5210=CARTESIAN_POINT('',(-1.313645051918E1,2.279106014769E0,
-1.938237001099E1));
#5211=CARTESIAN_POINT('',(-1.313645051869E1,2.375520000713E0,
-1.924245714507E1));
#5212=CARTESIAN_POINT('',(-1.313645052025E1,2.476244598202E0,
-1.908202676833E1));
#5213=CARTESIAN_POINT('',(-1.313645051449E1,2.582160515938E0,
-1.889949678723E1));
#5214=CARTESIAN_POINT('',(-1.313645053596E1,2.694004887727E0,
-1.869337612983E1));
#5215=CARTESIAN_POINT('',(-1.313645045586E1,2.812393674301E0,
-1.846234312688E1));
#5216=CARTESIAN_POINT('',(-1.313645065514E1,2.896300011062E0,
-1.829036765588E1));
#5217=CARTESIAN_POINT('',(-1.313645065514E1,2.939439347347E0,
-1.819999994968E1));
#5219=CARTESIAN_POINT('',(-1.313645065389E1,2.939439348406E0,
-1.789999973384E1));
#5220=CARTESIAN_POINT('',(-1.313645065389E1,2.916897054594E0,
-1.788968744602E1));
#5221=CARTESIAN_POINT('',(-1.313645028771E1,2.871737296025E0,
-1.786923255012E1));
#5222=CARTESIAN_POINT('',(-1.313645112635E1,2.803681291617E0,
-1.783924578783E1));
#5223=CARTESIAN_POINT('',(-1.313644925615E1,2.758144539038E0,
-1.781964901226E1));
#5224=CARTESIAN_POINT('',(-1.313644925615E1,2.735309259572E0,
-1.780999614116E1));
#5226=CARTESIAN_POINT('',(-1.313645045408E1,2.735308052583E0,
-1.619999809882E1));
#5227=CARTESIAN_POINT('',(-1.313645045408E1,2.735308052472E0,
-1.618783193887E1));
#5228=CARTESIAN_POINT('',(-1.313645054918E1,2.737409470528E0,
-1.616341346783E1));
#5229=CARTESIAN_POINT('',(-1.313645051095E1,2.747028036216E0,
-1.612667436159E1));
#5230=CARTESIAN_POINT('',(-1.313645052119E1,2.763760978734E0,
-1.608944977973E1));
#5231=CARTESIAN_POINT('',(-1.313645051845E1,2.788420041819E0,
-1.605211880739E1));
#5232=CARTESIAN_POINT('',(-1.313645051919E1,2.822031346903E0,
-1.601518814771E1));
#5233=CARTESIAN_POINT('',(-1.313645051899E1,2.865287400810E0,
-1.598006792702E1));
#5234=CARTESIAN_POINT('',(-1.313645051903E1,2.899759276762E0,
-1.595946599092E1));
#5235=CARTESIAN_POINT('',(-1.313645051903E1,2.918604809377E0,-1.595E1));
#5237=DIRECTION('',(-7.293534744529E-7,-7.348775155657E-7,-9.999999999995E-1));
#5238=VECTOR('',#5237,1.610000004388E0);
#5239=CARTESIAN_POINT('',(-1.093645063599E1,5.512744313185E-1,
-1.619999627320E1));
#5240=LINE('',#5239,#5238);
#5241=DIRECTION('',(2.662928494343E-8,-2.662981074773E-8,1.E0));
#5242=VECTOR('',#5241,1.610000260366E0);
#5243=CARTESIAN_POINT('',(-1.313645041834E1,5.512747100102E-1,
-1.781000034857E1));
#5244=LINE('',#5243,#5242);
#5245=CARTESIAN_POINT('',(-1.203645051903E1,1.643291349481E0,-1.79E1));
#5246=DIRECTION('',(0.E0,0.E0,-1.E0));
#5247=DIRECTION('',(6.470590111439E-1,-7.624399229431E-1,0.E0));
#5248=AXIS2_PLACEMENT_3D('',#5245,#5246,#5247);
#5250=CARTESIAN_POINT('',(-1.203645051903E1,1.643291349481E0,-1.79E1));
#5251=DIRECTION('',(0.E0,0.E0,-1.E0));
#5252=DIRECTION('',(0.E0,-1.E0,0.E0));
#5253=AXIS2_PLACEMENT_3D('',#5250,#5251,#5252);
#5255=CARTESIAN_POINT('',(-1.203645051903E1,1.643291349481E0,-1.781E1));
#5256=DIRECTION('',(0.E0,0.E0,1.E0));
#5257=DIRECTION('',(-7.096772615165E-1,-7.045269224710E-1,0.E0));
#5258=AXIS2_PLACEMENT_3D('',#5255,#5256,#5257);
#5260=CARTESIAN_POINT('',(-1.203645051903E1,1.643291349481E0,-1.781E1));
#5261=DIRECTION('',(0.E0,0.E0,1.E0));
#5262=DIRECTION('',(0.E0,-1.E0,0.E0));
#5263=AXIS2_PLACEMENT_3D('',#5260,#5261,#5262);
#5265=DIRECTION('',(-6.119154744192E-7,-5.193113150047E-7,-9.999999999997E-1));
#5266=VECTOR('',#5265,2.999998277200E-1);
#5267=CARTESIAN_POINT('',(-1.093645016901E1,3.471435587918E-1,
-1.790000017410E1));
#5268=LINE('',#5267,#5266);
#5269=DIRECTION('',(-3.869744236071E-6,3.284136204392E-6,9.999999999871E-1));
#5270=VECTOR('',#5269,2.999964363860E-1);
#5271=CARTESIAN_POINT('',(-1.313645059756E1,3.471434541120E-1,
-1.820000038832E1));
#5272=LINE('',#5271,#5270);
#5273=DIRECTION('',(-1.117215246576E-10,-3.420201436139E-1,9.396926206810E-1));
#5274=VECTOR('',#5273,1.383431104373E0);
#5275=CARTESIAN_POINT('',(-1.203645051903E1,4.164526544797E-1,-1.95E1));
#5276=LINE('',#5275,#5274);
#5277=CARTESIAN_POINT('',(-1.203645051903E1,1.643291349481E0,-1.82E1));
#5278=DIRECTION('',(0.E0,0.E0,1.E0));
#5279=DIRECTION('',(-2.726989875744E-10,-1.E0,0.E0));
#5280=AXIS2_PLACEMENT_3D('',#5277,#5278,#5279);
#5282=CARTESIAN_POINT('',(-1.313645051897E1,1.100029733072E0,-1.95E1));
#5283=CARTESIAN_POINT('',(-1.313645051897E1,1.069542412479E0,
-1.946290845316E1));
#5284=CARTESIAN_POINT('',(-1.313645051911E1,1.007367557243E0,
-1.938222346791E1));
#5285=CARTESIAN_POINT('',(-1.313645051883E1,9.108920811933E-1,
-1.924220020943E1));
#5286=CARTESIAN_POINT('',(-1.313645051973E1,8.100875649557E-1,
-1.908161326797E1));
#5287=CARTESIAN_POINT('',(-1.313645051641E1,7.041331844557E-1,
-1.889898141981E1));
#5288=CARTESIAN_POINT('',(-1.313645052880E1,5.922776384397E-1,
-1.869280479821E1));
#5289=CARTESIAN_POINT('',(-1.313645048258E1,4.739669842943E-1,
-1.846189340855E1));
#5290=CARTESIAN_POINT('',(-1.313645059756E1,3.901973113784E-1,
-1.829018904574E1));
#5291=CARTESIAN_POINT('',(-1.313645059756E1,3.471434541120E-1,
-1.820000038832E1));
#5293=CARTESIAN_POINT('',(-1.203645051903E1,1.643291349481E0,-1.82E1));
#5294=DIRECTION('',(0.E0,0.E0,1.E0));
#5295=DIRECTION('',(-6.470589710957E-1,-7.624399569308E-1,0.E0));
#5296=AXIS2_PLACEMENT_3D('',#5293,#5294,#5295);
#5298=DIRECTION('',(-1.E0,-3.029899563668E-13,-3.257192495626E-12));
#5299=VECTOR('',#5298,2.199999999928E0);
#5300=CARTESIAN_POINT('',(-1.093645051909E1,1.143291349418E0,
-1.949999999999E1));
#5301=LINE('',#5300,#5299);
#5302=CARTESIAN_POINT('',(-1.203645051903E1,1.643291349481E0,-1.95E1));
#5303=DIRECTION('',(0.E0,0.E0,1.E0));
#5304=DIRECTION('',(-8.966133888805E-1,-4.428142171162E-1,0.E0));
#5305=AXIS2_PLACEMENT_3D('',#5302,#5303,#5304);
#5307=CARTESIAN_POINT('',(-1.203645051903E1,1.643291349481E0,-1.95E1));
#5308=DIRECTION('',(0.E0,0.E0,1.E0));
#5309=DIRECTION('',(7.384361055657E-14,-1.E0,0.E0));
#5310=AXIS2_PLACEMENT_3D('',#5307,#5308,#5309);
#5312=DIRECTION('',(1.E0,3.028890269916E-13,-6.104127304643E-10));
#5313=VECTOR('',#5312,2.199999999995E0);
#5314=CARTESIAN_POINT('',(-1.313645051903E1,1.143291349458E0,
-1.669899999978E1));
#5315=LINE('',#5314,#5313);
#5316=DIRECTION('',(-9.999999764082E-1,2.169053385679E-4,-1.165168190098E-5));
#5317=VECTOR('',#5316,2.200000051902E0);
#5318=CARTESIAN_POINT('',(-1.093645051903E1,1.643039982126E0,
-1.619996784115E1));
#5319=LINE('',#5318,#5317);
#5320=DIRECTION('',(-1.E0,-4.796163466402E-13,-1.978748478211E-10));
#5321=VECTOR('',#5320,2.199999999990E0);
#5322=CARTESIAN_POINT('',(-1.093645051903E1,2.143291349485E0,
-1.669899999940E1));
#5323=LINE('',#5322,#5321);
#5324=DIRECTION('',(-1.E0,-4.796163466513E-13,1.390402944333E-12));
#5325=VECTOR('',#5324,2.199999999939E0);
#5326=CARTESIAN_POINT('',(-1.093645051905E1,2.143291349491E0,
-1.949999999999E1));
#5327=LINE('',#5326,#5325);
#5328=CARTESIAN_POINT('',(-1.203645051903E1,1.643291349481E0,-1.95E1));
#5329=DIRECTION('',(0.E0,0.E0,1.E0));
#5330=DIRECTION('',(8.966133888833E-1,4.428142171105E-1,0.E0));
#5331=AXIS2_PLACEMENT_3D('',#5328,#5329,#5330);
#5333=CARTESIAN_POINT('',(-1.203645051903E1,1.643291349481E0,-1.95E1));
#5334=DIRECTION('',(0.E0,0.E0,1.E0));
#5335=DIRECTION('',(-7.529152448905E-14,1.E0,0.E0));
#5336=AXIS2_PLACEMENT_3D('',#5333,#5334,#5335);
#5338=CARTESIAN_POINT('',(-1.093645051910E1,2.186552965879E0,-1.95E1));
#5339=CARTESIAN_POINT('',(-1.093645051910E1,2.217040286479E0,
-1.946290845315E1));
#5340=CARTESIAN_POINT('',(-1.093645051894E1,2.279215141729E0,
-1.938222346790E1));
#5341=CARTESIAN_POINT('',(-1.093645051923E1,2.375690617786E0,
-1.924220020941E1));
#5342=CARTESIAN_POINT('',(-1.093645051833E1,2.476495134037E0,
-1.908161326792E1));
#5343=CARTESIAN_POINT('',(-1.093645052164E1,2.582449514544E0,
-1.889898141973E1));
#5344=CARTESIAN_POINT('',(-1.093645050928E1,2.694305060595E0,
-1.869280479813E1));
#5345=CARTESIAN_POINT('',(-1.093645055541E1,2.812615714685E0,
-1.846189340832E1));
#5346=CARTESIAN_POINT('',(-1.093645044065E1,2.896385387800E0,
-1.829018904573E1));
#5347=CARTESIAN_POINT('',(-1.093645044065E1,2.939439245075E0,
-1.820000038828E1));
#5349=CARTESIAN_POINT('',(-1.203645051903E1,1.643291349481E0,-1.82E1));
#5350=DIRECTION('',(0.E0,0.E0,1.E0));
#5351=DIRECTION('',(6.470589709469E-1,7.624399570571E-1,0.E0));
#5352=AXIS2_PLACEMENT_3D('',#5349,#5350,#5351);
#5354=CARTESIAN_POINT('',(-1.203645051903E1,1.643291349481E0,-1.82E1));
#5355=DIRECTION('',(0.E0,0.E0,1.E0));
#5356=DIRECTION('',(0.E0,1.E0,0.E0));
#5357=AXIS2_PLACEMENT_3D('',#5354,#5355,#5356);
#5359=DIRECTION('',(0.E0,5.921189464674E-13,-1.E0));
#5360=VECTOR('',#5359,2.999999999996E-1);
#5361=CARTESIAN_POINT('',(-1.203645051903E1,3.343291349480E0,-1.79E1));
#5362=LINE('',#5361,#5360);
#5363=DIRECTION('',(3.869673518233E-6,-3.284075256297E-6,9.999999999871E-1));
#5364=VECTOR('',#5363,2.999964364040E-1);
#5365=CARTESIAN_POINT('',(-1.093645044065E1,2.939439245075E0,
-1.820000038828E1));
#5366=LINE('',#5365,#5364);
#5367=DIRECTION('',(-4.163990598597E-9,-3.530756848364E-9,-1.E0));
#5368=VECTOR('',#5367,3.000002158346E-1);
#5369=CARTESIAN_POINT('',(-1.313645065389E1,2.939439348406E0,
-1.789999973384E1));
#5370=LINE('',#5369,#5368);
#5371=CARTESIAN_POINT('',(-1.203645051903E1,1.643291349481E0,-1.781E1));
#5372=DIRECTION('',(0.E0,0.E0,1.E0));
#5373=DIRECTION('',(0.E0,1.E0,0.E0));
#5374=AXIS2_PLACEMENT_3D('',#5371,#5372,#5373);
#5376=CARTESIAN_POINT('',(-1.203645051903E1,1.643291349481E0,-1.79E1));
#5377=DIRECTION('',(0.E0,0.E0,-1.E0));
#5378=DIRECTION('',(-6.470589579143E-1,7.624399681174E-1,0.E0));
#5379=AXIS2_PLACEMENT_3D('',#5376,#5377,#5378);
#5381=DIRECTION('',(0.E0,-8.574929257097E-1,5.144957554323E-1));
#5382=VECTOR('',#5381,1.749285568447E-1);
#5383=CARTESIAN_POINT('',(-1.203645051903E1,3.343291349480E0,-1.79E1));
#5384=LINE('',#5383,#5382);
#5385=DIRECTION('',(7.440530642910E-7,7.496835292799E-7,-9.999999999994E-1));
#5386=VECTOR('',#5385,1.609998042337E0);
#5387=CARTESIAN_POINT('',(-1.313645045408E1,2.735308052583E0,
-1.619999809882E1));
#5388=LINE('',#5387,#5386);
#5389=DIRECTION('',(0.E0,-1.550698839313E-11,-1.E0));
#5390=VECTOR('',#5389,1.609999998428E0);
#5391=CARTESIAN_POINT('',(-1.203645051903E1,3.193291349506E0,
-1.620000000157E1));
#5392=LINE('',#5391,#5390);
#5393=DIRECTION('',(-4.595336710282E-8,4.609495929912E-8,1.E0));
#5394=VECTOR('',#5393,1.609999928455E0);
#5395=CARTESIAN_POINT('',(-1.093645063534E1,2.735308035841E0,
-1.781000036191E1));
#5396=LINE('',#5395,#5394);
#5397=CARTESIAN_POINT('',(-1.203645051903E1,1.643291349481E0,-1.79E1));
#5398=DIRECTION('',(0.E0,0.E0,-1.E0));
#5399=DIRECTION('',(0.E0,1.E0,0.E0));
#5400=AXIS2_PLACEMENT_3D('',#5397,#5398,#5399);
#5402=CARTESIAN_POINT('',(-1.203645051903E1,1.643291349481E0,-1.781E1));
#5403=DIRECTION('',(0.E0,0.E0,1.E0));
#5404=DIRECTION('',(7.096772313526E-1,7.045269528554E-1,0.E0));
#5405=AXIS2_PLACEMENT_3D('',#5402,#5403,#5404);
#5407=DIRECTION('',(1.765088672200E-10,2.588190450353E-1,-9.659258263071E-1));
#5408=VECTOR('',#5407,5.870015942486E0);
#5409=CARTESIAN_POINT('',(-1.016645052007E1,-1.256708650094E0,
-1.023000000032E1));
#5410=LINE('',#5409,#5408);
#5411=DIRECTION('',(-1.715227804501E-10,4.205990645399E-11,1.E0));
#5412=VECTOR('',#5411,5.719999999625E0);
#5413=CARTESIAN_POINT('',(-1.016645051903E1,-3.606708650519E0,-1.595E1));
#5414=LINE('',#5413,#5412);
#5415=DIRECTION('',(1.E0,0.E0,0.E0));
#5416=VECTOR('',#5415,5.499999999990E-1);
#5417=CARTESIAN_POINT('',(-1.016645051903E1,2.625632704821E-1,-1.59E1));
#5418=LINE('',#5417,#5416);
#5419=DIRECTION('',(0.E0,0.E0,1.E0));
#5420=VECTOR('',#5419,5.E-2);
#5421=CARTESIAN_POINT('',(-1.016645051903E1,2.625632704821E-1,-1.595E1));
#5422=LINE('',#5421,#5420);
#5423=DIRECTION('',(-7.296013056043E-11,-3.928714385931E-11,-1.E0));
#5424=VECTOR('',#5423,5.719999999623E0);
#5425=CARTESIAN_POINT('',(-9.616450518614E0,-3.606708650294E0,
-1.023000000038E1));
#5426=LINE('',#5425,#5424);
#5427=DIRECTION('',(0.E0,0.E0,1.E0));
#5428=VECTOR('',#5427,5.E-2);
#5429=CARTESIAN_POINT('',(-9.616450519031E0,2.625632704821E-1,-1.595E1));
#5430=LINE('',#5429,#5428);
#5431=DIRECTION('',(8.053622949733E-11,-2.588190450353E-1,9.659258263071E-1));
#5432=VECTOR('',#5431,5.870015942485E0);
#5433=CARTESIAN_POINT('',(-9.616450519031E0,2.625632704821E-1,-1.59E1));
#5434=LINE('',#5433,#5432);
#5435=DIRECTION('',(-2.459778486950E-11,2.588190450353E-1,-9.659258263071E-1));
#5436=VECTOR('',#5435,5.870015942486E0);
#5437=CARTESIAN_POINT('',(-9.146450518887E0,-1.256708650094E0,
-1.023000000032E1));
#5438=LINE('',#5437,#5436);
#5439=DIRECTION('',(2.350443072652E-11,4.205990645399E-11,1.E0));
#5440=VECTOR('',#5439,5.719999999625E0);
#5441=CARTESIAN_POINT('',(-9.146450519031E0,-3.606708650519E0,-1.595E1));
#5442=LINE('',#5441,#5440);
#5443=DIRECTION('',(1.E0,0.E0,0.E0));
#5444=VECTOR('',#5443,5.5E-1);
#5445=CARTESIAN_POINT('',(-9.146450519031E0,2.625632704821E-1,-1.59E1));
#5446=LINE('',#5445,#5444);
#5447=DIRECTION('',(0.E0,0.E0,1.E0));
#5448=VECTOR('',#5447,5.E-2);
#5449=CARTESIAN_POINT('',(-9.146450519031E0,2.625632704821E-1,-1.595E1));
#5450=LINE('',#5449,#5448);
#5451=DIRECTION('',(8.085684414702E-11,-3.928714385931E-11,-1.E0));
#5452=VECTOR('',#5451,5.719999999623E0);
#5453=CARTESIAN_POINT('',(-8.596450519494E0,-3.606708650294E0,
-1.023000000038E1));
#5454=LINE('',#5453,#5452);
#5455=DIRECTION('',(0.E0,0.E0,1.E0));
#5456=VECTOR('',#5455,5.E-2);
#5457=CARTESIAN_POINT('',(-8.596450519031E0,2.625632704821E-1,-1.595E1));
#5458=LINE('',#5457,#5456);
#5459=DIRECTION('',(-4.701855502085E-11,-2.588190450353E-1,9.659258263071E-1));
#5460=VECTOR('',#5459,5.870015942485E0);
#5461=CARTESIAN_POINT('',(-8.596450519031E0,2.625632704821E-1,-1.59E1));
#5462=LINE('',#5461,#5460);
#5463=DIRECTION('',(1.017695370751E-12,2.588190450353E-1,-9.659258263071E-1));
#5464=VECTOR('',#5463,5.870015942486E0);
#5465=CARTESIAN_POINT('',(-8.126450519037E0,-1.256708650094E0,
-1.023000000032E1));
#5466=LINE('',#5465,#5464);
#5467=DIRECTION('',(1.921601960818E-11,4.206006172993E-11,1.E0));
#5468=VECTOR('',#5467,5.719999999625E0);
#5469=CARTESIAN_POINT('',(-8.126450519031E0,-3.606708650519E0,-1.595E1));
#5470=LINE('',#5469,#5468);
#5471=DIRECTION('',(1.E0,0.E0,0.E0));
#5472=VECTOR('',#5471,5.5E-1);
#5473=CARTESIAN_POINT('',(-8.126450519031E0,2.625632704821E-1,-1.59E1));
#5474=LINE('',#5473,#5472);
#5475=DIRECTION('',(0.E0,0.E0,1.E0));
#5476=VECTOR('',#5475,5.E-2);
#5477=CARTESIAN_POINT('',(-8.126450519031E0,2.625632704821E-1,-1.595E1));
#5478=LINE('',#5477,#5476);
#5479=DIRECTION('',(-1.393258469061E-10,-3.928714385931E-11,-1.E0));
#5480=VECTOR('',#5479,5.719999999623E0);
#5481=CARTESIAN_POINT('',(-7.576450518234E0,-3.606708650294E0,
-1.023000000038E1));
#5482=LINE('',#5481,#5480);
#5483=DIRECTION('',(0.E0,0.E0,1.E0));
#5484=VECTOR('',#5483,5.E-2);
#5485=CARTESIAN_POINT('',(-7.576450519031E0,2.625632704821E-1,-1.595E1));
#5486=LINE('',#5485,#5484);
#5487=DIRECTION('',(1.485658211326E-10,-2.588190450353E-1,9.659258263071E-1));
#5488=VECTOR('',#5487,5.870015942485E0);
#5489=CARTESIAN_POINT('',(-7.576450519031E0,2.625632704821E-1,-1.59E1));
#5490=LINE('',#5489,#5488);
#5491=DIRECTION('',(1.143094626240E-10,2.588190450353E-1,-9.659258263071E-1));
#5492=VECTOR('',#5491,5.870015942486E0);
#5493=CARTESIAN_POINT('',(-7.106450519702E0,-1.256708650094E0,
-1.023000000032E1));
#5494=LINE('',#5493,#5492);
#5495=DIRECTION('',(-1.263693112939E-10,4.205990645399E-11,1.E0));
#5496=VECTOR('',#5495,5.719999999625E0);
#5497=CARTESIAN_POINT('',(-7.106450519031E0,-3.606708650519E0,-1.595E1));
#5498=LINE('',#5497,#5496);
#5499=DIRECTION('',(1.E0,0.E0,0.E0));
#5500=VECTOR('',#5499,5.5E-1);
#5501=CARTESIAN_POINT('',(-7.106450519031E0,2.625632704821E-1,-1.59E1));
#5502=LINE('',#5501,#5500);
#5503=DIRECTION('',(0.E0,0.E0,1.E0));
#5504=VECTOR('',#5503,5.E-2);
#5505=CARTESIAN_POINT('',(-7.106450519031E0,2.625632704821E-1,-1.595E1));
#5506=LINE('',#5505,#5504);
#5507=DIRECTION('',(-1.268015995318E-10,-3.928714385931E-11,-1.E0));
#5508=VECTOR('',#5507,5.719999999623E0);
#5509=CARTESIAN_POINT('',(-6.556450518306E0,-3.606708650294E0,
-1.023000000038E1));
#5510=LINE('',#5509,#5508);
#5511=DIRECTION('',(0.E0,0.E0,1.E0));
#5512=VECTOR('',#5511,5.E-2);
#5513=CARTESIAN_POINT('',(-6.556450519031E0,2.625632704821E-1,-1.595E1));
#5514=LINE('',#5513,#5512);
#5515=DIRECTION('',(1.336313004399E-10,-2.588190450353E-1,9.659258263071E-1));
#5516=VECTOR('',#5515,5.870015942485E0);
#5517=CARTESIAN_POINT('',(-6.556450519031E0,2.625632704821E-1,-1.59E1));
#5518=LINE('',#5517,#5516);
#5519=DIRECTION('',(1.399438563226E-10,2.588190450353E-1,-9.659258263071E-1));
#5520=VECTOR('',#5519,5.870015942486E0);
#5521=CARTESIAN_POINT('',(-6.086450519852E0,-1.256708650094E0,
-1.023000000032E1));
#5522=LINE('',#5521,#5520);
#5523=DIRECTION('',(-1.306479400275E-10,4.206006172993E-11,1.E0));
#5524=VECTOR('',#5523,5.719999999625E0);
#5525=CARTESIAN_POINT('',(-6.086450519031E0,-3.606708650519E0,-1.595E1));
#5526=LINE('',#5525,#5524);
#5527=DIRECTION('',(1.E0,0.E0,0.E0));
#5528=VECTOR('',#5527,5.5E-1);
#5529=CARTESIAN_POINT('',(-6.086450519031E0,2.625632704821E-1,-1.59E1));
#5530=LINE('',#5529,#5528);
#5531=DIRECTION('',(0.E0,0.E0,1.E0));
#5532=VECTOR('',#5531,5.E-2);
#5533=CARTESIAN_POINT('',(-6.086450519031E0,2.625632704821E-1,-1.595E1));
#5534=LINE('',#5533,#5532);
#5535=DIRECTION('',(-1.142773521575E-10,-3.928714385931E-11,-1.E0));
#5536=VECTOR('',#5535,5.719999999623E0);
#5537=CARTESIAN_POINT('',(-5.536450518377E0,-3.606708650294E0,
-1.023000000038E1));
#5538=LINE('',#5537,#5536);
#5539=DIRECTION('',(0.E0,0.E0,1.E0));
#5540=VECTOR('',#5539,5.E-2);
#5541=CARTESIAN_POINT('',(-5.536450519031E0,2.625632704821E-1,-1.595E1));
#5542=LINE('',#5541,#5540);
#5543=DIRECTION('',(1.186964771318E-10,-2.588190450353E-1,9.659258263071E-1));
#5544=VECTOR('',#5543,5.870015942485E0);
#5545=CARTESIAN_POINT('',(-5.536450519031E0,2.625632704821E-1,-1.59E1));
#5546=LINE('',#5545,#5544);
#5547=DIRECTION('',(1.656345364736E-10,2.588190450353E-1,-9.659258263071E-1));
#5548=VECTOR('',#5547,5.870015942486E0);
#5549=CARTESIAN_POINT('',(-5.066450520003E0,-1.256708650094E0,
-1.023000000032E1));
#5550=LINE('',#5549,#5548);
#5551=DIRECTION('',(-1.349843314136E-10,4.206006172993E-11,1.E0));
#5552=VECTOR('',#5551,5.719999999625E0);
#5553=CARTESIAN_POINT('',(-5.066450519031E0,-3.606708650519E0,-1.595E1));
#5554=LINE('',#5553,#5552);
#5555=DIRECTION('',(1.E0,0.E0,0.E0));
#5556=VECTOR('',#5555,5.5E-1);
#5557=CARTESIAN_POINT('',(-5.066450519031E0,2.625632704821E-1,-1.59E1));
#5558=LINE('',#5557,#5556);
#5559=DIRECTION('',(0.E0,0.E0,1.E0));
#5560=VECTOR('',#5559,5.E-2);
#5561=CARTESIAN_POINT('',(-5.066450519031E0,2.625632704821E-1,-1.595E1));
#5562=LINE('',#5561,#5560);
#5563=DIRECTION('',(3.952487133495E-11,-3.928714385931E-11,-1.E0));
#5564=VECTOR('',#5563,5.719999999623E0);
#5565=CARTESIAN_POINT('',(-4.516450519257E0,-3.606708650294E0,
-1.023000000038E1));
#5566=LINE('',#5565,#5564);
#5567=DIRECTION('',(0.E0,0.E0,1.E0));
#5568=VECTOR('',#5567,5.E-2);
#5569=CARTESIAN_POINT('',(-4.516450519031E0,2.625632704821E-1,-1.595E1));
#5570=LINE('',#5569,#5568);
#5571=DIRECTION('',(-8.858307386357E-12,-2.588190450353E-1,9.659258263071E-1));
#5572=VECTOR('',#5571,5.870015942485E0);
#5573=CARTESIAN_POINT('',(-4.516450519031E0,2.625632704821E-1,-1.59E1));
#5574=LINE('',#5573,#5572);
#5575=DIRECTION('',(-3.547680615362E-11,2.588190450353E-1,-9.659258263071E-1));
#5576=VECTOR('',#5575,5.870015942486E0);
#5577=CARTESIAN_POINT('',(-4.046450518823E0,-1.256708650094E0,
-1.023000000032E1));
#5578=LINE('',#5577,#5576);
#5579=DIRECTION('',(6.012517601517E-11,4.205990645399E-11,1.E0));
#5580=VECTOR('',#5579,5.719999999625E0);
#5581=CARTESIAN_POINT('',(-4.046450519031E0,-3.606708650519E0,-1.595E1));
#5582=LINE('',#5581,#5580);
#5583=DIRECTION('',(1.E0,0.E0,0.E0));
#5584=VECTOR('',#5583,5.5E-1);
#5585=CARTESIAN_POINT('',(-4.046450519031E0,2.625632704821E-1,-1.59E1));
#5586=LINE('',#5585,#5584);
#5587=DIRECTION('',(0.E0,0.E0,1.E0));
#5588=VECTOR('',#5587,5.E-2);
#5589=CARTESIAN_POINT('',(-4.046450519031E0,2.625632704821E-1,-1.595E1));
#5590=LINE('',#5589,#5588);
#5591=DIRECTION('',(5.197163601142E-11,-3.928714385931E-11,-1.E0));
#5592=VECTOR('',#5591,5.719999999623E0);
#5593=CARTESIAN_POINT('',(-3.496450519328E0,-3.606708650294E0,
-1.023000000038E1));
#5594=LINE('',#5593,#5592);
#5595=DIRECTION('',(0.E0,0.E0,1.E0));
#5596=VECTOR('',#5595,5.E-2);
#5597=CARTESIAN_POINT('',(-3.496450519031E0,2.625632704821E-1,-1.595E1));
#5598=LINE('',#5597,#5596);
#5599=DIRECTION('',(-2.369387286462E-11,-2.588190450353E-1,9.659258263071E-1));
#5600=VECTOR('',#5599,5.870015942485E0);
#5601=CARTESIAN_POINT('',(-3.496450519031E0,2.625632704821E-1,-1.59E1));
#5602=LINE('',#5601,#5600);
#5603=CARTESIAN_POINT('',(-6.064505190310E-1,1.643291349264E0,
-1.595000001454E1));
#5604=DIRECTION('',(0.E0,9.078999996248E-9,1.E0));
#5605=DIRECTION('',(-5.047000159259E-1,-8.632947897007E-1,7.837853233544E-9));
#5606=AXIS2_PLACEMENT_3D('',#5603,#5604,#5605);
#5608=CARTESIAN_POINT('',(-6.064505190310E-1,1.643291346994E0,
-1.620000001475E1));
#5609=DIRECTION('',(0.E0,-9.078999996248E-9,-1.E0));
#5610=DIRECTION('',(7.096772949281E-1,-7.045268888152E-1,6.396399692272E-9));
#5611=AXIS2_PLACEMENT_3D('',#5608,#5609,#5610);
#5613=CARTESIAN_POINT('',(-6.064505190310E-1,1.643291346994E0,
-1.620000001475E1));
#5614=DIRECTION('',(0.E0,-9.078999996248E-9,-1.E0));
#5615=DIRECTION('',(0.E0,-1.E0,9.079001077622E-9));
#5616=AXIS2_PLACEMENT_3D('',#5613,#5614,#5615);
#5618=CARTESIAN_POINT('',(-6.064505190310E-1,1.643291349264E0,
-1.595000001201E1));
#5619=DIRECTION('',(0.E0,9.078999996248E-9,1.E0));
#5620=DIRECTION('',(-6.531411961325E-1,-7.572361440889E-1,6.874947008544E-9));
#5621=AXIS2_PLACEMENT_3D('',#5618,#5619,#5620);
#5623=CARTESIAN_POINT('',(-1.456450532439E0,3.051072843683E-1,
-1.605877661227E1));
#5624=CARTESIAN_POINT('',(-1.456450532439E0,2.911607079491E-1,
-1.603671268851E1));
#5625=CARTESIAN_POINT('',(-1.456450512327E0,2.577329362141E-1,
-1.599667801555E1));
#5626=CARTESIAN_POINT('',(-1.456450519031E0,2.140020938934E-1,
-1.596411275552E1));
#5627=CARTESIAN_POINT('',(-1.456450519031E0,1.893572337686E-1,-1.595E1));
#5629=DIRECTION('',(0.E0,-1.E0,0.E0));
#5630=VECTOR('',#5629,2.550626919790E0);
#5631=CARTESIAN_POINT('',(4.935494809690E-1,2.918604809376E0,-1.595E1));
#5632=LINE('',#5631,#5630);
#5633=DIRECTION('',(4.422322319140E-12,-2.746979524392E-12,1.E0));
#5634=VECTOR('',#5633,2.801000000743E0);
#5635=CARTESIAN_POINT('',(4.935494809524E-1,2.143291349493E0,-1.95E1));
#5636=LINE('',#5635,#5634);
#5637=CARTESIAN_POINT('',(4.935494809690E-1,1.644291349481E0,-1.6699E1));
#5638=DIRECTION('',(1.E0,0.E0,0.E0));
#5639=DIRECTION('',(0.E0,1.E0,1.829248843248E-9));
#5640=AXIS2_PLACEMENT_3D('',#5637,#5638,#5639);
#5642=CARTESIAN_POINT('',(4.935494809690E-1,1.642291349481E0,-1.6699E1));
#5643=DIRECTION('',(1.E0,0.E0,0.E0));
#5644=DIRECTION('',(0.E0,3.536506485431E-3,9.999937465414E-1));
#5645=AXIS2_PLACEMENT_3D('',#5642,#5643,#5644);
#5647=DIRECTION('',(-1.077512865735E-11,-3.837859856635E-12,-1.E0));
#5648=VECTOR('',#5647,2.800999999948E0);
#5649=CARTESIAN_POINT('',(4.935494809621E-1,1.143291349478E0,
-1.669900000004E1));
#5650=LINE('',#5649,#5648);
#5651=DIRECTION('',(-2.231702269839E-9,-1.E0,-7.834401739801E-11));
#5652=VECTOR('',#5651,4.326161667657E-2);
#5653=CARTESIAN_POINT('',(4.935494809319E-1,1.143291349467E0,
-1.949999999999E1));
#5654=LINE('',#5653,#5652);
#5655=CARTESIAN_POINT('',(4.935494808354E-1,1.100029732791E0,
-1.949999999999E1));
#5656=CARTESIAN_POINT('',(4.935494808354E-1,1.069582500582E0,
-1.946295722555E1));
#5657=CARTESIAN_POINT('',(4.935494811245E-1,1.007476684147E0,
-1.938237001087E1));
#5658=CARTESIAN_POINT('',(4.935494806252E-1,9.110626981857E-1,
-1.924245714498E1));
#5659=CARTESIAN_POINT('',(4.935494821886E-1,8.103381007042E-1,
-1.908202676824E1));
#5660=CARTESIAN_POINT('',(4.935494764344E-1,7.044221829675E-1,
-1.889949678712E1));
#5661=CARTESIAN_POINT('',(4.935494978879E-1,5.925778111775E-1,
-1.869337612974E1));
#5662=CARTESIAN_POINT('',(4.935494178279E-1,4.741890245986E-1,
-1.846234312668E1));
#5663=CARTESIAN_POINT('',(4.935496170189E-1,3.902826878177E-1,
-1.829036765585E1));
#5664=CARTESIAN_POINT('',(4.935496170189E-1,3.471433515178E-1,
-1.819999994961E1));
#5666=CARTESIAN_POINT('',(4.935496158103E-1,3.471433504908E-1,
-1.789999973390E1));
#5667=CARTESIAN_POINT('',(4.935496158103E-1,3.696856443413E-1,
-1.788968744607E1));
#5668=CARTESIAN_POINT('',(4.935492508020E-1,4.148454033884E-1,
-1.786923255044E1));
#5669=CARTESIAN_POINT('',(4.935500842915E-1,4.829014054809E-1,
-1.783924578713E1));
#5670=CARTESIAN_POINT('',(4.935482266612E-1,5.284381643609E-1,
-1.781964901410E1));
#5671=CARTESIAN_POINT('',(4.935482266612E-1,5.512734565728E-1,
-1.780999613761E1));
#5673=CARTESIAN_POINT('',(4.935494413528E-1,5.512746804544E-1,
-1.619999800441E1));
#5674=CARTESIAN_POINT('',(4.935494413528E-1,5.512746805649E-1,
-1.618783199287E1));
#5675=CARTESIAN_POINT('',(4.935494993549E-1,5.491732136419E-1,
-1.616341346235E1));
#5676=CARTESIAN_POINT('',(4.935494760425E-1,5.395546829456E-1,
-1.612667441190E1));
#5677=CARTESIAN_POINT('',(4.935494822891E-1,5.228217271697E-1,
-1.608944978881E1));
#5678=CARTESIAN_POINT('',(4.935494806152E-1,4.981626561931E-1,
-1.605211880540E1));
#5679=CARTESIAN_POINT('',(4.935494810643E-1,4.645513410301E-1,
-1.601518813654E1));
#5680=CARTESIAN_POINT('',(4.935494809418E-1,4.212952816190E-1,
-1.598006791591E1));
#5681=CARTESIAN_POINT('',(4.935494809690E-1,3.868234145947E-1,
-1.595946598710E1));
#5682=CARTESIAN_POINT('',(4.935494809690E-1,3.679778895859E-1,-1.595E1));
#5684=DIRECTION('',(1.888901131612E-7,-1.904648840356E-7,1.E0));
#5685=VECTOR('',#5684,1.609999166405E0);
#5686=CARTESIAN_POINT('',(4.935490331923E-1,2.735308338631E0,
-1.780999925435E1));
#5687=LINE('',#5686,#5685);
#5688=CARTESIAN_POINT('',(-6.064505190310E-1,1.643291349481E0,-1.79E1));
#5689=DIRECTION('',(0.E0,0.E0,-1.E0));
#5690=DIRECTION('',(0.E0,1.E0,0.E0));
#5691=AXIS2_PLACEMENT_3D('',#5688,#5689,#5690);
#5693=CARTESIAN_POINT('',(4.935497657833E-1,2.939439069881E0,
-1.790000070328E1));
#5694=CARTESIAN_POINT('',(4.935497657833E-1,2.916254271217E0,
-1.788939449559E1));
#5695=CARTESIAN_POINT('',(4.935492883521E-1,2.870227789403E0,
-1.786857156918E1));
#5696=CARTESIAN_POINT('',(4.935497279067E-1,2.802183410062E0,
-1.783856047101E1));
#5697=CARTESIAN_POINT('',(4.935490331923E-1,2.757491861081E0,
-1.781937659501E1));
#5698=CARTESIAN_POINT('',(4.935490331923E-1,2.735308338631E0,
-1.780999925435E1));
#5700=CARTESIAN_POINT('',(-6.064505190310E-1,1.643291349481E0,-1.781E1));
#5701=DIRECTION('',(0.E0,0.E0,1.E0));
#5702=DIRECTION('',(7.096772614202E-1,7.045269225680E-1,0.E0));
#5703=AXIS2_PLACEMENT_3D('',#5700,#5701,#5702);
#5705=DIRECTION('',(6.881070966180E-7,-5.839744424690E-7,9.999999999996E-1));
#5706=VECTOR('',#5705,2.999996849988E-1);
#5707=CARTESIAN_POINT('',(4.935495593514E-1,2.939439245074E0,
-1.820000038828E1));
#5708=LINE('',#5707,#5706);
#5709=CARTESIAN_POINT('',(4.935494809053E-1,2.186552965891E0,-1.95E1));
#5710=CARTESIAN_POINT('',(4.935494809053E-1,2.217040286493E0,
-1.946290845315E1));
#5711=CARTESIAN_POINT('',(4.935494810524E-1,2.279215141737E0,
-1.938222346789E1));
#5712=CARTESIAN_POINT('',(4.935494807726E-1,2.375690617802E0,
-1.924220020938E1));
#5713=CARTESIAN_POINT('',(4.935494816712E-1,2.476495134057E0,
-1.908161326789E1));
#5714=CARTESIAN_POINT('',(4.935494783566E-1,2.582449514570E0,
-1.889898141968E1));
#5715=CARTESIAN_POINT('',(4.935494907165E-1,2.694305060625E0,
-1.869280479807E1));
#5716=CARTESIAN_POINT('',(4.935494445916E-1,2.812615714711E0,
-1.846189340827E1));
#5717=CARTESIAN_POINT('',(4.935495593514E-1,2.896385387808E0,
-1.829018904570E1));
#5718=CARTESIAN_POINT('',(4.935495593514E-1,2.939439245074E0,
-1.820000038828E1));
#5720=CARTESIAN_POINT('',(-6.064505190310E-1,1.643291349481E0,-1.82E1));
#5721=DIRECTION('',(0.E0,0.E0,1.E0));
#5722=DIRECTION('',(6.470589709481E-1,7.624399570560E-1,0.E0));
#5723=AXIS2_PLACEMENT_3D('',#5720,#5721,#5722);
#5725=CARTESIAN_POINT('',(-6.064505190310E-1,1.643291349481E0,-1.82E1));
#5726=DIRECTION('',(0.E0,0.E0,1.E0));
#5727=DIRECTION('',(0.E0,1.E0,0.E0));
#5728=AXIS2_PLACEMENT_3D('',#5725,#5726,#5727);
#5730=CARTESIAN_POINT('',(-1.706450655099E0,2.939439347402E0,
-1.819999994969E1));
#5731=CARTESIAN_POINT('',(-1.706450655099E0,2.896407147103E0,
-1.829014322886E1));
#5732=CARTESIAN_POINT('',(-1.706450455881E0,2.812673009322E0,
-1.846177749574E1));
#5733=CARTESIAN_POINT('',(-1.706450535952E0,2.694381979610E0,
-1.869265836367E1));
#5734=CARTESIAN_POINT('',(-1.706450514496E0,2.582523073614E0,
-1.889885026984E1));
#5735=CARTESIAN_POINT('',(-1.706450520249E0,2.476558089876E0,
-1.908150937003E1));
#5736=CARTESIAN_POINT('',(-1.706450518692E0,2.375733445538E0,
-1.924213570523E1));
#5737=CARTESIAN_POINT('',(-1.706450519169E0,2.279242509287E0,
-1.938218671663E1));
#5738=CARTESIAN_POINT('',(-1.706450518936E0,2.217050335323E0,
-1.946289622763E1));
#5739=CARTESIAN_POINT('',(-1.706450518936E0,2.186552965990E0,-1.95E1));
#5741=DIRECTION('',(-1.087450537413E-9,1.E0,-7.834401790269E-11));
#5742=VECTOR('',#5741,4.326161639789E-2);
#5743=CARTESIAN_POINT('',(4.935494809524E-1,2.143291349493E0,-1.95E1));
#5744=LINE('',#5743,#5742);
#5745=CARTESIAN_POINT('',(-6.064505190310E-1,1.643291349481E0,-1.95E1));
#5746=DIRECTION('',(0.E0,0.E0,1.E0));
#5747=DIRECTION('',(8.966133888776E-1,4.428142171220E-1,0.E0));
#5748=AXIS2_PLACEMENT_3D('',#5745,#5746,#5747);
#5750=CARTESIAN_POINT('',(-6.064505190310E-1,1.643291349481E0,-1.95E1));
#5751=DIRECTION('',(0.E0,0.E0,1.E0));
#5752=DIRECTION('',(-1.547458015340E-13,1.E0,0.E0));
#5753=AXIS2_PLACEMENT_3D('',#5750,#5751,#5752);
#5755=DIRECTION('',(-1.432744966669E-9,-1.E0,7.817977449900E-11));
#5756=VECTOR('',#5755,4.326161649726E-2);
#5757=CARTESIAN_POINT('',(-1.706450518936E0,2.186552965990E0,-1.95E1));
#5758=LINE('',#5757,#5756);
#5759=DIRECTION('',(1.E0,-3.794944156987E-14,-9.818408712544E-13));
#5760=VECTOR('',#5759,2.199999999950E0);
#5761=CARTESIAN_POINT('',(-1.706450518998E0,2.143291349493E0,
-1.949999999999E1));
#5762=LINE('',#5761,#5760);
#5763=DIRECTION('',(0.E0,1.E0,0.E0));
#5764=VECTOR('',#5763,2.550626919790E0);
#5765=CARTESIAN_POINT('',(-1.706450519031E0,3.679778895859E-1,-1.595E1));
#5766=LINE('',#5765,#5764);
#5767=CARTESIAN_POINT('',(-1.706450519031E0,3.679778895859E-1,-1.595E1));
#5768=CARTESIAN_POINT('',(-1.706450519031E0,3.868202768020E-1,
-1.595946441101E1));
#5769=CARTESIAN_POINT('',(-1.706450518957E0,4.212900881366E-1,
-1.598005877120E1));
#5770=CARTESIAN_POINT('',(-1.706450519291E0,4.646284433034E-1,
-1.601526017029E1));
#5771=CARTESIAN_POINT('',(-1.706450518065E0,4.981540324399E-1,
-1.605211616629E1));
#5772=CARTESIAN_POINT('',(-1.706450522636E0,5.228175575320E-1,
-1.608943730089E1));
#5773=CARTESIAN_POINT('',(-1.706450505578E0,5.395660134622E-1,
-1.612670184124E1));
#5774=CARTESIAN_POINT('',(-1.706450569238E0,5.491776261338E-1,
-1.616344420912E1));
#5775=CARTESIAN_POINT('',(-1.706450410851E0,5.512746954689E-1,
-1.618784452874E1));
#5776=CARTESIAN_POINT('',(-1.706450410851E0,5.512746953585E-1,
-1.620000000254E1));
#5778=CARTESIAN_POINT('',(-1.706450594390E0,5.512748799255E-1,
-1.781000041741E1));
#5779=CARTESIAN_POINT('',(-1.706450594390E0,5.284419295666E-1,
-1.781965226893E1));
#5780=CARTESIAN_POINT('',(-1.706450656071E0,4.828943490962E-1,
-1.783922986603E1));
#5781=CARTESIAN_POINT('',(-1.706449926354E0,4.148384832826E-1,
-1.786921670540E1));
#5782=CARTESIAN_POINT('',(-1.706451810584E0,3.696893898213E-1,
-1.788969058912E1));
#5783=CARTESIAN_POINT('',(-1.706451810584E0,3.471444954358E-1,
-1.790000404352E1));
#5785=CARTESIAN_POINT('',(-1.706450519031E0,1.642291349481E0,-1.6699E1));
#5786=DIRECTION('',(-1.E0,0.E0,0.E0));
#5787=DIRECTION('',(0.E0,-1.E0,6.059405927362E-10));
#5788=AXIS2_PLACEMENT_3D('',#5785,#5786,#5787);
#5790=CARTESIAN_POINT('',(-1.706450519031E0,1.644291349481E0,-1.6699E1));
#5791=DIRECTION('',(-1.E0,0.E0,0.E0));
#5792=DIRECTION('',(0.E0,-3.536506456832E-3,9.999937465415E-1));
#5793=AXIS2_PLACEMENT_3D('',#5790,#5791,#5792);
#5795=CARTESIAN_POINT('',(-1.706450454151E0,2.735308052461E0,
-1.619999809871E1));
#5796=CARTESIAN_POINT('',(-1.706450454151E0,2.735308052351E0,
-1.618783194393E1));
#5797=CARTESIAN_POINT('',(-1.706450549142E0,2.737409469750E0,
-1.616341347970E1));
#5798=CARTESIAN_POINT('',(-1.706450510963E0,2.747028025337E0,
-1.612667439152E1));
#5799=CARTESIAN_POINT('',(-1.706450521193E0,2.763760974555E0,
-1.608944978421E1));
#5800=CARTESIAN_POINT('',(-1.706450518452E0,2.788420046870E0,
-1.605211880010E1));
#5801=CARTESIAN_POINT('',(-1.706450519187E0,2.822031361236E0,
-1.601518813367E1));
#5802=CARTESIAN_POINT('',(-1.706450518986E0,2.865287418913E0,
-1.598006791494E1));
#5803=CARTESIAN_POINT('',(-1.706450519031E0,2.899759284899E0,
-1.595946598684E1));
#5804=CARTESIAN_POINT('',(-1.706450519031E0,2.918604809376E0,-1.595E1));
#5806=DIRECTION('',(-7.544677139460E-7,-7.601758277399E-7,-9.999999999994E-1));
#5807=VECTOR('',#5806,1.609998133207E0);
#5808=CARTESIAN_POINT('',(4.935494413528E-1,5.512746804544E-1,
-1.619999800441E1));
#5809=LINE('',#5808,#5807);
#5810=DIRECTION('',(1.139991629052E-7,-1.146378268794E-7,1.E0));
#5811=VECTOR('',#5810,1.610000414868E0);
#5812=CARTESIAN_POINT('',(-1.706450594390E0,5.512748799255E-1,
-1.781000041741E1));
#5813=LINE('',#5812,#5811);
#5814=CARTESIAN_POINT('',(-6.064505190310E-1,1.643291349481E0,-1.781E1));
#5815=DIRECTION('',(0.E0,0.E0,1.E0));
#5816=DIRECTION('',(-7.096773296624E-1,-7.045268538269E-1,0.E0));
#5817=AXIS2_PLACEMENT_3D('',#5814,#5815,#5816);
#5819=CARTESIAN_POINT('',(-6.064505190310E-1,1.643291349481E0,-1.781E1));
#5820=DIRECTION('',(0.E0,0.E0,1.E0));
#5821=DIRECTION('',(0.E0,-1.E0,0.E0));
#5822=AXIS2_PLACEMENT_3D('',#5819,#5820,#5821);
#5824=CARTESIAN_POINT('',(-6.064505190310E-1,1.643291349481E0,-1.79E1));
#5825=DIRECTION('',(0.E0,0.E0,-1.E0));
#5826=DIRECTION('',(6.470589578554E-1,-7.624399681674E-1,0.E0));
#5827=AXIS2_PLACEMENT_3D('',#5824,#5825,#5826);
#5829=CARTESIAN_POINT('',(-6.064505190310E-1,1.643291349481E0,-1.79E1));
#5830=DIRECTION('',(0.E0,0.E0,-1.E0));
#5831=DIRECTION('',(0.E0,-1.E0,0.E0));
#5832=AXIS2_PLACEMENT_3D('',#5829,#5830,#5831);
#5834=DIRECTION('',(4.028933731820E-9,3.423518079502E-9,-1.E0));
#5835=VECTOR('',#5834,3.000002157105E-1);
#5836=CARTESIAN_POINT('',(4.935496158103E-1,3.471433504908E-1,
-1.789999973390E1));
#5837=LINE('',#5836,#5835);
#5838=DIRECTION('',(-3.992998383907E-6,3.388736885280E-6,9.999999999863E-1));
#5839=VECTOR('',#5838,2.999963447342E-1);
#5840=CARTESIAN_POINT('',(-1.706450612699E0,3.471434788271E-1,
-1.820000038825E1));
#5841=LINE('',#5840,#5839);
#5842=DIRECTION('',(-1.120227082148E-10,-3.420201436139E-1,9.396926206810E-1));
#5843=VECTOR('',#5842,1.383431104374E0);
#5844=CARTESIAN_POINT('',(-6.064505190310E-1,4.164526544797E-1,-1.95E1));
#5845=LINE('',#5844,#5843);
#5846=CARTESIAN_POINT('',(-6.064505190310E-1,1.643291349481E0,-1.82E1));
#5847=DIRECTION('',(0.E0,0.E0,1.E0));
#5848=DIRECTION('',(-2.734038485806E-10,-1.E0,0.E0));
#5849=AXIS2_PLACEMENT_3D('',#5846,#5847,#5848);
#5851=CARTESIAN_POINT('',(-1.706450518970E0,1.100029733075E0,-1.95E1));
#5852=CARTESIAN_POINT('',(-1.706450518970E0,1.069542412743E0,
-1.946290845348E1));
#5853=CARTESIAN_POINT('',(-1.706450519124E0,1.007367558052E0,
-1.938222346896E1));
#5854=CARTESIAN_POINT('',(-1.706450518798E0,9.108920827447E-1,
-1.924220021186E1));
#5855=CARTESIAN_POINT('',(-1.706450519870E0,8.100875676096E-1,
-1.908161327194E1));
#5856=CARTESIAN_POINT('',(-1.706450515909E0,7.041331873115E-1,
-1.889898142643E1));
#5857=CARTESIAN_POINT('',(-1.706450530679E0,5.922776452848E-1,
-1.869280480509E1));
#5858=CARTESIAN_POINT('',(-1.706450475559E0,4.739669814532E-1,
-1.846189342644E1));
#5859=CARTESIAN_POINT('',(-1.706450612699E0,3.901973361285E-1,
-1.829018904482E1));
#5860=CARTESIAN_POINT('',(-1.706450612699E0,3.471434788271E-1,
-1.820000038825E1));
#5862=CARTESIAN_POINT('',(-6.064505190310E-1,1.643291349481E0,-1.82E1));
#5863=DIRECTION('',(0.E0,0.E0,1.E0));
#5864=DIRECTION('',(-6.470589886350E-1,-7.624399420457E-1,0.E0));
#5865=AXIS2_PLACEMENT_3D('',#5862,#5863,#5864);
#5867=DIRECTION('',(-1.E0,-4.002555862593E-12,-2.677454217991E-12));
#5868=VECTOR('',#5867,2.199999999952E0);
#5869=CARTESIAN_POINT('',(4.935494809319E-1,1.143291349467E0,
-1.949999999999E1));
#5870=LINE('',#5869,#5868);
#5871=DIRECTION('',(1.159398052024E-9,-1.E0,-7.826189631746E-11));
#5872=VECTOR('',#5871,4.326161638306E-2);
#5873=CARTESIAN_POINT('',(-1.706450519020E0,1.143291349458E0,-1.95E1));
#5874=LINE('',#5873,#5872);
#5875=CARTESIAN_POINT('',(-6.064505190310E-1,1.643291349481E0,-1.95E1));
#5876=DIRECTION('',(0.E0,0.E0,1.E0));
#5877=DIRECTION('',(-8.966133888830E-1,-4.428142171111E-1,0.E0));
#5878=AXIS2_PLACEMENT_3D('',#5875,#5876,#5877);
#5880=CARTESIAN_POINT('',(-6.064505190310E-1,1.643291349481E0,-1.95E1));
#5881=DIRECTION('',(0.E0,0.E0,1.E0));
#5882=DIRECTION('',(1.147471791492E-13,-1.E0,0.E0));
#5883=AXIS2_PLACEMENT_3D('',#5880,#5881,#5882);
#5885=DIRECTION('',(3.461470072610E-12,-3.838018402964E-12,-1.E0));
#5886=VECTOR('',#5885,2.801000000194E0);
#5887=CARTESIAN_POINT('',(-1.706450519030E0,1.143291349469E0,
-1.669899999980E1));
#5888=LINE('',#5887,#5886);
#5889=DIRECTION('',(-9.999998810526E-1,-4.877445262993E-4,4.333645815203E-8));
#5890=VECTOR('',#5889,2.200000261684E0);
#5891=CARTESIAN_POINT('',(4.935494809690E-1,1.643884189089E0,
-1.619999049004E1));
#5892=LINE('',#5891,#5890);
#5893=DIRECTION('',(1.E0,4.002454933154E-12,-1.090553909807E-10));
#5894=VECTOR('',#5893,2.199999999992E0);
#5895=CARTESIAN_POINT('',(-1.706450519030E0,1.143291349469E0,
-1.669899999980E1));
#5896=LINE('',#5895,#5894);
#5897=DIRECTION('',(-1.E0,3.815130030097E-14,-1.260147541878E-10));
#5898=VECTOR('',#5897,2.199999999988E0);
#5899=CARTESIAN_POINT('',(4.935494809648E-1,2.143291349485E0,
-1.669899999925E1));
#5900=LINE('',#5899,#5898);
#5901=DIRECTION('',(-9.060862654096E-12,-2.746979524666E-12,1.E0));
#5902=VECTOR('',#5901,2.801000000464E0);
#5903=CARTESIAN_POINT('',(-1.706450518998E0,2.143291349493E0,
-1.949999999999E1));
#5904=LINE('',#5903,#5902);
#5905=CARTESIAN_POINT('',(-1.706450747431E0,2.939439295325E0,-1.79E1));
#5906=CARTESIAN_POINT('',(-6.064505190310E-1,3.343291349480E0,-1.79E1));
#5907=VERTEX_POINT('',#5905);
#5908=VERTEX_POINT('',#5906);
#5909=CARTESIAN_POINT('',(-1.706450655099E0,2.939439347402E0,
-1.819999994969E1));
#5910=VERTEX_POINT('',#5909);
#5911=CARTESIAN_POINT('',(-6.064505190310E-1,3.343291349480E0,-1.82E1));
#5912=VERTEX_POINT('',#5911);
#5913=CARTESIAN_POINT('',(-6.064505190310E-1,3.193291349482E0,-1.781E1));
#5914=CARTESIAN_POINT('',(-1.706450299621E0,2.735308053888E0,-1.781E1));
#5915=VERTEX_POINT('',#5913);
#5916=VERTEX_POINT('',#5914);
#5917=CARTESIAN_POINT('',(-1.706450299152E0,2.735308053423E0,
-1.620000000484E1));
#5918=CARTESIAN_POINT('',(-6.064505190310E-1,3.193291349556E0,
-1.620000000068E1));
#5919=VERTEX_POINT('',#5917);
#5920=VERTEX_POINT('',#5918);
#5921=CARTESIAN_POINT('',(4.935492357022E-1,2.735308078997E0,
-1.620000000484E1));
#5922=VERTEX_POINT('',#5921);
#5923=CARTESIAN_POINT('',(4.935492361709E-1,2.735308079462E0,-1.781E1));
#5924=VERTEX_POINT('',#5923);
#5925=CARTESIAN_POINT('',(4.935497315801E-1,2.939439276475E0,-1.79E1));
#5926=VERTEX_POINT('',#5925);
#5927=CARTESIAN_POINT('',(4.935497315798E-1,2.939439276475E0,-1.82E1));
#5928=VERTEX_POINT('',#5927);
#5929=CARTESIAN_POINT('',(-6.064505190312E-1,2.870130044482E0,-1.95E1));
#5930=CARTESIAN_POINT('',(-1.706450518928E0,2.186552965812E0,-1.95E1));
#5931=VERTEX_POINT('',#5929);
#5932=VERTEX_POINT('',#5930);
#5933=CARTESIAN_POINT('',(4.935494809005E-1,2.186552965743E0,-1.95E1));
#5934=VERTEX_POINT('',#5933);
#5935=CARTESIAN_POINT('',(4.935494809524E-1,2.143291349493E0,-1.95E1));
#5936=VERTEX_POINT('',#5935);
#5937=CARTESIAN_POINT('',(-1.706450518998E0,2.143291349493E0,
-1.949999999999E1));
#5938=VERTEX_POINT('',#5937);
#5939=VERTEX_POINT('',#5655);
#5940=VERTEX_POINT('',#5664);
#5941=CARTESIAN_POINT('',(4.935496158103E-1,3.471433504908E-1,
-1.789999973390E1));
#5942=VERTEX_POINT('',#5941);
#5943=VERTEX_POINT('',#5671);
#5944=CARTESIAN_POINT('',(4.935494413528E-1,5.512746804544E-1,
-1.619999800441E1));
#5945=VERTEX_POINT('',#5944);
#5946=CARTESIAN_POINT('',(4.935494809648E-1,2.143291349485E0,
-1.669899999925E1));
#5947=VERTEX_POINT('',#5946);
#5948=CARTESIAN_POINT('',(4.935494809690E-1,1.644056201715E0,
-1.620000005541E1));
#5949=VERTEX_POINT('',#5948);
#5950=CARTESIAN_POINT('',(4.935494809690E-1,1.143291349481E0,
-1.669900000042E1));
#5951=VERTEX_POINT('',#5950);
#5952=CARTESIAN_POINT('',(4.935494809319E-1,1.143291349467E0,
-1.949999999999E1));
#5953=VERTEX_POINT('',#5952);
#5954=CARTESIAN_POINT('',(-6.064505190310E-1,4.164526544797E-1,-1.95E1));
#5955=CARTESIAN_POINT('',(-6.064505191859E-1,-5.670865051812E-2,-1.82E1));
#5956=VERTEX_POINT('',#5954);
#5957=VERTEX_POINT('',#5955);
#5958=CARTESIAN_POINT('',(-1.706450518969E0,1.100029733232E0,-1.95E1));
#5959=VERTEX_POINT('',#5958);
#5960=VERTEX_POINT('',#5860);
#5961=CARTESIAN_POINT('',(-1.706450519020E0,1.143291349458E0,-1.95E1));
#5962=VERTEX_POINT('',#5961);
#5963=CARTESIAN_POINT('',(-1.706450519030E0,1.143291349469E0,
-1.669899999980E1));
#5964=VERTEX_POINT('',#5963);
#5965=CARTESIAN_POINT('',(-1.706450519031E0,1.642811151004E0,
-1.619999039470E1));
#5966=VERTEX_POINT('',#5965);
#5967=CARTESIAN_POINT('',(-1.706450519023E0,2.143291349485E0,
-1.669899999953E1));
#5968=VERTEX_POINT('',#5967);
#5969=CARTESIAN_POINT('',(-1.706450594390E0,5.512748799255E-1,
-1.781000041741E1));
#5970=CARTESIAN_POINT('',(-1.706450410851E0,5.512746953585E-1,
-1.620000000254E1));
#5971=VERTEX_POINT('',#5969);
#5972=VERTEX_POINT('',#5970);
#5973=VERTEX_POINT('',#5783);
#5974=CARTESIAN_POINT('',(-1.626450518871E0,-4.880708650586E0,-1.94E1));
#5975=CARTESIAN_POINT('',(-2.126450519490E0,-4.880708650591E0,-1.94E1));
#5976=VERTEX_POINT('',#5974);
#5977=VERTEX_POINT('',#5975);
#5978=CARTESIAN_POINT('',(-1.626450518883E0,-4.530708651153E0,-1.94E1));
#5979=VERTEX_POINT('',#5978);
#5980=CARTESIAN_POINT('',(-2.126450519529E0,-4.530708651104E0,-1.94E1));
#5981=VERTEX_POINT('',#5980);
#5982=CARTESIAN_POINT('',(-4.166450518951E0,-4.880708650586E0,-1.94E1));
#5983=CARTESIAN_POINT('',(-4.666450519564E0,-4.880708650591E0,-1.94E1));
#5984=VERTEX_POINT('',#5982);
#5985=VERTEX_POINT('',#5983);
#5986=CARTESIAN_POINT('',(-4.166450518957E0,-4.530708651153E0,-1.94E1));
#5987=VERTEX_POINT('',#5986);
#5988=CARTESIAN_POINT('',(-4.666450519609E0,-4.530708651104E0,-1.94E1));
#5989=VERTEX_POINT('',#5988);
#5990=CARTESIAN_POINT('',(-6.706450519031E0,-4.880708650586E0,-1.94E1));
#5991=CARTESIAN_POINT('',(-7.206450518498E0,-4.880708650591E0,-1.94E1));
#5992=VERTEX_POINT('',#5990);
#5993=VERTEX_POINT('',#5991);
#5994=CARTESIAN_POINT('',(-6.706450519031E0,-4.530708651153E0,-1.94E1));
#5995=VERTEX_POINT('',#5994);
#5996=CARTESIAN_POINT('',(-7.206450518453E0,-4.530708651104E0,-1.94E1));
#5997=VERTEX_POINT('',#5996);
#5998=CARTESIAN_POINT('',(-5.536450518377E0,-3.606708650294E0,
-1.023000000038E1));
#5999=CARTESIAN_POINT('',(-5.536450518334E0,-1.256708650094E0,
-1.023000000032E1));
#6000=VERTEX_POINT('',#5998);
#6001=VERTEX_POINT('',#5999);
#6002=CARTESIAN_POINT('',(-1.118645051840E1,-3.606708650319E0,
-1.023000000037E1));
#6003=CARTESIAN_POINT('',(-1.227145051919E1,-3.606708650456E0,
-1.023000000032E1));
#6004=VERTEX_POINT('',#6002);
#6005=VERTEX_POINT('',#6003);
#6006=CARTESIAN_POINT('',(-1.016645052001E1,-3.606708650278E0,
-1.023000000038E1));
#6007=CARTESIAN_POINT('',(-1.063645051854E1,-3.606708650294E0,
-1.023000000038E1));
#6008=VERTEX_POINT('',#6006);
#6009=VERTEX_POINT('',#6007);
#6010=CARTESIAN_POINT('',(-9.146450518897E0,-3.606708650278E0,
-1.023000000038E1));
#6011=CARTESIAN_POINT('',(-9.616450518614E0,-3.606708650294E0,
-1.023000000038E1));
#6012=VERTEX_POINT('',#6010);
#6013=VERTEX_POINT('',#6011);
#6014=CARTESIAN_POINT('',(-8.126450518921E0,-3.606708650278E0,
-1.023000000038E1));
#6015=CARTESIAN_POINT('',(-8.596450519494E0,-3.606708650294E0,
-1.023000000038E1));
#6016=VERTEX_POINT('',#6014);
#6017=VERTEX_POINT('',#6015);
#6018=CARTESIAN_POINT('',(-7.106450519754E0,-3.606708650278E0,
-1.023000000038E1));
#6019=CARTESIAN_POINT('',(-7.576450518234E0,-3.606708650294E0,
-1.023000000038E1));
#6020=VERTEX_POINT('',#6018);
#6021=VERTEX_POINT('',#6019);
#6022=CARTESIAN_POINT('',(-6.086450519778E0,-3.606708650278E0,
-1.023000000038E1));
#6023=CARTESIAN_POINT('',(-6.556450518306E0,-3.606708650294E0,
-1.023000000038E1));
#6024=VERTEX_POINT('',#6022);
#6025=VERTEX_POINT('',#6023);
#6026=CARTESIAN_POINT('',(-5.066450519803E0,-3.606708650278E0,
-1.023000000038E1));
#6027=VERTEX_POINT('',#6026);
#6028=CARTESIAN_POINT('',(-4.046450518687E0,-3.606708650278E0,
-1.023000000038E1));
#6029=CARTESIAN_POINT('',(-4.516450519257E0,-3.606708650294E0,
-1.023000000038E1));
#6030=VERTEX_POINT('',#6028);
#6031=VERTEX_POINT('',#6029);
#6032=CARTESIAN_POINT('',(-3.026450519520E0,-3.606708650278E0,
-1.023000000038E1));
#6033=CARTESIAN_POINT('',(-3.496450519328E0,-3.606708650294E0,
-1.023000000038E1));
#6034=VERTEX_POINT('',#6032);
#6035=VERTEX_POINT('',#6033);
#6036=CARTESIAN_POINT('',(-2.006450519530E0,-3.606708650278E0,
-1.023000000038E1));
#6037=CARTESIAN_POINT('',(-2.476450518069E0,-3.606708650294E0,
-1.023000000038E1));
#6038=VERTEX_POINT('',#6036);
#6039=VERTEX_POINT('',#6037);
#6040=CARTESIAN_POINT('',(-3.714505188447E-1,-3.606708650499E0,
-1.023000000032E1));
#6041=CARTESIAN_POINT('',(-1.456450519517E0,-3.606708650391E0,
-1.023000000033E1));
#6042=VERTEX_POINT('',#6040);
#6043=VERTEX_POINT('',#6041);
#6044=CARTESIAN_POINT('',(-3.714505189739E-1,-3.606708650566E0,
-4.999999978762E-1));
#6045=VERTEX_POINT('',#6044);
#6046=CARTESIAN_POINT('',(-1.227145051906E1,-3.606708650584E0,
-4.999999973060E-1));
#6047=VERTEX_POINT('',#6046);
#6048=CARTESIAN_POINT('',(-4.021450518931E0,-3.606708650232E0,
-5.500830525966E0));
#6049=CARTESIAN_POINT('',(-4.021450518920E0,-3.606708650884E0,
-4.999999997856E0));
#6050=VERTEX_POINT('',#6048);
#6051=VERTEX_POINT('',#6049);
#6052=CARTESIAN_POINT('',(-3.521450518564E0,-3.606708650863E0,
-4.999999997902E0));
#6053=VERTEX_POINT('',#6052);
#6054=CARTESIAN_POINT('',(-3.521450518564E0,-3.606708650211E0,
-5.500830525917E0));
#6055=VERTEX_POINT('',#6054);
#6056=CARTESIAN_POINT('',(-5.041450519309E0,-3.606708650232E0,
-5.500830525965E0));
#6057=CARTESIAN_POINT('',(-5.041450519309E0,-3.606708650884E0,
-4.999999997854E0));
#6058=VERTEX_POINT('',#6056);
#6059=VERTEX_POINT('',#6057);
#6060=CARTESIAN_POINT('',(-4.541450518942E0,-3.606708650863E0,
-4.999999997902E0));
#6061=VERTEX_POINT('',#6060);
#6062=CARTESIAN_POINT('',(-4.541450518932E0,-3.606708650211E0,
-5.500830525917E0));
#6063=VERTEX_POINT('',#6062);
#6064=CARTESIAN_POINT('',(-6.061450519687E0,-3.606708650232E0,
-5.500830525965E0));
#6065=CARTESIAN_POINT('',(-6.061450519687E0,-3.606708650884E0,
-4.999999997854E0));
#6066=VERTEX_POINT('',#6064);
#6067=VERTEX_POINT('',#6065);
#6068=CARTESIAN_POINT('',(-5.561450519320E0,-3.606708650863E0,
-4.999999997902E0));
#6069=VERTEX_POINT('',#6068);
#6070=CARTESIAN_POINT('',(-5.561450519352E0,-3.606708650211E0,
-5.500830525917E0));
#6071=VERTEX_POINT('',#6070);
#6072=CARTESIAN_POINT('',(-7.081450518742E0,-3.606708650232E0,
-5.500830525965E0));
#6073=CARTESIAN_POINT('',(-7.081450518742E0,-3.606708650884E0,
-4.999999997854E0));
#6074=VERTEX_POINT('',#6072);
#6075=VERTEX_POINT('',#6073);
#6076=CARTESIAN_POINT('',(-6.581450518375E0,-3.606708650863E0,
-4.999999997902E0));
#6077=VERTEX_POINT('',#6076);
#6078=CARTESIAN_POINT('',(-6.581450518302E0,-3.606708650211E0,
-5.500830525917E0));
#6079=VERTEX_POINT('',#6078);
#6080=CARTESIAN_POINT('',(-8.101450519120E0,-3.606708650232E0,
-5.500830525966E0));
#6081=CARTESIAN_POINT('',(-8.101450519130E0,-3.606708650884E0,
-4.999999997856E0));
#6082=VERTEX_POINT('',#6080);
#6083=VERTEX_POINT('',#6081);
#6084=CARTESIAN_POINT('',(-7.601450518753E0,-3.606708650863E0,
-4.999999997902E0));
#6085=VERTEX_POINT('',#6084);
#6086=CARTESIAN_POINT('',(-7.601450518753E0,-3.606708650211E0,
-5.500830525917E0));
#6087=VERTEX_POINT('',#6086);
#6088=CARTESIAN_POINT('',(-9.121450519498E0,-3.606708650232E0,
-5.500830525966E0));
#6089=CARTESIAN_POINT('',(-9.121450519549E0,-3.606708650884E0,
-4.999999997856E0));
#6090=VERTEX_POINT('',#6088);
#6091=VERTEX_POINT('',#6089);
#6092=CARTESIAN_POINT('',(-8.621450519131E0,-3.606708650863E0,
-4.999999997902E0));
#6093=VERTEX_POINT('',#6092);
#6094=CARTESIAN_POINT('',(-8.621450519131E0,-3.606708650211E0,
-5.500830525917E0));
#6095=VERTEX_POINT('',#6094);
#6096=CARTESIAN_POINT('',(-1.014145051856E1,-3.606708650232E0,
-5.500830525966E0));
#6097=CARTESIAN_POINT('',(-1.014145051850E1,-3.606708650884E0,
-4.999999997856E0));
#6098=VERTEX_POINT('',#6096);
#6099=VERTEX_POINT('',#6097);
#6100=CARTESIAN_POINT('',(-9.641450519509E0,-3.606708650863E0,
-4.999999997902E0));
#6101=VERTEX_POINT('',#6100);
#6102=CARTESIAN_POINT('',(-9.641450519509E0,-3.606708650211E0,
-5.500830525917E0));
#6103=VERTEX_POINT('',#6102);
#6104=CARTESIAN_POINT('',(-3.001450518553E0,-3.606708650884E0,
-4.999999997856E0));
#6105=CARTESIAN_POINT('',(-2.501450519509E0,-3.606708650863E0,
-4.999999997902E0));
#6106=VERTEX_POINT('',#6104);
#6107=VERTEX_POINT('',#6105);
#6108=CARTESIAN_POINT('',(-2.501450519562E0,-3.606708650211E0,
-5.500830525917E0));
#6109=VERTEX_POINT('',#6108);
#6110=CARTESIAN_POINT('',(-3.001450518553E0,-3.606708650232E0,
-5.500830525966E0));
#6111=VERTEX_POINT('',#6110);
#6112=CARTESIAN_POINT('',(-2.006450519608E0,-1.256708650096E0,
-1.023000000032E1));
#6113=VERTEX_POINT('',#6112);
#6114=CARTESIAN_POINT('',(-2.476450518023E0,-1.256708650094E0,
-1.023000000032E1));
#6115=VERTEX_POINT('',#6114);
#6116=CARTESIAN_POINT('',(-3.026450519488E0,-1.256708650094E0,
-1.023000000032E1));
#6117=VERTEX_POINT('',#6116);
#6118=CARTESIAN_POINT('',(-3.496450519170E0,-1.256708650094E0,
-1.023000000032E1));
#6119=VERTEX_POINT('',#6118);
#6120=CARTESIAN_POINT('',(-4.046450518823E0,-1.256708650094E0,
-1.023000000032E1));
#6121=VERTEX_POINT('',#6120);
#6122=CARTESIAN_POINT('',(-4.516450519083E0,-1.256708650094E0,
-1.023000000032E1));
#6123=VERTEX_POINT('',#6122);
#6124=CARTESIAN_POINT('',(-5.066450520003E0,-1.256708650094E0,
-1.023000000032E1));
#6125=VERTEX_POINT('',#6124);
#6126=CARTESIAN_POINT('',(-6.086450519852E0,-1.256708650094E0,
-1.023000000032E1));
#6127=VERTEX_POINT('',#6126);
#6128=CARTESIAN_POINT('',(-6.556450518247E0,-1.256708650094E0,
-1.023000000032E1));
#6129=VERTEX_POINT('',#6128);
#6130=CARTESIAN_POINT('',(-7.106450519702E0,-1.256708650094E0,
-1.023000000032E1));
#6131=VERTEX_POINT('',#6130);
#6132=CARTESIAN_POINT('',(-7.576450518159E0,-1.256708650094E0,
-1.023000000032E1));
#6133=VERTEX_POINT('',#6132);
#6134=CARTESIAN_POINT('',(-8.126450519037E0,-1.256708650094E0,
-1.023000000032E1));
#6135=VERTEX_POINT('',#6134);
#6136=CARTESIAN_POINT('',(-8.596450519307E0,-1.256708650094E0,
-1.023000000032E1));
#6137=VERTEX_POINT('',#6136);
#6138=CARTESIAN_POINT('',(-9.146450518887E0,-1.256708650094E0,
-1.023000000032E1));
#6139=VERTEX_POINT('',#6138);
#6140=CARTESIAN_POINT('',(-9.616450518558E0,-1.256708650094E0,
-1.023000000032E1));
#6141=VERTEX_POINT('',#6140);
#6142=CARTESIAN_POINT('',(-1.016645052007E1,-1.256708650094E0,
-1.023000000032E1));
#6143=VERTEX_POINT('',#6142);
#6144=CARTESIAN_POINT('',(-1.063645051846E1,-1.256708650091E0,
-1.023000000033E1));
#6145=VERTEX_POINT('',#6144);
#6146=CARTESIAN_POINT('',(-1.118645051835E1,-1.256708650095E0,
-1.023000000035E1));
#6147=VERTEX_POINT('',#6146);
#6148=CARTESIAN_POINT('',(-1.227145051925E1,-1.826708650379E0,
-1.023000000017E1));
#6149=VERTEX_POINT('',#6148);
#6150=CARTESIAN_POINT('',(-1.302145051919E1,-1.826708650412E0,
-1.023000000004E1));
#6151=VERTEX_POINT('',#6150);
#6152=CARTESIAN_POINT('',(-1.302145051917E1,5.732913491167E-1,-1.023E1));
#6153=VERTEX_POINT('',#6152);
#6154=CARTESIAN_POINT('',(-1.227145051919E1,5.732913492198E-1,-1.023E1));
#6155=VERTEX_POINT('',#6154);
#6156=CARTESIAN_POINT('',(-1.227145051925E1,2.093291349483E0,-1.023E1));
#6157=VERTEX_POINT('',#6156);
#6158=CARTESIAN_POINT('',(-9.471450519231E0,2.093291349469E0,-1.023E1));
#6159=VERTEX_POINT('',#6158);
#6160=CARTESIAN_POINT('',(-9.471450519242E0,6.932913495364E-1,-1.023E1));
#6161=VERTEX_POINT('',#6160);
#6162=CARTESIAN_POINT('',(-3.171450518837E0,6.932913495426E-1,-1.023E1));
#6163=VERTEX_POINT('',#6162);
#6164=CARTESIAN_POINT('',(-3.171450518809E0,2.093291349464E0,-1.023E1));
#6165=VERTEX_POINT('',#6164);
#6166=CARTESIAN_POINT('',(-3.714505188001E-1,2.093291349475E0,-1.023E1));
#6167=VERTEX_POINT('',#6166);
#6168=CARTESIAN_POINT('',(-3.714505188421E-1,5.732913493346E-1,-1.023E1));
#6169=VERTEX_POINT('',#6168);
#6170=CARTESIAN_POINT('',(3.785494811270E-1,5.732913492587E-1,
-1.023000000001E1));
#6171=VERTEX_POINT('',#6170);
#6172=CARTESIAN_POINT('',(3.785494811072E-1,-1.826708650421E0,
-1.023000000007E1));
#6173=VERTEX_POINT('',#6172);
#6174=CARTESIAN_POINT('',(-3.714505188001E-1,-1.826708650371E0,
-1.023000000020E1));
#6175=VERTEX_POINT('',#6174);
#6176=CARTESIAN_POINT('',(-1.456450521450E0,-1.256708650099E0,
-1.023000000031E1));
#6177=VERTEX_POINT('',#6176);
#6178=CARTESIAN_POINT('',(-6.064505190310E-1,9.329134940580E-2,
-1.620000000068E1));
#6179=VERTEX_POINT('',#6178);
#6180=CARTESIAN_POINT('',(-6.064505190310E-1,9.329134947783E-2,-1.781E1));
#6181=VERTEX_POINT('',#6180);
#6182=CARTESIAN_POINT('',(-6.064505190310E-1,-5.670865052062E-2,-1.79E1));
#6183=VERTEX_POINT('',#6182);
#6184=CARTESIAN_POINT('',(-1.093645063534E1,2.735308035841E0,
-1.781000036191E1));
#6185=CARTESIAN_POINT('',(-1.093645070933E1,2.735308110054E0,
-1.620000043345E1));
#6186=VERTEX_POINT('',#6184);
#6187=VERTEX_POINT('',#6185);
#6188=VERTEX_POINT('',#5099);
#6189=CARTESIAN_POINT('',(-1.093645044065E1,2.939439245075E0,
-1.820000038828E1));
#6190=VERTEX_POINT('',#6189);
#6191=VERTEX_POINT('',#5338);
#6192=CARTESIAN_POINT('',(-1.093645051905E1,2.143291349491E0,
-1.949999999999E1));
#6193=VERTEX_POINT('',#6192);
#6194=CARTESIAN_POINT('',(-1.093645051903E1,2.143291349485E0,
-1.669899999940E1));
#6195=VERTEX_POINT('',#6194);
#6196=CARTESIAN_POINT('',(-1.093645051903E1,1.643541780337E0,
-1.620000056298E1));
#6197=VERTEX_POINT('',#6196);
#6198=CARTESIAN_POINT('',(-1.093645051903E1,1.143291349481E0,
-1.669900000346E1));
#6199=VERTEX_POINT('',#6198);
#6200=CARTESIAN_POINT('',(-1.093645051909E1,1.143291349418E0,
-1.949999999999E1));
#6201=VERTEX_POINT('',#6200);
#6202=CARTESIAN_POINT('',(-1.093645051924E1,1.100029732501E0,
-1.949999999999E1));
#6203=VERTEX_POINT('',#6202);
#6204=VERTEX_POINT('',#5136);
#6205=CARTESIAN_POINT('',(-1.093645016901E1,3.471435587918E-1,
-1.790000017410E1));
#6206=VERTEX_POINT('',#6205);
#6207=VERTEX_POINT('',#5143);
#6208=CARTESIAN_POINT('',(-1.093645063599E1,5.512744313185E-1,
-1.619999627320E1));
#6209=VERTEX_POINT('',#6208);
#6210=CARTESIAN_POINT('',(-1.203645051903E1,3.193291349506E0,
-1.620000000157E1));
#6211=CARTESIAN_POINT('',(-1.203645051903E1,3.193291349481E0,-1.781E1));
#6212=VERTEX_POINT('',#6210);
#6213=VERTEX_POINT('',#6211);
#6214=CARTESIAN_POINT('',(-1.313645029904E1,2.735308053537E0,
-1.620000000484E1));
#6215=VERTEX_POINT('',#6214);
#6216=CARTESIAN_POINT('',(-1.313644925615E1,2.735309259572E0,
-1.780999614116E1));
#6217=VERTEX_POINT('',#6216);
#6218=CARTESIAN_POINT('',(-1.313645041834E1,5.512747100102E-1,
-1.781000034857E1));
#6219=CARTESIAN_POINT('',(-1.313645037546E1,5.512746671362E-1,
-1.620000008821E1));
#6220=VERTEX_POINT('',#6218);
#6221=VERTEX_POINT('',#6219);
#6222=VERTEX_POINT('',#5180);
#6223=CARTESIAN_POINT('',(-1.313645059756E1,3.471434541120E-1,
-1.820000038832E1));
#6224=VERTEX_POINT('',#6223);
#6225=VERTEX_POINT('',#5282);
#6226=CARTESIAN_POINT('',(-1.313645051902E1,1.143291349418E0,
-1.949999999999E1));
#6227=VERTEX_POINT('',#6226);
#6228=CARTESIAN_POINT('',(-1.313645051903E1,1.143291349458E0,
-1.669899999978E1));
#6229=VERTEX_POINT('',#6228);
#6230=CARTESIAN_POINT('',(-1.313645051903E1,1.643631010580E0,
-1.620000179829E1));
#6231=VERTEX_POINT('',#6230);
#6232=CARTESIAN_POINT('',(-1.313645051903E1,2.143291349481E0,
-1.669900000042E1));
#6233=VERTEX_POINT('',#6232);
#6234=CARTESIAN_POINT('',(-1.313645051899E1,2.143291349490E0,
-1.949999999999E1));
#6235=VERTEX_POINT('',#6234);
#6236=CARTESIAN_POINT('',(-1.313645051891E1,2.186552966072E0,
-1.949999999999E1));
#6237=VERTEX_POINT('',#6236);
#6238=VERTEX_POINT('',#5217);
#6239=CARTESIAN_POINT('',(-1.313645065389E1,2.939439348406E0,
-1.789999973384E1));
#6240=VERTEX_POINT('',#6239);
#6241=CARTESIAN_POINT('',(-1.203645051903E1,9.329134940580E-2,
-1.620000000068E1));
#6242=VERTEX_POINT('',#6241);
#6243=CARTESIAN_POINT('',(-1.203645051903E1,9.329134947998E-2,-1.781E1));
#6244=VERTEX_POINT('',#6243);
#6245=CARTESIAN_POINT('',(-1.203645051903E1,-5.670865051921E-2,-1.79E1));
#6246=VERTEX_POINT('',#6245);
#6247=CARTESIAN_POINT('',(-1.203645051949E1,-5.670865051756E-2,-1.82E1));
#6248=VERTEX_POINT('',#6247);
#6249=CARTESIAN_POINT('',(-1.203645051903E1,4.164526544797E-1,-1.95E1));
#6250=VERTEX_POINT('',#6249);
#6251=CARTESIAN_POINT('',(-1.203645051903E1,2.870130044482E0,-1.95E1));
#6252=VERTEX_POINT('',#6251);
#6253=CARTESIAN_POINT('',(-1.203645051903E1,3.343291349480E0,-1.82E1));
#6254=VERTEX_POINT('',#6253);
#6255=CARTESIAN_POINT('',(-1.203645051903E1,3.343291349480E0,-1.79E1));
#6256=VERTEX_POINT('',#6255);
#6257=CARTESIAN_POINT('',(-1.227145051914E1,-1.826708650458E0,
-4.999999948231E-1));
#6258=VERTEX_POINT('',#6257);
#6259=CARTESIAN_POINT('',(-1.277145052384E1,-1.826708650519E0,0.E0));
#6260=VERTEX_POINT('',#6259);
#6261=VERTEX_POINT('',#4718);
#6262=CARTESIAN_POINT('',(-1.282145051909E1,-1.826708650527E0,
9.851841564765E-14));
#6263=CARTESIAN_POINT('',(-1.302145051909E1,-1.826708650491E0,
2.933320253362E-12));
#6264=VERTEX_POINT('',#6262);
#6265=VERTEX_POINT('',#6263);
#6266=CARTESIAN_POINT('',(-1.352145051944E1,7.293291349443E0,
7.999989559692E-13));
#6267=CARTESIAN_POINT('',(-1.352145051984E1,-7.806708648932E0,
1.066665274626E-12));
#6268=VERTEX_POINT('',#6266);
#6269=VERTEX_POINT('',#6267);
#6270=CARTESIAN_POINT('',(-8.921450518985E0,7.293291349473E0,
1.124995929747E-12));
#6271=VERTEX_POINT('',#6270);
#6272=CARTESIAN_POINT('',(-8.921450518812E0,7.743291349473E0,
2.925003989018E-12));
#6273=VERTEX_POINT('',#6272);
#6274=CARTESIAN_POINT('',(-1.397145051897E1,7.743291349473E0,
3.571951762149E-12));
#6275=VERTEX_POINT('',#6274);
#6276=CARTESIAN_POINT('',(-1.407145051903E1,7.743291349478E0,
6.697586929505E-12));
#6277=VERTEX_POINT('',#6276);
#6278=CARTESIAN_POINT('',(-1.407145051903E1,7.243291349481E0,
7.971951802392E-12));
#6279=VERTEX_POINT('',#6278);
#6280=CARTESIAN_POINT('',(-1.397145051837E1,7.243291349481E0,
5.120741793559E-12));
#6281=VERTEX_POINT('',#6280);
#6282=CARTESIAN_POINT('',(-1.397145051715E1,-8.006708650519E0,
2.564887422822E-10));
#6283=VERTEX_POINT('',#6282);
#6284=CARTESIAN_POINT('',(-1.407145051903E1,-8.006708650519E0,
1.657936380776E-9));
#6285=VERTEX_POINT('',#6284);
#6286=CARTESIAN_POINT('',(-1.407145051903E1,-8.256708650533E0,
6.554165501993E-9));
#6287=VERTEX_POINT('',#6286);
#6288=CARTESIAN_POINT('',(1.428549480969E0,-8.256708650534E0,
6.322518786295E-9));
#6289=CARTESIAN_POINT('',(1.428549480971E0,-8.006708650519E0,
1.321826000507E-9));
#6290=VERTEX_POINT('',#6288);
#6291=VERTEX_POINT('',#6289);
#6292=CARTESIAN_POINT('',(1.328549479168E0,-8.006708650519E0,
2.293842662112E-10));
#6293=VERTEX_POINT('',#6292);
#6294=CARTESIAN_POINT('',(1.328549480331E0,7.243291349481E0,
6.271395439998E-12));
#6295=VERTEX_POINT('',#6294);
#6296=CARTESIAN_POINT('',(1.428549480971E0,7.243291349481E0,
8.352300332840E-12));
#6297=VERTEX_POINT('',#6296);
#6298=CARTESIAN_POINT('',(1.428549480969E0,7.743291349477E0,
5.440745076690E-12));
#6299=VERTEX_POINT('',#6298);
#6300=CARTESIAN_POINT('',(1.328549480905E0,7.743291349474E0,
3.435880052693E-12));
#6301=VERTEX_POINT('',#6300);
#6302=CARTESIAN_POINT('',(-3.721450519207E0,7.743291349474E0,
2.925003989018E-12));
#6303=VERTEX_POINT('',#6302);
#6304=CARTESIAN_POINT('',(-3.721450519063E0,7.293291349493E0,
1.124995929747E-12));
#6305=VERTEX_POINT('',#6304);
#6306=CARTESIAN_POINT('',(8.785494813754E-1,7.293291349483E0,
7.999989559692E-13));
#6307=VERTEX_POINT('',#6306);
#6308=CARTESIAN_POINT('',(8.785494822733E-1,-7.806708648507E0,
1.066665274626E-12));
#6309=VERTEX_POINT('',#6308);
#6310=CARTESIAN_POINT('',(1.785494810314E-1,5.732913494036E-1,
9.874739914648E-14));
#6311=CARTESIAN_POINT('',(3.785494810282E-1,5.732913493815E-1,
2.933320253362E-12));
#6312=VERTEX_POINT('',#6310);
#6313=VERTEX_POINT('',#6311);
#6314=CARTESIAN_POINT('',(1.785494812097E-1,3.932913494810E-1,
-3.353296806896E-11));
#6315=VERTEX_POINT('',#6314);
#6316=CARTESIAN_POINT('',(2.624594465557E-1,3.932913494810E-1,
-1.146393073063E-10));
#6317=VERTEX_POINT('',#6316);
#6318=CARTESIAN_POINT('',(2.624594464475E-1,-1.606708650519E0,
-1.038204476093E-10));
#6319=VERTEX_POINT('',#6318);
#6320=CARTESIAN_POINT('',(1.785494811940E-1,-1.606708650519E0,
-2.271445069072E-11));
#6321=VERTEX_POINT('',#6320);
#6322=CARTESIAN_POINT('',(1.785494810252E-1,-1.826708650528E0,
9.839351555738E-14));
#6323=VERTEX_POINT('',#6322);
#6324=CARTESIAN_POINT('',(3.785494810085E-1,-1.826708650494E0,
2.933320253362E-12));
#6325=VERTEX_POINT('',#6324);
#6326=CARTESIAN_POINT('',(-1.282145051927E1,-1.606708650519E0,
-3.353290330595E-11));
#6327=VERTEX_POINT('',#6326);
#6328=CARTESIAN_POINT('',(-1.290536048462E1,-1.606708650519E0,
-1.146392332914E-10));
#6329=VERTEX_POINT('',#6328);
#6330=CARTESIAN_POINT('',(-1.290536048451E1,3.932913494810E-1,
-1.038203920981E-10));
#6331=VERTEX_POINT('',#6330);
#6332=CARTESIAN_POINT('',(-1.282145051926E1,3.932913494810E-1,
-2.271440443143E-11));
#6333=VERTEX_POINT('',#6332);
#6334=CARTESIAN_POINT('',(-1.282145051909E1,5.732913494226E-1,
9.839351555738E-14));
#6335=VERTEX_POINT('',#6334);
#6336=CARTESIAN_POINT('',(-1.302145051907E1,5.732913493232E-1,
2.933320253362E-12));
#6337=VERTEX_POINT('',#6336);
#6338=VERTEX_POINT('',#3559);
#6339=VERTEX_POINT('',#3440);
#6340=CARTESIAN_POINT('',(-1.372145051957E1,-4.306708650575E0,
-4.174243097020E-2));
#6341=VERTEX_POINT('',#6340);
#6342=CARTESIAN_POINT('',(-1.402145051903E1,-4.306708650749E0,
-5.000000001367E-1));
#6343=VERTEX_POINT('',#6342);
#6344=VERTEX_POINT('',#3593);
#6345=VERTEX_POINT('',#3392);
#6346=CARTESIAN_POINT('',(-1.322145051818E1,-8.306708650519E0,
-4.999999968941E-1));
#6347=VERTEX_POINT('',#6346);
#6348=CARTESIAN_POINT('',(1.078549482156E0,-4.306708650749E0,
-4.174243102238E-2));
#6349=CARTESIAN_POINT('',(1.378549480969E0,-4.306708650749E0,
-5.000000016219E-1));
#6350=VERTEX_POINT('',#6348);
#6351=VERTEX_POINT('',#6349);
#6352=CARTESIAN_POINT('',(1.078549481532E0,-7.806708650016E0,
-4.174243230671E-2));
#6353=VERTEX_POINT('',#6352);
#6354=CARTESIAN_POINT('',(-4.296450519031E0,7.293291349503E0,0.E0));
#6355=VERTEX_POINT('',#6354);
#6356=CARTESIAN_POINT('',(-4.296450519031E0,7.479989221011E0,
-3.616392468221E-2));
#6357=VERTEX_POINT('',#6356);
#6358=CARTESIAN_POINT('',(-8.346450519012E0,7.479989221159E0,
-3.616392461214E-2));
#6359=VERTEX_POINT('',#6358);
#6360=CARTESIAN_POINT('',(-8.346450519031E0,7.293291349481E0,0.E0));
#6361=VERTEX_POINT('',#6360);
#6362=CARTESIAN_POINT('',(-1.282145051913E1,-4.206708650519E0,
2.666616927272E-13));
#6363=VERTEX_POINT('',#6362);
#6364=CARTESIAN_POINT('',(1.285494857690E-1,-4.106708644219E0,0.E0));
#6365=VERTEX_POINT('',#6364);
#6366=CARTESIAN_POINT('',(1.285494857710E-1,-1.826708650531E0,
2.664535259100E-13));
#6367=VERTEX_POINT('',#6366);
#6368=CARTESIAN_POINT('',(1.785494810794E-1,-4.206708650519E0,
2.666616927272E-13));
#6369=VERTEX_POINT('',#6368);
#6370=CARTESIAN_POINT('',(-1.282145051914E1,3.843291349481E0,
2.666616927272E-13));
#6371=VERTEX_POINT('',#6370);
#6372=CARTESIAN_POINT('',(-9.921450519216E0,3.843291349481E0,0.E0));
#6373=VERTEX_POINT('',#6372);
#6374=CARTESIAN_POINT('',(-9.921450519216E0,5.593291349481E0,0.E0));
#6375=VERTEX_POINT('',#6374);
#6376=CARTESIAN_POINT('',(-8.921450518917E0,5.593291349481E0,
1.666629797133E-13));
#6377=VERTEX_POINT('',#6376);
#6378=CARTESIAN_POINT('',(-8.346450519031E0,5.443291351521E0,0.E0));
#6379=VERTEX_POINT('',#6378);
#6380=CARTESIAN_POINT('',(-9.471450519031E0,5.443291352661E0,0.E0));
#6381=VERTEX_POINT('',#6380);
#6382=CARTESIAN_POINT('',(-9.471450519031E0,3.693291349881E0,0.E0));
#6383=VERTEX_POINT('',#6382);
#6384=CARTESIAN_POINT('',(-1.277145052383E1,3.693291349881E0,0.E0));
#6385=VERTEX_POINT('',#6384);
#6386=CARTESIAN_POINT('',(-1.277145052383E1,5.732913494031E-1,
2.664535259100E-13));
#6387=VERTEX_POINT('',#6386);
#6388=CARTESIAN_POINT('',(-3.721450519171E0,5.593291349481E0,
1.666629797133E-13));
#6389=VERTEX_POINT('',#6388);
#6390=CARTESIAN_POINT('',(-2.721450518846E0,5.593291349481E0,0.E0));
#6391=VERTEX_POINT('',#6390);
#6392=CARTESIAN_POINT('',(-2.721450518846E0,3.843291349481E0,0.E0));
#6393=VERTEX_POINT('',#6392);
#6394=CARTESIAN_POINT('',(1.785494810718E-1,3.843291349481E0,
2.666616927272E-13));
#6395=VERTEX_POINT('',#6394);
#6396=CARTESIAN_POINT('',(1.285494857710E-1,5.732913493778E-1,
2.667495853833E-13));
#6397=VERTEX_POINT('',#6396);
#6398=CARTESIAN_POINT('',(1.285494857690E-1,3.693291349881E0,0.E0));
#6399=VERTEX_POINT('',#6398);
#6400=CARTESIAN_POINT('',(-3.171450519031E0,3.693291349881E0,0.E0));
#6401=VERTEX_POINT('',#6400);
#6402=CARTESIAN_POINT('',(-3.171450519031E0,5.443291351521E0,0.E0));
#6403=VERTEX_POINT('',#6402);
#6404=CARTESIAN_POINT('',(-4.296450519031E0,5.443291352660E0,0.E0));
#6405=VERTEX_POINT('',#6404);
#6406=CARTESIAN_POINT('',(-1.282145051931E1,-4.206708650519E0,
2.499999999997E-1));
#6407=VERTEX_POINT('',#6406);
#6408=CARTESIAN_POINT('',(-1.282145051936E1,-1.606708650519E0,
2.499999999586E-1));
#6409=VERTEX_POINT('',#6408);
#6410=CARTESIAN_POINT('',(-1.282145051940E1,-1.606708650519E0,
2.397927571233E-1));
#6411=VERTEX_POINT('',#6410);
#6412=CARTESIAN_POINT('',(1.785494812781E-1,-4.206708650519E0,
2.499999999934E-1));
#6413=VERTEX_POINT('',#6412);
#6414=CARTESIAN_POINT('',(1.785494813312E-1,-1.606708650519E0,
2.397927571255E-1));
#6415=VERTEX_POINT('',#6414);
#6416=CARTESIAN_POINT('',(1.785494813312E-1,-1.606708650519E0,
2.499999999470E-1));
#6417=VERTEX_POINT('',#6416);
#6418=CARTESIAN_POINT('',(1.639786689164E-1,-1.606708650519E0,
-8.263518229493E-2));
#6419=VERTEX_POINT('',#6418);
#6420=CARTESIAN_POINT('',(-8.222326905506E-2,-1.606708650519E0,
-3.922313809091E-2));
#6421=VERTEX_POINT('',#6420);
#6422=CARTESIAN_POINT('',(1.639786689217E-1,3.932913494810E-1,
-8.263518226506E-2));
#6423=VERTEX_POINT('',#6422);
#6424=CARTESIAN_POINT('',(1.785494814351E-1,3.932913494810E-1,
2.397927571114E-1));
#6425=CARTESIAN_POINT('',(-8.222326905472E-2,3.932913494810E-1,
-3.922313813130E-2));
#6426=VERTEX_POINT('',#6424);
#6427=VERTEX_POINT('',#6425);
#6428=CARTESIAN_POINT('',(2.624594530811E-1,3.932913494810E-1,
2.499999997687E-1));
#6429=CARTESIAN_POINT('',(2.624594528193E-1,-1.606708650519E0,
2.499999997634E-1));
#6430=VERTEX_POINT('',#6428);
#6431=VERTEX_POINT('',#6429);
#6432=CARTESIAN_POINT('',(1.785494812829E-1,3.932913494810E-1,
2.499999999586E-1));
#6433=VERTEX_POINT('',#6432);
#6434=CARTESIAN_POINT('',(1.785494812430E-1,3.843291349481E0,
2.500000000005E-1));
#6435=VERTEX_POINT('',#6434);
#6436=CARTESIAN_POINT('',(-2.721450518475E0,3.843291349481E0,
2.500000000032E-1));
#6437=VERTEX_POINT('',#6436);
#6438=CARTESIAN_POINT('',(-2.721450518475E0,5.593291349481E0,
2.500000000032E-1));
#6439=VERTEX_POINT('',#6438);
#6440=CARTESIAN_POINT('',(-3.721450519373E0,5.593291349481E0,
2.500000000032E-1));
#6441=VERTEX_POINT('',#6440);
#6442=CARTESIAN_POINT('',(-3.721450519354E0,7.743291349470E0,
2.500000000032E-1));
#6443=VERTEX_POINT('',#6442);
#6444=CARTESIAN_POINT('',(1.328549480917E0,7.743291349471E0,2.500000000026E-1));
#6445=VERTEX_POINT('',#6444);
#6446=CARTESIAN_POINT('',(1.428549480970E0,7.743291349476E0,2.500000000023E-1));
#6447=VERTEX_POINT('',#6446);
#6448=CARTESIAN_POINT('',(1.428549480971E0,7.243291349481E0,2.500000000028E-1));
#6449=VERTEX_POINT('',#6448);
#6450=CARTESIAN_POINT('',(1.328549478276E0,7.243291349481E0,2.500000000032E-1));
#6451=VERTEX_POINT('',#6450);
#6452=CARTESIAN_POINT('',(1.328549468681E0,-8.006708650519E0,
2.500000003719E-1));
#6453=VERTEX_POINT('',#6452);
#6454=CARTESIAN_POINT('',(1.428549480970E0,-8.006708650519E0,
2.500000018724E-1));
#6455=VERTEX_POINT('',#6454);
#6456=CARTESIAN_POINT('',(1.428549480969E0,-8.256708650535E0,
2.500000066289E-1));
#6457=VERTEX_POINT('',#6456);
#6458=CARTESIAN_POINT('',(-1.407145051903E1,-8.256708650535E0,
2.500000061843E-1));
#6459=CARTESIAN_POINT('',(-1.407145051903E1,-8.006708650519E0,
2.500000009894E-1));
#6460=VERTEX_POINT('',#6458);
#6461=VERTEX_POINT('',#6459);
#6462=CARTESIAN_POINT('',(-1.397145051702E1,-8.006708650519E0,
2.500000000813E-1));
#6463=VERTEX_POINT('',#6462);
#6464=CARTESIAN_POINT('',(-1.397145051860E1,7.243291349481E0,
2.500000000027E-1));
#6465=VERTEX_POINT('',#6464);
#6466=CARTESIAN_POINT('',(-1.407145051903E1,7.243291349481E0,
2.500000000002E-1));
#6467=VERTEX_POINT('',#6466);
#6468=CARTESIAN_POINT('',(-1.407145051903E1,7.743291349477E0,
2.499999999982E-1));
#6469=VERTEX_POINT('',#6468);
#6470=CARTESIAN_POINT('',(-1.397145051896E1,7.743291349471E0,
2.500000000016E-1));
#6471=VERTEX_POINT('',#6470);
#6472=CARTESIAN_POINT('',(-8.921450518770E0,7.743291349470E0,
2.500000000032E-1));
#6473=VERTEX_POINT('',#6472);
#6474=CARTESIAN_POINT('',(-8.921450518759E0,5.593291349481E0,
2.500000000032E-1));
#6475=VERTEX_POINT('',#6474);
#6476=CARTESIAN_POINT('',(-9.921450519587E0,5.593291349481E0,
2.500000000032E-1));
#6477=VERTEX_POINT('',#6476);
#6478=CARTESIAN_POINT('',(-9.921450519587E0,3.843291349481E0,
2.500000000023E-1));
#6479=VERTEX_POINT('',#6478);
#6480=CARTESIAN_POINT('',(-1.282145051934E1,3.843291349481E0,
2.499999999934E-1));
#6481=VERTEX_POINT('',#6480);
#6482=CARTESIAN_POINT('',(-1.282145051939E1,3.932913494810E-1,
2.499999999470E-1));
#6483=VERTEX_POINT('',#6482);
#6484=CARTESIAN_POINT('',(-1.290536049089E1,3.932913494810E-1,
2.499999997634E-1));
#6485=VERTEX_POINT('',#6484);
#6486=CARTESIAN_POINT('',(-1.290536049115E1,-1.606708650519E0,
2.499999997687E-1));
#6487=VERTEX_POINT('',#6486);
#6488=CARTESIAN_POINT('',(-1.397145051903E1,8.093291349481E0,
-9.999999999254E-2));
#6489=VERTEX_POINT('',#6488);
#6490=CARTESIAN_POINT('',(1.328549480964E0,8.093291349481E0,
-9.999999999324E-2));
#6491=VERTEX_POINT('',#6490);
#6492=CARTESIAN_POINT('',(-1.397145051903E1,7.843291349481E0,
-9.999999999457E-2));
#6493=VERTEX_POINT('',#6492);
#6494=CARTESIAN_POINT('',(-1.407145051909E1,7.743291349354E0,
-1.000000001265E-1));
#6495=CARTESIAN_POINT('',(-1.432145051910E1,7.743291349360E0,
-1.000000000922E-1));
#6496=VERTEX_POINT('',#6494);
#6497=VERTEX_POINT('',#6495);
#6498=CARTESIAN_POINT('',(-1.407145051988E1,4.743291350323E0,
-3.099999999850E0));
#6499=VERTEX_POINT('',#6498);
#6500=CARTESIAN_POINT('',(-1.432145052016E1,4.743291350340E0,
-3.099999999837E0));
#6501=VERTEX_POINT('',#6500);
#6502=CARTESIAN_POINT('',(-1.407145052411E1,-4.956708650533E0,
-3.100000000019E0));
#6503=VERTEX_POINT('',#6502);
#6504=CARTESIAN_POINT('',(-1.407145051903E1,-7.567086505190E-1,
-1.955100001227E1));
#6505=CARTESIAN_POINT('',(-1.407145051903E1,-1.406711813294E0,
-2.019999922470E1));
#6506=VERTEX_POINT('',#6504);
#6507=VERTEX_POINT('',#6505);
#6508=CARTESIAN_POINT('',(-1.407145051903E1,-2.056708650519E0,
-1.955100001396E1));
#6509=VERTEX_POINT('',#6508);
#6510=CARTESIAN_POINT('',(-1.432145052431E1,-4.956708650535E0,
-3.100000000009E0));
#6511=VERTEX_POINT('',#6510);
#6512=CARTESIAN_POINT('',(-1.404216120068E1,-5.027419332155E0,
-3.099999999997E0));
#6513=CARTESIAN_POINT('',(-1.421893789583E1,-5.204196027264E0,
-3.099999999997E0));
#6514=VERTEX_POINT('',#6512);
#6515=VERTEX_POINT('',#6513);
#6516=CARTESIAN_POINT('',(-1.382396314507E1,-5.245617379504E0,
-3.099999999997E0));
#6517=VERTEX_POINT('',#6516);
#6518=CARTESIAN_POINT('',(-1.400073984017E1,-5.422394074650E0,
-3.099999999997E0));
#6519=VERTEX_POINT('',#6518);
#6520=CARTESIAN_POINT('',(-1.432145051927E1,-2.056708650387E0,
-1.955100000471E1));
#6521=VERTEX_POINT('',#6520);
#6522=CARTESIAN_POINT('',(-1.432145051903E1,-1.406711813294E0,
-2.019999923445E1));
#6523=VERTEX_POINT('',#6522);
#6524=CARTESIAN_POINT('',(-1.432145051903E1,-7.567086505190E-1,
-1.955100002256E1));
#6525=VERTEX_POINT('',#6524);
#6526=CARTESIAN_POINT('',(1.678549480667E0,4.743291348275E0,-3.100000000504E0));
#6527=CARTESIAN_POINT('',(1.678549480932E0,7.743291349368E0,
-1.000000001292E-1));
#6528=VERTEX_POINT('',#6526);
#6529=VERTEX_POINT('',#6527);
#6530=CARTESIAN_POINT('',(1.678549480969E0,-7.567086505190E-1,
-1.955100001129E1));
#6531=CARTESIAN_POINT('',(1.678549480969E0,-1.406711814764E0,
-2.019999922470E1));
#6532=VERTEX_POINT('',#6530);
#6533=VERTEX_POINT('',#6531);
#6534=CARTESIAN_POINT('',(1.678549480969E0,-2.056708650519E0,
-1.955100000496E1));
#6535=VERTEX_POINT('',#6534);
#6536=CARTESIAN_POINT('',(1.678549479786E0,-4.420312547519E0,
-3.100000000103E0));
#6537=VERTEX_POINT('',#6536);
#6538=CARTESIAN_POINT('',(1.428549480616E0,4.743291348260E0,-3.100000000519E0));
#6539=VERTEX_POINT('',#6538);
#6540=CARTESIAN_POINT('',(1.428549480900E0,7.743291349368E0,
-1.000000000893E-1));
#6541=VERTEX_POINT('',#6540);
#6542=CARTESIAN_POINT('',(1.428549479772E0,-4.420312547519E0,
-3.100000000115E0));
#6543=VERTEX_POINT('',#6542);
#6544=CARTESIAN_POINT('',(1.576036853046E0,-4.667799919445E0,
-3.099999999997E0));
#6545=VERTEX_POINT('',#6544);
#6546=CARTESIAN_POINT('',(1.399260158960E0,-4.491023225380E0,
-3.099999999997E0));
#6547=VERTEX_POINT('',#6546);
#6548=CARTESIAN_POINT('',(1.357838806433E0,-4.885997976091E0,
-3.099999999997E0));
#6549=VERTEX_POINT('',#6548);
#6550=CARTESIAN_POINT('',(1.181062111362E0,-4.709221280972E0,
-3.099999999997E0));
#6551=VERTEX_POINT('',#6550);
#6552=CARTESIAN_POINT('',(1.078549489969E0,-4.956708650536E0,
-3.099999999997E0));
#6553=VERTEX_POINT('',#6552);
#6554=CARTESIAN_POINT('',(1.328549489969E0,-4.956708650536E0,
-3.099999999997E0));
#6555=VERTEX_POINT('',#6554);
#6556=CARTESIAN_POINT('',(1.078549480969E0,-7.571708650519E0,-1.62E1));
#6557=CARTESIAN_POINT('',(1.078549480969E0,-7.806708650681E0,-1.62E1));
#6558=VERTEX_POINT('',#6556);
#6559=VERTEX_POINT('',#6557);
#6560=CARTESIAN_POINT('',(1.078549481311E0,-7.806708651053E0,
-3.099999999997E0));
#6561=VERTEX_POINT('',#6560);
#6562=CARTESIAN_POINT('',(1.078549481630E0,-8.156708650519E0,
-3.099999999997E0));
#6563=VERTEX_POINT('',#6562);
#6564=CARTESIAN_POINT('',(5.785494809639E-1,-7.571708650519E0,-1.62E1));
#6565=VERTEX_POINT('',#6564);
#6566=CARTESIAN_POINT('',(5.785494809848E-1,-8.306708650518E0,-1.62E1));
#6567=VERTEX_POINT('',#6566);
#6568=CARTESIAN_POINT('',(-1.372145051891E1,-7.806708648975E0,
-3.099999999997E0));
#6569=VERTEX_POINT('',#6568);
#6570=CARTESIAN_POINT('',(-1.372145051903E1,-7.806708648746E0,-1.62E1));
#6571=CARTESIAN_POINT('',(-1.322145051902E1,-8.306708650519E0,-1.62E1));
#6572=VERTEX_POINT('',#6570);
#6573=VERTEX_POINT('',#6571);
#6574=CARTESIAN_POINT('',(-1.372145051886E1,-8.156708650519E0,
-3.099999999997E0));
#6575=VERTEX_POINT('',#6574);
#6576=CARTESIAN_POINT('',(-1.372145051603E1,-5.493104753534E0,
-3.099999999997E0));
#6577=VERTEX_POINT('',#6576);
#6578=CARTESIAN_POINT('',(-1.372145051908E1,-7.571708650519E0,-1.62E1));
#6579=VERTEX_POINT('',#6578);
#6580=CARTESIAN_POINT('',(-1.397145051850E1,-8.156708650519E0,
-3.099999999997E0));
#6581=VERTEX_POINT('',#6580);
#6582=CARTESIAN_POINT('',(-1.397145051725E1,-5.493104753536E0,
-3.099999999997E0));
#6583=VERTEX_POINT('',#6582);
#6584=CARTESIAN_POINT('',(-9.339244086734E0,7.493291349482E0,-1.62E1));
#6585=CARTESIAN_POINT('',(-3.339244086734E0,7.493291349482E0,-1.62E1));
#6586=VERTEX_POINT('',#6584);
#6587=VERTEX_POINT('',#6585);
#6588=CARTESIAN_POINT('',(-3.339244086734E0,6.993291349480E0,-1.62E1));
#6589=VERTEX_POINT('',#6588);
#6590=CARTESIAN_POINT('',(-9.339244086734E0,6.993291349479E0,-1.62E1));
#6591=VERTEX_POINT('',#6590);
#6592=CARTESIAN_POINT('',(-9.589244082668E0,6.993291349469E0,
-5.669999999417E0));
#6593=CARTESIAN_POINT('',(-8.346450518960E0,6.993291349474E0,
-5.669999999350E0));
#6594=VERTEX_POINT('',#6592);
#6595=VERTEX_POINT('',#6593);
#6596=CARTESIAN_POINT('',(-8.346450518975E0,6.993291349527E0,
-3.999999998973E0));
#6597=VERTEX_POINT('',#6596);
#6598=CARTESIAN_POINT('',(-4.296450519031E0,6.993291349526E0,
-3.999999998978E0));
#6599=VERTEX_POINT('',#6598);
#6600=CARTESIAN_POINT('',(-4.296450519031E0,6.993291349473E0,
-5.669999999787E0));
#6601=VERTEX_POINT('',#6600);
#6602=CARTESIAN_POINT('',(-3.089244082790E0,6.993291349470E0,
-5.669999999634E0));
#6603=VERTEX_POINT('',#6602);
#6604=CARTESIAN_POINT('',(-9.589244082720E0,3.343291348974E0,
-5.669999999733E0));
#6605=VERTEX_POINT('',#6604);
#6606=CARTESIAN_POINT('',(-3.171450519014E0,3.343291349572E0,-1.108E1));
#6607=CARTESIAN_POINT('',(-3.171450519031E0,3.343291349468E0,
-5.669999999924E0));
#6608=VERTEX_POINT('',#6606);
#6609=VERTEX_POINT('',#6607);
#6610=CARTESIAN_POINT('',(-9.471450519091E0,3.343291349563E0,-1.108E1));
#6611=VERTEX_POINT('',#6610);
#6612=CARTESIAN_POINT('',(-9.471450519083E0,3.343291349381E0,
-5.669999999933E0));
#6613=VERTEX_POINT('',#6612);
#6614=CARTESIAN_POINT('',(-3.089244082772E0,3.343291349124E0,
-5.669999999719E0));
#6615=VERTEX_POINT('',#6614);
#6616=CARTESIAN_POINT('',(-3.171450519031E0,3.193291349443E0,
-8.759999999507E0));
#6617=CARTESIAN_POINT('',(-3.171450519031E0,2.593291354200E0,
-8.759999999787E0));
#6618=VERTEX_POINT('',#6616);
#6619=VERTEX_POINT('',#6617);
#6620=CARTESIAN_POINT('',(-3.171450519031E0,2.093291349481E0,
-9.259999999747E0));
#6621=VERTEX_POINT('',#6620);
#6622=CARTESIAN_POINT('',(-3.171450518942E0,6.932913495241E-1,-1.108E1));
#6623=VERTEX_POINT('',#6622);
#6624=CARTESIAN_POINT('',(-3.171450519031E0,4.943291349315E0,
-5.670000000010E0));
#6625=VERTEX_POINT('',#6624);
#6626=CARTESIAN_POINT('',(-3.171450519031E0,4.943291349395E0,
-5.000000056727E-1));
#6627=VERTEX_POINT('',#6626);
#6628=CARTESIAN_POINT('',(-3.171450519031E0,3.193291349481E0,
-5.000000044490E-1));
#6629=VERTEX_POINT('',#6628);
#6630=CARTESIAN_POINT('',(-3.714505190335E-1,3.193291349449E0,
-8.759999999587E0));
#6631=VERTEX_POINT('',#6630);
#6632=CARTESIAN_POINT('',(-3.714505190310E-1,2.593291351827E0,
-8.759999999867E0));
#6633=VERTEX_POINT('',#6632);
#6634=CARTESIAN_POINT('',(-3.714505190723E-1,3.193291349480E0,
-5.000000012405E-1));
#6635=VERTEX_POINT('',#6634);
#6636=CARTESIAN_POINT('',(-3.714505190310E-1,5.732913494809E-1,
-4.999999985688E-1));
#6637=VERTEX_POINT('',#6636);
#6638=CARTESIAN_POINT('',(-3.714505190310E-1,-1.826708650519E0,
-4.999999932295E-1));
#6639=VERTEX_POINT('',#6638);
#6640=CARTESIAN_POINT('',(-3.714505189261E-1,2.093291349484E0,
-9.260000000361E0));
#6641=VERTEX_POINT('',#6640);
#6642=CARTESIAN_POINT('',(-9.471450519159E0,6.932913495179E-1,-1.108E1));
#6643=VERTEX_POINT('',#6642);
#6644=CARTESIAN_POINT('',(-9.471450519031E0,4.943291349481E0,
-5.000000096838E-1));
#6645=VERTEX_POINT('',#6644);
#6646=CARTESIAN_POINT('',(-9.471450519089E0,4.943291349367E0,
-5.669999999883E0));
#6647=VERTEX_POINT('',#6646);
#6648=CARTESIAN_POINT('',(-9.471450519109E0,2.093291349471E0,
-9.260000000351E0));
#6649=VERTEX_POINT('',#6648);
#6650=CARTESIAN_POINT('',(-9.471450519031E0,2.593291352828E0,-8.76E0));
#6651=VERTEX_POINT('',#6650);
#6652=CARTESIAN_POINT('',(-9.471450519031E0,3.193291349444E0,
-8.759999999572E0));
#6653=VERTEX_POINT('',#6652);
#6654=CARTESIAN_POINT('',(-9.471450519031E0,3.193291349463E0,
-5.000000019350E-1));
#6655=VERTEX_POINT('',#6654);
#6656=CARTESIAN_POINT('',(-8.346450519031E0,4.943291349481E0,
-5.000000032691E-1));
#6657=VERTEX_POINT('',#6656);
#6658=CARTESIAN_POINT('',(-8.346450518985E0,4.943291349382E0,
-5.669999999617E0));
#6659=VERTEX_POINT('',#6658);
#6660=CARTESIAN_POINT('',(-4.296450519031E0,4.943291349481E0,
-5.000000032077E-1));
#6661=VERTEX_POINT('',#6660);
#6662=CARTESIAN_POINT('',(-4.296450519031E0,4.943291349381E0,
-5.669999999958E0));
#6663=VERTEX_POINT('',#6662);
#6664=CARTESIAN_POINT('',(-1.227145051914E1,2.093291349485E0,
-9.260000000777E0));
#6665=VERTEX_POINT('',#6664);
#6666=CARTESIAN_POINT('',(-1.227145051903E1,3.193291349457E0,
-8.759999999535E0));
#6667=CARTESIAN_POINT('',(-1.227145051903E1,2.593291353510E0,
-8.759999999816E0));
#6668=VERTEX_POINT('',#6666);
#6669=VERTEX_POINT('',#6667);
#6670=CARTESIAN_POINT('',(-1.227145051907E1,5.732913494263E-1,
-4.999999999230E-1));
#6671=VERTEX_POINT('',#6670);
#6672=CARTESIAN_POINT('',(-1.227145051900E1,3.193291349486E0,
-5.000000009869E-1));
#6673=VERTEX_POINT('',#6672);
#6674=CARTESIAN_POINT('',(-1.322145051902E1,-7.571708650519E0,-1.62E1));
#6675=VERTEX_POINT('',#6674);
#6676=CARTESIAN_POINT('',(1.328549482579E0,-8.156708650519E0,
-3.099999999997E0));
#6677=VERTEX_POINT('',#6676);
#6678=CARTESIAN_POINT('',(1.428549480955E0,-2.056708650489E0,
-1.955100000376E1));
#6679=VERTEX_POINT('',#6678);
#6680=CARTESIAN_POINT('',(1.428549480969E0,-1.406711548745E0,
-2.019999921899E1));
#6681=VERTEX_POINT('',#6680);
#6682=CARTESIAN_POINT('',(1.428549480969E0,-7.567086506311E-1,
-1.955100000725E1));
#6683=VERTEX_POINT('',#6682);
#6684=CARTESIAN_POINT('',(1.328549480963E0,7.843291349481E0,
-9.999999999680E-2));
#6685=VERTEX_POINT('',#6684);
#6686=CARTESIAN_POINT('',(1.428549480972E0,7.243291349481E0,2.354101966279E-1));
#6687=VERTEX_POINT('',#6686);
#6688=CARTESIAN_POINT('',(1.678549327182E0,7.243291349481E0,
-1.003281017515E-1));
#6689=VERTEX_POINT('',#6688);
#6690=CARTESIAN_POINT('',(1.678549099726E0,-8.006917007823E0,
-1.003896433283E-1));
#6691=VERTEX_POINT('',#6690);
#6692=VERTEX_POINT('',#2642);
#6693=VERTEX_POINT('',#2665);
#6694=VERTEX_POINT('',#2659);
#6695=CARTESIAN_POINT('',(1.678549893504E0,-5.407708648921E0,
-2.700000000575E0));
#6696=CARTESIAN_POINT('',(1.428550605861E0,-5.407708648921E0,
-2.700000000575E0));
#6697=VERTEX_POINT('',#6695);
#6698=VERTEX_POINT('',#6696);
#6699=CARTESIAN_POINT('',(1.428550659043E0,4.644291347884E0,-2.700000000575E0));
#6700=VERTEX_POINT('',#6699);
#6701=CARTESIAN_POINT('',(1.678550325104E0,4.644291347884E0,-2.700000000575E0));
#6702=VERTEX_POINT('',#6701);
#6703=CARTESIAN_POINT('',(1.428549480969E0,-8.356708656940E0,
-1.000000000183E-1));
#6704=CARTESIAN_POINT('',(1.428549480969E0,-8.606708657024E0,
-1.000000000215E-1));
#6705=VERTEX_POINT('',#6703);
#6706=VERTEX_POINT('',#6704);
#6707=CARTESIAN_POINT('',(1.428549480971E0,-8.606708652329E0,
-3.499999995934E-1));
#6708=VERTEX_POINT('',#6707);
#6709=CARTESIAN_POINT('',(1.428549480971E0,-8.356708651999E0,
-3.499999996722E-1));
#6710=VERTEX_POINT('',#6709);
#6711=CARTESIAN_POINT('',(1.428549480972E0,-8.592118847142E0,
-3.499999998759E-1));
#6712=VERTEX_POINT('',#6711);
#6713=CARTESIAN_POINT('',(-1.407145051903E1,-8.606708652280E0,
-3.499999996046E-1));
#6714=CARTESIAN_POINT('',(-1.407145051903E1,-8.606708657111E0,
-1.000000000215E-1));
#6715=VERTEX_POINT('',#6713);
#6716=VERTEX_POINT('',#6714);
#6717=CARTESIAN_POINT('',(1.328549462832E0,-8.606708650989E0,
-3.499999997602E-1));
#6718=VERTEX_POINT('',#6717);
#6719=CARTESIAN_POINT('',(1.328549476381E0,-8.606708650582E0,-1.5E1));
#6720=VERTEX_POINT('',#6719);
#6721=CARTESIAN_POINT('',(-1.397145051861E1,-8.606708650536E0,-1.5E1));
#6722=VERTEX_POINT('',#6721);
#6723=CARTESIAN_POINT('',(-1.397145051226E1,-8.606708650825E0,
-3.499999997715E-1));
#6724=VERTEX_POINT('',#6723);
#6725=CARTESIAN_POINT('',(-1.407145051903E1,-8.356708652037E0,
-3.499999996497E-1));
#6726=CARTESIAN_POINT('',(-1.407145051903E1,-8.356708656988E0,
-1.000000000183E-1));
#6727=VERTEX_POINT('',#6725);
#6728=VERTEX_POINT('',#6726);
#6729=CARTESIAN_POINT('',(-1.407145051904E1,-8.592118847143E0,
-3.499999998716E-1));
#6730=VERTEX_POINT('',#6729);
#6731=CARTESIAN_POINT('',(-1.397145051867E1,-8.356708650518E0,-1.5E1));
#6732=CARTESIAN_POINT('',(-1.397145051761E1,-8.356708650745E0,
-3.499999998165E-1));
#6733=VERTEX_POINT('',#6731);
#6734=VERTEX_POINT('',#6732);
#6735=CARTESIAN_POINT('',(1.328549479719E0,-8.356708650597E0,-1.5E1));
#6736=VERTEX_POINT('',#6735);
#6737=CARTESIAN_POINT('',(1.328549479119E0,-8.356708650771E0,
-3.499999998278E-1));
#6738=VERTEX_POINT('',#6737);
#6739=CARTESIAN_POINT('',(-1.407145051903E1,-8.256708650411E0,
-3.499999999968E-1));
#6740=VERTEX_POINT('',#6739);
#6741=CARTESIAN_POINT('',(-1.407145051903E1,-8.256708650504E0,-1.5E1));
#6742=VERTEX_POINT('',#6741);
#6743=CARTESIAN_POINT('',(-1.432145051903E1,-8.256708650411E0,
-3.499999999968E-1));
#6744=VERTEX_POINT('',#6743);
#6745=CARTESIAN_POINT('',(-1.432145051903E1,-8.256708650519E0,-1.5E1));
#6746=VERTEX_POINT('',#6745);
#6747=CARTESIAN_POINT('',(-1.407145051903E1,-5.656708650519E0,-1.5E1));
#6748=VERTEX_POINT('',#6747);
#6749=CARTESIAN_POINT('',(-1.432145051903E1,-5.656708650519E0,-1.5E1));
#6750=VERTEX_POINT('',#6749);
#6751=CARTESIAN_POINT('',(-1.407145051903E1,-5.656708650518E0,
-2.950000000001E0));
#6752=VERTEX_POINT('',#6751);
#6753=CARTESIAN_POINT('',(-1.432145051903E1,-5.656708650518E0,
-2.950000000001E0));
#6754=VERTEX_POINT('',#6753);
#6755=CARTESIAN_POINT('',(1.678549480969E0,-8.256708650519E0,-1.5E1));
#6756=VERTEX_POINT('',#6755);
#6757=CARTESIAN_POINT('',(1.428549480968E0,-8.256708650506E0,-1.5E1));
#6758=VERTEX_POINT('',#6757);
#6759=CARTESIAN_POINT('',(1.678549480969E0,-8.256708650411E0,
-3.499999999968E-1));
#6760=VERTEX_POINT('',#6759);
#6761=CARTESIAN_POINT('',(1.428549480969E0,-8.256708650411E0,
-3.499999999968E-1));
#6762=VERTEX_POINT('',#6761);
#6763=CARTESIAN_POINT('',(1.428549480968E0,-5.656708650519E0,-1.5E1));
#6764=VERTEX_POINT('',#6763);
#6765=CARTESIAN_POINT('',(1.428549480968E0,-5.656708650518E0,
-2.950000000001E0));
#6766=VERTEX_POINT('',#6765);
#6767=CARTESIAN_POINT('',(1.678549480968E0,-5.656708650519E0,-1.5E1));
#6768=VERTEX_POINT('',#6767);
#6769=CARTESIAN_POINT('',(1.678549480967E0,-5.656708650518E0,
-2.950000000001E0));
#6770=VERTEX_POINT('',#6769);
#6771=CARTESIAN_POINT('',(-1.407145051903E1,-8.006708650519E0,
2.354101966278E-1));
#6772=VERTEX_POINT('',#6771);
#6773=CARTESIAN_POINT('',(-1.432145051903E1,-8.006708650519E0,
-1.000000001005E-1));
#6774=VERTEX_POINT('',#6773);
#6775=CARTESIAN_POINT('',(-1.432145051903E1,7.243291349381E0,
-1.000000000857E-1));
#6776=VERTEX_POINT('',#6775);
#6777=CARTESIAN_POINT('',(-1.407145051904E1,7.243291349481E0,
2.354101966265E-1));
#6778=VERTEX_POINT('',#6777);
#6779=CARTESIAN_POINT('',(-1.407145051903E1,-8.006708650519E0,
-1.000000001005E-1));
#6780=VERTEX_POINT('',#6779);
#6781=CARTESIAN_POINT('',(-1.407145051903E1,7.243291349481E0,
-1.000000001004E-1));
#6782=VERTEX_POINT('',#6781);
#6783=CARTESIAN_POINT('',(-1.432145051903E1,4.643291349801E0,
-2.699999999881E0));
#6784=CARTESIAN_POINT('',(-1.407145051903E1,4.643291349801E0,
-2.699999999881E0));
#6785=VERTEX_POINT('',#6783);
#6786=VERTEX_POINT('',#6784);
#6787=CARTESIAN_POINT('',(-1.432145051903E1,-5.406708650839E0,
-2.699999999881E0));
#6788=VERTEX_POINT('',#6787);
#6789=CARTESIAN_POINT('',(-1.407145051903E1,-5.406708650838E0,
-2.699999999881E0));
#6790=VERTEX_POINT('',#6789);
#6791=CARTESIAN_POINT('',(-1.282145051941E1,3.932913494810E-1,
2.397927571244E-1));
#6792=VERTEX_POINT('',#6791);
#6793=CARTESIAN_POINT('',(-1.280687970698E1,3.932913494810E-1,
-8.263518229407E-2));
#6794=VERTEX_POINT('',#6793);
#6795=CARTESIAN_POINT('',(-1.256067776901E1,3.932913494810E-1,
-3.922313809098E-2));
#6796=VERTEX_POINT('',#6795);
#6797=CARTESIAN_POINT('',(-1.280687970698E1,-1.606708650519E0,
-8.263518226462E-2));
#6798=VERTEX_POINT('',#6797);
#6799=CARTESIAN_POINT('',(-1.256067776901E1,-1.606708650519E0,
-3.922313813223E-2));
#6800=VERTEX_POINT('',#6799);
#6801=CARTESIAN_POINT('',(-1.201243831572E1,3.932913494810E-1,
-3.148443575162E0));
#6802=VERTEX_POINT('',#6801);
#6803=CARTESIAN_POINT('',(-1.201243831573E1,-1.606708650519E0,
-3.148443575143E0));
#6804=VERTEX_POINT('',#6803);
#6805=CARTESIAN_POINT('',(-1.225864025424E1,3.932913494810E-1,
-3.191855619829E0));
#6806=VERTEX_POINT('',#6805);
#6807=CARTESIAN_POINT('',(-1.226315176732E1,3.932913494810E-1,
-3.243422452301E0));
#6808=CARTESIAN_POINT('',(-1.202822861223E1,3.932913494810E-1,
-3.328927488269E0));
#6809=VERTEX_POINT('',#6807);
#6810=VERTEX_POINT('',#6808);
#6811=CARTESIAN_POINT('',(-1.265342929007E1,3.932913494810E-1,
-4.315701132902E0));
#6812=VERTEX_POINT('',#6811);
#6813=CARTESIAN_POINT('',(-1.241850613510E1,3.932913494810E-1,
-4.401206168058E0));
#6814=VERTEX_POINT('',#6813);
#6815=CARTESIAN_POINT('',(-1.265342929007E1,-1.606708650519E0,
-4.315701132901E0));
#6816=CARTESIAN_POINT('',(-1.226315176730E1,-1.606708650519E0,
-3.243422452233E0));
#6817=VERTEX_POINT('',#6815);
#6818=VERTEX_POINT('',#6816);
#6819=CARTESIAN_POINT('',(-1.202822861220E1,-1.606708650519E0,
-3.328927488264E0));
#6820=CARTESIAN_POINT('',(-1.241850613510E1,-1.606708650519E0,
-4.401206168058E0));
#6821=VERTEX_POINT('',#6819);
#6822=VERTEX_POINT('',#6820);
#6823=CARTESIAN_POINT('',(-1.225864025423E1,-1.606708650519E0,
-3.191855619832E0));
#6824=VERTEX_POINT('',#6823);
#6825=CARTESIAN_POINT('',(-6.304627229512E-1,3.932913494810E-1,
-3.148443575025E0));
#6826=CARTESIAN_POINT('',(-6.304627229873E-1,-1.606708650519E0,
-3.148443575027E0));
#6827=VERTEX_POINT('',#6825);
#6828=VERTEX_POINT('',#6826);
#6829=CARTESIAN_POINT('',(-6.357800100310E-1,-1.606708650519E0,
-3.209220437997E0));
#6830=VERTEX_POINT('',#6829);
#6831=CARTESIAN_POINT('',(-6.146724272160E-1,-1.606708650519E0,
-3.328927488761E0));
#6832=VERTEX_POINT('',#6831);
#6833=CARTESIAN_POINT('',(-6.146724264936E-1,3.932913494810E-1,
-3.328927488474E0));
#6834=VERTEX_POINT('',#6833);
#6835=CARTESIAN_POINT('',(-6.357800100310E-1,3.932913494810E-1,
-3.209220437997E0));
#6836=VERTEX_POINT('',#6835);
#6837=CARTESIAN_POINT('',(-3.797492713384E-1,-1.606708650519E0,
-3.243422452508E0));
#6838=VERTEX_POINT('',#6837);
#6839=CARTESIAN_POINT('',(-3.842607844469E-1,-1.606708650519E0,
-3.191855619712E0));
#6840=VERTEX_POINT('',#6839);
#6841=CARTESIAN_POINT('',(-3.857800100310E-1,-1.606708650519E0,
-3.209220437997E0));
#6842=VERTEX_POINT('',#6841);
#6843=CARTESIAN_POINT('',(1.052825201017E-2,-1.606708650519E0,
-4.315701132901E0));
#6844=VERTEX_POINT('',#6843);
#6845=CARTESIAN_POINT('',(-2.243949029642E-1,-1.606708650519E0,
-4.401206168058E0));
#6846=VERTEX_POINT('',#6845);
#6847=CARTESIAN_POINT('',(1.052825201009E-2,3.932913494810E-1,
-4.315701132901E0));
#6848=CARTESIAN_POINT('',(-3.797492714147E-1,3.932913494810E-1,
-3.243422452449E0));
#6849=VERTEX_POINT('',#6847);
#6850=VERTEX_POINT('',#6848);
#6851=CARTESIAN_POINT('',(-2.243949029643E-1,3.932913494810E-1,
-4.401206168058E0));
#6852=VERTEX_POINT('',#6851);
#6853=CARTESIAN_POINT('',(-3.857800100310E-1,3.932913494810E-1,
-3.209220437997E0));
#6854=VERTEX_POINT('',#6853);
#6855=CARTESIAN_POINT('',(-3.842607852501E-1,3.932913494810E-1,
-3.191855619589E0));
#6856=VERTEX_POINT('',#6855);
#6857=CARTESIAN_POINT('',(-4.021450518953E0,-1.286708650613E0,
-1.022844782196E1));
#6858=VERTEX_POINT('',#6857);
#6859=CARTESIAN_POINT('',(-4.021450518964E0,-1.483706062584E0,
-1.022844782197E1));
#6860=VERTEX_POINT('',#6859);
#6861=CARTESIAN_POINT('',(-3.521450518668E0,-1.286708650631E0,
-1.022844782195E1));
#6862=VERTEX_POINT('',#6861);
#6863=CARTESIAN_POINT('',(-3.521450518668E0,-1.483706062574E0,
-1.022844782197E1));
#6864=VERTEX_POINT('',#6863);
#6865=CARTESIAN_POINT('',(-5.041450519247E0,-1.286708650519E0,
-1.022844782200E1));
#6866=VERTEX_POINT('',#6865);
#6867=CARTESIAN_POINT('',(-5.041450519247E0,-1.483706062519E0,
-1.022844782200E1));
#6868=VERTEX_POINT('',#6867);
#6869=CARTESIAN_POINT('',(-4.541450518972E0,-1.286708650519E0,
-1.022844782200E1));
#6870=VERTEX_POINT('',#6869);
#6871=CARTESIAN_POINT('',(-4.541450518962E0,-1.483706062519E0,
-1.022844782200E1));
#6872=VERTEX_POINT('',#6871);
#6873=CARTESIAN_POINT('',(-6.061450519541E0,-1.286708650519E0,
-1.022844782200E1));
#6874=VERTEX_POINT('',#6873);
#6875=CARTESIAN_POINT('',(-6.061450519541E0,-1.483706062519E0,
-1.022844782200E1));
#6876=VERTEX_POINT('',#6875);
#6877=CARTESIAN_POINT('',(-5.561450519224E0,-1.286708650519E0,
-1.022844782200E1));
#6878=VERTEX_POINT('',#6877);
#6879=CARTESIAN_POINT('',(-5.561450519256E0,-1.483706062519E0,
-1.022844782200E1));
#6880=VERTEX_POINT('',#6879);
#6881=CARTESIAN_POINT('',(-7.081450518806E0,-1.286708650519E0,
-1.022844782200E1));
#6882=VERTEX_POINT('',#6881);
#6883=CARTESIAN_POINT('',(-7.081450518806E0,-1.483706062519E0,
-1.022844782200E1));
#6884=VERTEX_POINT('',#6883);
#6885=CARTESIAN_POINT('',(-6.581450518594E0,-1.286708650519E0,
-1.022844782200E1));
#6886=VERTEX_POINT('',#6885);
#6887=CARTESIAN_POINT('',(-6.581450518521E0,-1.483706062519E0,
-1.022844782200E1));
#6888=VERTEX_POINT('',#6887);
#6889=CARTESIAN_POINT('',(-8.101450519100E0,-1.286708650613E0,
-1.022844782196E1));
#6890=VERTEX_POINT('',#6889);
#6891=CARTESIAN_POINT('',(-8.101450519090E0,-1.483706062584E0,
-1.022844782197E1));
#6892=VERTEX_POINT('',#6891);
#6893=CARTESIAN_POINT('',(-7.601450518815E0,-1.286708650631E0,
-1.022844782195E1));
#6894=VERTEX_POINT('',#6893);
#6895=CARTESIAN_POINT('',(-7.601450518815E0,-1.483706062574E0,
-1.022844782197E1));
#6896=VERTEX_POINT('',#6895);
#6897=CARTESIAN_POINT('',(-9.121450519394E0,-1.286708650613E0,
-1.022844782196E1));
#6898=VERTEX_POINT('',#6897);
#6899=CARTESIAN_POINT('',(-9.121450519342E0,-1.483706062584E0,
-1.022844782197E1));
#6900=VERTEX_POINT('',#6899);
#6901=CARTESIAN_POINT('',(-8.621450519109E0,-1.286708650631E0,
-1.022844782195E1));
#6902=VERTEX_POINT('',#6901);
#6903=CARTESIAN_POINT('',(-8.621450519109E0,-1.483706062574E0,
-1.022844782197E1));
#6904=VERTEX_POINT('',#6903);
#6905=CARTESIAN_POINT('',(-1.014145051866E1,-1.286708650613E0,
-1.022844782196E1));
#6906=VERTEX_POINT('',#6905);
#6907=CARTESIAN_POINT('',(-1.014145051871E1,-1.483706062584E0,
-1.022844782197E1));
#6908=VERTEX_POINT('',#6907);
#6909=CARTESIAN_POINT('',(-9.641450519403E0,-1.286708650631E0,
-1.022844782195E1));
#6910=VERTEX_POINT('',#6909);
#6911=CARTESIAN_POINT('',(-9.641450519403E0,-1.483706062574E0,
-1.022844782197E1));
#6912=VERTEX_POINT('',#6911);
#6913=CARTESIAN_POINT('',(-3.001450518659E0,-1.286708650611E0,
-1.022844782196E1));
#6914=VERTEX_POINT('',#6913);
#6915=CARTESIAN_POINT('',(-2.501450519350E0,-1.286708650628E0,
-1.022844782196E1));
#6916=VERTEX_POINT('',#6915);
#6917=CARTESIAN_POINT('',(-3.001450518659E0,-1.483706062584E0,
-1.022844782197E1));
#6918=VERTEX_POINT('',#6917);
#6919=CARTESIAN_POINT('',(-2.501450519403E0,-1.483706062573E0,
-1.022844782197E1));
#6920=VERTEX_POINT('',#6919);
#6921=CARTESIAN_POINT('',(-5.436450519609E0,-7.420708650400E0,-1.94E1));
#6922=CARTESIAN_POINT('',(-5.936450519031E0,-7.420708650391E0,-1.94E1));
#6923=VERTEX_POINT('',#6921);
#6924=VERTEX_POINT('',#6922);
#6925=CARTESIAN_POINT('',(-5.436450519564E0,-7.070708650952E0,-1.94E1));
#6926=VERTEX_POINT('',#6925);
#6927=CARTESIAN_POINT('',(-5.936450519031E0,-7.070708650919E0,-1.94E1));
#6928=VERTEX_POINT('',#6927);
#6929=CARTESIAN_POINT('',(-9.246450519111E0,-4.880708650586E0,-1.94E1));
#6930=CARTESIAN_POINT('',(-9.746450518572E0,-4.880708650591E0,-1.94E1));
#6931=VERTEX_POINT('',#6929);
#6932=VERTEX_POINT('',#6930);
#6933=CARTESIAN_POINT('',(-9.246450519105E0,-4.530708651153E0,-1.94E1));
#6934=VERTEX_POINT('',#6933);
#6935=CARTESIAN_POINT('',(-9.746450518533E0,-4.530708651104E0,-1.94E1));
#6936=VERTEX_POINT('',#6935);
#6937=CARTESIAN_POINT('',(-7.976450518453E0,-7.420708650400E0,-1.94E1));
#6938=CARTESIAN_POINT('',(-8.476450519105E0,-7.420708650391E0,-1.94E1));
#6939=VERTEX_POINT('',#6937);
#6940=VERTEX_POINT('',#6938);
#6941=CARTESIAN_POINT('',(-7.976450518498E0,-7.070708650952E0,-1.94E1));
#6942=VERTEX_POINT('',#6941);
#6943=CARTESIAN_POINT('',(-8.476450519111E0,-7.070708650919E0,-1.94E1));
#6944=VERTEX_POINT('',#6943);
#6945=CARTESIAN_POINT('',(-1.051645051853E1,-7.420708650400E0,-1.94E1));
#6946=CARTESIAN_POINT('',(-1.101645051918E1,-7.420708650391E0,-1.94E1));
#6947=VERTEX_POINT('',#6945);
#6948=VERTEX_POINT('',#6946);
#6949=CARTESIAN_POINT('',(-1.051645051857E1,-7.070708650952E0,-1.94E1));
#6950=VERTEX_POINT('',#6949);
#6951=CARTESIAN_POINT('',(-1.101645051919E1,-7.070708650919E0,-1.94E1));
#6952=VERTEX_POINT('',#6951);
#6953=CARTESIAN_POINT('',(-2.896450519529E0,-7.420708650400E0,-1.94E1));
#6954=CARTESIAN_POINT('',(-3.396450518957E0,-7.420708650391E0,-1.94E1));
#6955=VERTEX_POINT('',#6953);
#6956=VERTEX_POINT('',#6954);
#6957=CARTESIAN_POINT('',(-2.896450519490E0,-7.070708650952E0,-1.94E1));
#6958=VERTEX_POINT('',#6957);
#6959=CARTESIAN_POINT('',(-3.396450518951E0,-7.070708650919E0,-1.94E1));
#6960=VERTEX_POINT('',#6959);
#6961=CARTESIAN_POINT('',(-1.407145051903E1,7.743291349481E0,-1.58E1));
#6962=CARTESIAN_POINT('',(-1.407145051903E1,7.318291349481E0,-1.58E1));
#6963=VERTEX_POINT('',#6961);
#6964=VERTEX_POINT('',#6962);
#6965=CARTESIAN_POINT('',(-1.407145051903E1,5.668291349481E0,-1.58E1));
#6966=CARTESIAN_POINT('',(-1.407145051903E1,-7.567086505190E-1,-1.58E1));
#6967=VERTEX_POINT('',#6965);
#6968=VERTEX_POINT('',#6966);
#6969=CARTESIAN_POINT('',(-1.407145051903E1,-2.056708650158E0,-1.58E1));
#6970=CARTESIAN_POINT('',(-1.407145052203E1,-4.956708673306E0,-1.58E1));
#6971=VERTEX_POINT('',#6969);
#6972=VERTEX_POINT('',#6970);
#6973=CARTESIAN_POINT('',(-1.404216121577E1,-5.027419314102E0,-1.58E1));
#6974=CARTESIAN_POINT('',(-1.382396313820E1,-5.245617386662E0,-1.58E1));
#6975=VERTEX_POINT('',#6973);
#6976=VERTEX_POINT('',#6974);
#6977=CARTESIAN_POINT('',(-1.432145051903E1,7.743291349481E0,-1.58E1));
#6978=CARTESIAN_POINT('',(-1.432145051903E1,7.318291349481E0,-1.58E1));
#6979=VERTEX_POINT('',#6977);
#6980=VERTEX_POINT('',#6978);
#6981=CARTESIAN_POINT('',(-1.432145051903E1,5.668291349481E0,-1.58E1));
#6982=CARTESIAN_POINT('',(-1.432145051903E1,-7.567086505190E-1,-1.58E1));
#6983=VERTEX_POINT('',#6981);
#6984=VERTEX_POINT('',#6982);
#6985=CARTESIAN_POINT('',(-1.432145051903E1,-2.056708650158E0,-1.58E1));
#6986=CARTESIAN_POINT('',(-1.432145052203E1,-4.956708673306E0,-1.58E1));
#6987=VERTEX_POINT('',#6985);
#6988=VERTEX_POINT('',#6986);
#6989=CARTESIAN_POINT('',(1.678549480969E0,7.743291349481E0,-1.58E1));
#6990=CARTESIAN_POINT('',(1.678549480969E0,7.318291349481E0,-1.58E1));
#6991=VERTEX_POINT('',#6989);
#6992=VERTEX_POINT('',#6990);
#6993=CARTESIAN_POINT('',(1.678549480969E0,5.668291349481E0,-1.58E1));
#6994=CARTESIAN_POINT('',(1.678549480969E0,-7.567086505190E-1,-1.58E1));
#6995=VERTEX_POINT('',#6993);
#6996=VERTEX_POINT('',#6994);
#6997=CARTESIAN_POINT('',(1.678549480969E0,-2.056708650437E0,-1.58E1));
#6998=CARTESIAN_POINT('',(1.678549480302E0,-4.420312542455E0,-1.58E1));
#6999=VERTEX_POINT('',#6997);
#7000=VERTEX_POINT('',#6998);
#7001=CARTESIAN_POINT('',(1.576036845949E0,-4.667799926541E0,-1.58E1));
#7002=VERTEX_POINT('',#7001);
#7003=CARTESIAN_POINT('',(1.357838820701E0,-4.885997958950E0,-1.58E1));
#7004=VERTEX_POINT('',#7003);
#7005=CARTESIAN_POINT('',(1.399260155419E0,-4.491023228205E0,-1.58E1));
#7006=CARTESIAN_POINT('',(1.181062124446E0,-4.709221265007E0,-1.58E1));
#7007=VERTEX_POINT('',#7005);
#7008=VERTEX_POINT('',#7006);
#7009=CARTESIAN_POINT('',(1.078549481032E0,-7.806708650879E0,-1.58E1));
#7010=CARTESIAN_POINT('',(1.078549480969E0,-8.156708650519E0,-1.58E1));
#7011=VERTEX_POINT('',#7009);
#7012=VERTEX_POINT('',#7010);
#7013=CARTESIAN_POINT('',(-1.372145051903E1,-7.806708649997E0,-1.58E1));
#7014=CARTESIAN_POINT('',(-1.372145051903E1,-8.156708650519E0,-1.58E1));
#7015=VERTEX_POINT('',#7013);
#7016=VERTEX_POINT('',#7014);
#7017=CARTESIAN_POINT('',(-1.397145051903E1,-8.156708650519E0,-1.58E1));
#7018=VERTEX_POINT('',#7017);
#7019=CARTESIAN_POINT('',(-1.397145051603E1,-5.493104730732E0,-1.58E1));
#7020=CARTESIAN_POINT('',(-1.400073982159E1,-5.422394090474E0,-1.58E1));
#7021=VERTEX_POINT('',#7019);
#7022=VERTEX_POINT('',#7020);
#7023=CARTESIAN_POINT('',(-1.421893791202E1,-5.204196008055E0,-1.58E1));
#7024=VERTEX_POINT('',#7023);
#7025=CARTESIAN_POINT('',(1.328549483969E0,-4.956708673306E0,-1.58E1));
#7026=CARTESIAN_POINT('',(1.328549480969E0,-8.156708650519E0,-1.58E1));
#7027=VERTEX_POINT('',#7025);
#7028=VERTEX_POINT('',#7026);
#7029=CARTESIAN_POINT('',(1.428549478969E0,-4.420312532327E0,-1.58E1));
#7030=VERTEX_POINT('',#7029);
#7031=CARTESIAN_POINT('',(1.428549480969E0,7.743291349481E0,-1.58E1));
#7032=CARTESIAN_POINT('',(1.428549480969E0,7.318291349481E0,-1.58E1));
#7033=VERTEX_POINT('',#7031);
#7034=VERTEX_POINT('',#7032);
#7035=CARTESIAN_POINT('',(1.428549480969E0,5.668291349481E0,-1.58E1));
#7036=CARTESIAN_POINT('',(1.428549480969E0,-7.567086505190E-1,-1.58E1));
#7037=VERTEX_POINT('',#7035);
#7038=VERTEX_POINT('',#7036);
#7039=CARTESIAN_POINT('',(1.428549480969E0,-2.056708650437E0,-1.58E1));
#7040=VERTEX_POINT('',#7039);
#7041=CARTESIAN_POINT('',(1.328549480969E0,7.843291349481E0,-1.58E1));
#7042=VERTEX_POINT('',#7041);
#7043=CARTESIAN_POINT('',(-1.397145051903E1,7.843291349481E0,-1.58E1));
#7044=VERTEX_POINT('',#7043);
#7045=CARTESIAN_POINT('',(1.328549480969E0,8.093291349481E0,-1.58E1));
#7046=VERTEX_POINT('',#7045);
#7047=CARTESIAN_POINT('',(-1.397145051903E1,8.093291349481E0,-1.58E1));
#7048=VERTEX_POINT('',#7047);
#7049=CARTESIAN_POINT('',(-1.322145051903E1,7.293291349497E0,-1.54E1));
#7050=CARTESIAN_POINT('',(-1.322145051903E1,3.793291349481E0,-1.54E1));
#7051=VERTEX_POINT('',#7049);
#7052=VERTEX_POINT('',#7050);
#7053=CARTESIAN_POINT('',(-1.322145051891E1,-9.067086505190E-1,-1.54E1));
#7054=CARTESIAN_POINT('',(-1.322145051903E1,-7.571708650519E0,-1.54E1));
#7055=VERTEX_POINT('',#7053);
#7056=VERTEX_POINT('',#7054);
#7057=CARTESIAN_POINT('',(-1.372145051910E1,-7.571708650519E0,-1.54E1));
#7058=VERTEX_POINT('',#7057);
#7059=CARTESIAN_POINT('',(-1.372145051812E1,-5.493104742961E0,-1.58E1));
#7060=CARTESIAN_POINT('',(-1.372145051832E1,-5.493104753516E0,-1.54E1));
#7061=VERTEX_POINT('',#7059);
#7062=VERTEX_POINT('',#7060);
#7063=CARTESIAN_POINT('',(-1.372145051903E1,-4.306708650519E0,-1.54E1));
#7064=VERTEX_POINT('',#7063);
#7065=CARTESIAN_POINT('',(-1.402145051903E1,-4.306708650519E0,-1.54E1));
#7066=VERTEX_POINT('',#7065);
#7067=CARTESIAN_POINT('',(-1.402145051903E1,-9.067086505190E-1,-1.54E1));
#7068=VERTEX_POINT('',#7067);
#7069=CARTESIAN_POINT('',(-1.372145051907E1,-7.571708650519E0,-1.58E1));
#7070=VERTEX_POINT('',#7069);
#7071=CARTESIAN_POINT('',(-1.402145051903E1,3.793291349481E0,-1.54E1));
#7072=VERTEX_POINT('',#7071);
#7073=CARTESIAN_POINT('',(5.785494809700E-1,7.293291349497E0,-1.54E1));
#7074=CARTESIAN_POINT('',(5.785494809700E-1,3.793291349481E0,-1.54E1));
#7075=VERTEX_POINT('',#7073);
#7076=VERTEX_POINT('',#7074);
#7077=CARTESIAN_POINT('',(5.785494808452E-1,-9.067086505190E-1,-1.54E1));
#7078=CARTESIAN_POINT('',(5.785494809700E-1,-7.571708650519E0,-1.54E1));
#7079=VERTEX_POINT('',#7077);
#7080=VERTEX_POINT('',#7078);
#7081=CARTESIAN_POINT('',(1.078549481042E0,-7.571708650519E0,-1.54E1));
#7082=VERTEX_POINT('',#7081);
#7083=CARTESIAN_POINT('',(1.378549480969E0,3.793291349481E0,-1.54E1));
#7084=VERTEX_POINT('',#7083);
#7085=CARTESIAN_POINT('',(1.378549480969E0,-9.067086505190E-1,-1.54E1));
#7086=VERTEX_POINT('',#7085);
#7087=CARTESIAN_POINT('',(1.078549483264E0,-4.956708650488E0,-1.54E1));
#7088=VERTEX_POINT('',#7087);
#7089=CARTESIAN_POINT('',(1.078549481005E0,-7.571708650519E0,-1.58E1));
#7090=VERTEX_POINT('',#7089);
#7091=CARTESIAN_POINT('',(1.078549484065E0,-4.956708672934E0,-1.58E1));
#7092=VERTEX_POINT('',#7091);
#7093=CARTESIAN_POINT('',(1.078549480969E0,-4.306708650519E0,-1.54E1));
#7094=VERTEX_POINT('',#7093);
#7095=CARTESIAN_POINT('',(1.378549480969E0,-4.306708650519E0,-1.54E1));
#7096=VERTEX_POINT('',#7095);
#7097=CARTESIAN_POINT('',(-1.407145051903E1,-6.406708650519E0,-1.37E1));
#7098=CARTESIAN_POINT('',(-1.407145051903E1,-7.656708650519E0,-1.37E1));
#7099=VERTEX_POINT('',#7097);
#7100=VERTEX_POINT('',#7098);
#7101=CARTESIAN_POINT('',(-1.407145051903E1,-7.656708650519E0,-1.24E1));
#7102=VERTEX_POINT('',#7101);
#7103=CARTESIAN_POINT('',(-1.407145051903E1,-6.406708650519E0,-1.24E1));
#7104=VERTEX_POINT('',#7103);
#7105=CARTESIAN_POINT('',(-1.432145051903E1,-6.406708650519E0,-1.37E1));
#7106=CARTESIAN_POINT('',(-1.432145051903E1,-7.656708650519E0,-1.37E1));
#7107=VERTEX_POINT('',#7105);
#7108=VERTEX_POINT('',#7106);
#7109=CARTESIAN_POINT('',(-1.432145051903E1,-7.656708650519E0,-1.24E1));
#7110=VERTEX_POINT('',#7109);
#7111=CARTESIAN_POINT('',(-1.432145051903E1,-6.406708650519E0,-1.24E1));
#7112=VERTEX_POINT('',#7111);
#7113=CARTESIAN_POINT('',(-1.432145051903E1,-7.406708650519E0,-1.355E1));
#7114=CARTESIAN_POINT('',(-1.432145051903E1,-7.406708650519E0,-1.255E1));
#7115=VERTEX_POINT('',#7113);
#7116=VERTEX_POINT('',#7114);
#7117=CARTESIAN_POINT('',(-1.397145051903E1,-7.406708650519E0,-1.255E1));
#7118=CARTESIAN_POINT('',(-1.397145051903E1,-6.406708650519E0,-1.255E1));
#7119=VERTEX_POINT('',#7117);
#7120=VERTEX_POINT('',#7118);
#7121=CARTESIAN_POINT('',(-1.397145051903E1,-6.406708650519E0,-1.355E1));
#7122=VERTEX_POINT('',#7121);
#7123=CARTESIAN_POINT('',(-1.397145051903E1,-7.406708650519E0,-1.355E1));
#7124=VERTEX_POINT('',#7123);
#7125=CARTESIAN_POINT('',(-1.407145051903E1,-6.406708650519E0,-1.255E1));
#7126=CARTESIAN_POINT('',(-1.407145051903E1,-6.406708650519E0,-1.355E1));
#7127=VERTEX_POINT('',#7125);
#7128=VERTEX_POINT('',#7126);
#7129=CARTESIAN_POINT('',(-1.432145051903E1,-6.406708650519E0,-1.255E1));
#7130=VERTEX_POINT('',#7129);
#7131=CARTESIAN_POINT('',(-1.432145051903E1,-6.406708650519E0,-1.355E1));
#7132=VERTEX_POINT('',#7131);
#7133=CARTESIAN_POINT('',(1.678549480969E0,-6.406708650519E0,-1.37E1));
#7134=CARTESIAN_POINT('',(1.428549480969E0,-6.406708650519E0,-1.37E1));
#7135=VERTEX_POINT('',#7133);
#7136=VERTEX_POINT('',#7134);
#7137=CARTESIAN_POINT('',(1.678549480969E0,-7.656708650519E0,-1.37E1));
#7138=CARTESIAN_POINT('',(1.428549480969E0,-7.656708650519E0,-1.37E1));
#7139=VERTEX_POINT('',#7137);
#7140=VERTEX_POINT('',#7138);
#7141=CARTESIAN_POINT('',(1.678549480969E0,-7.656708650519E0,-1.24E1));
#7142=CARTESIAN_POINT('',(1.428549480969E0,-7.656708650519E0,-1.24E1));
#7143=VERTEX_POINT('',#7141);
#7144=VERTEX_POINT('',#7142);
#7145=CARTESIAN_POINT('',(1.678549480969E0,-6.406708650519E0,-1.24E1));
#7146=CARTESIAN_POINT('',(1.428549480969E0,-6.406708650519E0,-1.24E1));
#7147=VERTEX_POINT('',#7145);
#7148=VERTEX_POINT('',#7146);
#7149=CARTESIAN_POINT('',(1.678549480970E0,-7.406708650519E0,-1.355E1));
#7150=CARTESIAN_POINT('',(1.678549480970E0,-7.406708650519E0,-1.255E1));
#7151=VERTEX_POINT('',#7149);
#7152=VERTEX_POINT('',#7150);
#7153=CARTESIAN_POINT('',(1.678549480969E0,-6.406708650519E0,-1.255E1));
#7154=VERTEX_POINT('',#7153);
#7155=CARTESIAN_POINT('',(1.678549480969E0,-6.406708650519E0,-1.355E1));
#7156=VERTEX_POINT('',#7155);
#7157=CARTESIAN_POINT('',(1.328549480969E0,-7.406708650519E0,-1.255E1));
#7158=VERTEX_POINT('',#7157);
#7159=CARTESIAN_POINT('',(1.328549480969E0,-6.406708650519E0,-1.255E1));
#7160=CARTESIAN_POINT('',(1.428549480969E0,-6.406708650519E0,-1.255E1));
#7161=VERTEX_POINT('',#7159);
#7162=VERTEX_POINT('',#7160);
#7163=CARTESIAN_POINT('',(1.328549480969E0,-6.406708650519E0,-1.355E1));
#7164=CARTESIAN_POINT('',(1.428549480969E0,-6.406708650519E0,-1.355E1));
#7165=VERTEX_POINT('',#7163);
#7166=VERTEX_POINT('',#7164);
#7167=CARTESIAN_POINT('',(1.328549480969E0,-7.406708650519E0,-1.355E1));
#7168=VERTEX_POINT('',#7167);
#7169=CARTESIAN_POINT('',(1.378549480969E0,7.193291349481E0,-1.54E1));
#7170=CARTESIAN_POINT('',(1.428549480969E0,7.193291349481E0,-1.54E1));
#7171=VERTEX_POINT('',#7169);
#7172=VERTEX_POINT('',#7170);
#7173=CARTESIAN_POINT('',(1.428549480969E0,5.793291349481E0,-1.54E1));
#7174=CARTESIAN_POINT('',(1.378549480969E0,5.793291349481E0,-1.54E1));
#7175=VERTEX_POINT('',#7173);
#7176=VERTEX_POINT('',#7174);
#7177=CARTESIAN_POINT('',(-1.402145051903E1,7.193291349481E0,-1.54E1));
#7178=CARTESIAN_POINT('',(-1.407145051903E1,7.193291349481E0,-1.54E1));
#7179=VERTEX_POINT('',#7177);
#7180=VERTEX_POINT('',#7178);
#7181=CARTESIAN_POINT('',(-1.407145051903E1,5.793291349481E0,-1.54E1));
#7182=CARTESIAN_POINT('',(-1.402145051903E1,5.793291349481E0,-1.54E1));
#7183=VERTEX_POINT('',#7181);
#7184=VERTEX_POINT('',#7182);
#7185=CARTESIAN_POINT('',(7.785494809690E-1,6.943291349481E0,-1.565E1));
#7186=CARTESIAN_POINT('',(1.028549480969E0,7.193291349481E0,-1.565E1));
#7187=VERTEX_POINT('',#7185);
#7188=VERTEX_POINT('',#7186);
#7189=CARTESIAN_POINT('',(1.028549480969E0,7.193291349481E0,-1.54E1));
#7190=VERTEX_POINT('',#7189);
#7191=CARTESIAN_POINT('',(7.785494809690E-1,6.943291349481E0,-1.54E1));
#7192=VERTEX_POINT('',#7191);
#7193=CARTESIAN_POINT('',(1.028549480969E0,5.793291349481E0,-1.565E1));
#7194=CARTESIAN_POINT('',(1.028549480969E0,5.793291349481E0,-1.54E1));
#7195=VERTEX_POINT('',#7193);
#7196=VERTEX_POINT('',#7194);
#7197=CARTESIAN_POINT('',(7.785494809690E-1,6.043291349481E0,-1.565E1));
#7198=VERTEX_POINT('',#7197);
#7199=CARTESIAN_POINT('',(7.785494809690E-1,6.043291349481E0,-1.54E1));
#7200=VERTEX_POINT('',#7199);
#7201=CARTESIAN_POINT('',(-1.367145051903E1,7.193291349481E0,-1.565E1));
#7202=CARTESIAN_POINT('',(-1.367145051903E1,7.193291349481E0,-1.54E1));
#7203=VERTEX_POINT('',#7201);
#7204=VERTEX_POINT('',#7202);
#7205=CARTESIAN_POINT('',(-1.342145051903E1,6.943291349481E0,-1.565E1));
#7206=VERTEX_POINT('',#7205);
#7207=CARTESIAN_POINT('',(-1.342145051903E1,6.943291349481E0,-1.54E1));
#7208=VERTEX_POINT('',#7207);
#7209=CARTESIAN_POINT('',(-1.342145051903E1,6.043291349481E0,-1.565E1));
#7210=CARTESIAN_POINT('',(-1.367145051903E1,5.793291349481E0,-1.565E1));
#7211=VERTEX_POINT('',#7209);
#7212=VERTEX_POINT('',#7210);
#7213=CARTESIAN_POINT('',(-1.367145051903E1,5.793291349481E0,-1.54E1));
#7214=VERTEX_POINT('',#7213);
#7215=CARTESIAN_POINT('',(-1.342145051903E1,6.043291349481E0,-1.54E1));
#7216=VERTEX_POINT('',#7215);
#7217=CARTESIAN_POINT('',(1.678549480969E0,7.318291349481E0,-1.55625E1));
#7218=CARTESIAN_POINT('',(1.428549480969E0,7.318291349481E0,-1.55625E1));
#7219=VERTEX_POINT('',#7217);
#7220=VERTEX_POINT('',#7218);
#7221=CARTESIAN_POINT('',(1.428549480969E0,5.668291349481E0,-1.55625E1));
#7222=CARTESIAN_POINT('',(1.678549480969E0,5.668291349481E0,-1.55625E1));
#7223=VERTEX_POINT('',#7221);
#7224=VERTEX_POINT('',#7222);
#7225=CARTESIAN_POINT('',(1.428549480969E0,7.193291349481E0,-1.55625E1));
#7226=VERTEX_POINT('',#7225);
#7227=CARTESIAN_POINT('',(1.428549480969E0,5.793291349481E0,-1.55625E1));
#7228=VERTEX_POINT('',#7227);
#7229=CARTESIAN_POINT('',(1.678549480969E0,5.792028593051E0,-1.555E1));
#7230=CARTESIAN_POINT('',(1.678549480969E0,7.194554105911E0,-1.555E1));
#7231=VERTEX_POINT('',#7229);
#7232=VERTEX_POINT('',#7230);
#7233=VERTEX_POINT('',#2504);
#7234=CARTESIAN_POINT('',(1.578549480969E0,7.193291349481E0,-1.565E1));
#7235=VERTEX_POINT('',#7234);
#7236=CARTESIAN_POINT('',(1.578549480969E0,5.793291349481E0,-1.565E1));
#7237=VERTEX_POINT('',#7236);
#7238=CARTESIAN_POINT('',(1.677765155134E0,5.793291349481E0,-1.55625E1));
#7239=VERTEX_POINT('',#7238);
#7240=CARTESIAN_POINT('',(-1.422145051903E1,7.193291349481E0,-1.565E1));
#7241=CARTESIAN_POINT('',(-1.422145051903E1,5.793291349481E0,-1.565E1));
#7242=VERTEX_POINT('',#7240);
#7243=VERTEX_POINT('',#7241);
#7244=CARTESIAN_POINT('',(-1.432145051903E1,5.668291349481E0,-1.55625E1));
#7245=CARTESIAN_POINT('',(-1.407145051903E1,5.668291349481E0,-1.55625E1));
#7246=VERTEX_POINT('',#7244);
#7247=VERTEX_POINT('',#7245);
#7248=CARTESIAN_POINT('',(-1.407145051903E1,5.793291349481E0,
-1.556083333333E1));
#7249=CARTESIAN_POINT('',(-1.432111652303E1,5.793291349481E0,
-1.556083333333E1));
#7250=VERTEX_POINT('',#7248);
#7251=VERTEX_POINT('',#7249);
#7252=VERTEX_POINT('',#4061);
#7253=VERTEX_POINT('',#4063);
#7254=VERTEX_POINT('',#4067);
#7255=CARTESIAN_POINT('',(-1.407145051903E1,7.193291349481E0,-1.556E1));
#7256=VERTEX_POINT('',#7255);
#7257=CARTESIAN_POINT('',(-1.432145051903E1,7.253291349481E0,-1.55E1));
#7258=CARTESIAN_POINT('',(-1.407145051903E1,7.253291349481E0,-1.55E1));
#7259=VERTEX_POINT('',#7257);
#7260=VERTEX_POINT('',#7258);
#7261=CARTESIAN_POINT('',(-1.407145051903E1,7.258291349481E0,-1.55E1));
#7262=CARTESIAN_POINT('',(-1.432145051903E1,7.258291349481E0,-1.55E1));
#7263=VERTEX_POINT('',#7261);
#7264=VERTEX_POINT('',#7262);
#7265=CARTESIAN_POINT('',(-1.407145051903E1,7.318291349481E0,-1.556E1));
#7266=CARTESIAN_POINT('',(-1.432145051903E1,7.318291349481E0,-1.556E1));
#7267=VERTEX_POINT('',#7265);
#7268=VERTEX_POINT('',#7266);
#7269=CARTESIAN_POINT('',(5.785494809700E-1,3.793291349481E0,-1.595E1));
#7270=CARTESIAN_POINT('',(1.378549480969E0,3.793291349481E0,-1.595E1));
#7271=VERTEX_POINT('',#7269);
#7272=VERTEX_POINT('',#7270);
#7273=CARTESIAN_POINT('',(1.378549480969E0,-9.067086505190E-1,-1.595E1));
#7274=VERTEX_POINT('',#7273);
#7275=CARTESIAN_POINT('',(5.785494808452E-1,-9.067086505190E-1,-1.595E1));
#7276=VERTEX_POINT('',#7275);
#7277=CARTESIAN_POINT('',(-1.322145051891E1,-9.067086505190E-1,-1.595E1));
#7278=CARTESIAN_POINT('',(-1.402145051903E1,-9.067086505190E-1,-1.595E1));
#7279=VERTEX_POINT('',#7277);
#7280=VERTEX_POINT('',#7278);
#7281=CARTESIAN_POINT('',(-1.402145051903E1,3.793291349481E0,-1.595E1));
#7282=VERTEX_POINT('',#7281);
#7283=CARTESIAN_POINT('',(-1.322145051903E1,3.793291349481E0,-1.595E1));
#7284=VERTEX_POINT('',#7283);
#7285=CARTESIAN_POINT('',(4.935494782516E-1,2.918604806226E0,
-1.595000000276E1));
#7286=CARTESIAN_POINT('',(-1.706450516314E0,2.918604806226E0,
-1.595000000276E1));
#7287=VERTEX_POINT('',#7285);
#7288=VERTEX_POINT('',#7286);
#7289=CARTESIAN_POINT('',(4.935494809690E-1,3.679778895859E-1,-1.595E1));
#7290=VERTEX_POINT('',#7289);
#7291=CARTESIAN_POINT('',(-1.706450519031E0,3.679778895859E-1,-1.595E1));
#7292=VERTEX_POINT('',#7291);
#7293=CARTESIAN_POINT('',(-2.126450519031E0,-4.880708650519E0,-1.595E1));
#7294=CARTESIAN_POINT('',(-1.626450519031E0,-4.880708650519E0,-1.595E1));
#7295=VERTEX_POINT('',#7293);
#7296=VERTEX_POINT('',#7294);
#7297=CARTESIAN_POINT('',(-1.626450519031E0,-4.530708650519E0,-1.595E1));
#7298=VERTEX_POINT('',#7297);
#7299=CARTESIAN_POINT('',(-2.126450519031E0,-4.530708650519E0,-1.595E1));
#7300=VERTEX_POINT('',#7299);
#7301=CARTESIAN_POINT('',(-4.666450519031E0,-4.880708650519E0,-1.595E1));
#7302=CARTESIAN_POINT('',(-4.166450519031E0,-4.880708650519E0,-1.595E1));
#7303=VERTEX_POINT('',#7301);
#7304=VERTEX_POINT('',#7302);
#7305=CARTESIAN_POINT('',(-4.166450519031E0,-4.530708650519E0,-1.595E1));
#7306=VERTEX_POINT('',#7305);
#7307=CARTESIAN_POINT('',(-4.666450519031E0,-4.530708650519E0,-1.595E1));
#7308=VERTEX_POINT('',#7307);
#7309=CARTESIAN_POINT('',(-7.206450519031E0,-4.880708650519E0,-1.595E1));
#7310=CARTESIAN_POINT('',(-6.706450519031E0,-4.880708650519E0,-1.595E1));
#7311=VERTEX_POINT('',#7309);
#7312=VERTEX_POINT('',#7310);
#7313=CARTESIAN_POINT('',(-6.706450519031E0,-4.530708650519E0,-1.595E1));
#7314=VERTEX_POINT('',#7313);
#7315=CARTESIAN_POINT('',(-7.206450519031E0,-4.530708650519E0,-1.595E1));
#7316=VERTEX_POINT('',#7315);
#7317=CARTESIAN_POINT('',(-1.589726368161E0,2.759607306092E-1,-1.595E1));
#7318=CARTESIAN_POINT('',(-1.456450519031E0,2.759607306092E-1,-1.595E1));
#7319=VERTEX_POINT('',#7317);
#7320=VERTEX_POINT('',#7318);
#7321=CARTESIAN_POINT('',(-1.118645051903E1,2.759607306106E-1,-1.595E1));
#7322=CARTESIAN_POINT('',(-1.105317466990E1,2.759607306106E-1,-1.595E1));
#7323=VERTEX_POINT('',#7321);
#7324=VERTEX_POINT('',#7322);
#7325=CARTESIAN_POINT('',(-1.093645051903E1,3.679778895859E-1,-1.595E1));
#7326=CARTESIAN_POINT('',(-1.093645051903E1,2.918604809377E0,-1.595E1));
#7327=VERTEX_POINT('',#7325);
#7328=VERTEX_POINT('',#7326);
#7329=CARTESIAN_POINT('',(-1.313645051631E1,2.918604806227E0,
-1.595000000276E1));
#7330=VERTEX_POINT('',#7329);
#7331=CARTESIAN_POINT('',(-1.313645051903E1,3.679778895859E-1,-1.595E1));
#7332=VERTEX_POINT('',#7331);
#7333=CARTESIAN_POINT('',(5.785494809690E-1,-8.306708650519E0,-1.595E1));
#7334=CARTESIAN_POINT('',(5.785494809803E-1,-7.571708650519E0,-1.595E1));
#7335=VERTEX_POINT('',#7333);
#7336=VERTEX_POINT('',#7334);
#7337=CARTESIAN_POINT('',(-9.339244086734E0,7.743291349478E0,-1.595E1));
#7338=CARTESIAN_POINT('',(-3.339244086734E0,7.743291349478E0,-1.595E1));
#7339=VERTEX_POINT('',#7337);
#7340=VERTEX_POINT('',#7338);
#7341=CARTESIAN_POINT('',(-1.322145051901E1,-7.571708650519E0,-1.595E1));
#7342=CARTESIAN_POINT('',(-1.322145051903E1,-8.306708650519E0,-1.595E1));
#7343=VERTEX_POINT('',#7341);
#7344=VERTEX_POINT('',#7342);
#7345=CARTESIAN_POINT('',(-5.936450519031E0,-7.420708650519E0,-1.595E1));
#7346=CARTESIAN_POINT('',(-5.436450519031E0,-7.420708650519E0,-1.595E1));
#7347=VERTEX_POINT('',#7345);
#7348=VERTEX_POINT('',#7346);
#7349=CARTESIAN_POINT('',(-5.436450519031E0,-7.070708650519E0,-1.595E1));
#7350=VERTEX_POINT('',#7349);
#7351=CARTESIAN_POINT('',(-5.936450519031E0,-7.070708650519E0,-1.595E1));
#7352=VERTEX_POINT('',#7351);
#7353=CARTESIAN_POINT('',(-9.746450519031E0,-4.880708650519E0,-1.595E1));
#7354=CARTESIAN_POINT('',(-9.246450519031E0,-4.880708650519E0,-1.595E1));
#7355=VERTEX_POINT('',#7353);
#7356=VERTEX_POINT('',#7354);
#7357=CARTESIAN_POINT('',(-9.246450519031E0,-4.530708650519E0,-1.595E1));
#7358=VERTEX_POINT('',#7357);
#7359=CARTESIAN_POINT('',(-9.746450519031E0,-4.530708650519E0,-1.595E1));
#7360=VERTEX_POINT('',#7359);
#7361=CARTESIAN_POINT('',(-8.476450519031E0,-7.420708650519E0,-1.595E1));
#7362=CARTESIAN_POINT('',(-7.976450519031E0,-7.420708650519E0,-1.595E1));
#7363=VERTEX_POINT('',#7361);
#7364=VERTEX_POINT('',#7362);
#7365=CARTESIAN_POINT('',(-7.976450519031E0,-7.070708650519E0,-1.595E1));
#7366=VERTEX_POINT('',#7365);
#7367=CARTESIAN_POINT('',(-8.476450519031E0,-7.070708650519E0,-1.595E1));
#7368=VERTEX_POINT('',#7367);
#7369=CARTESIAN_POINT('',(-1.101645051903E1,-7.420708650519E0,-1.595E1));
#7370=CARTESIAN_POINT('',(-1.051645051903E1,-7.420708650519E0,-1.595E1));
#7371=VERTEX_POINT('',#7369);
#7372=VERTEX_POINT('',#7370);
#7373=CARTESIAN_POINT('',(-1.051645051903E1,-7.070708650519E0,-1.595E1));
#7374=VERTEX_POINT('',#7373);
#7375=CARTESIAN_POINT('',(-1.101645051903E1,-7.070708650519E0,-1.595E1));
#7376=VERTEX_POINT('',#7375);
#7377=CARTESIAN_POINT('',(-3.396450519031E0,-7.420708650519E0,-1.595E1));
#7378=CARTESIAN_POINT('',(-2.896450519031E0,-7.420708650519E0,-1.595E1));
#7379=VERTEX_POINT('',#7377);
#7380=VERTEX_POINT('',#7378);
#7381=CARTESIAN_POINT('',(-2.896450519031E0,-7.070708650519E0,-1.595E1));
#7382=VERTEX_POINT('',#7381);
#7383=CARTESIAN_POINT('',(-3.396450519031E0,-7.070708650519E0,-1.595E1));
#7384=VERTEX_POINT('',#7383);
#7385=VERTEX_POINT('',#1203);
#7386=VERTEX_POINT('',#5020);
#7387=CARTESIAN_POINT('',(5.785494809694E-1,7.293291349497E0,-1.595E1));
#7388=CARTESIAN_POINT('',(5.785494809690E-1,7.293291349497E0,-1.62E1));
#7389=VERTEX_POINT('',#7387);
#7390=VERTEX_POINT('',#7388);
#7391=CARTESIAN_POINT('',(-1.322145051903E1,7.293291349497E0,-1.595E1));
#7392=CARTESIAN_POINT('',(-1.322145051903E1,7.293291349497E0,-1.62E1));
#7393=VERTEX_POINT('',#7391);
#7394=VERTEX_POINT('',#7392);
#7395=CARTESIAN_POINT('',(-3.089244083031E0,3.343291349481E0,-1.595E1));
#7396=CARTESIAN_POINT('',(-9.589244083031E0,3.343291349481E0,-1.595E1));
#7397=VERTEX_POINT('',#7395);
#7398=VERTEX_POINT('',#7396);
#7399=CARTESIAN_POINT('',(-9.589244083031E0,6.993291349481E0,-1.595E1));
#7400=VERTEX_POINT('',#7399);
#7401=CARTESIAN_POINT('',(-9.339244086734E0,6.993291349481E0,-1.595E1));
#7402=VERTEX_POINT('',#7401);
#7403=CARTESIAN_POINT('',(-3.339244086734E0,6.993291349481E0,-1.595E1));
#7404=CARTESIAN_POINT('',(-3.089244083031E0,6.993291349481E0,-1.595E1));
#7405=VERTEX_POINT('',#7403);
#7406=VERTEX_POINT('',#7404);
#7407=CARTESIAN_POINT('',(-2.006450519031E0,2.625632709839E-1,-1.59E1));
#7408=CARTESIAN_POINT('',(-1.456450519031E0,2.625632709839E-1,-1.59E1));
#7409=VERTEX_POINT('',#7407);
#7410=VERTEX_POINT('',#7408);
#7411=CARTESIAN_POINT('',(-3.026450519031E0,2.625632704821E-1,-1.59E1));
#7412=CARTESIAN_POINT('',(-2.476450519031E0,2.625632704821E-1,-1.59E1));
#7413=VERTEX_POINT('',#7411);
#7414=VERTEX_POINT('',#7412);
#7415=CARTESIAN_POINT('',(-4.046450519031E0,2.625632704821E-1,-1.59E1));
#7416=CARTESIAN_POINT('',(-3.496450519031E0,2.625632704821E-1,-1.59E1));
#7417=VERTEX_POINT('',#7415);
#7418=VERTEX_POINT('',#7416);
#7419=CARTESIAN_POINT('',(-5.066450519031E0,2.625632704821E-1,-1.59E1));
#7420=CARTESIAN_POINT('',(-4.516450519031E0,2.625632704821E-1,-1.59E1));
#7421=VERTEX_POINT('',#7419);
#7422=VERTEX_POINT('',#7420);
#7423=CARTESIAN_POINT('',(-6.086450519031E0,2.625632704821E-1,-1.59E1));
#7424=CARTESIAN_POINT('',(-5.536450519031E0,2.625632704821E-1,-1.59E1));
#7425=VERTEX_POINT('',#7423);
#7426=VERTEX_POINT('',#7424);
#7427=CARTESIAN_POINT('',(-7.106450519031E0,2.625632704821E-1,-1.59E1));
#7428=CARTESIAN_POINT('',(-6.556450519031E0,2.625632704821E-1,-1.59E1));
#7429=VERTEX_POINT('',#7427);
#7430=VERTEX_POINT('',#7428);
#7431=CARTESIAN_POINT('',(-8.126450519031E0,2.625632704821E-1,-1.59E1));
#7432=CARTESIAN_POINT('',(-7.576450519031E0,2.625632704821E-1,-1.59E1));
#7433=VERTEX_POINT('',#7431);
#7434=VERTEX_POINT('',#7432);
#7435=CARTESIAN_POINT('',(-9.146450519031E0,2.625632704821E-1,-1.59E1));
#7436=CARTESIAN_POINT('',(-8.596450519031E0,2.625632704821E-1,-1.59E1));
#7437=VERTEX_POINT('',#7435);
#7438=VERTEX_POINT('',#7436);
#7439=CARTESIAN_POINT('',(-1.016645051903E1,2.625632704821E-1,-1.59E1));
#7440=CARTESIAN_POINT('',(-9.616450519031E0,2.625632704821E-1,-1.59E1));
#7441=VERTEX_POINT('',#7439);
#7442=VERTEX_POINT('',#7440);
#7443=CARTESIAN_POINT('',(-1.118645051903E1,2.625632709853E-1,-1.59E1));
#7444=CARTESIAN_POINT('',(-1.063645051903E1,2.625632709853E-1,-1.59E1));
#7445=VERTEX_POINT('',#7443);
#7446=VERTEX_POINT('',#7444);
#7447=CARTESIAN_POINT('',(-1.456450519031E0,1.893572337686E-1,-1.595E1));
#7448=CARTESIAN_POINT('',(-1.456450519031E0,-3.606708650519E0,-1.595E1));
#7449=VERTEX_POINT('',#7447);
#7450=VERTEX_POINT('',#7448);
#7451=CARTESIAN_POINT('',(-2.006450519031E0,-3.606708650519E0,-1.595E1));
#7452=VERTEX_POINT('',#7451);
#7453=CARTESIAN_POINT('',(-2.006450519031E0,2.625632709839E-1,-1.595E1));
#7454=VERTEX_POINT('',#7453);
#7455=CARTESIAN_POINT('',(-1.456450519031E0,2.625632709839E-1,-1.595E1));
#7456=VERTEX_POINT('',#7455);
#7457=CARTESIAN_POINT('',(-2.476450519031E0,-3.606708650519E0,-1.595E1));
#7458=CARTESIAN_POINT('',(-3.026450519031E0,-3.606708650519E0,-1.595E1));
#7459=VERTEX_POINT('',#7457);
#7460=VERTEX_POINT('',#7458);
#7461=CARTESIAN_POINT('',(-3.026450519031E0,2.625632704821E-1,-1.595E1));
#7462=VERTEX_POINT('',#7461);
#7463=CARTESIAN_POINT('',(-2.476450519031E0,2.625632704821E-1,-1.595E1));
#7464=VERTEX_POINT('',#7463);
#7465=CARTESIAN_POINT('',(-4.046450519031E0,2.625632704821E-1,-1.595E1));
#7466=CARTESIAN_POINT('',(-3.496450519031E0,2.625632704821E-1,-1.595E1));
#7467=VERTEX_POINT('',#7465);
#7468=VERTEX_POINT('',#7466);
#7469=CARTESIAN_POINT('',(-3.496450519031E0,-3.606708650519E0,-1.595E1));
#7470=VERTEX_POINT('',#7469);
#7471=CARTESIAN_POINT('',(-4.046450519031E0,-3.606708650519E0,-1.595E1));
#7472=VERTEX_POINT('',#7471);
#7473=CARTESIAN_POINT('',(-5.066450519031E0,2.625632704821E-1,-1.595E1));
#7474=CARTESIAN_POINT('',(-4.516450519031E0,2.625632704821E-1,-1.595E1));
#7475=VERTEX_POINT('',#7473);
#7476=VERTEX_POINT('',#7474);
#7477=CARTESIAN_POINT('',(-4.516450519031E0,-3.606708650519E0,-1.595E1));
#7478=VERTEX_POINT('',#7477);
#7479=CARTESIAN_POINT('',(-5.066450519031E0,-3.606708650519E0,-1.595E1));
#7480=VERTEX_POINT('',#7479);
#7481=CARTESIAN_POINT('',(-6.086450519031E0,2.625632704821E-1,-1.595E1));
#7482=CARTESIAN_POINT('',(-5.536450519031E0,2.625632704821E-1,-1.595E1));
#7483=VERTEX_POINT('',#7481);
#7484=VERTEX_POINT('',#7482);
#7485=CARTESIAN_POINT('',(-5.536450519031E0,-3.606708650519E0,-1.595E1));
#7486=VERTEX_POINT('',#7485);
#7487=CARTESIAN_POINT('',(-6.086450519031E0,-3.606708650519E0,-1.595E1));
#7488=VERTEX_POINT('',#7487);
#7489=CARTESIAN_POINT('',(-7.106450519031E0,2.625632704821E-1,-1.595E1));
#7490=CARTESIAN_POINT('',(-6.556450519031E0,2.625632704821E-1,-1.595E1));
#7491=VERTEX_POINT('',#7489);
#7492=VERTEX_POINT('',#7490);
#7493=CARTESIAN_POINT('',(-6.556450519031E0,-3.606708650519E0,-1.595E1));
#7494=VERTEX_POINT('',#7493);
#7495=CARTESIAN_POINT('',(-7.106450519031E0,-3.606708650519E0,-1.595E1));
#7496=VERTEX_POINT('',#7495);
#7497=CARTESIAN_POINT('',(-8.126450519031E0,2.625632704821E-1,-1.595E1));
#7498=CARTESIAN_POINT('',(-7.576450519031E0,2.625632704821E-1,-1.595E1));
#7499=VERTEX_POINT('',#7497);
#7500=VERTEX_POINT('',#7498);
#7501=CARTESIAN_POINT('',(-7.576450519031E0,-3.606708650519E0,-1.595E1));
#7502=VERTEX_POINT('',#7501);
#7503=CARTESIAN_POINT('',(-8.126450519031E0,-3.606708650519E0,-1.595E1));
#7504=VERTEX_POINT('',#7503);
#7505=CARTESIAN_POINT('',(-9.146450519031E0,2.625632704821E-1,-1.595E1));
#7506=CARTESIAN_POINT('',(-8.596450519031E0,2.625632704821E-1,-1.595E1));
#7507=VERTEX_POINT('',#7505);
#7508=VERTEX_POINT('',#7506);
#7509=CARTESIAN_POINT('',(-8.596450519031E0,-3.606708650519E0,-1.595E1));
#7510=VERTEX_POINT('',#7509);
#7511=CARTESIAN_POINT('',(-9.146450519031E0,-3.606708650519E0,-1.595E1));
#7512=VERTEX_POINT('',#7511);
#7513=CARTESIAN_POINT('',(-1.016645051903E1,2.625632704821E-1,-1.595E1));
#7514=CARTESIAN_POINT('',(-9.616450519031E0,2.625632704821E-1,-1.595E1));
#7515=VERTEX_POINT('',#7513);
#7516=VERTEX_POINT('',#7514);
#7517=CARTESIAN_POINT('',(-9.616450519031E0,-3.606708650519E0,-1.595E1));
#7518=VERTEX_POINT('',#7517);
#7519=CARTESIAN_POINT('',(-1.016645051903E1,-3.606708650519E0,-1.595E1));
#7520=VERTEX_POINT('',#7519);
#7521=CARTESIAN_POINT('',(-1.063645051903E1,2.625632709853E-1,-1.595E1));
#7522=CARTESIAN_POINT('',(-1.063645051903E1,-3.606708650519E0,-1.595E1));
#7523=VERTEX_POINT('',#7521);
#7524=VERTEX_POINT('',#7522);
#7525=CARTESIAN_POINT('',(-1.118645051903E1,-3.606708650519E0,-1.595E1));
#7526=VERTEX_POINT('',#7525);
#7527=CARTESIAN_POINT('',(-1.118645051903E1,1.893572337686E-1,-1.595E1));
#7528=VERTEX_POINT('',#7527);
#7529=CARTESIAN_POINT('',(-1.118645051903E1,2.625632709853E-1,-1.595E1));
#7530=VERTEX_POINT('',#7529);
#7531=CARTESIAN_POINT('',(-1.402145051903E1,7.293291349497E0,-1.62E1));
#7532=CARTESIAN_POINT('',(-1.402145051903E1,7.293291349497E0,-1.54E1));
#7533=VERTEX_POINT('',#7531);
#7534=VERTEX_POINT('',#7532);
#7535=CARTESIAN_POINT('',(-1.402145051903E1,7.293291349397E0,
-5.000000000481E-1));
#7536=VERTEX_POINT('',#7535);
#7537=CARTESIAN_POINT('',(-1.402145051903E1,7.293291349497E0,-2.E-1));
#7538=VERTEX_POINT('',#7537);
#7539=CARTESIAN_POINT('',(1.378549480969E0,7.293291349497E0,-1.62E1));
#7540=CARTESIAN_POINT('',(1.378549480969E0,7.293291349497E0,-1.54E1));
#7541=VERTEX_POINT('',#7539);
#7542=VERTEX_POINT('',#7540);
#7543=CARTESIAN_POINT('',(1.378549480969E0,7.293291349481E0,
-5.000000011744E-1));
#7544=VERTEX_POINT('',#7543);
#7545=CARTESIAN_POINT('',(1.378549480969E0,7.293291349497E0,-2.E-1));
#7546=VERTEX_POINT('',#7545);
#7547=CARTESIAN_POINT('',(-1.402145051903E1,7.303291349481E0,-1.62E1));
#7548=CARTESIAN_POINT('',(-1.402141303676E1,7.303290275489E0,-2.E-1));
#7549=VERTEX_POINT('',#7547);
#7550=VERTEX_POINT('',#7548);
#7551=CARTESIAN_POINT('',(1.378511998699E0,7.303290275489E0,-2.E-1));
#7552=CARTESIAN_POINT('',(1.378549480969E0,7.303291349481E0,-1.62E1));
#7553=VERTEX_POINT('',#7551);
#7554=VERTEX_POINT('',#7552);
#7555=CARTESIAN_POINT('',(-1.352145051903E1,7.803291349481E0,0.E0));
#7556=CARTESIAN_POINT('',(8.785494809690E-1,7.803291349481E0,0.E0));
#7557=VERTEX_POINT('',#7555);
#7558=VERTEX_POINT('',#7556);
#7559=CARTESIAN_POINT('',(9.780482246797E-1,7.793291349481E0,0.E0));
#7560=VERTEX_POINT('',#7559);
#7561=CARTESIAN_POINT('',(-1.362094926274E1,7.793291349481E0,0.E0));
#7562=VERTEX_POINT('',#7561);
#7563=CARTESIAN_POINT('',(8.785494809144E-1,7.793291349481E0,-5.E-1));
#7564=CARTESIAN_POINT('',(-1.352145051908E1,7.793291349481E0,-5.E-1));
#7565=VERTEX_POINT('',#7563);
#7566=VERTEX_POINT('',#7564);
#7567=CARTESIAN_POINT('',(-1.352145051903E1,7.803291349481E0,
-1.999999999680E-2));
#7568=CARTESIAN_POINT('',(8.785494809690E-1,7.803291349481E0,
-1.999999999680E-2));
#7569=VERTEX_POINT('',#7567);
#7570=VERTEX_POINT('',#7568);
#7571=VERTEX_POINT('',#2403);
#7572=CARTESIAN_POINT('',(-1.362094926274E1,7.793291349481E0,
-1.339745961835E-2));
#7573=VERTEX_POINT('',#7572);
#7574=CARTESIAN_POINT('',(5.785494809690E-1,7.793291349481E0,-1.595E1));
#7575=CARTESIAN_POINT('',(5.785494809690E-1,7.793291349481E0,-1.62E1));
#7576=VERTEX_POINT('',#7574);
#7577=VERTEX_POINT('',#7575);
#7578=CARTESIAN_POINT('',(-1.322145051903E1,7.793291349481E0,-1.595E1));
#7579=CARTESIAN_POINT('',(-1.322145051903E1,7.793291349481E0,-1.62E1));
#7580=VERTEX_POINT('',#7578);
#7581=VERTEX_POINT('',#7579);
#7582=CARTESIAN_POINT('',(9.780482246797E-1,7.793291349481E0,-1.62E1));
#7583=VERTEX_POINT('',#7582);
#7584=CARTESIAN_POINT('',(-1.362094926274E1,7.793291349481E0,-1.62E1));
#7585=VERTEX_POINT('',#7584);
#7586=CARTESIAN_POINT('',(9.780482246797E-1,7.793291349481E0,-2.E-1));
#7587=CARTESIAN_POINT('',(8.785494809690E-1,7.793291349481E0,-2.E-1));
#7588=VERTEX_POINT('',#7586);
#7589=VERTEX_POINT('',#7587);
#7590=CARTESIAN_POINT('',(-1.352145051903E1,7.793291349481E0,-2.E-1));
#7591=CARTESIAN_POINT('',(-1.362094926274E1,7.793291349481E0,-2.E-1));
#7592=VERTEX_POINT('',#7590);
#7593=VERTEX_POINT('',#7591);
#7594=CARTESIAN_POINT('',(-3.321450519030E0,-8.256708650533E0,
5.503200079665E-9));
#7595=CARTESIAN_POINT('',(-9.321450519030E0,-8.256708650533E0,
5.503200086604E-9));
#7596=VERTEX_POINT('',#7594);
#7597=VERTEX_POINT('',#7595);
#7598=CARTESIAN_POINT('',(-3.321450519030E0,-8.256708650533E0,
2.500000055032E-1));
#7599=CARTESIAN_POINT('',(-9.321450519030E0,-8.256708650533E0,
2.500000055032E-1));
#7600=VERTEX_POINT('',#7598);
#7601=VERTEX_POINT('',#7599);
#7602=CARTESIAN_POINT('',(-9.321450519030E0,-8.606708656019E0,
-9.999999999680E-2));
#7603=CARTESIAN_POINT('',(-3.321450519030E0,-8.606708656019E0,
-9.999999999680E-2));
#7604=VERTEX_POINT('',#7602);
#7605=VERTEX_POINT('',#7603);
#7606=CARTESIAN_POINT('',(-9.321450519030E0,-8.356708656019E0,
-9.999999999680E-2));
#7607=CARTESIAN_POINT('',(-3.321450519030E0,-8.356708656019E0,
-9.999999999680E-2));
#7608=VERTEX_POINT('',#7606);
#7609=VERTEX_POINT('',#7607);
#7610=CARTESIAN_POINT('',(-6.064505190310E-1,1.643291349481E0,
-1.786447067690E1));
#7611=DIRECTION('',(0.E0,0.E0,-1.E0));
#7612=DIRECTION('',(0.E0,1.E0,0.E0));
#7613=AXIS2_PLACEMENT_3D('',#7610,#7611,#7612);
#7614=CYLINDRICAL_SURFACE('',#7613,1.7E0);
#7616=ORIENTED_EDGE('',*,*,#7615,.F.);
#7618=ORIENTED_EDGE('',*,*,#7617,.T.);
#7620=ORIENTED_EDGE('',*,*,#7619,.F.);
#7622=ORIENTED_EDGE('',*,*,#7621,.T.);
#7623=EDGE_LOOP('',(#7616,#7618,#7620,#7622));
#7624=FACE_OUTER_BOUND('',#7623,.F.);
#7626=CARTESIAN_POINT('',(-6.064505190310E-1,1.643291349481E0,-1.7855E1));
#7627=DIRECTION('',(0.E0,0.E0,-1.E0));
#7628=DIRECTION('',(0.E0,1.E0,0.E0));
#7629=AXIS2_PLACEMENT_3D('',#7626,#7627,#7628);
#7630=CONICAL_SURFACE('',#7629,1.625E0,5.903624346729E1);
#7632=ORIENTED_EDGE('',*,*,#7631,.T.);
#7634=ORIENTED_EDGE('',*,*,#7633,.T.);
#7635=ORIENTED_EDGE('',*,*,#7615,.T.);
#7637=ORIENTED_EDGE('',*,*,#7636,.T.);
#7638=EDGE_LOOP('',(#7632,#7634,#7635,#7637));
#7639=FACE_OUTER_BOUND('',#7638,.F.);
#7641=CARTESIAN_POINT('',(-6.064505190310E-1,1.643291349481E0,
-1.616447067892E1));
#7642=DIRECTION('',(0.E0,0.E0,-1.E0));
#7643=DIRECTION('',(0.E0,1.E0,0.E0));
#7644=AXIS2_PLACEMENT_3D('',#7641,#7642,#7643);
#7645=CYLINDRICAL_SURFACE('',#7644,1.55E0);
#7647=ORIENTED_EDGE('',*,*,#7646,.F.);
#7649=ORIENTED_EDGE('',*,*,#7648,.T.);
#7650=ORIENTED_EDGE('',*,*,#7631,.F.);
#7652=ORIENTED_EDGE('',*,*,#7651,.T.);
#7653=EDGE_LOOP('',(#7647,#7649,#7650,#7652));
#7654=FACE_OUTER_BOUND('',#7653,.F.);
#7656=CARTESIAN_POINT('',(-6.064505190310E-1,1.643291351968E0,
-1.620000001475E1));
#7657=DIRECTION('',(0.E0,-9.078999996248E-9,1.E0));
#7658=DIRECTION('',(7.163163075282E-1,6.977757143733E-1,6.335105708177E-9));
#7659=AXIS2_PLACEMENT_3D('',#7656,#7657,#7658);
#7660=TOROIDAL_SURFACE('',#7659,1.849999998076E0,3.000000004878E-1);
#7662=ORIENTED_EDGE('',*,*,#7661,.T.);
#7664=ORIENTED_EDGE('',*,*,#7663,.F.);
#7665=ORIENTED_EDGE('',*,*,#7646,.T.);
#7667=ORIENTED_EDGE('',*,*,#7666,.T.);
#7669=ORIENTED_EDGE('',*,*,#7668,.T.);
#7670=EDGE_LOOP('',(#7662,#7664,#7665,#7667,#7669));
#7671=FACE_OUTER_BOUND('',#7670,.F.);
#7673=CARTESIAN_POINT('',(0.E0,0.E0,-1.595E1));
#7674=DIRECTION('',(0.E0,0.E0,-1.E0));
#7675=DIRECTION('',(-1.E0,0.E0,0.E0));
#7676=AXIS2_PLACEMENT_3D('',#7673,#7674,#7675);
#7677=PLANE('',#7676);
#7679=ORIENTED_EDGE('',*,*,#7678,.T.);
#7681=ORIENTED_EDGE('',*,*,#7680,.T.);
#7683=ORIENTED_EDGE('',*,*,#7682,.F.);
#7685=ORIENTED_EDGE('',*,*,#7684,.F.);
#7687=ORIENTED_EDGE('',*,*,#7686,.F.);
#7689=ORIENTED_EDGE('',*,*,#7688,.F.);
#7691=ORIENTED_EDGE('',*,*,#7690,.F.);
#7693=ORIENTED_EDGE('',*,*,#7692,.T.);
#7695=ORIENTED_EDGE('',*,*,#7694,.F.);
#7697=ORIENTED_EDGE('',*,*,#7696,.T.);
#7699=ORIENTED_EDGE('',*,*,#7698,.F.);
#7701=ORIENTED_EDGE('',*,*,#7700,.F.);
#7703=ORIENTED_EDGE('',*,*,#7702,.F.);
#7705=ORIENTED_EDGE('',*,*,#7704,.F.);
#7707=ORIENTED_EDGE('',*,*,#7706,.F.);
#7709=ORIENTED_EDGE('',*,*,#7708,.T.);
#7710=EDGE_LOOP('',(#7679,#7681,#7683,#7685,#7687,#7689,#7691,#7693,#7695,#7697,
#7699,#7701,#7703,#7705,#7707,#7709));
#7711=FACE_OUTER_BOUND('',#7710,.F.);
#7713=ORIENTED_EDGE('',*,*,#7712,.F.);
#7715=ORIENTED_EDGE('',*,*,#7714,.T.);
#7717=ORIENTED_EDGE('',*,*,#7716,.F.);
#7719=ORIENTED_EDGE('',*,*,#7718,.T.);
#7720=EDGE_LOOP('',(#7713,#7715,#7717,#7719));
#7721=FACE_BOUND('',#7720,.F.);
#7723=ORIENTED_EDGE('',*,*,#7722,.F.);
#7725=ORIENTED_EDGE('',*,*,#7724,.T.);
#7727=ORIENTED_EDGE('',*,*,#7726,.F.);
#7729=ORIENTED_EDGE('',*,*,#7728,.T.);
#7730=EDGE_LOOP('',(#7723,#7725,#7727,#7729));
#7731=FACE_BOUND('',#7730,.F.);
#7733=ORIENTED_EDGE('',*,*,#7732,.F.);
#7735=ORIENTED_EDGE('',*,*,#7734,.T.);
#7737=ORIENTED_EDGE('',*,*,#7736,.F.);
#7739=ORIENTED_EDGE('',*,*,#7738,.T.);
#7740=EDGE_LOOP('',(#7733,#7735,#7737,#7739));
#7741=FACE_BOUND('',#7740,.F.);
#7743=ORIENTED_EDGE('',*,*,#7742,.F.);
#7745=ORIENTED_EDGE('',*,*,#7744,.T.);
#7747=ORIENTED_EDGE('',*,*,#7746,.F.);
#7749=ORIENTED_EDGE('',*,*,#7748,.T.);
#7750=EDGE_LOOP('',(#7743,#7745,#7747,#7749));
#7751=FACE_BOUND('',#7750,.F.);
#7753=ORIENTED_EDGE('',*,*,#7752,.F.);
#7755=ORIENTED_EDGE('',*,*,#7754,.T.);
#7757=ORIENTED_EDGE('',*,*,#7756,.F.);
#7759=ORIENTED_EDGE('',*,*,#7758,.T.);
#7760=EDGE_LOOP('',(#7753,#7755,#7757,#7759));
#7761=FACE_BOUND('',#7760,.F.);
#7763=ORIENTED_EDGE('',*,*,#7762,.F.);
#7765=ORIENTED_EDGE('',*,*,#7764,.T.);
#7767=ORIENTED_EDGE('',*,*,#7766,.F.);
#7769=ORIENTED_EDGE('',*,*,#7768,.T.);
#7770=EDGE_LOOP('',(#7763,#7765,#7767,#7769));
#7771=FACE_BOUND('',#7770,.F.);
#7773=ORIENTED_EDGE('',*,*,#7772,.F.);
#7775=ORIENTED_EDGE('',*,*,#7774,.T.);
#7777=ORIENTED_EDGE('',*,*,#7776,.F.);
#7779=ORIENTED_EDGE('',*,*,#7778,.T.);
#7780=EDGE_LOOP('',(#7773,#7775,#7777,#7779));
#7781=FACE_BOUND('',#7780,.F.);
#7783=ORIENTED_EDGE('',*,*,#7782,.T.);
#7785=ORIENTED_EDGE('',*,*,#7784,.T.);
#7787=ORIENTED_EDGE('',*,*,#7786,.T.);
#7789=ORIENTED_EDGE('',*,*,#7788,.T.);
#7791=ORIENTED_EDGE('',*,*,#7790,.T.);
#7793=ORIENTED_EDGE('',*,*,#7792,.T.);
#7795=ORIENTED_EDGE('',*,*,#7794,.T.);
#7797=ORIENTED_EDGE('',*,*,#7796,.T.);
#7798=EDGE_LOOP('',(#7783,#7785,#7787,#7789,#7791,#7793,#7795,#7797));
#7799=FACE_BOUND('',#7798,.F.);
#7801=ORIENTED_EDGE('',*,*,#7800,.T.);
#7803=ORIENTED_EDGE('',*,*,#7802,.T.);
#7805=ORIENTED_EDGE('',*,*,#7804,.T.);
#7807=ORIENTED_EDGE('',*,*,#7806,.T.);
#7809=ORIENTED_EDGE('',*,*,#7808,.T.);
#7811=ORIENTED_EDGE('',*,*,#7810,.F.);
#7813=ORIENTED_EDGE('',*,*,#7812,.F.);
#7815=ORIENTED_EDGE('',*,*,#7814,.T.);
#7816=ORIENTED_EDGE('',*,*,#7661,.F.);
#7818=ORIENTED_EDGE('',*,*,#7817,.T.);
#7820=ORIENTED_EDGE('',*,*,#7819,.F.);
#7821=EDGE_LOOP('',(#7801,#7803,#7805,#7807,#7809,#7811,#7813,#7815,#7816,#7818,
#7820));
#7822=FACE_BOUND('',#7821,.F.);
#7824=ORIENTED_EDGE('',*,*,#7823,.T.);
#7826=ORIENTED_EDGE('',*,*,#7825,.T.);
#7828=ORIENTED_EDGE('',*,*,#7827,.T.);
#7830=ORIENTED_EDGE('',*,*,#7829,.T.);
#7831=EDGE_LOOP('',(#7824,#7826,#7828,#7830));
#7832=FACE_BOUND('',#7831,.F.);
#7834=ORIENTED_EDGE('',*,*,#7833,.T.);
#7836=ORIENTED_EDGE('',*,*,#7835,.T.);
#7838=ORIENTED_EDGE('',*,*,#7837,.T.);
#7840=ORIENTED_EDGE('',*,*,#7839,.T.);
#7841=EDGE_LOOP('',(#7834,#7836,#7838,#7840));
#7842=FACE_BOUND('',#7841,.F.);
#7844=ORIENTED_EDGE('',*,*,#7843,.T.);
#7846=ORIENTED_EDGE('',*,*,#7845,.T.);
#7848=ORIENTED_EDGE('',*,*,#7847,.T.);
#7850=ORIENTED_EDGE('',*,*,#7849,.T.);
#7851=EDGE_LOOP('',(#7844,#7846,#7848,#7850));
#7852=FACE_BOUND('',#7851,.F.);
#7854=ORIENTED_EDGE('',*,*,#7853,.T.);
#7856=ORIENTED_EDGE('',*,*,#7855,.T.);
#7858=ORIENTED_EDGE('',*,*,#7857,.T.);
#7860=ORIENTED_EDGE('',*,*,#7859,.T.);
#7861=EDGE_LOOP('',(#7854,#7856,#7858,#7860));
#7862=FACE_BOUND('',#7861,.F.);
#7864=ORIENTED_EDGE('',*,*,#7863,.T.);
#7866=ORIENTED_EDGE('',*,*,#7865,.T.);
#7868=ORIENTED_EDGE('',*,*,#7867,.T.);
#7870=ORIENTED_EDGE('',*,*,#7869,.T.);
#7871=EDGE_LOOP('',(#7864,#7866,#7868,#7870));
#7872=FACE_BOUND('',#7871,.F.);
#7874=ORIENTED_EDGE('',*,*,#7873,.T.);
#7876=ORIENTED_EDGE('',*,*,#7875,.T.);
#7878=ORIENTED_EDGE('',*,*,#7877,.T.);
#7880=ORIENTED_EDGE('',*,*,#7879,.T.);
#7881=EDGE_LOOP('',(#7874,#7876,#7878,#7880));
#7882=FACE_BOUND('',#7881,.F.);
#7884=ORIENTED_EDGE('',*,*,#7883,.T.);
#7886=ORIENTED_EDGE('',*,*,#7885,.T.);
#7888=ORIENTED_EDGE('',*,*,#7887,.T.);
#7890=ORIENTED_EDGE('',*,*,#7889,.T.);
#7891=EDGE_LOOP('',(#7884,#7886,#7888,#7890));
#7892=FACE_BOUND('',#7891,.F.);
#7894=ORIENTED_EDGE('',*,*,#7893,.T.);
#7896=ORIENTED_EDGE('',*,*,#7895,.T.);
#7898=ORIENTED_EDGE('',*,*,#7897,.T.);
#7900=ORIENTED_EDGE('',*,*,#7899,.T.);
#7901=EDGE_LOOP('',(#7894,#7896,#7898,#7900));
#7902=FACE_BOUND('',#7901,.F.);
#7904=ORIENTED_EDGE('',*,*,#7903,.T.);
#7906=ORIENTED_EDGE('',*,*,#7905,.T.);
#7908=ORIENTED_EDGE('',*,*,#7907,.T.);
#7910=ORIENTED_EDGE('',*,*,#7909,.F.);
#7912=ORIENTED_EDGE('',*,*,#7911,.F.);
#7914=ORIENTED_EDGE('',*,*,#7913,.F.);
#7916=ORIENTED_EDGE('',*,*,#7915,.F.);
#7918=ORIENTED_EDGE('',*,*,#7917,.F.);
#7920=ORIENTED_EDGE('',*,*,#7919,.F.);
#7922=ORIENTED_EDGE('',*,*,#7921,.T.);
#7924=ORIENTED_EDGE('',*,*,#7923,.T.);
#7925=EDGE_LOOP('',(#7904,#7906,#7908,#7910,#7912,#7914,#7916,#7918,#7920,#7922,
#7924));
#7926=FACE_BOUND('',#7925,.F.);
#7928=ORIENTED_EDGE('',*,*,#7927,.F.);
#7930=ORIENTED_EDGE('',*,*,#7929,.T.);
#7932=ORIENTED_EDGE('',*,*,#7931,.F.);
#7934=ORIENTED_EDGE('',*,*,#7933,.T.);
#7935=EDGE_LOOP('',(#7928,#7930,#7932,#7934));
#7936=FACE_BOUND('',#7935,.F.);
#7938=CARTESIAN_POINT('',(-1.876450519731E0,-4.880708650519E0,-1.765E1));
#7939=DIRECTION('',(0.E0,1.E0,0.E0));
#7940=DIRECTION('',(0.E0,0.E0,1.E0));
#7941=AXIS2_PLACEMENT_3D('',#7938,#7939,#7940);
#7942=PLANE('',#7941);
#7943=ORIENTED_EDGE('',*,*,#7927,.T.);
#7945=ORIENTED_EDGE('',*,*,#7944,.T.);
#7947=ORIENTED_EDGE('',*,*,#7946,.T.);
#7949=ORIENTED_EDGE('',*,*,#7948,.T.);
#7950=EDGE_LOOP('',(#7943,#7945,#7947,#7949));
#7951=FACE_OUTER_BOUND('',#7950,.F.);
#7953=CARTESIAN_POINT('',(-1.626450519031E0,-4.705708651108E0,-1.765E1));
#7954=DIRECTION('',(1.E0,0.E0,0.E0));
#7955=DIRECTION('',(0.E0,-1.E0,0.E0));
#7956=AXIS2_PLACEMENT_3D('',#7953,#7954,#7955);
#7957=PLANE('',#7956);
#7958=ORIENTED_EDGE('',*,*,#7933,.F.);
#7960=ORIENTED_EDGE('',*,*,#7959,.T.);
#7962=ORIENTED_EDGE('',*,*,#7961,.T.);
#7963=ORIENTED_EDGE('',*,*,#7944,.F.);
#7964=EDGE_LOOP('',(#7958,#7960,#7962,#7963));
#7965=FACE_OUTER_BOUND('',#7964,.F.);
#7967=CARTESIAN_POINT('',(-1.876450519732E0,-4.530708650519E0,-1.765E1));
#7968=DIRECTION('',(0.E0,1.E0,0.E0));
#7969=DIRECTION('',(0.E0,0.E0,-1.E0));
#7970=AXIS2_PLACEMENT_3D('',#7967,#7968,#7969);
#7971=PLANE('',#7970);
#7972=ORIENTED_EDGE('',*,*,#7931,.T.);
#7974=ORIENTED_EDGE('',*,*,#7973,.T.);
#7976=ORIENTED_EDGE('',*,*,#7975,.T.);
#7977=ORIENTED_EDGE('',*,*,#7959,.F.);
#7978=EDGE_LOOP('',(#7972,#7974,#7976,#7977));
#7979=FACE_OUTER_BOUND('',#7978,.F.);
#7981=CARTESIAN_POINT('',(-2.126450519031E0,-4.705708651108E0,-1.765E1));
#7982=DIRECTION('',(1.E0,0.E0,0.E0));
#7983=DIRECTION('',(0.E0,1.E0,0.E0));
#7984=AXIS2_PLACEMENT_3D('',#7981,#7982,#7983);
#7985=PLANE('',#7984);
#7986=ORIENTED_EDGE('',*,*,#7929,.F.);
#7987=ORIENTED_EDGE('',*,*,#7948,.F.);
#7989=ORIENTED_EDGE('',*,*,#7988,.T.);
#7990=ORIENTED_EDGE('',*,*,#7973,.F.);
#7991=EDGE_LOOP('',(#7986,#7987,#7989,#7990));
#7992=FACE_OUTER_BOUND('',#7991,.F.);
#7994=CARTESIAN_POINT('',(-1.876450519265E0,-4.705708651008E0,-1.94E1));
#7995=DIRECTION('',(0.E0,0.E0,1.E0));
#7996=DIRECTION('',(-1.E0,0.E0,0.E0));
#7997=AXIS2_PLACEMENT_3D('',#7994,#7995,#7996);
#7998=PLANE('',#7997);
#7999=ORIENTED_EDGE('',*,*,#7961,.F.);
#8000=ORIENTED_EDGE('',*,*,#7975,.F.);
#8001=ORIENTED_EDGE('',*,*,#7988,.F.);
#8002=ORIENTED_EDGE('',*,*,#7946,.F.);
#8003=EDGE_LOOP('',(#7999,#8000,#8001,#8002));
#8004=FACE_OUTER_BOUND('',#8003,.F.);
#8006=CARTESIAN_POINT('',(-4.416450520064E0,-4.880708650519E0,-1.765E1));
#8007=DIRECTION('',(0.E0,1.E0,0.E0));
#8008=DIRECTION('',(0.E0,0.E0,1.E0));
#8009=AXIS2_PLACEMENT_3D('',#8006,#8007,#8008);
#8010=PLANE('',#8009);
#8011=ORIENTED_EDGE('',*,*,#7712,.T.);
#8013=ORIENTED_EDGE('',*,*,#8012,.T.);
#8015=ORIENTED_EDGE('',*,*,#8014,.T.);
#8017=ORIENTED_EDGE('',*,*,#8016,.T.);
#8018=EDGE_LOOP('',(#8011,#8013,#8015,#8017));
#8019=FACE_OUTER_BOUND('',#8018,.F.);
#8021=CARTESIAN_POINT('',(-4.166450519031E0,-4.705708651108E0,-1.765E1));
#8022=DIRECTION('',(1.E0,0.E0,0.E0));
#8023=DIRECTION('',(0.E0,-1.E0,0.E0));
#8024=AXIS2_PLACEMENT_3D('',#8021,#8022,#8023);
#8025=PLANE('',#8024);
#8026=ORIENTED_EDGE('',*,*,#7718,.F.);
#8028=ORIENTED_EDGE('',*,*,#8027,.T.);
#8030=ORIENTED_EDGE('',*,*,#8029,.T.);
#8031=ORIENTED_EDGE('',*,*,#8012,.F.);
#8032=EDGE_LOOP('',(#8026,#8028,#8030,#8031));
#8033=FACE_OUTER_BOUND('',#8032,.F.);
#8035=CARTESIAN_POINT('',(-4.416450520065E0,-4.530708650519E0,-1.765E1));
#8036=DIRECTION('',(0.E0,1.E0,0.E0));
#8037=DIRECTION('',(0.E0,0.E0,-1.E0));
#8038=AXIS2_PLACEMENT_3D('',#8035,#8036,#8037);
#8039=PLANE('',#8038);
#8040=ORIENTED_EDGE('',*,*,#7716,.T.);
#8042=ORIENTED_EDGE('',*,*,#8041,.T.);
#8044=ORIENTED_EDGE('',*,*,#8043,.T.);
#8045=ORIENTED_EDGE('',*,*,#8027,.F.);
#8046=EDGE_LOOP('',(#8040,#8042,#8044,#8045));
#8047=FACE_OUTER_BOUND('',#8046,.F.);
#8049=CARTESIAN_POINT('',(-4.666450519031E0,-4.705708651108E0,-1.765E1));
#8050=DIRECTION('',(1.E0,0.E0,0.E0));
#8051=DIRECTION('',(0.E0,1.E0,0.E0));
#8052=AXIS2_PLACEMENT_3D('',#8049,#8050,#8051);
#8053=PLANE('',#8052);
#8054=ORIENTED_EDGE('',*,*,#7714,.F.);
#8055=ORIENTED_EDGE('',*,*,#8016,.F.);
#8057=ORIENTED_EDGE('',*,*,#8056,.T.);
#8058=ORIENTED_EDGE('',*,*,#8041,.F.);
#8059=EDGE_LOOP('',(#8054,#8055,#8057,#8058));
#8060=FACE_OUTER_BOUND('',#8059,.F.);
#8062=CARTESIAN_POINT('',(-4.416450519375E0,-4.705708651008E0,-1.94E1));
#8063=DIRECTION('',(0.E0,0.E0,1.E0));
#8064=DIRECTION('',(-1.E0,0.E0,0.E0));
#8065=AXIS2_PLACEMENT_3D('',#8062,#8063,#8064);
#8066=PLANE('',#8065);
#8067=ORIENTED_EDGE('',*,*,#8029,.F.);
#8068=ORIENTED_EDGE('',*,*,#8043,.F.);
#8069=ORIENTED_EDGE('',*,*,#8056,.F.);
#8070=ORIENTED_EDGE('',*,*,#8014,.F.);
#8071=EDGE_LOOP('',(#8067,#8068,#8069,#8070));
#8072=FACE_OUTER_BOUND('',#8071,.F.);
#8074=CARTESIAN_POINT('',(-6.956450518631E0,-4.880708650519E0,-1.765E1));
#8075=DIRECTION('',(0.E0,1.E0,0.E0));
#8076=DIRECTION('',(0.E0,0.E0,1.E0));
#8077=AXIS2_PLACEMENT_3D('',#8074,#8075,#8076);
#8078=PLANE('',#8077);
#8079=ORIENTED_EDGE('',*,*,#7722,.T.);
#8081=ORIENTED_EDGE('',*,*,#8080,.T.);
#8083=ORIENTED_EDGE('',*,*,#8082,.T.);
#8085=ORIENTED_EDGE('',*,*,#8084,.T.);
#8086=EDGE_LOOP('',(#8079,#8081,#8083,#8085));
#8087=FACE_OUTER_BOUND('',#8086,.F.);
#8089=CARTESIAN_POINT('',(-6.706450519031E0,-4.705708651108E0,-1.765E1));
#8090=DIRECTION('',(1.E0,0.E0,0.E0));
#8091=DIRECTION('',(0.E0,-1.E0,0.E0));
#8092=AXIS2_PLACEMENT_3D('',#8089,#8090,#8091);
#8093=PLANE('',#8092);
#8094=ORIENTED_EDGE('',*,*,#7728,.F.);
#8096=ORIENTED_EDGE('',*,*,#8095,.T.);
#8098=ORIENTED_EDGE('',*,*,#8097,.T.);
#8099=ORIENTED_EDGE('',*,*,#8080,.F.);
#8100=EDGE_LOOP('',(#8094,#8096,#8098,#8099));
#8101=FACE_OUTER_BOUND('',#8100,.F.);
#8103=CARTESIAN_POINT('',(-6.956450518631E0,-4.530708650519E0,-1.765E1));
#8104=DIRECTION('',(0.E0,1.E0,0.E0));
#8105=DIRECTION('',(0.E0,0.E0,-1.E0));
#8106=AXIS2_PLACEMENT_3D('',#8103,#8104,#8105);
#8107=PLANE('',#8106);
#8108=ORIENTED_EDGE('',*,*,#7726,.T.);
#8110=ORIENTED_EDGE('',*,*,#8109,.T.);
#8112=ORIENTED_EDGE('',*,*,#8111,.T.);
#8113=ORIENTED_EDGE('',*,*,#8095,.F.);
#8114=EDGE_LOOP('',(#8108,#8110,#8112,#8113));
#8115=FACE_OUTER_BOUND('',#8114,.F.);
#8117=CARTESIAN_POINT('',(-7.206450519031E0,-4.705708651108E0,-1.765E1));
#8118=DIRECTION('',(1.E0,0.E0,0.E0));
#8119=DIRECTION('',(0.E0,1.E0,0.E0));
#8120=AXIS2_PLACEMENT_3D('',#8117,#8118,#8119);
#8121=PLANE('',#8120);
#8122=ORIENTED_EDGE('',*,*,#7724,.F.);
#8123=ORIENTED_EDGE('',*,*,#8084,.F.);
#8125=ORIENTED_EDGE('',*,*,#8124,.T.);
#8126=ORIENTED_EDGE('',*,*,#8109,.F.);
#8127=EDGE_LOOP('',(#8122,#8123,#8125,#8126));
#8128=FACE_OUTER_BOUND('',#8127,.F.);
#8130=CARTESIAN_POINT('',(-6.956450518631E0,-4.705708651008E0,-1.94E1));
#8131=DIRECTION('',(0.E0,0.E0,1.E0));
#8132=DIRECTION('',(-1.E0,0.E0,0.E0));
#8133=AXIS2_PLACEMENT_3D('',#8130,#8131,#8132);
#8134=PLANE('',#8133);
#8135=ORIENTED_EDGE('',*,*,#8097,.F.);
#8136=ORIENTED_EDGE('',*,*,#8111,.F.);
#8137=ORIENTED_EDGE('',*,*,#8124,.F.);
#8138=ORIENTED_EDGE('',*,*,#8082,.F.);
#8139=EDGE_LOOP('',(#8135,#8136,#8137,#8138));
#8140=FACE_OUTER_BOUND('',#8139,.F.);
#8142=CARTESIAN_POINT('',(-5.686450519431E0,-7.420708650519E0,-1.765E1));
#8143=DIRECTION('',(0.E0,1.E0,0.E0));
#8144=DIRECTION('',(0.E0,0.E0,1.E0));
#8145=AXIS2_PLACEMENT_3D('',#8142,#8143,#8144);
#8146=PLANE('',#8145);
#8147=ORIENTED_EDGE('',*,*,#7732,.T.);
#8149=ORIENTED_EDGE('',*,*,#8148,.T.);
#8151=ORIENTED_EDGE('',*,*,#8150,.T.);
#8153=ORIENTED_EDGE('',*,*,#8152,.T.);
#8154=EDGE_LOOP('',(#8147,#8149,#8151,#8153));
#8155=FACE_OUTER_BOUND('',#8154,.F.);
#8157=CARTESIAN_POINT('',(-5.436450519031E0,-7.245708650730E0,-1.765E1));
#8158=DIRECTION('',(1.E0,0.E0,0.E0));
#8159=DIRECTION('',(0.E0,0.E0,1.E0));
#8160=AXIS2_PLACEMENT_3D('',#8157,#8158,#8159);
#8161=PLANE('',#8160);
#8162=ORIENTED_EDGE('',*,*,#7738,.F.);
#8164=ORIENTED_EDGE('',*,*,#8163,.T.);
#8166=ORIENTED_EDGE('',*,*,#8165,.T.);
#8167=ORIENTED_EDGE('',*,*,#8148,.F.);
#8168=EDGE_LOOP('',(#8162,#8164,#8166,#8167));
#8169=FACE_OUTER_BOUND('',#8168,.F.);
#8171=CARTESIAN_POINT('',(-5.686450519431E0,-7.070708650519E0,-1.765E1));
#8172=DIRECTION('',(0.E0,1.E0,0.E0));
#8173=DIRECTION('',(0.E0,0.E0,-1.E0));
#8174=AXIS2_PLACEMENT_3D('',#8171,#8172,#8173);
#8175=PLANE('',#8174);
#8176=ORIENTED_EDGE('',*,*,#7736,.T.);
#8178=ORIENTED_EDGE('',*,*,#8177,.T.);
#8180=ORIENTED_EDGE('',*,*,#8179,.T.);
#8181=ORIENTED_EDGE('',*,*,#8163,.F.);
#8182=EDGE_LOOP('',(#8176,#8178,#8180,#8181));
#8183=FACE_OUTER_BOUND('',#8182,.F.);
#8185=CARTESIAN_POINT('',(-5.936450519031E0,-7.245708650730E0,-1.765E1));
#8186=DIRECTION('',(1.E0,0.E0,0.E0));
#8187=DIRECTION('',(0.E0,1.E0,0.E0));
#8188=AXIS2_PLACEMENT_3D('',#8185,#8186,#8187);
#8189=PLANE('',#8188);
#8190=ORIENTED_EDGE('',*,*,#7734,.F.);
#8191=ORIENTED_EDGE('',*,*,#8152,.F.);
#8193=ORIENTED_EDGE('',*,*,#8192,.T.);
#8194=ORIENTED_EDGE('',*,*,#8177,.F.);
#8195=EDGE_LOOP('',(#8190,#8191,#8193,#8194));
#8196=FACE_OUTER_BOUND('',#8195,.F.);
#8198=CARTESIAN_POINT('',(-5.686450519431E0,-7.245708650730E0,-1.94E1));
#8199=DIRECTION('',(0.E0,0.E0,1.E0));
#8200=DIRECTION('',(-1.E0,0.E0,0.E0));
#8201=AXIS2_PLACEMENT_3D('',#8198,#8199,#8200);
#8202=PLANE('',#8201);
#8203=ORIENTED_EDGE('',*,*,#8165,.F.);
#8204=ORIENTED_EDGE('',*,*,#8179,.F.);
#8205=ORIENTED_EDGE('',*,*,#8192,.F.);
#8206=ORIENTED_EDGE('',*,*,#8150,.F.);
#8207=EDGE_LOOP('',(#8203,#8204,#8205,#8206));
#8208=FACE_OUTER_BOUND('',#8207,.F.);
#8210=CARTESIAN_POINT('',(-9.496450518742E0,-4.880708650519E0,-1.765E1));
#8211=DIRECTION('',(0.E0,1.E0,0.E0));
#8212=DIRECTION('',(0.E0,0.E0,1.E0));
#8213=AXIS2_PLACEMENT_3D('',#8210,#8211,#8212);
#8214=PLANE('',#8213);
#8215=ORIENTED_EDGE('',*,*,#7742,.T.);
#8217=ORIENTED_EDGE('',*,*,#8216,.T.);
#8219=ORIENTED_EDGE('',*,*,#8218,.T.);
#8221=ORIENTED_EDGE('',*,*,#8220,.T.);
#8222=EDGE_LOOP('',(#8215,#8217,#8219,#8221));
#8223=FACE_OUTER_BOUND('',#8222,.F.);
#8225=CARTESIAN_POINT('',(-9.246450519031E0,-4.705708651108E0,-1.765E1));
#8226=DIRECTION('',(1.E0,0.E0,0.E0));
#8227=DIRECTION('',(0.E0,-1.E0,0.E0));
#8228=AXIS2_PLACEMENT_3D('',#8225,#8226,#8227);
#8229=PLANE('',#8228);
#8230=ORIENTED_EDGE('',*,*,#7748,.F.);
#8232=ORIENTED_EDGE('',*,*,#8231,.T.);
#8234=ORIENTED_EDGE('',*,*,#8233,.T.);
#8235=ORIENTED_EDGE('',*,*,#8216,.F.);
#8236=EDGE_LOOP('',(#8230,#8232,#8234,#8235));
#8237=FACE_OUTER_BOUND('',#8236,.F.);
#8239=CARTESIAN_POINT('',(-9.496450518742E0,-4.530708650519E0,-1.765E1));
#8240=DIRECTION('',(0.E0,1.E0,0.E0));
#8241=DIRECTION('',(0.E0,0.E0,-1.E0));
#8242=AXIS2_PLACEMENT_3D('',#8239,#8240,#8241);
#8243=PLANE('',#8242);
#8244=ORIENTED_EDGE('',*,*,#7746,.T.);
#8246=ORIENTED_EDGE('',*,*,#8245,.T.);
#8248=ORIENTED_EDGE('',*,*,#8247,.T.);
#8249=ORIENTED_EDGE('',*,*,#8231,.F.);
#8250=EDGE_LOOP('',(#8244,#8246,#8248,#8249));
#8251=FACE_OUTER_BOUND('',#8250,.F.);
#8253=CARTESIAN_POINT('',(-9.746450519031E0,-4.705708651108E0,-1.765E1));
#8254=DIRECTION('',(1.E0,0.E0,0.E0));
#8255=DIRECTION('',(0.E0,1.E0,0.E0));
#8256=AXIS2_PLACEMENT_3D('',#8253,#8254,#8255);
#8257=PLANE('',#8256);
#8258=ORIENTED_EDGE('',*,*,#7744,.F.);
#8259=ORIENTED_EDGE('',*,*,#8220,.F.);
#8261=ORIENTED_EDGE('',*,*,#8260,.T.);
#8262=ORIENTED_EDGE('',*,*,#8245,.F.);
#8263=EDGE_LOOP('',(#8258,#8259,#8261,#8262));
#8264=FACE_OUTER_BOUND('',#8263,.F.);
#8266=CARTESIAN_POINT('',(-9.496450518742E0,-4.705708651008E0,-1.94E1));
#8267=DIRECTION('',(0.E0,0.E0,1.E0));
#8268=DIRECTION('',(-1.E0,0.E0,0.E0));
#8269=AXIS2_PLACEMENT_3D('',#8266,#8267,#8268);
#8270=PLANE('',#8269);
#8271=ORIENTED_EDGE('',*,*,#8233,.F.);
#8272=ORIENTED_EDGE('',*,*,#8247,.F.);
#8273=ORIENTED_EDGE('',*,*,#8260,.F.);
#8274=ORIENTED_EDGE('',*,*,#8218,.F.);
#8275=EDGE_LOOP('',(#8271,#8272,#8273,#8274));
#8276=FACE_OUTER_BOUND('',#8275,.F.);
#8278=CARTESIAN_POINT('',(-8.226450517998E0,-7.420708650519E0,-1.765E1));
#8279=DIRECTION('',(0.E0,1.E0,0.E0));
#8280=DIRECTION('',(0.E0,0.E0,1.E0));
#8281=AXIS2_PLACEMENT_3D('',#8278,#8279,#8280);
#8282=PLANE('',#8281);
#8283=ORIENTED_EDGE('',*,*,#7752,.T.);
#8285=ORIENTED_EDGE('',*,*,#8284,.T.);
#8287=ORIENTED_EDGE('',*,*,#8286,.T.);
#8289=ORIENTED_EDGE('',*,*,#8288,.T.);
#8290=EDGE_LOOP('',(#8283,#8285,#8287,#8289));
#8291=FACE_OUTER_BOUND('',#8290,.F.);
#8293=CARTESIAN_POINT('',(-7.976450519031E0,-7.245708650730E0,-1.765E1));
#8294=DIRECTION('',(1.E0,0.E0,0.E0));
#8295=DIRECTION('',(0.E0,0.E0,1.E0));
#8296=AXIS2_PLACEMENT_3D('',#8293,#8294,#8295);
#8297=PLANE('',#8296);
#8298=ORIENTED_EDGE('',*,*,#7758,.F.);
#8300=ORIENTED_EDGE('',*,*,#8299,.T.);
#8302=ORIENTED_EDGE('',*,*,#8301,.T.);
#8303=ORIENTED_EDGE('',*,*,#8284,.F.);
#8304=EDGE_LOOP('',(#8298,#8300,#8302,#8303));
#8305=FACE_OUTER_BOUND('',#8304,.F.);
#8307=CARTESIAN_POINT('',(-8.226450517998E0,-7.070708650519E0,-1.765E1));
#8308=DIRECTION('',(0.E0,1.E0,0.E0));
#8309=DIRECTION('',(0.E0,0.E0,-1.E0));
#8310=AXIS2_PLACEMENT_3D('',#8307,#8308,#8309);
#8311=PLANE('',#8310);
#8312=ORIENTED_EDGE('',*,*,#7756,.T.);
#8314=ORIENTED_EDGE('',*,*,#8313,.T.);
#8316=ORIENTED_EDGE('',*,*,#8315,.T.);
#8317=ORIENTED_EDGE('',*,*,#8299,.F.);
#8318=EDGE_LOOP('',(#8312,#8314,#8316,#8317));
#8319=FACE_OUTER_BOUND('',#8318,.F.);
#8321=CARTESIAN_POINT('',(-8.476450519031E0,-7.245708650730E0,-1.765E1));
#8322=DIRECTION('',(1.E0,0.E0,0.E0));
#8323=DIRECTION('',(0.E0,1.E0,0.E0));
#8324=AXIS2_PLACEMENT_3D('',#8321,#8322,#8323);
#8325=PLANE('',#8324);
#8326=ORIENTED_EDGE('',*,*,#7754,.F.);
#8327=ORIENTED_EDGE('',*,*,#8288,.F.);
#8329=ORIENTED_EDGE('',*,*,#8328,.T.);
#8330=ORIENTED_EDGE('',*,*,#8313,.F.);
#8331=EDGE_LOOP('',(#8326,#8327,#8329,#8330));
#8332=FACE_OUTER_BOUND('',#8331,.F.);
#8334=CARTESIAN_POINT('',(-8.226450518686E0,-7.245708650730E0,-1.94E1));
#8335=DIRECTION('',(0.E0,0.E0,1.E0));
#8336=DIRECTION('',(-1.E0,0.E0,0.E0));
#8337=AXIS2_PLACEMENT_3D('',#8334,#8335,#8336);
#8338=PLANE('',#8337);
#8339=ORIENTED_EDGE('',*,*,#8301,.F.);
#8340=ORIENTED_EDGE('',*,*,#8315,.F.);
#8341=ORIENTED_EDGE('',*,*,#8328,.F.);
#8342=ORIENTED_EDGE('',*,*,#8286,.F.);
#8343=EDGE_LOOP('',(#8339,#8340,#8341,#8342));
#8344=FACE_OUTER_BOUND('',#8343,.F.);
#8346=CARTESIAN_POINT('',(-1.076645051833E1,-7.420708650519E0,-1.765E1));
#8347=DIRECTION('',(0.E0,1.E0,0.E0));
#8348=DIRECTION('',(0.E0,0.E0,1.E0));
#8349=AXIS2_PLACEMENT_3D('',#8346,#8347,#8348);
#8350=PLANE('',#8349);
#8351=ORIENTED_EDGE('',*,*,#7762,.T.);
#8353=ORIENTED_EDGE('',*,*,#8352,.T.);
#8355=ORIENTED_EDGE('',*,*,#8354,.T.);
#8357=ORIENTED_EDGE('',*,*,#8356,.T.);
#8358=EDGE_LOOP('',(#8351,#8353,#8355,#8357));
#8359=FACE_OUTER_BOUND('',#8358,.F.);
#8361=CARTESIAN_POINT('',(-1.051645051903E1,-7.245708650730E0,-1.765E1));
#8362=DIRECTION('',(1.E0,0.E0,0.E0));
#8363=DIRECTION('',(0.E0,0.E0,1.E0));
#8364=AXIS2_PLACEMENT_3D('',#8361,#8362,#8363);
#8365=PLANE('',#8364);
#8366=ORIENTED_EDGE('',*,*,#7768,.F.);
#8368=ORIENTED_EDGE('',*,*,#8367,.T.);
#8370=ORIENTED_EDGE('',*,*,#8369,.T.);
#8371=ORIENTED_EDGE('',*,*,#8352,.F.);
#8372=EDGE_LOOP('',(#8366,#8368,#8370,#8371));
#8373=FACE_OUTER_BOUND('',#8372,.F.);
#8375=CARTESIAN_POINT('',(-1.076645051833E1,-7.070708650519E0,-1.765E1));
#8376=DIRECTION('',(0.E0,1.E0,0.E0));
#8377=DIRECTION('',(0.E0,0.E0,-1.E0));
#8378=AXIS2_PLACEMENT_3D('',#8375,#8376,#8377);
#8379=PLANE('',#8378);
#8380=ORIENTED_EDGE('',*,*,#7766,.T.);
#8382=ORIENTED_EDGE('',*,*,#8381,.T.);
#8384=ORIENTED_EDGE('',*,*,#8383,.T.);
#8385=ORIENTED_EDGE('',*,*,#8367,.F.);
#8386=EDGE_LOOP('',(#8380,#8382,#8384,#8385));
#8387=FACE_OUTER_BOUND('',#8386,.F.);
#8389=CARTESIAN_POINT('',(-1.101645051903E1,-7.245708650730E0,-1.765E1));
#8390=DIRECTION('',(1.E0,0.E0,0.E0));
#8391=DIRECTION('',(0.E0,1.E0,0.E0));
#8392=AXIS2_PLACEMENT_3D('',#8389,#8390,#8391);
#8393=PLANE('',#8392);
#8394=ORIENTED_EDGE('',*,*,#7764,.F.);
#8395=ORIENTED_EDGE('',*,*,#8356,.F.);
#8397=ORIENTED_EDGE('',*,*,#8396,.T.);
#8398=ORIENTED_EDGE('',*,*,#8381,.F.);
#8399=EDGE_LOOP('',(#8394,#8395,#8397,#8398));
#8400=FACE_OUTER_BOUND('',#8399,.F.);
#8402=CARTESIAN_POINT('',(-1.076645051879E1,-7.245708650730E0,-1.94E1));
#8403=DIRECTION('',(0.E0,0.E0,1.E0));
#8404=DIRECTION('',(-1.E0,0.E0,0.E0));
#8405=AXIS2_PLACEMENT_3D('',#8402,#8403,#8404);
#8406=PLANE('',#8405);
#8407=ORIENTED_EDGE('',*,*,#8369,.F.);
#8408=ORIENTED_EDGE('',*,*,#8383,.F.);
#8409=ORIENTED_EDGE('',*,*,#8396,.F.);
#8410=ORIENTED_EDGE('',*,*,#8354,.F.);
#8411=EDGE_LOOP('',(#8407,#8408,#8409,#8410));
#8412=FACE_OUTER_BOUND('',#8411,.F.);
#8414=CARTESIAN_POINT('',(-3.146450519320E0,-7.420708650519E0,-1.765E1));
#8415=DIRECTION('',(0.E0,1.E0,0.E0));
#8416=DIRECTION('',(0.E0,0.E0,1.E0));
#8417=AXIS2_PLACEMENT_3D('',#8414,#8415,#8416);
#8418=PLANE('',#8417);
#8419=ORIENTED_EDGE('',*,*,#7772,.T.);
#8421=ORIENTED_EDGE('',*,*,#8420,.T.);
#8423=ORIENTED_EDGE('',*,*,#8422,.T.);
#8425=ORIENTED_EDGE('',*,*,#8424,.T.);
#8426=EDGE_LOOP('',(#8419,#8421,#8423,#8425));
#8427=FACE_OUTER_BOUND('',#8426,.F.);
#8429=CARTESIAN_POINT('',(-2.896450519031E0,-7.245708650730E0,-1.765E1));
#8430=DIRECTION('',(1.E0,0.E0,0.E0));
#8431=DIRECTION('',(0.E0,0.E0,1.E0));
#8432=AXIS2_PLACEMENT_3D('',#8429,#8430,#8431);
#8433=PLANE('',#8432);
#8434=ORIENTED_EDGE('',*,*,#7778,.F.);
#8436=ORIENTED_EDGE('',*,*,#8435,.T.);
#8438=ORIENTED_EDGE('',*,*,#8437,.T.);
#8439=ORIENTED_EDGE('',*,*,#8420,.F.);
#8440=EDGE_LOOP('',(#8434,#8436,#8438,#8439));
#8441=FACE_OUTER_BOUND('',#8440,.F.);
#8443=CARTESIAN_POINT('',(-3.146450519320E0,-7.070708650519E0,-1.765E1));
#8444=DIRECTION('',(0.E0,1.E0,0.E0));
#8445=DIRECTION('',(0.E0,0.E0,-1.E0));
#8446=AXIS2_PLACEMENT_3D('',#8443,#8444,#8445);
#8447=PLANE('',#8446);
#8448=ORIENTED_EDGE('',*,*,#7776,.T.);
#8450=ORIENTED_EDGE('',*,*,#8449,.T.);
#8452=ORIENTED_EDGE('',*,*,#8451,.T.);
#8453=ORIENTED_EDGE('',*,*,#8435,.F.);
#8454=EDGE_LOOP('',(#8448,#8450,#8452,#8453));
#8455=FACE_OUTER_BOUND('',#8454,.F.);
#8457=CARTESIAN_POINT('',(-3.396450519031E0,-7.245708650730E0,-1.765E1));
#8458=DIRECTION('',(1.E0,0.E0,0.E0));
#8459=DIRECTION('',(0.E0,1.E0,0.E0));
#8460=AXIS2_PLACEMENT_3D('',#8457,#8458,#8459);
#8461=PLANE('',#8460);
#8462=ORIENTED_EDGE('',*,*,#7774,.F.);
#8463=ORIENTED_EDGE('',*,*,#8424,.F.);
#8465=ORIENTED_EDGE('',*,*,#8464,.T.);
#8466=ORIENTED_EDGE('',*,*,#8449,.F.);
#8467=EDGE_LOOP('',(#8462,#8463,#8465,#8466));
#8468=FACE_OUTER_BOUND('',#8467,.F.);
#8470=CARTESIAN_POINT('',(-3.146450519320E0,-7.245708650730E0,-1.94E1));
#8471=DIRECTION('',(0.E0,0.E0,1.E0));
#8472=DIRECTION('',(-1.E0,0.E0,0.E0));
#8473=AXIS2_PLACEMENT_3D('',#8470,#8471,#8472);
#8474=PLANE('',#8473);
#8475=ORIENTED_EDGE('',*,*,#8437,.F.);
#8476=ORIENTED_EDGE('',*,*,#8451,.F.);
#8477=ORIENTED_EDGE('',*,*,#8464,.F.);
#8478=ORIENTED_EDGE('',*,*,#8422,.F.);
#8479=EDGE_LOOP('',(#8475,#8476,#8477,#8478));
#8480=FACE_OUTER_BOUND('',#8479,.F.);
#8482=CARTESIAN_POINT('',(-6.339244082298E0,3.343291349481E0,
-1.078499999970E1));
#8483=DIRECTION('',(0.E0,1.E0,0.E0));
#8484=DIRECTION('',(0.E0,0.E0,-1.E0));
#8485=AXIS2_PLACEMENT_3D('',#8482,#8483,#8484);
#8486=PLANE('',#8485);
#8488=ORIENTED_EDGE('',*,*,#8487,.F.);
#8489=ORIENTED_EDGE('',*,*,#7782,.F.);
#8491=ORIENTED_EDGE('',*,*,#8490,.F.);
#8493=ORIENTED_EDGE('',*,*,#8492,.T.);
#8495=ORIENTED_EDGE('',*,*,#8494,.F.);
#8497=ORIENTED_EDGE('',*,*,#8496,.T.);
#8499=ORIENTED_EDGE('',*,*,#8498,.F.);
#8501=ORIENTED_EDGE('',*,*,#8500,.T.);
#8502=EDGE_LOOP('',(#8488,#8489,#8491,#8493,#8495,#8497,#8499,#8501));
#8503=FACE_OUTER_BOUND('',#8502,.F.);
#8505=CARTESIAN_POINT('',(-9.589244083031E0,5.168291348209E0,
-1.078499999910E1));
#8506=DIRECTION('',(1.E0,0.E0,0.E0));
#8507=DIRECTION('',(0.E0,-1.E0,0.E0));
#8508=AXIS2_PLACEMENT_3D('',#8505,#8506,#8507);
#8509=PLANE('',#8508);
#8511=ORIENTED_EDGE('',*,*,#8510,.F.);
#8512=ORIENTED_EDGE('',*,*,#7784,.F.);
#8513=ORIENTED_EDGE('',*,*,#8487,.T.);
#8515=ORIENTED_EDGE('',*,*,#8514,.T.);
#8516=EDGE_LOOP('',(#8511,#8512,#8513,#8515));
#8517=FACE_OUTER_BOUND('',#8516,.F.);
#8519=CARTESIAN_POINT('',(-6.339244082298E0,6.993291349481E0,
-1.009999999944E1));
#8520=DIRECTION('',(0.E0,1.E0,0.E0));
#8521=DIRECTION('',(-1.E0,0.E0,0.E0));
#8522=AXIS2_PLACEMENT_3D('',#8519,#8520,#8521);
#8523=PLANE('',#8522);
#8525=ORIENTED_EDGE('',*,*,#8524,.T.);
#8526=ORIENTED_EDGE('',*,*,#7786,.F.);
#8527=ORIENTED_EDGE('',*,*,#8510,.T.);
#8529=ORIENTED_EDGE('',*,*,#8528,.T.);
#8531=ORIENTED_EDGE('',*,*,#8530,.F.);
#8533=ORIENTED_EDGE('',*,*,#8532,.T.);
#8535=ORIENTED_EDGE('',*,*,#8534,.F.);
#8537=ORIENTED_EDGE('',*,*,#8536,.T.);
#8539=ORIENTED_EDGE('',*,*,#8538,.F.);
#8540=ORIENTED_EDGE('',*,*,#7794,.F.);
#8542=ORIENTED_EDGE('',*,*,#8541,.F.);
#8544=ORIENTED_EDGE('',*,*,#8543,.T.);
#8545=EDGE_LOOP('',(#8525,#8526,#8527,#8529,#8531,#8533,#8535,#8537,#8539,#8540,
#8542,#8544));
#8546=FACE_OUTER_BOUND('',#8545,.F.);
#8548=CARTESIAN_POINT('',(-9.339244086734E0,7.393291349475E0,-1.605E1));
#8549=DIRECTION('',(1.E0,0.E0,0.E0));
#8550=DIRECTION('',(0.E0,1.E0,0.E0));
#8551=AXIS2_PLACEMENT_3D('',#8548,#8549,#8550);
#8552=PLANE('',#8551);
#8553=ORIENTED_EDGE('',*,*,#7788,.F.);
#8554=ORIENTED_EDGE('',*,*,#8524,.F.);
#8556=ORIENTED_EDGE('',*,*,#8555,.F.);
#8558=ORIENTED_EDGE('',*,*,#8557,.T.);
#8559=EDGE_LOOP('',(#8553,#8554,#8556,#8558));
#8560=FACE_OUTER_BOUND('',#8559,.F.);
#8562=CARTESIAN_POINT('',(-6.339244086734E0,7.243291349481E0,-1.62E1));
#8563=DIRECTION('',(0.E0,0.E0,1.E0));
#8564=DIRECTION('',(-1.E0,0.E0,0.E0));
#8565=AXIS2_PLACEMENT_3D('',#8562,#8563,#8564);
#8566=PLANE('',#8565);
#8568=ORIENTED_EDGE('',*,*,#8567,.F.);
#8569=ORIENTED_EDGE('',*,*,#8555,.T.);
#8570=ORIENTED_EDGE('',*,*,#8543,.F.);
#8572=ORIENTED_EDGE('',*,*,#8571,.F.);
#8573=EDGE_LOOP('',(#8568,#8569,#8570,#8572));
#8574=FACE_OUTER_BOUND('',#8573,.F.);
#8576=CARTESIAN_POINT('',(-6.339244086734E0,7.643291349481E0,-1.605E1));
#8577=DIRECTION('',(0.E0,7.071067811956E-1,-7.071067811775E-1));
#8578=DIRECTION('',(0.E0,7.071067811775E-1,7.071067811956E-1));
#8579=AXIS2_PLACEMENT_3D('',#8576,#8577,#8578);
#8580=PLANE('',#8579);
#8581=ORIENTED_EDGE('',*,*,#7790,.F.);
#8582=ORIENTED_EDGE('',*,*,#8557,.F.);
#8583=ORIENTED_EDGE('',*,*,#8567,.T.);
#8585=ORIENTED_EDGE('',*,*,#8584,.F.);
#8586=EDGE_LOOP('',(#8581,#8582,#8583,#8585));
#8587=FACE_OUTER_BOUND('',#8586,.F.);
#8589=CARTESIAN_POINT('',(-3.339244086734E0,7.393291349476E0,-1.605E1));
#8590=DIRECTION('',(1.E0,0.E0,0.E0));
#8591=DIRECTION('',(0.E0,-1.E0,0.E0));
#8592=AXIS2_PLACEMENT_3D('',#8589,#8590,#8591);
#8593=PLANE('',#8592);
#8594=ORIENTED_EDGE('',*,*,#7792,.F.);
#8595=ORIENTED_EDGE('',*,*,#8584,.T.);
#8596=ORIENTED_EDGE('',*,*,#8571,.T.);
#8597=ORIENTED_EDGE('',*,*,#8541,.T.);
#8598=EDGE_LOOP('',(#8594,#8595,#8596,#8597));
#8599=FACE_OUTER_BOUND('',#8598,.F.);
#8601=CARTESIAN_POINT('',(-8.967847300687E0,5.168291349053E0,-5.67E0));
#8602=DIRECTION('',(0.E0,0.E0,1.E0));
#8603=DIRECTION('',(-1.E0,0.E0,0.E0));
#8604=AXIS2_PLACEMENT_3D('',#8601,#8602,#8603);
#8605=PLANE('',#8604);
#8607=ORIENTED_EDGE('',*,*,#8606,.F.);
#8609=ORIENTED_EDGE('',*,*,#8608,.T.);
#8611=ORIENTED_EDGE('',*,*,#8610,.F.);
#8612=ORIENTED_EDGE('',*,*,#8528,.F.);
#8613=ORIENTED_EDGE('',*,*,#8514,.F.);
#8614=ORIENTED_EDGE('',*,*,#8500,.F.);
#8615=EDGE_LOOP('',(#8607,#8609,#8611,#8612,#8613,#8614));
#8616=FACE_OUTER_BOUND('',#8615,.F.);
#8618=CARTESIAN_POINT('',(-9.471450519031E0,3.068291351709E0,-5.54E0));
#8619=DIRECTION('',(1.E0,0.E0,0.E0));
#8620=DIRECTION('',(0.E0,-1.E0,0.E0));
#8621=AXIS2_PLACEMENT_3D('',#8618,#8619,#8620);
#8622=PLANE('',#8621);
#8624=ORIENTED_EDGE('',*,*,#8623,.T.);
#8626=ORIENTED_EDGE('',*,*,#8625,.T.);
#8627=ORIENTED_EDGE('',*,*,#8606,.T.);
#8628=ORIENTED_EDGE('',*,*,#8498,.T.);
#8630=ORIENTED_EDGE('',*,*,#8629,.T.);
#8632=ORIENTED_EDGE('',*,*,#8631,.T.);
#8634=ORIENTED_EDGE('',*,*,#8633,.F.);
#8636=ORIENTED_EDGE('',*,*,#8635,.T.);
#8638=ORIENTED_EDGE('',*,*,#8637,.T.);
#8640=ORIENTED_EDGE('',*,*,#8639,.T.);
#8642=ORIENTED_EDGE('',*,*,#8641,.T.);
#8644=ORIENTED_EDGE('',*,*,#8643,.T.);
#8646=ORIENTED_EDGE('',*,*,#8645,.F.);
#8647=EDGE_LOOP('',(#8624,#8626,#8627,#8628,#8630,#8632,#8634,#8636,#8638,#8640,
#8642,#8644,#8646));
#8648=FACE_OUTER_BOUND('',#8647,.F.);
#8650=CARTESIAN_POINT('',(-9.506979842132E0,5.443291349481E0,-5.E-1));
#8651=DIRECTION('',(1.E0,0.E0,0.E0));
#8652=DIRECTION('',(0.E0,0.E0,-1.E0));
#8653=AXIS2_PLACEMENT_3D('',#8650,#8651,#8652);
#8654=CYLINDRICAL_SURFACE('',#8653,5.E-1);
#8656=ORIENTED_EDGE('',*,*,#8655,.F.);
#8658=ORIENTED_EDGE('',*,*,#8657,.T.);
#8659=ORIENTED_EDGE('',*,*,#8623,.F.);
#8661=ORIENTED_EDGE('',*,*,#8660,.T.);
#8662=EDGE_LOOP('',(#8656,#8658,#8659,#8661));
#8663=FACE_OUTER_BOUND('',#8662,.F.);
#8665=CARTESIAN_POINT('',(-8.346450519031E0,6.211640285126E0,
-2.834999999700E0));
#8666=DIRECTION('',(1.E0,0.E0,0.E0));
#8667=DIRECTION('',(0.E0,-1.E0,0.E0));
#8668=AXIS2_PLACEMENT_3D('',#8665,#8666,#8667);
#8669=PLANE('',#8668);
#8670=ORIENTED_EDGE('',*,*,#8530,.T.);
#8671=ORIENTED_EDGE('',*,*,#8610,.T.);
#8673=ORIENTED_EDGE('',*,*,#8672,.T.);
#8674=ORIENTED_EDGE('',*,*,#8655,.T.);
#8676=ORIENTED_EDGE('',*,*,#8675,.F.);
#8678=ORIENTED_EDGE('',*,*,#8677,.T.);
#8680=ORIENTED_EDGE('',*,*,#8679,.T.);
#8681=EDGE_LOOP('',(#8670,#8671,#8673,#8674,#8676,#8678,#8680));
#8682=FACE_OUTER_BOUND('',#8681,.F.);
#8684=CARTESIAN_POINT('',(-8.908950519054E0,4.943291349481E0,
-3.085000001300E0));
#8685=DIRECTION('',(0.E0,1.E0,0.E0));
#8686=DIRECTION('',(0.E0,0.E0,1.E0));
#8687=AXIS2_PLACEMENT_3D('',#8684,#8685,#8686);
#8688=PLANE('',#8687);
#8689=ORIENTED_EDGE('',*,*,#8608,.F.);
#8690=ORIENTED_EDGE('',*,*,#8625,.F.);
#8691=ORIENTED_EDGE('',*,*,#8657,.F.);
#8692=ORIENTED_EDGE('',*,*,#8672,.F.);
#8693=EDGE_LOOP('',(#8689,#8690,#8691,#8692));
#8694=FACE_OUTER_BOUND('',#8693,.F.);
#8696=CARTESIAN_POINT('',(-6.321450518684E0,-2.567086491325E-1,0.E0));
#8697=DIRECTION('',(0.E0,0.E0,1.E0));
#8698=DIRECTION('',(1.E0,0.E0,0.E0));
#8699=AXIS2_PLACEMENT_3D('',#8696,#8697,#8698);
#8700=PLANE('',#8699);
#8702=ORIENTED_EDGE('',*,*,#8701,.T.);
#8704=ORIENTED_EDGE('',*,*,#8703,.T.);
#8706=ORIENTED_EDGE('',*,*,#8705,.T.);
#8708=ORIENTED_EDGE('',*,*,#8707,.T.);
#8710=ORIENTED_EDGE('',*,*,#8709,.T.);
#8712=ORIENTED_EDGE('',*,*,#8711,.F.);
#8713=ORIENTED_EDGE('',*,*,#8675,.T.);
#8714=ORIENTED_EDGE('',*,*,#8660,.F.);
#8715=ORIENTED_EDGE('',*,*,#8645,.T.);
#8717=ORIENTED_EDGE('',*,*,#8716,.F.);
#8719=ORIENTED_EDGE('',*,*,#8718,.F.);
#8721=ORIENTED_EDGE('',*,*,#8720,.T.);
#8722=EDGE_LOOP('',(#8702,#8704,#8706,#8708,#8710,#8712,#8713,#8714,#8715,#8717,
#8719,#8721));
#8723=FACE_OUTER_BOUND('',#8722,.F.);
#8725=CARTESIAN_POINT('',(-1.282145051903E1,2.118291349481E0,
1.249999999934E-1));
#8726=DIRECTION('',(1.E0,0.E0,0.E0));
#8727=DIRECTION('',(0.E0,-1.E0,0.E0));
#8728=AXIS2_PLACEMENT_3D('',#8725,#8726,#8727);
#8729=PLANE('',#8728);
#8730=ORIENTED_EDGE('',*,*,#8701,.F.);
#8732=ORIENTED_EDGE('',*,*,#8731,.F.);
#8734=ORIENTED_EDGE('',*,*,#8733,.F.);
#8736=ORIENTED_EDGE('',*,*,#8735,.T.);
#8738=ORIENTED_EDGE('',*,*,#8737,.F.);
#8740=ORIENTED_EDGE('',*,*,#8739,.T.);
#8741=EDGE_LOOP('',(#8730,#8732,#8734,#8736,#8738,#8740));
#8742=FACE_OUTER_BOUND('',#8741,.F.);
#8744=CARTESIAN_POINT('',(-6.321450519029E0,-2.567086505265E-1,
3.199995823877E-12));
#8745=DIRECTION('',(0.E0,0.E0,1.E0));
#8746=DIRECTION('',(0.E0,-1.E0,0.E0));
#8747=AXIS2_PLACEMENT_3D('',#8744,#8745,#8746);
#8748=PLANE('',#8747);
#8750=ORIENTED_EDGE('',*,*,#8749,.F.);
#8752=ORIENTED_EDGE('',*,*,#8751,.F.);
#8754=ORIENTED_EDGE('',*,*,#8753,.T.);
#8756=ORIENTED_EDGE('',*,*,#8755,.F.);
#8758=ORIENTED_EDGE('',*,*,#8757,.T.);
#8759=ORIENTED_EDGE('',*,*,#8731,.T.);
#8761=ORIENTED_EDGE('',*,*,#8760,.T.);
#8763=ORIENTED_EDGE('',*,*,#8762,.F.);
#8764=EDGE_LOOP('',(#8750,#8752,#8754,#8756,#8758,#8759,#8761,#8763));
#8765=FACE_OUTER_BOUND('',#8764,.F.);
#8767=CARTESIAN_POINT('',(-1.264645051957E1,-1.826708650519E0,
-5.115000000155E0));
#8768=DIRECTION('',(0.E0,1.E0,0.E0));
#8769=DIRECTION('',(1.E0,0.E0,0.E0));
#8770=AXIS2_PLACEMENT_3D('',#8767,#8768,#8769);
#8771=PLANE('',#8770);
#8772=ORIENTED_EDGE('',*,*,#8749,.T.);
#8774=ORIENTED_EDGE('',*,*,#8773,.T.);
#8776=ORIENTED_EDGE('',*,*,#8775,.F.);
#8778=ORIENTED_EDGE('',*,*,#8777,.T.);
#8780=ORIENTED_EDGE('',*,*,#8779,.T.);
#8782=ORIENTED_EDGE('',*,*,#8781,.F.);
#8783=EDGE_LOOP('',(#8772,#8774,#8776,#8778,#8780,#8782));
#8784=FACE_OUTER_BOUND('',#8783,.F.);
#8786=CARTESIAN_POINT('',(-1.302145051903E1,-6.267086511692E-1,-5.115E0));
#8787=DIRECTION('',(1.E0,0.E0,0.E0));
#8788=DIRECTION('',(0.E0,0.E0,1.E0));
#8789=AXIS2_PLACEMENT_3D('',#8786,#8787,#8788);
#8790=PLANE('',#8789);
#8791=ORIENTED_EDGE('',*,*,#8762,.T.);
#8793=ORIENTED_EDGE('',*,*,#8792,.T.);
#8795=ORIENTED_EDGE('',*,*,#8794,.F.);
#8796=ORIENTED_EDGE('',*,*,#8773,.F.);
#8797=EDGE_LOOP('',(#8791,#8793,#8795,#8796));
#8798=FACE_OUTER_BOUND('',#8797,.F.);
#8800=CARTESIAN_POINT('',(-1.264645051956E1,5.732913494809E-1,-5.115E0));
#8801=DIRECTION('',(0.E0,1.E0,0.E0));
#8802=DIRECTION('',(0.E0,0.E0,1.E0));
#8803=AXIS2_PLACEMENT_3D('',#8800,#8801,#8802);
#8804=PLANE('',#8803);
#8805=ORIENTED_EDGE('',*,*,#8760,.F.);
#8806=ORIENTED_EDGE('',*,*,#8720,.F.);
#8808=ORIENTED_EDGE('',*,*,#8807,.T.);
#8810=ORIENTED_EDGE('',*,*,#8809,.T.);
#8812=ORIENTED_EDGE('',*,*,#8811,.F.);
#8813=ORIENTED_EDGE('',*,*,#8792,.F.);
#8814=EDGE_LOOP('',(#8805,#8806,#8808,#8810,#8812,#8813));
#8815=FACE_OUTER_BOUND('',#8814,.F.);
#8817=CARTESIAN_POINT('',(-1.277145051903E1,5.108913494729E-1,-5.E-1));
#8818=DIRECTION('',(0.E0,1.E0,0.E0));
#8819=DIRECTION('',(-1.E0,0.E0,0.E0));
#8820=AXIS2_PLACEMENT_3D('',#8817,#8818,#8819);
#8821=CYLINDRICAL_SURFACE('',#8820,5.E-1);
#8822=ORIENTED_EDGE('',*,*,#8807,.F.);
#8823=ORIENTED_EDGE('',*,*,#8718,.T.);
#8825=ORIENTED_EDGE('',*,*,#8824,.F.);
#8827=ORIENTED_EDGE('',*,*,#8826,.T.);
#8828=EDGE_LOOP('',(#8822,#8823,#8825,#8827));
#8829=FACE_OUTER_BOUND('',#8828,.F.);
#8831=CARTESIAN_POINT('',(-1.283745052393E1,3.693291349481E0,-5.E-1));
#8832=DIRECTION('',(1.E0,0.E0,0.E0));
#8833=DIRECTION('',(0.E0,1.E0,0.E0));
#8834=AXIS2_PLACEMENT_3D('',#8831,#8832,#8833);
#8835=CYLINDRICAL_SURFACE('',#8834,5.E-1);
#8836=ORIENTED_EDGE('',*,*,#8643,.F.);
#8838=ORIENTED_EDGE('',*,*,#8837,.T.);
#8839=ORIENTED_EDGE('',*,*,#8824,.T.);
#8840=ORIENTED_EDGE('',*,*,#8716,.T.);
#8841=EDGE_LOOP('',(#8836,#8838,#8839,#8840));
#8842=FACE_OUTER_BOUND('',#8841,.F.);
#8844=CARTESIAN_POINT('',(-1.087145051903E1,3.193291349481E0,
-4.629999999619E0));
#8845=DIRECTION('',(0.E0,1.E0,0.E0));
#8846=DIRECTION('',(-1.E0,0.E0,0.E0));
#8847=AXIS2_PLACEMENT_3D('',#8844,#8845,#8846);
#8848=PLANE('',#8847);
#8850=ORIENTED_EDGE('',*,*,#8849,.F.);
#8852=ORIENTED_EDGE('',*,*,#8851,.F.);
#8853=ORIENTED_EDGE('',*,*,#8837,.F.);
#8854=ORIENTED_EDGE('',*,*,#8641,.F.);
#8855=EDGE_LOOP('',(#8850,#8852,#8853,#8854));
#8856=FACE_OUTER_BOUND('',#8855,.F.);
#8858=CARTESIAN_POINT('',(-1.087145051903E1,2.893291351039E0,-8.76E0));
#8859=DIRECTION('',(0.E0,0.E0,1.E0));
#8860=DIRECTION('',(1.E0,0.E0,0.E0));
#8861=AXIS2_PLACEMENT_3D('',#8858,#8859,#8860);
#8862=PLANE('',#8861);
#8864=ORIENTED_EDGE('',*,*,#8863,.F.);
#8865=ORIENTED_EDGE('',*,*,#8849,.T.);
#8866=ORIENTED_EDGE('',*,*,#8639,.F.);
#8868=ORIENTED_EDGE('',*,*,#8867,.F.);
#8869=EDGE_LOOP('',(#8864,#8865,#8866,#8868));
#8870=FACE_OUTER_BOUND('',#8869,.F.);
#8872=CARTESIAN_POINT('',(-1.227145051903E1,1.883291349375E0,-5.365E0));
#8873=DIRECTION('',(1.E0,0.E0,0.E0));
#8874=DIRECTION('',(0.E0,-1.E0,0.E0));
#8875=AXIS2_PLACEMENT_3D('',#8872,#8873,#8874);
#8876=PLANE('',#8875);
#8877=ORIENTED_EDGE('',*,*,#8863,.T.);
#8879=ORIENTED_EDGE('',*,*,#8878,.T.);
#8881=ORIENTED_EDGE('',*,*,#8880,.F.);
#8883=ORIENTED_EDGE('',*,*,#8882,.F.);
#8884=ORIENTED_EDGE('',*,*,#8809,.F.);
#8885=ORIENTED_EDGE('',*,*,#8826,.F.);
#8886=ORIENTED_EDGE('',*,*,#8851,.T.);
#8887=EDGE_LOOP('',(#8877,#8879,#8881,#8883,#8884,#8885,#8886));
#8888=FACE_OUTER_BOUND('',#8887,.F.);
#8890=CARTESIAN_POINT('',(-9.415450519031E0,2.593291349481E0,-9.26E0));
#8891=DIRECTION('',(-1.E0,0.E0,0.E0));
#8892=DIRECTION('',(0.E0,0.E0,1.E0));
#8893=AXIS2_PLACEMENT_3D('',#8890,#8891,#8892);
#8894=CYLINDRICAL_SURFACE('',#8893,5.E-1);
#8895=ORIENTED_EDGE('',*,*,#8878,.F.);
#8896=ORIENTED_EDGE('',*,*,#8867,.T.);
#8897=ORIENTED_EDGE('',*,*,#8637,.F.);
#8899=ORIENTED_EDGE('',*,*,#8898,.T.);
#8900=EDGE_LOOP('',(#8895,#8896,#8897,#8899));
#8901=FACE_OUTER_BOUND('',#8900,.F.);
#8903=CARTESIAN_POINT('',(-1.087145051951E1,2.093291349481E0,
-9.744999999926E0));
#8904=DIRECTION('',(0.E0,1.E0,0.E0));
#8905=DIRECTION('',(0.E0,0.E0,1.E0));
#8906=AXIS2_PLACEMENT_3D('',#8903,#8904,#8905);
#8907=PLANE('',#8906);
#8909=ORIENTED_EDGE('',*,*,#8908,.F.);
#8910=ORIENTED_EDGE('',*,*,#8880,.T.);
#8911=ORIENTED_EDGE('',*,*,#8898,.F.);
#8912=ORIENTED_EDGE('',*,*,#8635,.F.);
#8913=EDGE_LOOP('',(#8909,#8910,#8911,#8912));
#8914=FACE_OUTER_BOUND('',#8913,.F.);
#8916=CARTESIAN_POINT('',(-6.321450519033E0,-7.567086505015E-1,-1.023E1));
#8917=DIRECTION('',(0.E0,0.E0,1.E0));
#8918=DIRECTION('',(1.E0,0.E0,0.E0));
#8919=AXIS2_PLACEMENT_3D('',#8916,#8917,#8918);
#8920=PLANE('',#8919);
#8922=ORIENTED_EDGE('',*,*,#8921,.T.);
#8924=ORIENTED_EDGE('',*,*,#8923,.T.);
#8926=ORIENTED_EDGE('',*,*,#8925,.T.);
#8928=ORIENTED_EDGE('',*,*,#8927,.T.);
#8930=ORIENTED_EDGE('',*,*,#8929,.T.);
#8932=ORIENTED_EDGE('',*,*,#8931,.T.);
#8934=ORIENTED_EDGE('',*,*,#8933,.T.);
#8936=ORIENTED_EDGE('',*,*,#8935,.T.);
#8938=ORIENTED_EDGE('',*,*,#8937,.T.);
#8940=ORIENTED_EDGE('',*,*,#8939,.T.);
#8942=ORIENTED_EDGE('',*,*,#8941,.T.);
#8944=ORIENTED_EDGE('',*,*,#8943,.T.);
#8946=ORIENTED_EDGE('',*,*,#8945,.T.);
#8948=ORIENTED_EDGE('',*,*,#8947,.T.);
#8950=ORIENTED_EDGE('',*,*,#8949,.T.);
#8952=ORIENTED_EDGE('',*,*,#8951,.T.);
#8954=ORIENTED_EDGE('',*,*,#8953,.T.);
#8956=ORIENTED_EDGE('',*,*,#8955,.T.);
#8958=ORIENTED_EDGE('',*,*,#8957,.T.);
#8960=ORIENTED_EDGE('',*,*,#8959,.T.);
#8962=ORIENTED_EDGE('',*,*,#8961,.T.);
#8964=ORIENTED_EDGE('',*,*,#8963,.T.);
#8966=ORIENTED_EDGE('',*,*,#8965,.T.);
#8968=ORIENTED_EDGE('',*,*,#8967,.T.);
#8970=ORIENTED_EDGE('',*,*,#8969,.T.);
#8972=ORIENTED_EDGE('',*,*,#8971,.T.);
#8974=ORIENTED_EDGE('',*,*,#8973,.T.);
#8976=ORIENTED_EDGE('',*,*,#8975,.T.);
#8978=ORIENTED_EDGE('',*,*,#8977,.T.);
#8980=ORIENTED_EDGE('',*,*,#8979,.T.);
#8982=ORIENTED_EDGE('',*,*,#8981,.T.);
#8984=ORIENTED_EDGE('',*,*,#8983,.T.);
#8986=ORIENTED_EDGE('',*,*,#8985,.T.);
#8988=ORIENTED_EDGE('',*,*,#8987,.T.);
#8990=ORIENTED_EDGE('',*,*,#8989,.T.);
#8992=ORIENTED_EDGE('',*,*,#8991,.T.);
#8994=ORIENTED_EDGE('',*,*,#8993,.T.);
#8996=ORIENTED_EDGE('',*,*,#8995,.T.);
#8998=ORIENTED_EDGE('',*,*,#8997,.T.);
#8999=ORIENTED_EDGE('',*,*,#8775,.T.);
#9000=ORIENTED_EDGE('',*,*,#8794,.T.);
#9001=ORIENTED_EDGE('',*,*,#8811,.T.);
#9002=ORIENTED_EDGE('',*,*,#8882,.T.);
#9003=ORIENTED_EDGE('',*,*,#8908,.T.);
#9004=ORIENTED_EDGE('',*,*,#8633,.T.);
#9006=ORIENTED_EDGE('',*,*,#9005,.T.);
#9008=ORIENTED_EDGE('',*,*,#9007,.F.);
#9010=ORIENTED_EDGE('',*,*,#9009,.T.);
#9012=ORIENTED_EDGE('',*,*,#9011,.T.);
#9014=ORIENTED_EDGE('',*,*,#9013,.F.);
#9016=ORIENTED_EDGE('',*,*,#9015,.F.);
#9018=ORIENTED_EDGE('',*,*,#9017,.F.);
#9020=ORIENTED_EDGE('',*,*,#9019,.F.);
#9022=ORIENTED_EDGE('',*,*,#9021,.T.);
#9024=ORIENTED_EDGE('',*,*,#9023,.T.);
#9026=ORIENTED_EDGE('',*,*,#9025,.T.);
#9027=EDGE_LOOP('',(#8922,#8924,#8926,#8928,#8930,#8932,#8934,#8936,#8938,#8940,
#8942,#8944,#8946,#8948,#8950,#8952,#8954,#8956,#8958,#8960,#8962,#8964,#8966,
#8968,#8970,#8972,#8974,#8976,#8978,#8980,#8982,#8984,#8986,#8988,#8990,#8992,
#8994,#8996,#8998,#8999,#9000,#9001,#9002,#9003,#9004,#9006,#9008,#9010,#9012,
#9014,#9016,#9018,#9020,#9022,#9024,#9026));
#9028=FACE_OUTER_BOUND('',#9027,.F.);
#9030=CARTESIAN_POINT('',(-2.006450519031E0,-1.672072690739E0,
-1.306500000018E1));
#9031=DIRECTION('',(1.E0,0.E0,0.E0));
#9032=DIRECTION('',(0.E0,-1.E0,0.E0));
#9033=AXIS2_PLACEMENT_3D('',#9030,#9031,#9032);
#9034=PLANE('',#9033);
#9036=ORIENTED_EDGE('',*,*,#9035,.T.);
#9038=ORIENTED_EDGE('',*,*,#9037,.F.);
#9039=ORIENTED_EDGE('',*,*,#7804,.F.);
#9041=ORIENTED_EDGE('',*,*,#9040,.T.);
#9042=ORIENTED_EDGE('',*,*,#8921,.F.);
#9043=EDGE_LOOP('',(#9036,#9038,#9039,#9041,#9042));
#9044=FACE_OUTER_BOUND('',#9043,.F.);
#9046=CARTESIAN_POINT('',(-1.731450520814E0,-4.758006602586E-1,
-1.314438829489E1));
#9047=DIRECTION('',(0.E0,9.659258262711E-1,2.588190451694E-1));
#9048=DIRECTION('',(0.E0,-2.588190451694E-1,9.659258262711E-1));
#9049=AXIS2_PLACEMENT_3D('',#9046,#9047,#9048);
#9050=PLANE('',#9049);
#9051=ORIENTED_EDGE('',*,*,#7810,.T.);
#9053=ORIENTED_EDGE('',*,*,#9052,.F.);
#9055=ORIENTED_EDGE('',*,*,#9054,.T.);
#9056=EDGE_LOOP('',(#9051,#9053,#9055));
#9057=FACE_OUTER_BOUND('',#9056,.F.);
#9059=CARTESIAN_POINT('',(-1.731450520814E0,-4.758006602586E-1,
-1.314438829489E1));
#9060=DIRECTION('',(0.E0,9.659258262711E-1,2.588190451694E-1));
#9061=DIRECTION('',(0.E0,-2.588190451694E-1,9.659258262711E-1));
#9062=AXIS2_PLACEMENT_3D('',#9059,#9060,#9061);
#9063=PLANE('',#9062);
#9064=ORIENTED_EDGE('',*,*,#9035,.F.);
#9065=ORIENTED_EDGE('',*,*,#9025,.F.);
#9067=ORIENTED_EDGE('',*,*,#9066,.F.);
#9069=ORIENTED_EDGE('',*,*,#9068,.F.);
#9070=EDGE_LOOP('',(#9064,#9065,#9067,#9069));
#9071=FACE_OUTER_BOUND('',#9070,.F.);
#9073=CARTESIAN_POINT('',(-1.456450519031E0,-1.650800690542E0,
-1.314438830294E1));
#9074=DIRECTION('',(1.E0,0.E0,0.E0));
#9075=DIRECTION('',(0.E0,1.E0,0.E0));
#9076=AXIS2_PLACEMENT_3D('',#9073,#9074,#9075);
#9077=PLANE('',#9076);
#9078=ORIENTED_EDGE('',*,*,#7808,.F.);
#9080=ORIENTED_EDGE('',*,*,#9079,.T.);
#9081=ORIENTED_EDGE('',*,*,#9066,.T.);
#9082=ORIENTED_EDGE('',*,*,#9023,.F.);
#9084=ORIENTED_EDGE('',*,*,#9083,.F.);
#9085=ORIENTED_EDGE('',*,*,#7800,.F.);
#9087=ORIENTED_EDGE('',*,*,#9086,.F.);
#9088=ORIENTED_EDGE('',*,*,#9052,.T.);
#9089=EDGE_LOOP('',(#9078,#9080,#9081,#9082,#9084,#9085,#9087,#9088));
#9090=FACE_OUTER_BOUND('',#9089,.F.);
#9092=CARTESIAN_POINT('',(-2.006450519031E0,2.625632709839E-1,-1.595E1));
#9093=DIRECTION('',(0.E0,1.E0,0.E0));
#9094=DIRECTION('',(1.E0,0.E0,0.E0));
#9095=AXIS2_PLACEMENT_3D('',#9092,#9093,#9094);
#9096=PLANE('',#9095);
#9097=ORIENTED_EDGE('',*,*,#9068,.T.);
#9098=ORIENTED_EDGE('',*,*,#9079,.F.);
#9099=ORIENTED_EDGE('',*,*,#7806,.F.);
#9100=ORIENTED_EDGE('',*,*,#9037,.T.);
#9101=EDGE_LOOP('',(#9097,#9098,#9099,#9100));
#9102=FACE_OUTER_BOUND('',#9101,.F.);
#9104=CARTESIAN_POINT('',(-6.321450519032E0,-3.606708650519E0,
-8.199999999561E0));
#9105=DIRECTION('',(0.E0,1.E0,0.E0));
#9106=DIRECTION('',(1.E0,0.E0,0.E0));
#9107=AXIS2_PLACEMENT_3D('',#9104,#9105,#9106);
#9108=PLANE('',#9107);
#9110=ORIENTED_EDGE('',*,*,#9109,.F.);
#9111=ORIENTED_EDGE('',*,*,#7823,.F.);
#9113=ORIENTED_EDGE('',*,*,#9112,.F.);
#9114=ORIENTED_EDGE('',*,*,#8923,.F.);
#9115=ORIENTED_EDGE('',*,*,#9040,.F.);
#9116=ORIENTED_EDGE('',*,*,#7802,.F.);
#9117=ORIENTED_EDGE('',*,*,#9083,.T.);
#9118=ORIENTED_EDGE('',*,*,#9021,.F.);
#9120=ORIENTED_EDGE('',*,*,#9119,.F.);
#9122=ORIENTED_EDGE('',*,*,#9121,.F.);
#9124=ORIENTED_EDGE('',*,*,#9123,.T.);
#9125=ORIENTED_EDGE('',*,*,#8995,.F.);
#9127=ORIENTED_EDGE('',*,*,#9126,.F.);
#9128=ORIENTED_EDGE('',*,*,#7905,.F.);
#9130=ORIENTED_EDGE('',*,*,#9129,.F.);
#9131=ORIENTED_EDGE('',*,*,#8987,.F.);
#9133=ORIENTED_EDGE('',*,*,#9132,.F.);
#9134=ORIENTED_EDGE('',*,*,#7897,.F.);
#9136=ORIENTED_EDGE('',*,*,#9135,.F.);
#9137=ORIENTED_EDGE('',*,*,#8979,.F.);
#9139=ORIENTED_EDGE('',*,*,#9138,.F.);
#9140=ORIENTED_EDGE('',*,*,#7887,.F.);
#9142=ORIENTED_EDGE('',*,*,#9141,.F.);
#9143=ORIENTED_EDGE('',*,*,#8971,.F.);
#9145=ORIENTED_EDGE('',*,*,#9144,.F.);
#9146=ORIENTED_EDGE('',*,*,#7877,.F.);
#9148=ORIENTED_EDGE('',*,*,#9147,.F.);
#9149=ORIENTED_EDGE('',*,*,#8963,.F.);
#9151=ORIENTED_EDGE('',*,*,#9150,.F.);
#9152=ORIENTED_EDGE('',*,*,#7867,.F.);
#9154=ORIENTED_EDGE('',*,*,#9153,.F.);
#9155=ORIENTED_EDGE('',*,*,#8955,.F.);
#9157=ORIENTED_EDGE('',*,*,#9156,.F.);
#9158=ORIENTED_EDGE('',*,*,#7857,.F.);
#9160=ORIENTED_EDGE('',*,*,#9159,.F.);
#9161=ORIENTED_EDGE('',*,*,#8947,.F.);
#9163=ORIENTED_EDGE('',*,*,#9162,.F.);
#9164=ORIENTED_EDGE('',*,*,#7847,.F.);
#9166=ORIENTED_EDGE('',*,*,#9165,.F.);
#9167=ORIENTED_EDGE('',*,*,#8939,.F.);
#9169=ORIENTED_EDGE('',*,*,#9168,.F.);
#9170=ORIENTED_EDGE('',*,*,#7837,.F.);
#9172=ORIENTED_EDGE('',*,*,#9171,.F.);
#9173=ORIENTED_EDGE('',*,*,#8931,.F.);
#9174=EDGE_LOOP('',(#9110,#9111,#9113,#9114,#9115,#9116,#9117,#9118,#9120,#9122,
#9124,#9125,#9127,#9128,#9130,#9131,#9133,#9134,#9136,#9137,#9139,#9140,#9142,
#9143,#9145,#9146,#9148,#9149,#9151,#9152,#9154,#9155,#9157,#9158,#9160,#9161,
#9163,#9164,#9166,#9167,#9169,#9170,#9172,#9173));
#9175=FACE_OUTER_BOUND('',#9174,.F.);
#9177=ORIENTED_EDGE('',*,*,#9176,.T.);
#9179=ORIENTED_EDGE('',*,*,#9178,.T.);
#9181=ORIENTED_EDGE('',*,*,#9180,.T.);
#9183=ORIENTED_EDGE('',*,*,#9182,.T.);
#9184=EDGE_LOOP('',(#9177,#9179,#9181,#9183));
#9185=FACE_BOUND('',#9184,.F.);
#9187=ORIENTED_EDGE('',*,*,#9186,.T.);
#9189=ORIENTED_EDGE('',*,*,#9188,.T.);
#9191=ORIENTED_EDGE('',*,*,#9190,.T.);
#9193=ORIENTED_EDGE('',*,*,#9192,.T.);
#9194=EDGE_LOOP('',(#9187,#9189,#9191,#9193));
#9195=FACE_BOUND('',#9194,.F.);
#9197=ORIENTED_EDGE('',*,*,#9196,.T.);
#9199=ORIENTED_EDGE('',*,*,#9198,.T.);
#9201=ORIENTED_EDGE('',*,*,#9200,.T.);
#9203=ORIENTED_EDGE('',*,*,#9202,.T.);
#9204=EDGE_LOOP('',(#9197,#9199,#9201,#9203));
#9205=FACE_BOUND('',#9204,.F.);
#9207=ORIENTED_EDGE('',*,*,#9206,.T.);
#9209=ORIENTED_EDGE('',*,*,#9208,.T.);
#9211=ORIENTED_EDGE('',*,*,#9210,.T.);
#9213=ORIENTED_EDGE('',*,*,#9212,.T.);
#9214=EDGE_LOOP('',(#9207,#9209,#9211,#9213));
#9215=FACE_BOUND('',#9214,.F.);
#9217=ORIENTED_EDGE('',*,*,#9216,.T.);
#9219=ORIENTED_EDGE('',*,*,#9218,.T.);
#9221=ORIENTED_EDGE('',*,*,#9220,.T.);
#9223=ORIENTED_EDGE('',*,*,#9222,.T.);
#9224=EDGE_LOOP('',(#9217,#9219,#9221,#9223));
#9225=FACE_BOUND('',#9224,.F.);
#9227=ORIENTED_EDGE('',*,*,#9226,.T.);
#9229=ORIENTED_EDGE('',*,*,#9228,.T.);
#9231=ORIENTED_EDGE('',*,*,#9230,.T.);
#9233=ORIENTED_EDGE('',*,*,#9232,.T.);
#9234=EDGE_LOOP('',(#9227,#9229,#9231,#9233));
#9235=FACE_BOUND('',#9234,.F.);
#9237=ORIENTED_EDGE('',*,*,#9236,.T.);
#9239=ORIENTED_EDGE('',*,*,#9238,.T.);
#9241=ORIENTED_EDGE('',*,*,#9240,.T.);
#9243=ORIENTED_EDGE('',*,*,#9242,.T.);
#9244=EDGE_LOOP('',(#9237,#9239,#9241,#9243));
#9245=FACE_BOUND('',#9244,.F.);
#9247=ORIENTED_EDGE('',*,*,#9246,.T.);
#9249=ORIENTED_EDGE('',*,*,#9248,.T.);
#9251=ORIENTED_EDGE('',*,*,#9250,.T.);
#9253=ORIENTED_EDGE('',*,*,#9252,.T.);
#9254=EDGE_LOOP('',(#9247,#9249,#9251,#9253));
#9255=FACE_BOUND('',#9254,.F.);
#9257=CARTESIAN_POINT('',(-4.021450519031E0,-2.446708650769E0,
-7.614223909675E0));
#9258=DIRECTION('',(1.E0,0.E0,0.E0));
#9259=DIRECTION('',(0.E0,0.E0,-1.E0));
#9260=AXIS2_PLACEMENT_3D('',#9257,#9258,#9259);
#9261=PLANE('',#9260);
#9263=ORIENTED_EDGE('',*,*,#9262,.T.);
#9264=ORIENTED_EDGE('',*,*,#9246,.F.);
#9266=ORIENTED_EDGE('',*,*,#9265,.T.);
#9268=ORIENTED_EDGE('',*,*,#9267,.T.);
#9269=EDGE_LOOP('',(#9263,#9264,#9266,#9268));
#9270=FACE_OUTER_BOUND('',#9269,.F.);
#9272=CARTESIAN_POINT('',(-3.771450518281E0,-2.446708651056E0,
-7.614223909792E0));
#9273=DIRECTION('',(0.E0,9.140549927978E-1,4.055902737264E-1));
#9274=DIRECTION('',(0.E0,4.055902737264E-1,-9.140549927978E-1));
#9275=AXIS2_PLACEMENT_3D('',#9272,#9273,#9274);
#9276=PLANE('',#9275);
#9278=ORIENTED_EDGE('',*,*,#9277,.F.);
#9279=ORIENTED_EDGE('',*,*,#9248,.F.);
#9280=ORIENTED_EDGE('',*,*,#9262,.F.);
#9282=ORIENTED_EDGE('',*,*,#9281,.T.);
#9283=EDGE_LOOP('',(#9278,#9279,#9280,#9282));
#9284=FACE_OUTER_BOUND('',#9283,.F.);
#9286=CARTESIAN_POINT('',(-3.521450519031E0,-2.446708650846E0,
-7.614223909676E0));
#9287=DIRECTION('',(1.E0,0.E0,0.E0));
#9288=DIRECTION('',(0.E0,0.E0,1.E0));
#9289=AXIS2_PLACEMENT_3D('',#9286,#9287,#9288);
#9290=PLANE('',#9289);
#9291=ORIENTED_EDGE('',*,*,#9277,.T.);
#9293=ORIENTED_EDGE('',*,*,#9292,.T.);
#9295=ORIENTED_EDGE('',*,*,#9294,.T.);
#9296=ORIENTED_EDGE('',*,*,#9250,.F.);
#9297=EDGE_LOOP('',(#9291,#9293,#9295,#9296));
#9298=FACE_OUTER_BOUND('',#9297,.F.);
#9300=CARTESIAN_POINT('',(-3.771450518747E0,-1.385207356633E0,
-1.022844782200E1));
#9301=DIRECTION('',(0.E0,0.E0,1.E0));
#9302=DIRECTION('',(1.E0,0.E0,0.E0));
#9303=AXIS2_PLACEMENT_3D('',#9300,#9301,#9302);
#9304=PLANE('',#9303);
#9305=ORIENTED_EDGE('',*,*,#9281,.F.);
#9306=ORIENTED_EDGE('',*,*,#9267,.F.);
#9308=ORIENTED_EDGE('',*,*,#9307,.T.);
#9309=ORIENTED_EDGE('',*,*,#9292,.F.);
#9310=EDGE_LOOP('',(#9305,#9306,#9308,#9309));
#9311=FACE_OUTER_BOUND('',#9310,.F.);
#9313=CARTESIAN_POINT('',(-3.771450518281E0,-2.545207356044E0,
-7.864639174060E0));
#9314=DIRECTION('',(0.E0,9.122407700951E-1,4.096544609500E-1));
#9315=DIRECTION('',(0.E0,-4.096544609500E-1,9.122407700951E-1));
#9316=AXIS2_PLACEMENT_3D('',#9313,#9314,#9315);
#9317=PLANE('',#9316);
#9318=ORIENTED_EDGE('',*,*,#9294,.F.);
#9319=ORIENTED_EDGE('',*,*,#9307,.F.);
#9320=ORIENTED_EDGE('',*,*,#9265,.F.);
#9321=ORIENTED_EDGE('',*,*,#9252,.F.);
#9322=EDGE_LOOP('',(#9318,#9319,#9320,#9321));
#9323=FACE_OUTER_BOUND('',#9322,.F.);
#9325=CARTESIAN_POINT('',(-5.041450519031E0,-2.446708650719E0,
-7.614223909691E0));
#9326=DIRECTION('',(1.E0,0.E0,0.E0));
#9327=DIRECTION('',(0.E0,0.E0,-1.E0));
#9328=AXIS2_PLACEMENT_3D('',#9325,#9326,#9327);
#9329=PLANE('',#9328);
#9331=ORIENTED_EDGE('',*,*,#9330,.T.);
#9332=ORIENTED_EDGE('',*,*,#9176,.F.);
#9334=ORIENTED_EDGE('',*,*,#9333,.T.);
#9336=ORIENTED_EDGE('',*,*,#9335,.T.);
#9337=EDGE_LOOP('',(#9331,#9332,#9334,#9336));
#9338=FACE_OUTER_BOUND('',#9337,.F.);
#9340=CARTESIAN_POINT('',(-4.791450519315E0,-2.446708651037E0,
-7.614223909832E0));
#9341=DIRECTION('',(0.E0,9.140549927975E-1,4.055902737269E-1));
#9342=DIRECTION('',(0.E0,4.055902737269E-1,-9.140549927975E-1));
#9343=AXIS2_PLACEMENT_3D('',#9340,#9341,#9342);
#9344=PLANE('',#9343);
#9345=ORIENTED_EDGE('',*,*,#9330,.F.);
#9347=ORIENTED_EDGE('',*,*,#9346,.T.);
#9349=ORIENTED_EDGE('',*,*,#9348,.F.);
#9350=ORIENTED_EDGE('',*,*,#9178,.F.);
#9351=EDGE_LOOP('',(#9345,#9347,#9349,#9350));
#9352=FACE_OUTER_BOUND('',#9351,.F.);
#9354=CARTESIAN_POINT('',(-4.791450519125E0,-1.385207356519E0,
-1.022844782200E1));
#9355=DIRECTION('',(0.E0,0.E0,1.E0));
#9356=DIRECTION('',(1.E0,0.E0,0.E0));
#9357=AXIS2_PLACEMENT_3D('',#9354,#9355,#9356);
#9358=PLANE('',#9357);
#9359=ORIENTED_EDGE('',*,*,#9346,.F.);
#9360=ORIENTED_EDGE('',*,*,#9335,.F.);
#9362=ORIENTED_EDGE('',*,*,#9361,.T.);
#9364=ORIENTED_EDGE('',*,*,#9363,.T.);
#9365=EDGE_LOOP('',(#9359,#9360,#9362,#9364));
#9366=FACE_OUTER_BOUND('',#9365,.F.);
#9368=CARTESIAN_POINT('',(-4.791450519315E0,-2.545207356033E0,
-7.864639174082E0));
#9369=DIRECTION('',(0.E0,9.122407700951E-1,4.096544609501E-1));
#9370=DIRECTION('',(0.E0,-4.096544609501E-1,9.122407700951E-1));
#9371=AXIS2_PLACEMENT_3D('',#9368,#9369,#9370);
#9372=PLANE('',#9371);
#9373=ORIENTED_EDGE('',*,*,#9333,.F.);
#9374=ORIENTED_EDGE('',*,*,#9182,.F.);
#9376=ORIENTED_EDGE('',*,*,#9375,.F.);
#9377=ORIENTED_EDGE('',*,*,#9361,.F.);
#9378=EDGE_LOOP('',(#9373,#9374,#9376,#9377));
#9379=FACE_OUTER_BOUND('',#9378,.F.);
#9381=CARTESIAN_POINT('',(-4.541450519031E0,-2.446708650719E0,
-7.614223909690E0));
#9382=DIRECTION('',(1.E0,0.E0,0.E0));
#9383=DIRECTION('',(0.E0,0.E0,1.E0));
#9384=AXIS2_PLACEMENT_3D('',#9381,#9382,#9383);
#9385=PLANE('',#9384);
#9386=ORIENTED_EDGE('',*,*,#9348,.T.);
#9387=ORIENTED_EDGE('',*,*,#9363,.F.);
#9388=ORIENTED_EDGE('',*,*,#9375,.T.);
#9389=ORIENTED_EDGE('',*,*,#9180,.F.);
#9390=EDGE_LOOP('',(#9386,#9387,#9388,#9389));
#9391=FACE_OUTER_BOUND('',#9390,.F.);
#9393=CARTESIAN_POINT('',(-6.061450519031E0,-2.446708650719E0,
-7.614223909691E0));
#9394=DIRECTION('',(1.E0,0.E0,0.E0));
#9395=DIRECTION('',(0.E0,0.E0,-1.E0));
#9396=AXIS2_PLACEMENT_3D('',#9393,#9394,#9395);
#9397=PLANE('',#9396);
#9399=ORIENTED_EDGE('',*,*,#9398,.T.);
#9400=ORIENTED_EDGE('',*,*,#9186,.F.);
#9402=ORIENTED_EDGE('',*,*,#9401,.T.);
#9404=ORIENTED_EDGE('',*,*,#9403,.T.);
#9405=EDGE_LOOP('',(#9399,#9400,#9402,#9404));
#9406=FACE_OUTER_BOUND('',#9405,.F.);
#9408=CARTESIAN_POINT('',(-5.811450520159E0,-2.446708651037E0,
-7.614223909832E0));
#9409=DIRECTION('',(0.E0,9.140549927975E-1,4.055902737269E-1));
#9410=DIRECTION('',(0.E0,4.055902737269E-1,-9.140549927975E-1));
#9411=AXIS2_PLACEMENT_3D('',#9408,#9409,#9410);
#9412=PLANE('',#9411);
#9413=ORIENTED_EDGE('',*,*,#9398,.F.);
#9415=ORIENTED_EDGE('',*,*,#9414,.T.);
#9417=ORIENTED_EDGE('',*,*,#9416,.F.);
#9418=ORIENTED_EDGE('',*,*,#9188,.F.);
#9419=EDGE_LOOP('',(#9413,#9415,#9417,#9418));
#9420=FACE_OUTER_BOUND('',#9419,.F.);
#9422=CARTESIAN_POINT('',(-5.811450519504E0,-1.385207356519E0,
-1.022844782200E1));
#9423=DIRECTION('',(0.E0,0.E0,1.E0));
#9424=DIRECTION('',(1.E0,0.E0,0.E0));
#9425=AXIS2_PLACEMENT_3D('',#9422,#9423,#9424);
#9426=PLANE('',#9425);
#9427=ORIENTED_EDGE('',*,*,#9414,.F.);
#9428=ORIENTED_EDGE('',*,*,#9403,.F.);
#9430=ORIENTED_EDGE('',*,*,#9429,.T.);
#9432=ORIENTED_EDGE('',*,*,#9431,.T.);
#9433=EDGE_LOOP('',(#9427,#9428,#9430,#9432));
#9434=FACE_OUTER_BOUND('',#9433,.F.);
#9436=CARTESIAN_POINT('',(-5.811450520159E0,-2.545207356033E0,
-7.864639174082E0));
#9437=DIRECTION('',(0.E0,9.122407700951E-1,4.096544609501E-1));
#9438=DIRECTION('',(0.E0,-4.096544609501E-1,9.122407700951E-1));
#9439=AXIS2_PLACEMENT_3D('',#9436,#9437,#9438);
#9440=PLANE('',#9439);
#9441=ORIENTED_EDGE('',*,*,#9401,.F.);
#9442=ORIENTED_EDGE('',*,*,#9192,.F.);
#9444=ORIENTED_EDGE('',*,*,#9443,.F.);
#9445=ORIENTED_EDGE('',*,*,#9429,.F.);
#9446=EDGE_LOOP('',(#9441,#9442,#9444,#9445));
#9447=FACE_OUTER_BOUND('',#9446,.F.);
#9449=CARTESIAN_POINT('',(-5.561450519031E0,-2.446708650719E0,
-7.614223909690E0));
#9450=DIRECTION('',(1.E0,0.E0,0.E0));
#9451=DIRECTION('',(0.E0,0.E0,1.E0));
#9452=AXIS2_PLACEMENT_3D('',#9449,#9450,#9451);
#9453=PLANE('',#9452);
#9454=ORIENTED_EDGE('',*,*,#9416,.T.);
#9455=ORIENTED_EDGE('',*,*,#9431,.F.);
#9456=ORIENTED_EDGE('',*,*,#9443,.T.);
#9457=ORIENTED_EDGE('',*,*,#9190,.F.);
#9458=EDGE_LOOP('',(#9454,#9455,#9456,#9457));
#9459=FACE_OUTER_BOUND('',#9458,.F.);
#9461=CARTESIAN_POINT('',(-7.081450519031E0,-2.446708650719E0,
-7.614223909691E0));
#9462=DIRECTION('',(1.E0,0.E0,0.E0));
#9463=DIRECTION('',(0.E0,0.E0,-1.E0));
#9464=AXIS2_PLACEMENT_3D('',#9461,#9462,#9463);
#9465=PLANE('',#9464);
#9467=ORIENTED_EDGE('',*,*,#9466,.T.);
#9468=ORIENTED_EDGE('',*,*,#9196,.F.);
#9470=ORIENTED_EDGE('',*,*,#9469,.T.);
#9472=ORIENTED_EDGE('',*,*,#9471,.T.);
#9473=EDGE_LOOP('',(#9467,#9468,#9470,#9472));
#9474=FACE_OUTER_BOUND('',#9473,.F.);
#9476=CARTESIAN_POINT('',(-6.831450517903E0,-2.446708651037E0,
-7.614223909832E0));
#9477=DIRECTION('',(0.E0,9.140549927975E-1,4.055902737269E-1));
#9478=DIRECTION('',(0.E0,4.055902737269E-1,-9.140549927975E-1));
#9479=AXIS2_PLACEMENT_3D('',#9476,#9477,#9478);
#9480=PLANE('',#9479);
#9481=ORIENTED_EDGE('',*,*,#9466,.F.);
#9483=ORIENTED_EDGE('',*,*,#9482,.T.);
#9485=ORIENTED_EDGE('',*,*,#9484,.F.);
#9486=ORIENTED_EDGE('',*,*,#9198,.F.);
#9487=EDGE_LOOP('',(#9481,#9483,#9485,#9486));
#9488=FACE_OUTER_BOUND('',#9487,.F.);
#9490=CARTESIAN_POINT('',(-6.831450518558E0,-1.385207356519E0,
-1.022844782200E1));
#9491=DIRECTION('',(0.E0,0.E0,1.E0));
#9492=DIRECTION('',(1.E0,0.E0,0.E0));
#9493=AXIS2_PLACEMENT_3D('',#9490,#9491,#9492);
#9494=PLANE('',#9493);
#9495=ORIENTED_EDGE('',*,*,#9482,.F.);
#9496=ORIENTED_EDGE('',*,*,#9471,.F.);
#9498=ORIENTED_EDGE('',*,*,#9497,.T.);
#9500=ORIENTED_EDGE('',*,*,#9499,.T.);
#9501=EDGE_LOOP('',(#9495,#9496,#9498,#9500));
#9502=FACE_OUTER_BOUND('',#9501,.F.);
#9504=CARTESIAN_POINT('',(-6.831450517903E0,-2.545207356033E0,
-7.864639174082E0));
#9505=DIRECTION('',(0.E0,9.122407700951E-1,4.096544609501E-1));
#9506=DIRECTION('',(0.E0,-4.096544609501E-1,9.122407700951E-1));
#9507=AXIS2_PLACEMENT_3D('',#9504,#9505,#9506);
#9508=PLANE('',#9507);
#9509=ORIENTED_EDGE('',*,*,#9469,.F.);
#9510=ORIENTED_EDGE('',*,*,#9202,.F.);
#9512=ORIENTED_EDGE('',*,*,#9511,.F.);
#9513=ORIENTED_EDGE('',*,*,#9497,.F.);
#9514=EDGE_LOOP('',(#9509,#9510,#9512,#9513));
#9515=FACE_OUTER_BOUND('',#9514,.F.);
#9517=CARTESIAN_POINT('',(-6.581450519031E0,-2.446708650719E0,
-7.614223909690E0));
#9518=DIRECTION('',(1.E0,0.E0,0.E0));
#9519=DIRECTION('',(0.E0,0.E0,1.E0));
#9520=AXIS2_PLACEMENT_3D('',#9517,#9518,#9519);
#9521=PLANE('',#9520);
#9522=ORIENTED_EDGE('',*,*,#9484,.T.);
#9523=ORIENTED_EDGE('',*,*,#9499,.F.);
#9524=ORIENTED_EDGE('',*,*,#9511,.T.);
#9525=ORIENTED_EDGE('',*,*,#9200,.F.);
#9526=EDGE_LOOP('',(#9522,#9523,#9524,#9525));
#9527=FACE_OUTER_BOUND('',#9526,.F.);
#9529=CARTESIAN_POINT('',(-8.101450519031E0,-2.446708650769E0,
-7.614223909675E0));
#9530=DIRECTION('',(1.E0,0.E0,0.E0));
#9531=DIRECTION('',(0.E0,0.E0,-1.E0));
#9532=AXIS2_PLACEMENT_3D('',#9529,#9530,#9531);
#9533=PLANE('',#9532);
#9535=ORIENTED_EDGE('',*,*,#9534,.T.);
#9536=ORIENTED_EDGE('',*,*,#9206,.F.);
#9538=ORIENTED_EDGE('',*,*,#9537,.T.);
#9540=ORIENTED_EDGE('',*,*,#9539,.T.);
#9541=EDGE_LOOP('',(#9535,#9536,#9538,#9540));
#9542=FACE_OUTER_BOUND('',#9541,.F.);
#9544=CARTESIAN_POINT('',(-7.851450518747E0,-2.446708651056E0,
-7.614223909792E0));
#9545=DIRECTION('',(0.E0,9.140549927978E-1,4.055902737264E-1));
#9546=DIRECTION('',(0.E0,4.055902737264E-1,-9.140549927978E-1));
#9547=AXIS2_PLACEMENT_3D('',#9544,#9545,#9546);
#9548=PLANE('',#9547);
#9550=ORIENTED_EDGE('',*,*,#9549,.F.);
#9551=ORIENTED_EDGE('',*,*,#9208,.F.);
#9552=ORIENTED_EDGE('',*,*,#9534,.F.);
#9554=ORIENTED_EDGE('',*,*,#9553,.T.);
#9555=EDGE_LOOP('',(#9550,#9551,#9552,#9554));
#9556=FACE_OUTER_BOUND('',#9555,.F.);
#9558=CARTESIAN_POINT('',(-7.601450519031E0,-2.446708650846E0,
-7.614223909676E0));
#9559=DIRECTION('',(1.E0,0.E0,0.E0));
#9560=DIRECTION('',(0.E0,0.E0,1.E0));
#9561=AXIS2_PLACEMENT_3D('',#9558,#9559,#9560);
#9562=PLANE('',#9561);
#9563=ORIENTED_EDGE('',*,*,#9549,.T.);
#9565=ORIENTED_EDGE('',*,*,#9564,.T.);
#9567=ORIENTED_EDGE('',*,*,#9566,.T.);
#9568=ORIENTED_EDGE('',*,*,#9210,.F.);
#9569=EDGE_LOOP('',(#9563,#9565,#9567,#9568));
#9570=FACE_OUTER_BOUND('',#9569,.F.);
#9572=CARTESIAN_POINT('',(-7.851450518937E0,-1.385207356633E0,
-1.022844782200E1));
#9573=DIRECTION('',(0.E0,0.E0,1.E0));
#9574=DIRECTION('',(1.E0,0.E0,0.E0));
#9575=AXIS2_PLACEMENT_3D('',#9572,#9573,#9574);
#9576=PLANE('',#9575);
#9577=ORIENTED_EDGE('',*,*,#9553,.F.);
#9578=ORIENTED_EDGE('',*,*,#9539,.F.);
#9580=ORIENTED_EDGE('',*,*,#9579,.T.);
#9581=ORIENTED_EDGE('',*,*,#9564,.F.);
#9582=EDGE_LOOP('',(#9577,#9578,#9580,#9581));
#9583=FACE_OUTER_BOUND('',#9582,.F.);
#9585=CARTESIAN_POINT('',(-7.851450518747E0,-2.545207356044E0,
-7.864639174060E0));
#9586=DIRECTION('',(0.E0,9.122407700951E-1,4.096544609500E-1));
#9587=DIRECTION('',(0.E0,-4.096544609500E-1,9.122407700951E-1));
#9588=AXIS2_PLACEMENT_3D('',#9585,#9586,#9587);
#9589=PLANE('',#9588);
#9590=ORIENTED_EDGE('',*,*,#9566,.F.);
#9591=ORIENTED_EDGE('',*,*,#9579,.F.);
#9592=ORIENTED_EDGE('',*,*,#9537,.F.);
#9593=ORIENTED_EDGE('',*,*,#9212,.F.);
#9594=EDGE_LOOP('',(#9590,#9591,#9592,#9593));
#9595=FACE_OUTER_BOUND('',#9594,.F.);
#9597=CARTESIAN_POINT('',(-9.121450519031E0,-2.446708650769E0,
-7.614223909675E0));
#9598=DIRECTION('',(1.E0,0.E0,0.E0));
#9599=DIRECTION('',(0.E0,0.E0,-1.E0));
#9600=AXIS2_PLACEMENT_3D('',#9597,#9598,#9599);
#9601=PLANE('',#9600);
#9603=ORIENTED_EDGE('',*,*,#9602,.T.);
#9604=ORIENTED_EDGE('',*,*,#9216,.F.);
#9606=ORIENTED_EDGE('',*,*,#9605,.T.);
#9608=ORIENTED_EDGE('',*,*,#9607,.T.);
#9609=EDGE_LOOP('',(#9603,#9604,#9606,#9608));
#9610=FACE_OUTER_BOUND('',#9609,.F.);
#9612=CARTESIAN_POINT('',(-8.871450519781E0,-2.446708651056E0,
-7.614223909792E0));
#9613=DIRECTION('',(0.E0,9.140549927978E-1,4.055902737264E-1));
#9614=DIRECTION('',(0.E0,4.055902737264E-1,-9.140549927978E-1));
#9615=AXIS2_PLACEMENT_3D('',#9612,#9613,#9614);
#9616=PLANE('',#9615);
#9618=ORIENTED_EDGE('',*,*,#9617,.F.);
#9619=ORIENTED_EDGE('',*,*,#9218,.F.);
#9620=ORIENTED_EDGE('',*,*,#9602,.F.);
#9622=ORIENTED_EDGE('',*,*,#9621,.T.);
#9623=EDGE_LOOP('',(#9618,#9619,#9620,#9622));
#9624=FACE_OUTER_BOUND('',#9623,.F.);
#9626=CARTESIAN_POINT('',(-8.621450519031E0,-2.446708650846E0,
-7.614223909676E0));
#9627=DIRECTION('',(1.E0,0.E0,0.E0));
#9628=DIRECTION('',(0.E0,0.E0,1.E0));
#9629=AXIS2_PLACEMENT_3D('',#9626,#9627,#9628);
#9630=PLANE('',#9629);
#9631=ORIENTED_EDGE('',*,*,#9617,.T.);
#9633=ORIENTED_EDGE('',*,*,#9632,.T.);
#9635=ORIENTED_EDGE('',*,*,#9634,.T.);
#9636=ORIENTED_EDGE('',*,*,#9220,.F.);
#9637=EDGE_LOOP('',(#9631,#9633,#9635,#9636));
#9638=FACE_OUTER_BOUND('',#9637,.F.);
#9640=CARTESIAN_POINT('',(-8.871450519314E0,-1.385207356633E0,
-1.022844782200E1));
#9641=DIRECTION('',(0.E0,0.E0,1.E0));
#9642=DIRECTION('',(1.E0,0.E0,0.E0));
#9643=AXIS2_PLACEMENT_3D('',#9640,#9641,#9642);
#9644=PLANE('',#9643);
#9645=ORIENTED_EDGE('',*,*,#9621,.F.);
#9646=ORIENTED_EDGE('',*,*,#9607,.F.);
#9648=ORIENTED_EDGE('',*,*,#9647,.T.);
#9649=ORIENTED_EDGE('',*,*,#9632,.F.);
#9650=EDGE_LOOP('',(#9645,#9646,#9648,#9649));
#9651=FACE_OUTER_BOUND('',#9650,.F.);
#9653=CARTESIAN_POINT('',(-8.871450519781E0,-2.545207356044E0,
-7.864639174060E0));
#9654=DIRECTION('',(0.E0,9.122407700951E-1,4.096544609500E-1));
#9655=DIRECTION('',(0.E0,-4.096544609500E-1,9.122407700951E-1));
#9656=AXIS2_PLACEMENT_3D('',#9653,#9654,#9655);
#9657=PLANE('',#9656);
#9658=ORIENTED_EDGE('',*,*,#9634,.F.);
#9659=ORIENTED_EDGE('',*,*,#9647,.F.);
#9660=ORIENTED_EDGE('',*,*,#9605,.F.);
#9661=ORIENTED_EDGE('',*,*,#9222,.F.);
#9662=EDGE_LOOP('',(#9658,#9659,#9660,#9661));
#9663=FACE_OUTER_BOUND('',#9662,.F.);
#9665=CARTESIAN_POINT('',(-1.014145051903E1,-2.446708650769E0,
-7.614223909675E0));
#9666=DIRECTION('',(1.E0,0.E0,0.E0));
#9667=DIRECTION('',(0.E0,0.E0,-1.E0));
#9668=AXIS2_PLACEMENT_3D('',#9665,#9666,#9667);
#9669=PLANE('',#9668);
#9671=ORIENTED_EDGE('',*,*,#9670,.T.);
#9672=ORIENTED_EDGE('',*,*,#9226,.F.);
#9674=ORIENTED_EDGE('',*,*,#9673,.T.);
#9676=ORIENTED_EDGE('',*,*,#9675,.T.);
#9677=EDGE_LOOP('',(#9671,#9672,#9674,#9676));
#9678=FACE_OUTER_BOUND('',#9677,.F.);
#9680=CARTESIAN_POINT('',(-9.891450519030E0,-2.446708651056E0,
-7.614223909792E0));
#9681=DIRECTION('',(0.E0,9.140549927978E-1,4.055902737264E-1));
#9682=DIRECTION('',(0.E0,4.055902737264E-1,-9.140549927978E-1));
#9683=AXIS2_PLACEMENT_3D('',#9680,#9681,#9682);
#9684=PLANE('',#9683);
#9686=ORIENTED_EDGE('',*,*,#9685,.F.);
#9687=ORIENTED_EDGE('',*,*,#9228,.F.);
#9688=ORIENTED_EDGE('',*,*,#9670,.F.);
#9690=ORIENTED_EDGE('',*,*,#9689,.T.);
#9691=EDGE_LOOP('',(#9686,#9687,#9688,#9690));
#9692=FACE_OUTER_BOUND('',#9691,.F.);
#9694=CARTESIAN_POINT('',(-9.641450519031E0,-2.446708650846E0,
-7.614223909676E0));
#9695=DIRECTION('',(1.E0,0.E0,0.E0));
#9696=DIRECTION('',(0.E0,0.E0,1.E0));
#9697=AXIS2_PLACEMENT_3D('',#9694,#9695,#9696);
#9698=PLANE('',#9697);
#9699=ORIENTED_EDGE('',*,*,#9685,.T.);
#9701=ORIENTED_EDGE('',*,*,#9700,.T.);
#9703=ORIENTED_EDGE('',*,*,#9702,.T.);
#9704=ORIENTED_EDGE('',*,*,#9230,.F.);
#9705=EDGE_LOOP('',(#9699,#9701,#9703,#9704));
#9706=FACE_OUTER_BOUND('',#9705,.F.);
#9708=CARTESIAN_POINT('',(-9.891450519030E0,-1.385207356633E0,
-1.022844782200E1));
#9709=DIRECTION('',(0.E0,0.E0,1.E0));
#9710=DIRECTION('',(1.E0,0.E0,0.E0));
#9711=AXIS2_PLACEMENT_3D('',#9708,#9709,#9710);
#9712=PLANE('',#9711);
#9713=ORIENTED_EDGE('',*,*,#9689,.F.);
#9714=ORIENTED_EDGE('',*,*,#9675,.F.);
#9716=ORIENTED_EDGE('',*,*,#9715,.T.);
#9717=ORIENTED_EDGE('',*,*,#9700,.F.);
#9718=EDGE_LOOP('',(#9713,#9714,#9716,#9717));
#9719=FACE_OUTER_BOUND('',#9718,.F.);
#9721=CARTESIAN_POINT('',(-9.891450519029E0,-2.545207356044E0,
-7.864639174060E0));
#9722=DIRECTION('',(0.E0,9.122407700951E-1,4.096544609500E-1));
#9723=DIRECTION('',(0.E0,-4.096544609500E-1,9.122407700951E-1));
#9724=AXIS2_PLACEMENT_3D('',#9721,#9722,#9723);
#9725=PLANE('',#9724);
#9726=ORIENTED_EDGE('',*,*,#9702,.F.);
#9727=ORIENTED_EDGE('',*,*,#9715,.F.);
#9728=ORIENTED_EDGE('',*,*,#9673,.F.);
#9729=ORIENTED_EDGE('',*,*,#9232,.F.);
#9730=EDGE_LOOP('',(#9726,#9727,#9728,#9729));
#9731=FACE_OUTER_BOUND('',#9730,.F.);
#9733=CARTESIAN_POINT('',(-2.751450519031E0,-2.446708651056E0,
-7.614223909792E0));
#9734=DIRECTION('',(0.E0,9.140549927978E-1,4.055902737264E-1));
#9735=DIRECTION('',(0.E0,4.055902737264E-1,-9.140549927978E-1));
#9736=AXIS2_PLACEMENT_3D('',#9733,#9734,#9735);
#9737=PLANE('',#9736);
#9739=ORIENTED_EDGE('',*,*,#9738,.F.);
#9741=ORIENTED_EDGE('',*,*,#9740,.T.);
#9743=ORIENTED_EDGE('',*,*,#9742,.F.);
#9744=ORIENTED_EDGE('',*,*,#9236,.F.);
#9745=EDGE_LOOP('',(#9739,#9741,#9743,#9744));
#9746=FACE_OUTER_BOUND('',#9745,.F.);
#9748=CARTESIAN_POINT('',(-3.001450519031E0,-2.446708650769E0,
-7.614223909675E0));
#9749=DIRECTION('',(1.E0,0.E0,0.E0));
#9750=DIRECTION('',(0.E0,0.E0,-1.E0));
#9751=AXIS2_PLACEMENT_3D('',#9748,#9749,#9750);
#9752=PLANE('',#9751);
#9753=ORIENTED_EDGE('',*,*,#9738,.T.);
#9754=ORIENTED_EDGE('',*,*,#9242,.F.);
#9756=ORIENTED_EDGE('',*,*,#9755,.T.);
#9758=ORIENTED_EDGE('',*,*,#9757,.T.);
#9759=EDGE_LOOP('',(#9753,#9754,#9756,#9758));
#9760=FACE_OUTER_BOUND('',#9759,.F.);
#9762=CARTESIAN_POINT('',(-2.751450519031E0,-2.545207356044E0,
-7.864639174060E0));
#9763=DIRECTION('',(0.E0,9.122407700951E-1,4.096544609500E-1));
#9764=DIRECTION('',(0.E0,-4.096544609500E-1,9.122407700951E-1));
#9765=AXIS2_PLACEMENT_3D('',#9762,#9763,#9764);
#9766=PLANE('',#9765);
#9767=ORIENTED_EDGE('',*,*,#9755,.F.);
#9768=ORIENTED_EDGE('',*,*,#9240,.F.);
#9770=ORIENTED_EDGE('',*,*,#9769,.F.);
#9772=ORIENTED_EDGE('',*,*,#9771,.T.);
#9773=EDGE_LOOP('',(#9767,#9768,#9770,#9772));
#9774=FACE_OUTER_BOUND('',#9773,.F.);
#9776=CARTESIAN_POINT('',(-2.501450519031E0,-2.446708650846E0,
-7.614223909676E0));
#9777=DIRECTION('',(1.E0,0.E0,0.E0));
#9778=DIRECTION('',(0.E0,0.E0,1.E0));
#9779=AXIS2_PLACEMENT_3D('',#9776,#9777,#9778);
#9780=PLANE('',#9779);
#9781=ORIENTED_EDGE('',*,*,#9742,.T.);
#9783=ORIENTED_EDGE('',*,*,#9782,.T.);
#9784=ORIENTED_EDGE('',*,*,#9769,.T.);
#9785=ORIENTED_EDGE('',*,*,#9238,.F.);
#9786=EDGE_LOOP('',(#9781,#9783,#9784,#9785));
#9787=FACE_OUTER_BOUND('',#9786,.F.);
#9789=CARTESIAN_POINT('',(-2.751450519031E0,-1.385207356633E0,
-1.022844782200E1));
#9790=DIRECTION('',(0.E0,0.E0,1.E0));
#9791=DIRECTION('',(1.E0,0.E0,0.E0));
#9792=AXIS2_PLACEMENT_3D('',#9789,#9790,#9791);
#9793=PLANE('',#9792);
#9794=ORIENTED_EDGE('',*,*,#9740,.F.);
#9795=ORIENTED_EDGE('',*,*,#9757,.F.);
#9796=ORIENTED_EDGE('',*,*,#9771,.F.);
#9797=ORIENTED_EDGE('',*,*,#9782,.F.);
#9798=EDGE_LOOP('',(#9794,#9795,#9796,#9797));
#9799=FACE_OUTER_BOUND('',#9798,.F.);
#9801=CARTESIAN_POINT('',(-3.026450519031E0,-1.672072691213E0,
-1.306500000018E1));
#9802=DIRECTION('',(1.E0,0.E0,0.E0));
#9803=DIRECTION('',(0.E0,-1.E0,0.E0));
#9804=AXIS2_PLACEMENT_3D('',#9801,#9802,#9803);
#9805=PLANE('',#9804);
#9807=ORIENTED_EDGE('',*,*,#9806,.T.);
#9809=ORIENTED_EDGE('',*,*,#9808,.F.);
#9810=ORIENTED_EDGE('',*,*,#7825,.F.);
#9811=ORIENTED_EDGE('',*,*,#9109,.T.);
#9812=ORIENTED_EDGE('',*,*,#8929,.F.);
#9813=EDGE_LOOP('',(#9807,#9809,#9810,#9811,#9812));
#9814=FACE_OUTER_BOUND('',#9813,.F.);
#9816=CARTESIAN_POINT('',(-2.751450518564E0,-4.970726900960E-1,
-1.306499999971E1));
#9817=DIRECTION('',(0.E0,9.659258262926E-1,2.588190450892E-1));
#9818=DIRECTION('',(0.E0,-2.588190450892E-1,9.659258262926E-1));
#9819=AXIS2_PLACEMENT_3D('',#9816,#9817,#9818);
#9820=PLANE('',#9819);
#9822=ORIENTED_EDGE('',*,*,#9821,.F.);
#9823=ORIENTED_EDGE('',*,*,#9806,.F.);
#9824=ORIENTED_EDGE('',*,*,#8927,.F.);
#9826=ORIENTED_EDGE('',*,*,#9825,.F.);
#9827=EDGE_LOOP('',(#9822,#9823,#9824,#9826));
#9828=FACE_OUTER_BOUND('',#9827,.F.);
#9830=CARTESIAN_POINT('',(-3.026450519031E0,2.625632704821E-1,-1.595E1));
#9831=DIRECTION('',(0.E0,1.E0,0.E0));
#9832=DIRECTION('',(1.E0,0.E0,0.E0));
#9833=AXIS2_PLACEMENT_3D('',#9830,#9831,#9832);
#9834=PLANE('',#9833);
#9835=ORIENTED_EDGE('',*,*,#9821,.T.);
#9837=ORIENTED_EDGE('',*,*,#9836,.F.);
#9838=ORIENTED_EDGE('',*,*,#7827,.F.);
#9839=ORIENTED_EDGE('',*,*,#9808,.T.);
#9840=EDGE_LOOP('',(#9835,#9837,#9838,#9839));
#9841=FACE_OUTER_BOUND('',#9840,.F.);
#9843=CARTESIAN_POINT('',(-2.476450519031E0,-1.672072691213E0,
-1.306500000019E1));
#9844=DIRECTION('',(1.E0,0.E0,0.E0));
#9845=DIRECTION('',(0.E0,1.E0,0.E0));
#9846=AXIS2_PLACEMENT_3D('',#9843,#9844,#9845);
#9847=PLANE('',#9846);
#9848=ORIENTED_EDGE('',*,*,#9112,.T.);
#9849=ORIENTED_EDGE('',*,*,#7829,.F.);
#9850=ORIENTED_EDGE('',*,*,#9836,.T.);
#9851=ORIENTED_EDGE('',*,*,#9825,.T.);
#9852=ORIENTED_EDGE('',*,*,#8925,.F.);
#9853=EDGE_LOOP('',(#9848,#9849,#9850,#9851,#9852));
#9854=FACE_OUTER_BOUND('',#9853,.F.);
#9856=CARTESIAN_POINT('',(-3.714505190310E-1,-2.716708650308E0,
-5.364999997922E0));
#9857=DIRECTION('',(1.E0,0.E0,0.E0));
#9858=DIRECTION('',(0.E0,1.E0,0.E0));
#9859=AXIS2_PLACEMENT_3D('',#9856,#9857,#9858);
#9860=PLANE('',#9859);
#9861=ORIENTED_EDGE('',*,*,#9019,.T.);
#9863=ORIENTED_EDGE('',*,*,#9862,.F.);
#9865=ORIENTED_EDGE('',*,*,#9864,.F.);
#9866=ORIENTED_EDGE('',*,*,#9119,.T.);
#9867=EDGE_LOOP('',(#9861,#9863,#9865,#9866));
#9868=FACE_OUTER_BOUND('',#9867,.F.);
#9870=CARTESIAN_POINT('',(3.549481502300E-3,-1.826708650519E0,
-5.115000000155E0));
#9871=DIRECTION('',(0.E0,1.E0,0.E0));
#9872=DIRECTION('',(-1.E0,0.E0,0.E0));
#9873=AXIS2_PLACEMENT_3D('',#9870,#9871,#9872);
#9874=PLANE('',#9873);
#9876=ORIENTED_EDGE('',*,*,#9875,.F.);
#9878=ORIENTED_EDGE('',*,*,#9877,.F.);
#9880=ORIENTED_EDGE('',*,*,#9879,.T.);
#9881=ORIENTED_EDGE('',*,*,#9862,.T.);
#9882=ORIENTED_EDGE('',*,*,#9017,.T.);
#9884=ORIENTED_EDGE('',*,*,#9883,.F.);
#9885=EDGE_LOOP('',(#9876,#9878,#9880,#9881,#9882,#9884));
#9886=FACE_OUTER_BOUND('',#9885,.F.);
#9888=CARTESIAN_POINT('',(-6.321450519029E0,-2.567086505265E-1,
3.199995823877E-12));
#9889=DIRECTION('',(0.E0,0.E0,1.E0));
#9890=DIRECTION('',(0.E0,-1.E0,0.E0));
#9891=AXIS2_PLACEMENT_3D('',#9888,#9889,#9890);
#9892=PLANE('',#9891);
#9894=ORIENTED_EDGE('',*,*,#9893,.F.);
#9896=ORIENTED_EDGE('',*,*,#9895,.T.);
#9898=ORIENTED_EDGE('',*,*,#9897,.T.);
#9900=ORIENTED_EDGE('',*,*,#9899,.F.);
#9902=ORIENTED_EDGE('',*,*,#9901,.T.);
#9904=ORIENTED_EDGE('',*,*,#9903,.T.);
#9905=ORIENTED_EDGE('',*,*,#9875,.T.);
#9907=ORIENTED_EDGE('',*,*,#9906,.T.);
#9908=EDGE_LOOP('',(#9894,#9896,#9898,#9900,#9902,#9904,#9905,#9907));
#9909=FACE_OUTER_BOUND('',#9908,.F.);
#9911=CARTESIAN_POINT('',(3.549481502200E-3,5.732913494809E-1,-5.115E0));
#9912=DIRECTION('',(0.E0,1.E0,0.E0));
#9913=DIRECTION('',(0.E0,0.E0,-1.E0));
#9914=AXIS2_PLACEMENT_3D('',#9911,#9912,#9913);
#9915=PLANE('',#9914);
#9916=ORIENTED_EDGE('',*,*,#9893,.T.);
#9918=ORIENTED_EDGE('',*,*,#9917,.T.);
#9919=ORIENTED_EDGE('',*,*,#9013,.T.);
#9921=ORIENTED_EDGE('',*,*,#9920,.T.);
#9923=ORIENTED_EDGE('',*,*,#9922,.T.);
#9925=ORIENTED_EDGE('',*,*,#9924,.F.);
#9926=EDGE_LOOP('',(#9916,#9918,#9919,#9921,#9923,#9925));
#9927=FACE_OUTER_BOUND('',#9926,.F.);
#9929=CARTESIAN_POINT('',(3.785494809690E-1,-6.267086511692E-1,-5.115E0));
#9930=DIRECTION('',(1.E0,0.E0,0.E0));
#9931=DIRECTION('',(0.E0,0.E0,1.E0));
#9932=AXIS2_PLACEMENT_3D('',#9929,#9930,#9931);
#9933=PLANE('',#9932);
#9934=ORIENTED_EDGE('',*,*,#9906,.F.);
#9935=ORIENTED_EDGE('',*,*,#9883,.T.);
#9936=ORIENTED_EDGE('',*,*,#9015,.T.);
#9937=ORIENTED_EDGE('',*,*,#9917,.F.);
#9938=EDGE_LOOP('',(#9934,#9935,#9936,#9937));
#9939=FACE_OUTER_BOUND('',#9938,.F.);
#9941=CARTESIAN_POINT('',(-3.714505190310E-1,1.883291349375E0,-5.365E0));
#9942=DIRECTION('',(1.E0,0.E0,0.E0));
#9943=DIRECTION('',(0.E0,1.E0,0.E0));
#9944=AXIS2_PLACEMENT_3D('',#9941,#9942,#9943);
#9945=PLANE('',#9944);
#9946=ORIENTED_EDGE('',*,*,#9011,.F.);
#9948=ORIENTED_EDGE('',*,*,#9947,.F.);
#9950=ORIENTED_EDGE('',*,*,#9949,.T.);
#9952=ORIENTED_EDGE('',*,*,#9951,.F.);
#9954=ORIENTED_EDGE('',*,*,#9953,.F.);
#9956=ORIENTED_EDGE('',*,*,#9955,.F.);
#9957=ORIENTED_EDGE('',*,*,#9920,.F.);
#9958=EDGE_LOOP('',(#9946,#9948,#9950,#9952,#9954,#9956,#9957));
#9959=FACE_OUTER_BOUND('',#9958,.F.);
#9961=CARTESIAN_POINT('',(-1.771450518553E0,2.093291349481E0,
-9.744999999926E0));
#9962=DIRECTION('',(0.E0,1.E0,0.E0));
#9963=DIRECTION('',(0.E0,0.E0,-1.E0));
#9964=AXIS2_PLACEMENT_3D('',#9961,#9962,#9963);
#9965=PLANE('',#9964);
#9966=ORIENTED_EDGE('',*,*,#9947,.T.);
#9967=ORIENTED_EDGE('',*,*,#9009,.F.);
#9969=ORIENTED_EDGE('',*,*,#9968,.F.);
#9971=ORIENTED_EDGE('',*,*,#9970,.F.);
#9972=EDGE_LOOP('',(#9966,#9967,#9969,#9971));
#9973=FACE_OUTER_BOUND('',#9972,.F.);
#9975=CARTESIAN_POINT('',(-3.171450519031E0,3.068291350976E0,-5.54E0));
#9976=DIRECTION('',(1.E0,0.E0,0.E0));
#9977=DIRECTION('',(0.E0,1.E0,0.E0));
#9978=AXIS2_PLACEMENT_3D('',#9975,#9976,#9977);
#9979=PLANE('',#9978);
#9981=ORIENTED_EDGE('',*,*,#9980,.T.);
#9983=ORIENTED_EDGE('',*,*,#9982,.T.);
#9984=ORIENTED_EDGE('',*,*,#9968,.T.);
#9985=ORIENTED_EDGE('',*,*,#9007,.T.);
#9987=ORIENTED_EDGE('',*,*,#9986,.T.);
#9989=ORIENTED_EDGE('',*,*,#9988,.T.);
#9990=ORIENTED_EDGE('',*,*,#8494,.T.);
#9992=ORIENTED_EDGE('',*,*,#9991,.T.);
#9994=ORIENTED_EDGE('',*,*,#9993,.T.);
#9996=ORIENTED_EDGE('',*,*,#9995,.T.);
#9998=ORIENTED_EDGE('',*,*,#9997,.F.);
#10000=ORIENTED_EDGE('',*,*,#9999,.T.);
#10002=ORIENTED_EDGE('',*,*,#10001,.T.);
#10003=EDGE_LOOP('',(#9981,#9983,#9984,#9985,#9987,#9989,#9990,#9992,#9994,
#9996,#9998,#10000,#10002));
#10004=FACE_OUTER_BOUND('',#10003,.F.);
#10006=CARTESIAN_POINT('',(-1.771450519031E0,2.893291351038E0,-8.76E0));
#10007=DIRECTION('',(0.E0,0.E0,1.E0));
#10008=DIRECTION('',(-1.E0,0.E0,0.E0));
#10009=AXIS2_PLACEMENT_3D('',#10006,#10007,#10008);
#10010=PLANE('',#10009);
#10011=ORIENTED_EDGE('',*,*,#9980,.F.);
#10013=ORIENTED_EDGE('',*,*,#10012,.T.);
#10014=ORIENTED_EDGE('',*,*,#9951,.T.);
#10016=ORIENTED_EDGE('',*,*,#10015,.F.);
#10017=EDGE_LOOP('',(#10011,#10013,#10014,#10016));
#10018=FACE_OUTER_BOUND('',#10017,.F.);
#10020=CARTESIAN_POINT('',(-1.771450519031E0,3.193291349481E0,
-4.629999999618E0));
#10021=DIRECTION('',(0.E0,1.E0,0.E0));
#10022=DIRECTION('',(0.E0,0.E0,1.E0));
#10023=AXIS2_PLACEMENT_3D('',#10020,#10021,#10022);
#10024=PLANE('',#10023);
#10025=ORIENTED_EDGE('',*,*,#10012,.F.);
#10026=ORIENTED_EDGE('',*,*,#10001,.F.);
#10028=ORIENTED_EDGE('',*,*,#10027,.F.);
#10029=ORIENTED_EDGE('',*,*,#9953,.T.);
#10030=EDGE_LOOP('',(#10025,#10026,#10028,#10029));
#10031=FACE_OUTER_BOUND('',#10030,.F.);
#10033=CARTESIAN_POINT('',(-3.237450519127E0,3.693291349481E0,-5.E-1));
#10034=DIRECTION('',(1.E0,0.E0,0.E0));
#10035=DIRECTION('',(0.E0,0.E0,-1.E0));
#10036=AXIS2_PLACEMENT_3D('',#10033,#10034,#10035);
#10037=CYLINDRICAL_SURFACE('',#10036,5.E-1);
#10038=ORIENTED_EDGE('',*,*,#9999,.F.);
#10040=ORIENTED_EDGE('',*,*,#10039,.T.);
#10042=ORIENTED_EDGE('',*,*,#10041,.F.);
#10043=ORIENTED_EDGE('',*,*,#10027,.T.);
#10044=EDGE_LOOP('',(#10038,#10040,#10042,#10043));
#10045=FACE_OUTER_BOUND('',#10044,.F.);
#10047=CARTESIAN_POINT('',(-6.321450518684E0,-2.567086491325E-1,0.E0));
#10048=DIRECTION('',(0.E0,0.E0,1.E0));
#10049=DIRECTION('',(1.E0,0.E0,0.E0));
#10050=AXIS2_PLACEMENT_3D('',#10047,#10048,#10049);
#10051=PLANE('',#10050);
#10053=ORIENTED_EDGE('',*,*,#10052,.F.);
#10055=ORIENTED_EDGE('',*,*,#10054,.T.);
#10057=ORIENTED_EDGE('',*,*,#10056,.T.);
#10059=ORIENTED_EDGE('',*,*,#10058,.T.);
#10061=ORIENTED_EDGE('',*,*,#10060,.T.);
#10062=ORIENTED_EDGE('',*,*,#9924,.T.);
#10064=ORIENTED_EDGE('',*,*,#10063,.F.);
#10065=ORIENTED_EDGE('',*,*,#10039,.F.);
#10066=ORIENTED_EDGE('',*,*,#9997,.T.);
#10068=ORIENTED_EDGE('',*,*,#10067,.F.);
#10070=ORIENTED_EDGE('',*,*,#10069,.T.);
#10072=ORIENTED_EDGE('',*,*,#10071,.F.);
#10073=EDGE_LOOP('',(#10053,#10055,#10057,#10059,#10061,#10062,#10064,#10065,
#10066,#10068,#10070,#10072));
#10074=FACE_OUTER_BOUND('',#10073,.F.);
#10076=CARTESIAN_POINT('',(-3.721450519031E0,6.668291349476E0,
1.250000000032E-1));
#10077=DIRECTION('',(1.E0,0.E0,0.E0));
#10078=DIRECTION('',(0.E0,1.E0,0.E0));
#10079=AXIS2_PLACEMENT_3D('',#10076,#10077,#10078);
#10080=PLANE('',#10079);
#10081=ORIENTED_EDGE('',*,*,#10052,.T.);
#10083=ORIENTED_EDGE('',*,*,#10082,.F.);
#10085=ORIENTED_EDGE('',*,*,#10084,.F.);
#10087=ORIENTED_EDGE('',*,*,#10086,.F.);
#10089=ORIENTED_EDGE('',*,*,#10088,.T.);
#10090=EDGE_LOOP('',(#10081,#10083,#10085,#10087,#10089));
#10091=FACE_OUTER_BOUND('',#10090,.F.);
#10093=CARTESIAN_POINT('',(-6.321450519029E0,-2.567086505265E-1,
3.199995823877E-12));
#10094=DIRECTION('',(0.E0,0.E0,1.E0));
#10095=DIRECTION('',(0.E0,-1.E0,0.E0));
#10096=AXIS2_PLACEMENT_3D('',#10093,#10094,#10095);
#10097=PLANE('',#10096);
#10099=ORIENTED_EDGE('',*,*,#10098,.F.);
#10101=ORIENTED_EDGE('',*,*,#10100,.F.);
#10103=ORIENTED_EDGE('',*,*,#10102,.T.);
#10105=ORIENTED_EDGE('',*,*,#10104,.T.);
#10107=ORIENTED_EDGE('',*,*,#10106,.F.);
#10109=ORIENTED_EDGE('',*,*,#10108,.T.);
#10111=ORIENTED_EDGE('',*,*,#10110,.T.);
#10113=ORIENTED_EDGE('',*,*,#10112,.T.);
#10115=ORIENTED_EDGE('',*,*,#10114,.F.);
#10116=ORIENTED_EDGE('',*,*,#10082,.T.);
#10118=ORIENTED_EDGE('',*,*,#10117,.F.);
#10120=ORIENTED_EDGE('',*,*,#10119,.F.);
#10122=ORIENTED_EDGE('',*,*,#10121,.F.);
#10124=ORIENTED_EDGE('',*,*,#10123,.F.);
#10126=ORIENTED_EDGE('',*,*,#10125,.F.);
#10128=ORIENTED_EDGE('',*,*,#10127,.T.);
#10130=ORIENTED_EDGE('',*,*,#10129,.F.);
#10132=ORIENTED_EDGE('',*,*,#10131,.T.);
#10134=ORIENTED_EDGE('',*,*,#10133,.T.);
#10136=ORIENTED_EDGE('',*,*,#10135,.T.);
#10138=ORIENTED_EDGE('',*,*,#10137,.F.);
#10140=ORIENTED_EDGE('',*,*,#10139,.T.);
#10142=ORIENTED_EDGE('',*,*,#10141,.T.);
#10144=ORIENTED_EDGE('',*,*,#10143,.F.);
#10145=EDGE_LOOP('',(#10099,#10101,#10103,#10105,#10107,#10109,#10111,#10113,
#10115,#10116,#10118,#10120,#10122,#10124,#10126,#10128,#10130,#10132,#10134,
#10136,#10138,#10140,#10142,#10144));
#10146=FACE_OUTER_BOUND('',#10145,.F.);
#10148=CARTESIAN_POINT('',(-3.321450519030E0,-8.256708650536E0,
2.500000000032E-1));
#10149=DIRECTION('',(0.E0,1.E0,0.E0));
#10150=DIRECTION('',(-1.E0,0.E0,0.E0));
#10151=AXIS2_PLACEMENT_3D('',#10148,#10149,#10150);
#10152=PLANE('',#10151);
#10153=ORIENTED_EDGE('',*,*,#10098,.T.);
#10155=ORIENTED_EDGE('',*,*,#10154,.F.);
#10157=ORIENTED_EDGE('',*,*,#10156,.F.);
#10159=ORIENTED_EDGE('',*,*,#10158,.T.);
#10160=EDGE_LOOP('',(#10153,#10155,#10157,#10159));
#10161=FACE_OUTER_BOUND('',#10160,.F.);
#10163=CARTESIAN_POINT('',(-9.321450519030E0,-8.256708650536E0,
2.500000000032E-1));
#10164=DIRECTION('',(-1.E0,0.E0,0.E0));
#10165=DIRECTION('',(0.E0,-1.E0,0.E0));
#10166=AXIS2_PLACEMENT_3D('',#10163,#10164,#10165);
#10167=PLANE('',#10166);
#10169=ORIENTED_EDGE('',*,*,#10168,.T.);
#10171=ORIENTED_EDGE('',*,*,#10170,.T.);
#10173=ORIENTED_EDGE('',*,*,#10172,.F.);
#10174=ORIENTED_EDGE('',*,*,#10154,.T.);
#10175=EDGE_LOOP('',(#10169,#10171,#10173,#10174));
#10176=FACE_OUTER_BOUND('',#10175,.F.);
#10178=CARTESIAN_POINT('',(-1.438145051903E1,-8.256708650519E0,
-9.999999999680E-2));
#10179=DIRECTION('',(1.E0,0.E0,0.E0));
#10180=DIRECTION('',(0.E0,1.E0,0.E0));
#10181=AXIS2_PLACEMENT_3D('',#10178,#10179,#10180);
#10182=CYLINDRICAL_SURFACE('',#10181,1.00000011E-1);
#10184=ORIENTED_EDGE('',*,*,#10183,.T.);
#10186=ORIENTED_EDGE('',*,*,#10185,.T.);
#10188=ORIENTED_EDGE('',*,*,#10187,.F.);
#10189=ORIENTED_EDGE('',*,*,#10100,.T.);
#10190=EDGE_LOOP('',(#10184,#10186,#10188,#10189));
#10191=FACE_OUTER_BOUND('',#10190,.F.);
#10193=CARTESIAN_POINT('',(-1.438145051903E1,-8.256708650519E0,
-9.999999999680E-2));
#10194=DIRECTION('',(1.E0,0.E0,0.E0));
#10195=DIRECTION('',(0.E0,1.E0,0.E0));
#10196=AXIS2_PLACEMENT_3D('',#10193,#10194,#10195);
#10197=CYLINDRICAL_SURFACE('',#10196,1.00000011E-1);
#10198=ORIENTED_EDGE('',*,*,#10168,.F.);
#10199=ORIENTED_EDGE('',*,*,#10143,.T.);
#10201=ORIENTED_EDGE('',*,*,#10200,.F.);
#10203=ORIENTED_EDGE('',*,*,#10202,.T.);
#10204=EDGE_LOOP('',(#10198,#10199,#10201,#10203));
#10205=FACE_OUTER_BOUND('',#10204,.F.);
#10207=CARTESIAN_POINT('',(-3.321450519030E0,-8.606708661519E0,
2.500000000032E-1));
#10208=DIRECTION('',(1.E0,0.E0,0.E0));
#10209=DIRECTION('',(0.E0,1.E0,0.E0));
#10210=AXIS2_PLACEMENT_3D('',#10207,#10208,#10209);
#10211=PLANE('',#10210);
#10212=ORIENTED_EDGE('',*,*,#10183,.F.);
#10213=ORIENTED_EDGE('',*,*,#10158,.F.);
#10215=ORIENTED_EDGE('',*,*,#10214,.T.);
#10217=ORIENTED_EDGE('',*,*,#10216,.T.);
#10218=EDGE_LOOP('',(#10212,#10213,#10215,#10217));
#10219=FACE_OUTER_BOUND('',#10218,.F.);
#10221=CARTESIAN_POINT('',(-1.438145051903E1,-8.256708650519E0,
-9.999999999680E-2));
#10222=DIRECTION('',(1.E0,0.E0,0.E0));
#10223=DIRECTION('',(0.E0,1.E0,0.E0));
#10224=AXIS2_PLACEMENT_3D('',#10221,#10222,#10223);
#10225=CYLINDRICAL_SURFACE('',#10224,3.50000011E-1);
#10226=ORIENTED_EDGE('',*,*,#10214,.F.);
#10228=ORIENTED_EDGE('',*,*,#10227,.T.);
#10230=ORIENTED_EDGE('',*,*,#10229,.F.);
#10232=ORIENTED_EDGE('',*,*,#10231,.T.);
#10233=EDGE_LOOP('',(#10226,#10228,#10230,#10232));
#10234=FACE_OUTER_BOUND('',#10233,.F.);
#10236=CARTESIAN_POINT('',(-1.438145051903E1,-8.256708650519E0,
-9.999999999680E-2));
#10237=DIRECTION('',(1.E0,0.E0,0.E0));
#10238=DIRECTION('',(0.E0,1.E0,0.E0));
#10239=AXIS2_PLACEMENT_3D('',#10236,#10237,#10238);
#10240=CYLINDRICAL_SURFACE('',#10239,3.50000011E-1);
#10241=ORIENTED_EDGE('',*,*,#10172,.T.);
#10243=ORIENTED_EDGE('',*,*,#10242,.T.);
#10245=ORIENTED_EDGE('',*,*,#10244,.F.);
#10247=ORIENTED_EDGE('',*,*,#10246,.T.);
#10248=EDGE_LOOP('',(#10241,#10243,#10245,#10247));
#10249=FACE_OUTER_BOUND('',#10248,.F.);
#10251=CARTESIAN_POINT('',(-6.321450519033E0,-2.567086505310E-1,
2.500000000032E-1));
#10252=DIRECTION('',(0.E0,0.E0,1.E0));
#10253=DIRECTION('',(0.E0,-1.E0,0.E0));
#10254=AXIS2_PLACEMENT_3D('',#10251,#10252,#10253);
#10255=PLANE('',#10254);
#10256=ORIENTED_EDGE('',*,*,#10156,.T.);
#10257=ORIENTED_EDGE('',*,*,#10246,.F.);
#10259=ORIENTED_EDGE('',*,*,#10258,.T.);
#10261=ORIENTED_EDGE('',*,*,#10260,.T.);
#10263=ORIENTED_EDGE('',*,*,#10262,.F.);
#10265=ORIENTED_EDGE('',*,*,#10264,.T.);
#10267=ORIENTED_EDGE('',*,*,#10266,.T.);
#10269=ORIENTED_EDGE('',*,*,#10268,.T.);
#10271=ORIENTED_EDGE('',*,*,#10270,.F.);
#10273=ORIENTED_EDGE('',*,*,#10272,.T.);
#10275=ORIENTED_EDGE('',*,*,#10274,.T.);
#10277=ORIENTED_EDGE('',*,*,#10276,.T.);
#10279=ORIENTED_EDGE('',*,*,#10278,.T.);
#10280=ORIENTED_EDGE('',*,*,#8737,.T.);
#10282=ORIENTED_EDGE('',*,*,#10281,.T.);
#10284=ORIENTED_EDGE('',*,*,#10283,.F.);
#10286=ORIENTED_EDGE('',*,*,#10285,.T.);
#10288=ORIENTED_EDGE('',*,*,#10287,.T.);
#10290=ORIENTED_EDGE('',*,*,#10289,.T.);
#10292=ORIENTED_EDGE('',*,*,#10291,.T.);
#10294=ORIENTED_EDGE('',*,*,#10293,.T.);
#10296=ORIENTED_EDGE('',*,*,#10295,.F.);
#10298=ORIENTED_EDGE('',*,*,#10297,.T.);
#10300=ORIENTED_EDGE('',*,*,#10299,.T.);
#10302=ORIENTED_EDGE('',*,*,#10301,.T.);
#10304=ORIENTED_EDGE('',*,*,#10303,.T.);
#10306=ORIENTED_EDGE('',*,*,#10305,.T.);
#10307=ORIENTED_EDGE('',*,*,#10086,.T.);
#10309=ORIENTED_EDGE('',*,*,#10308,.F.);
#10311=ORIENTED_EDGE('',*,*,#10310,.T.);
#10313=ORIENTED_EDGE('',*,*,#10312,.T.);
#10315=ORIENTED_EDGE('',*,*,#10314,.T.);
#10317=ORIENTED_EDGE('',*,*,#10316,.F.);
#10319=ORIENTED_EDGE('',*,*,#10318,.T.);
#10321=ORIENTED_EDGE('',*,*,#10320,.T.);
#10322=ORIENTED_EDGE('',*,*,#10227,.F.);
#10323=EDGE_LOOP('',(#10256,#10257,#10259,#10261,#10263,#10265,#10267,#10269,
#10271,#10273,#10275,#10277,#10279,#10280,#10282,#10284,#10286,#10288,#10290,
#10292,#10294,#10296,#10298,#10300,#10302,#10304,#10306,#10307,#10309,#10311,
#10313,#10315,#10317,#10319,#10321,#10322));
#10324=FACE_OUTER_BOUND('',#10323,.F.);
#10326=CARTESIAN_POINT('',(-1.407145051903E1,-8.131708650528E0,
1.250000034962E-1));
#10327=DIRECTION('',(1.E0,0.E0,0.E0));
#10328=DIRECTION('',(0.E0,1.E0,0.E0));
#10329=AXIS2_PLACEMENT_3D('',#10326,#10327,#10328);
#10330=PLANE('',#10329);
#10332=ORIENTED_EDGE('',*,*,#10331,.T.);
#10333=ORIENTED_EDGE('',*,*,#10258,.F.);
#10335=ORIENTED_EDGE('',*,*,#10334,.F.);
#10336=ORIENTED_EDGE('',*,*,#10141,.F.);
#10338=ORIENTED_EDGE('',*,*,#10337,.T.);
#10339=EDGE_LOOP('',(#10332,#10333,#10335,#10336,#10338));
#10340=FACE_OUTER_BOUND('',#10339,.F.);
#10342=CARTESIAN_POINT('',(-1.402145051887E1,-8.006708650519E0,
2.427050986651E-1));
#10343=DIRECTION('',(0.E0,1.E0,0.E0));
#10344=DIRECTION('',(0.E0,0.E0,-1.E0));
#10345=AXIS2_PLACEMENT_3D('',#10342,#10343,#10344);
#10346=PLANE('',#10345);
#10347=ORIENTED_EDGE('',*,*,#10260,.F.);
#10348=ORIENTED_EDGE('',*,*,#10331,.F.);
#10350=ORIENTED_EDGE('',*,*,#10349,.T.);
#10351=EDGE_LOOP('',(#10347,#10348,#10350));
#10352=FACE_OUTER_BOUND('',#10351,.F.);
#10354=CARTESIAN_POINT('',(-1.397145051903E1,-8.311708650519E0,
-9.999999999680E-2));
#10355=DIRECTION('',(0.E0,1.E0,0.E0));
#10356=DIRECTION('',(-1.E0,0.E0,0.E0));
#10357=AXIS2_PLACEMENT_3D('',#10354,#10355,#10356);
#10358=CYLINDRICAL_SURFACE('',#10357,3.5E-1);
#10359=ORIENTED_EDGE('',*,*,#10262,.T.);
#10360=ORIENTED_EDGE('',*,*,#10349,.F.);
#10362=ORIENTED_EDGE('',*,*,#10361,.F.);
#10364=ORIENTED_EDGE('',*,*,#10363,.T.);
#10366=ORIENTED_EDGE('',*,*,#10365,.F.);
#10368=ORIENTED_EDGE('',*,*,#10367,.F.);
#10369=EDGE_LOOP('',(#10359,#10360,#10362,#10364,#10366,#10368));
#10370=FACE_OUTER_BOUND('',#10369,.F.);
#10372=CARTESIAN_POINT('',(-1.414645051867E1,-8.006708650519E0,
6.770509826015E-2));
#10373=DIRECTION('',(0.E0,1.E0,0.E0));
#10374=DIRECTION('',(0.E0,0.E0,1.E0));
#10375=AXIS2_PLACEMENT_3D('',#10372,#10373,#10374);
#10376=PLANE('',#10375);
#10377=ORIENTED_EDGE('',*,*,#10139,.F.);
#10379=ORIENTED_EDGE('',*,*,#10378,.T.);
#10381=ORIENTED_EDGE('',*,*,#10380,.T.);
#10382=ORIENTED_EDGE('',*,*,#10361,.T.);
#10383=ORIENTED_EDGE('',*,*,#10337,.F.);
#10384=EDGE_LOOP('',(#10377,#10379,#10381,#10382,#10383));
#10385=FACE_OUTER_BOUND('',#10384,.F.);
#10387=CARTESIAN_POINT('',(-1.397145051903E1,-8.311708650519E0,
-9.999999999680E-2));
#10388=DIRECTION('',(0.E0,1.E0,0.E0));
#10389=DIRECTION('',(-1.E0,0.E0,0.E0));
#10390=AXIS2_PLACEMENT_3D('',#10387,#10388,#10389);
#10391=CYLINDRICAL_SURFACE('',#10390,1.E-1);
#10393=ORIENTED_EDGE('',*,*,#10392,.F.);
#10395=ORIENTED_EDGE('',*,*,#10394,.T.);
#10396=ORIENTED_EDGE('',*,*,#10378,.F.);
#10397=ORIENTED_EDGE('',*,*,#10137,.T.);
#10398=EDGE_LOOP('',(#10393,#10395,#10396,#10397));
#10399=FACE_OUTER_BOUND('',#10398,.F.);
#10401=CARTESIAN_POINT('',(-1.414645051867E1,7.243291349481E0,
6.770509826085E-2));
#10402=DIRECTION('',(0.E0,1.E0,0.E0));
#10403=DIRECTION('',(0.E0,0.E0,1.E0));
#10404=AXIS2_PLACEMENT_3D('',#10401,#10402,#10403);
#10405=PLANE('',#10404);
#10406=ORIENTED_EDGE('',*,*,#10365,.T.);
#10408=ORIENTED_EDGE('',*,*,#10407,.T.);
#10409=ORIENTED_EDGE('',*,*,#10392,.T.);
#10410=ORIENTED_EDGE('',*,*,#10135,.F.);
#10412=ORIENTED_EDGE('',*,*,#10411,.T.);
#10413=EDGE_LOOP('',(#10406,#10408,#10409,#10410,#10412));
#10414=FACE_OUTER_BOUND('',#10413,.F.);
#10416=CARTESIAN_POINT('',(-1.419645051903E1,5.943291349488E0,
-1.399999999990E0));
#10417=DIRECTION('',(0.E0,-7.071067811864E-1,7.071067811867E-1));
#10418=DIRECTION('',(0.E0,7.071067811867E-1,7.071067811864E-1));
#10419=AXIS2_PLACEMENT_3D('',#10416,#10417,#10418);
#10420=PLANE('',#10419);
#10422=ORIENTED_EDGE('',*,*,#10421,.T.);
#10424=ORIENTED_EDGE('',*,*,#10423,.F.);
#10425=ORIENTED_EDGE('',*,*,#10407,.F.);
#10427=ORIENTED_EDGE('',*,*,#10426,.F.);
#10428=EDGE_LOOP('',(#10422,#10424,#10425,#10427));
#10429=FACE_OUTER_BOUND('',#10428,.F.);
#10431=CARTESIAN_POINT('',(-1.419645051903E1,-3.817086505185E-1,
-2.699999999997E0));
#10432=DIRECTION('',(0.E0,0.E0,1.E0));
#10433=DIRECTION('',(1.E0,0.E0,0.E0));
#10434=AXIS2_PLACEMENT_3D('',#10431,#10432,#10433);
#10435=PLANE('',#10434);
#10437=ORIENTED_EDGE('',*,*,#10436,.T.);
#10439=ORIENTED_EDGE('',*,*,#10438,.T.);
#10441=ORIENTED_EDGE('',*,*,#10440,.T.);
#10442=ORIENTED_EDGE('',*,*,#10421,.F.);
#10443=EDGE_LOOP('',(#10437,#10439,#10441,#10442));
#10444=FACE_OUTER_BOUND('',#10443,.F.);
#10446=CARTESIAN_POINT('',(-1.432145051903E1,-3.817086505190E-1,
-1.400000000014E0));
#10447=DIRECTION('',(1.E0,0.E0,0.E0));
#10448=DIRECTION('',(0.E0,0.E0,-1.E0));
#10449=AXIS2_PLACEMENT_3D('',#10446,#10447,#10448);
#10450=PLANE('',#10449);
#10451=ORIENTED_EDGE('',*,*,#10363,.F.);
#10453=ORIENTED_EDGE('',*,*,#10452,.T.);
#10454=ORIENTED_EDGE('',*,*,#10436,.F.);
#10455=ORIENTED_EDGE('',*,*,#10426,.T.);
#10456=EDGE_LOOP('',(#10451,#10453,#10454,#10455));
#10457=FACE_OUTER_BOUND('',#10456,.F.);
#10459=CARTESIAN_POINT('',(-1.419645051903E1,-6.706708650526E0,
-1.399999999990E0));
#10460=DIRECTION('',(0.E0,7.071067811866E-1,7.071067811865E-1));
#10461=DIRECTION('',(0.E0,7.071067811865E-1,-7.071067811866E-1));
#10462=AXIS2_PLACEMENT_3D('',#10459,#10460,#10461);
#10463=PLANE('',#10462);
#10464=ORIENTED_EDGE('',*,*,#10380,.F.);
#10466=ORIENTED_EDGE('',*,*,#10465,.F.);
#10467=ORIENTED_EDGE('',*,*,#10438,.F.);
#10468=ORIENTED_EDGE('',*,*,#10452,.F.);
#10469=EDGE_LOOP('',(#10464,#10466,#10467,#10468));
#10470=FACE_OUTER_BOUND('',#10469,.F.);
#10472=CARTESIAN_POINT('',(-1.407145051903E1,-3.817086505190E-1,
-1.400000000014E0));
#10473=DIRECTION('',(1.E0,0.E0,0.E0));
#10474=DIRECTION('',(0.E0,0.E0,-1.E0));
#10475=AXIS2_PLACEMENT_3D('',#10472,#10473,#10474);
#10476=PLANE('',#10475);
#10477=ORIENTED_EDGE('',*,*,#10465,.T.);
#10478=ORIENTED_EDGE('',*,*,#10394,.F.);
#10479=ORIENTED_EDGE('',*,*,#10423,.T.);
#10480=ORIENTED_EDGE('',*,*,#10440,.F.);
#10481=EDGE_LOOP('',(#10477,#10478,#10479,#10480));
#10482=FACE_OUTER_BOUND('',#10481,.F.);
#10484=CARTESIAN_POINT('',(-1.407145051903E1,7.493291349480E0,
1.250000000046E-1));
#10485=DIRECTION('',(1.E0,0.E0,0.E0));
#10486=DIRECTION('',(0.E0,1.E0,0.E0));
#10487=AXIS2_PLACEMENT_3D('',#10484,#10485,#10486);
#10488=PLANE('',#10487);
#10489=ORIENTED_EDGE('',*,*,#10133,.F.);
#10491=ORIENTED_EDGE('',*,*,#10490,.T.);
#10492=ORIENTED_EDGE('',*,*,#10266,.F.);
#10494=ORIENTED_EDGE('',*,*,#10493,.T.);
#10495=ORIENTED_EDGE('',*,*,#10411,.F.);
#10496=EDGE_LOOP('',(#10489,#10491,#10492,#10494,#10495));
#10497=FACE_OUTER_BOUND('',#10496,.F.);
#10499=CARTESIAN_POINT('',(-1.402145051894E1,7.743291349481E0,
1.249999999948E-1));
#10500=DIRECTION('',(0.E0,1.E0,0.E0));
#10501=DIRECTION('',(0.E0,0.E0,-1.E0));
#10502=AXIS2_PLACEMENT_3D('',#10499,#10500,#10501);
#10503=PLANE('',#10502);
#10505=ORIENTED_EDGE('',*,*,#10504,.F.);
#10506=ORIENTED_EDGE('',*,*,#10268,.F.);
#10507=ORIENTED_EDGE('',*,*,#10490,.F.);
#10508=ORIENTED_EDGE('',*,*,#10131,.F.);
#10509=EDGE_LOOP('',(#10505,#10506,#10507,#10508));
#10510=FACE_OUTER_BOUND('',#10509,.F.);
#10512=CARTESIAN_POINT('',(-1.397145051903E1,7.918291349469E0,
7.500000000598E-2));
#10513=DIRECTION('',(1.E0,0.E0,0.E0));
#10514=DIRECTION('',(0.E0,-1.E0,0.E0));
#10515=AXIS2_PLACEMENT_3D('',#10512,#10513,#10514);
#10516=PLANE('',#10515);
#10518=ORIENTED_EDGE('',*,*,#10517,.T.);
#10520=ORIENTED_EDGE('',*,*,#10519,.T.);
#10521=ORIENTED_EDGE('',*,*,#10504,.T.);
#10523=ORIENTED_EDGE('',*,*,#10522,.T.);
#10524=EDGE_LOOP('',(#10518,#10520,#10521,#10523));
#10525=FACE_OUTER_BOUND('',#10524,.F.);
#10527=CARTESIAN_POINT('',(-1.414645051903E1,7.918291349390E0,
-9.999999999680E-2));
#10528=DIRECTION('',(0.E0,0.E0,1.E0));
#10529=DIRECTION('',(0.E0,1.E0,0.E0));
#10530=AXIS2_PLACEMENT_3D('',#10527,#10528,#10529);
#10531=PLANE('',#10530);
#10533=ORIENTED_EDGE('',*,*,#10532,.T.);
#10535=ORIENTED_EDGE('',*,*,#10534,.T.);
#10536=ORIENTED_EDGE('',*,*,#10517,.F.);
#10538=ORIENTED_EDGE('',*,*,#10537,.T.);
#10539=EDGE_LOOP('',(#10533,#10535,#10536,#10538));
#10540=FACE_OUTER_BOUND('',#10539,.F.);
#10542=CARTESIAN_POINT('',(-1.419645051938E1,6.243291349525E0,
-1.599999999953E0));
#10543=DIRECTION('',(0.E0,-7.071067811865E-1,7.071067811866E-1));
#10544=DIRECTION('',(0.E0,-7.071067811866E-1,-7.071067811865E-1));
#10545=AXIS2_PLACEMENT_3D('',#10542,#10543,#10544);
#10546=PLANE('',#10545);
#10548=ORIENTED_EDGE('',*,*,#10547,.F.);
#10550=ORIENTED_EDGE('',*,*,#10549,.T.);
#10552=ORIENTED_EDGE('',*,*,#10551,.F.);
#10553=ORIENTED_EDGE('',*,*,#10532,.F.);
#10554=EDGE_LOOP('',(#10548,#10550,#10552,#10553));
#10555=FACE_OUTER_BOUND('',#10554,.F.);
#10557=CARTESIAN_POINT('',(-1.407145051903E1,1.393291349475E0,
-1.014999961747E1));
#10558=DIRECTION('',(1.E0,0.E0,0.E0));
#10559=DIRECTION('',(0.E0,-1.E0,0.E0));
#10560=AXIS2_PLACEMENT_3D('',#10557,#10558,#10559);
#10561=PLANE('',#10560);
#10563=ORIENTED_EDGE('',*,*,#10562,.F.);
#10565=ORIENTED_EDGE('',*,*,#10564,.F.);
#10567=ORIENTED_EDGE('',*,*,#10566,.F.);
#10569=ORIENTED_EDGE('',*,*,#10568,.F.);
#10571=ORIENTED_EDGE('',*,*,#10570,.T.);
#10573=ORIENTED_EDGE('',*,*,#10572,.F.);
#10575=ORIENTED_EDGE('',*,*,#10574,.T.);
#10577=ORIENTED_EDGE('',*,*,#10576,.T.);
#10579=ORIENTED_EDGE('',*,*,#10578,.F.);
#10581=ORIENTED_EDGE('',*,*,#10580,.T.);
#10583=ORIENTED_EDGE('',*,*,#10582,.F.);
#10585=ORIENTED_EDGE('',*,*,#10584,.T.);
#10587=ORIENTED_EDGE('',*,*,#10586,.T.);
#10589=ORIENTED_EDGE('',*,*,#10588,.F.);
#10591=ORIENTED_EDGE('',*,*,#10590,.T.);
#10593=ORIENTED_EDGE('',*,*,#10592,.F.);
#10595=ORIENTED_EDGE('',*,*,#10594,.T.);
#10596=ORIENTED_EDGE('',*,*,#10547,.T.);
#10598=ORIENTED_EDGE('',*,*,#10597,.F.);
#10600=ORIENTED_EDGE('',*,*,#10599,.T.);
#10601=EDGE_LOOP('',(#10563,#10565,#10567,#10569,#10571,#10573,#10575,#10577,
#10579,#10581,#10583,#10585,#10587,#10589,#10591,#10593,#10595,#10596,#10598,
#10600));
#10602=FACE_OUTER_BOUND('',#10601,.F.);
#10604=CARTESIAN_POINT('',(-1.419645051903E1,7.318291349481E0,
-1.588750000167E1));
#10605=DIRECTION('',(0.E0,1.E0,0.E0));
#10606=DIRECTION('',(1.E0,0.E0,0.E0));
#10607=AXIS2_PLACEMENT_3D('',#10604,#10605,#10606);
#10608=PLANE('',#10607);
#10610=ORIENTED_EDGE('',*,*,#10609,.F.);
#10611=ORIENTED_EDGE('',*,*,#10562,.T.);
#10613=ORIENTED_EDGE('',*,*,#10612,.F.);
#10615=ORIENTED_EDGE('',*,*,#10614,.T.);
#10616=EDGE_LOOP('',(#10610,#10611,#10613,#10615));
#10617=FACE_OUTER_BOUND('',#10616,.F.);
#10619=CARTESIAN_POINT('',(2.253615532635E1,7.258291349481E0,-1.556E1));
#10620=DIRECTION('',(-1.E0,0.E0,0.E0));
#10621=DIRECTION('',(0.E0,0.E0,1.E0));
#10622=AXIS2_PLACEMENT_3D('',#10619,#10620,#10621);
#10623=CYLINDRICAL_SURFACE('',#10622,6.E-2);
#10625=ORIENTED_EDGE('',*,*,#10624,.F.);
#10626=ORIENTED_EDGE('',*,*,#10564,.T.);
#10627=ORIENTED_EDGE('',*,*,#10609,.T.);
#10629=ORIENTED_EDGE('',*,*,#10628,.T.);
#10630=EDGE_LOOP('',(#10625,#10626,#10627,#10629));
#10631=FACE_OUTER_BOUND('',#10630,.F.);
#10633=CARTESIAN_POINT('',(-1.264290103806E1,0.E0,-1.55E1));
#10634=DIRECTION('',(0.E0,0.E0,1.E0));
#10635=DIRECTION('',(1.E0,0.E0,0.E0));
#10636=AXIS2_PLACEMENT_3D('',#10633,#10634,#10635);
#10637=PLANE('',#10636);
#10638=ORIENTED_EDGE('',*,*,#10624,.T.);
#10640=ORIENTED_EDGE('',*,*,#10639,.F.);
#10642=ORIENTED_EDGE('',*,*,#10641,.T.);
#10643=ORIENTED_EDGE('',*,*,#10566,.T.);
#10644=EDGE_LOOP('',(#10638,#10640,#10642,#10643));
#10645=FACE_OUTER_BOUND('',#10644,.F.);
#10647=CARTESIAN_POINT('',(-1.432145051903E1,1.393291349472E0,
-1.014999961747E1));
#10648=DIRECTION('',(1.E0,0.E0,0.E0));
#10649=DIRECTION('',(0.E0,-1.E0,0.E0));
#10650=AXIS2_PLACEMENT_3D('',#10647,#10648,#10649);
#10651=PLANE('',#10650);
#10652=ORIENTED_EDGE('',*,*,#10639,.T.);
#10653=ORIENTED_EDGE('',*,*,#10628,.F.);
#10654=ORIENTED_EDGE('',*,*,#10614,.F.);
#10656=ORIENTED_EDGE('',*,*,#10655,.F.);
#10658=ORIENTED_EDGE('',*,*,#10657,.F.);
#10659=ORIENTED_EDGE('',*,*,#10551,.T.);
#10661=ORIENTED_EDGE('',*,*,#10660,.F.);
#10663=ORIENTED_EDGE('',*,*,#10662,.F.);
#10665=ORIENTED_EDGE('',*,*,#10664,.F.);
#10667=ORIENTED_EDGE('',*,*,#10666,.F.);
#10669=ORIENTED_EDGE('',*,*,#10668,.T.);
#10671=ORIENTED_EDGE('',*,*,#10670,.T.);
#10673=ORIENTED_EDGE('',*,*,#10672,.F.);
#10675=ORIENTED_EDGE('',*,*,#10674,.F.);
#10677=ORIENTED_EDGE('',*,*,#10676,.F.);
#10679=ORIENTED_EDGE('',*,*,#10678,.T.);
#10681=ORIENTED_EDGE('',*,*,#10680,.F.);
#10683=ORIENTED_EDGE('',*,*,#10682,.F.);
#10684=EDGE_LOOP('',(#10652,#10653,#10654,#10656,#10658,#10659,#10661,#10663,
#10665,#10667,#10669,#10671,#10673,#10675,#10677,#10679,#10681,#10683));
#10685=FACE_OUTER_BOUND('',#10684,.F.);
#10687=CARTESIAN_POINT('',(0.E0,0.E0,-1.58E1));
#10688=DIRECTION('',(0.E0,0.E0,-1.E0));
#10689=DIRECTION('',(-1.E0,0.E0,0.E0));
#10690=AXIS2_PLACEMENT_3D('',#10687,#10688,#10689);
#10691=PLANE('',#10690);
#10692=ORIENTED_EDGE('',*,*,#10599,.F.);
#10694=ORIENTED_EDGE('',*,*,#10693,.T.);
#10696=ORIENTED_EDGE('',*,*,#10695,.F.);
#10698=ORIENTED_EDGE('',*,*,#10697,.F.);
#10700=ORIENTED_EDGE('',*,*,#10699,.T.);
#10702=ORIENTED_EDGE('',*,*,#10701,.T.);
#10704=ORIENTED_EDGE('',*,*,#10703,.F.);
#10706=ORIENTED_EDGE('',*,*,#10705,.T.);
#10708=ORIENTED_EDGE('',*,*,#10707,.T.);
#10710=ORIENTED_EDGE('',*,*,#10709,.F.);
#10711=ORIENTED_EDGE('',*,*,#10655,.T.);
#10712=ORIENTED_EDGE('',*,*,#10612,.T.);
#10713=EDGE_LOOP('',(#10692,#10694,#10696,#10698,#10700,#10702,#10704,#10706,
#10708,#10710,#10711,#10712));
#10714=FACE_OUTER_BOUND('',#10713,.F.);
#10716=CARTESIAN_POINT('',(0.E0,0.E0,-1.58E1));
#10717=DIRECTION('',(0.E0,0.E0,-1.E0));
#10718=DIRECTION('',(-1.E0,0.E0,0.E0));
#10719=AXIS2_PLACEMENT_3D('',#10716,#10717,#10718);
#10720=PLANE('',#10719);
#10722=ORIENTED_EDGE('',*,*,#10721,.F.);
#10723=ORIENTED_EDGE('',*,*,#10580,.F.);
#10725=ORIENTED_EDGE('',*,*,#10724,.T.);
#10726=ORIENTED_EDGE('',*,*,#10674,.T.);
#10727=EDGE_LOOP('',(#10722,#10723,#10725,#10726));
#10728=FACE_OUTER_BOUND('',#10727,.F.);
#10730=CARTESIAN_POINT('',(0.E0,0.E0,-1.58E1));
#10731=DIRECTION('',(0.E0,0.E0,-1.E0));
#10732=DIRECTION('',(-1.E0,0.E0,0.E0));
#10733=AXIS2_PLACEMENT_3D('',#10730,#10731,#10732);
#10734=PLANE('',#10733);
#10736=ORIENTED_EDGE('',*,*,#10735,.F.);
#10738=ORIENTED_EDGE('',*,*,#10737,.F.);
#10740=ORIENTED_EDGE('',*,*,#10739,.T.);
#10742=ORIENTED_EDGE('',*,*,#10741,.T.);
#10743=EDGE_LOOP('',(#10736,#10738,#10740,#10742));
#10744=FACE_OUTER_BOUND('',#10743,.F.);
#10746=CARTESIAN_POINT('',(0.E0,0.E0,-1.58E1));
#10747=DIRECTION('',(0.E0,0.E0,-1.E0));
#10748=DIRECTION('',(-1.E0,0.E0,0.E0));
#10749=AXIS2_PLACEMENT_3D('',#10746,#10747,#10748);
#10750=PLANE('',#10749);
#10752=ORIENTED_EDGE('',*,*,#10751,.T.);
#10754=ORIENTED_EDGE('',*,*,#10753,.F.);
#10756=ORIENTED_EDGE('',*,*,#10755,.F.);
#10757=ORIENTED_EDGE('',*,*,#10590,.F.);
#10759=ORIENTED_EDGE('',*,*,#10758,.F.);
#10760=ORIENTED_EDGE('',*,*,#10664,.T.);
#10762=ORIENTED_EDGE('',*,*,#10761,.T.);
#10764=ORIENTED_EDGE('',*,*,#10763,.T.);
#10766=ORIENTED_EDGE('',*,*,#10765,.F.);
#10768=ORIENTED_EDGE('',*,*,#10767,.T.);
#10770=ORIENTED_EDGE('',*,*,#10769,.T.);
#10772=ORIENTED_EDGE('',*,*,#10771,.F.);
#10774=ORIENTED_EDGE('',*,*,#10773,.F.);
#10776=ORIENTED_EDGE('',*,*,#10775,.T.);
#10777=EDGE_LOOP('',(#10752,#10754,#10756,#10757,#10759,#10760,#10762,#10764,
#10766,#10768,#10770,#10772,#10774,#10776));
#10778=FACE_OUTER_BOUND('',#10777,.F.);
#10780=CARTESIAN_POINT('',(0.E0,0.E0,-1.58E1));
#10781=DIRECTION('',(0.E0,0.E0,-1.E0));
#10782=DIRECTION('',(-1.E0,0.E0,0.E0));
#10783=AXIS2_PLACEMENT_3D('',#10780,#10781,#10782);
#10784=PLANE('',#10783);
#10786=ORIENTED_EDGE('',*,*,#10785,.F.);
#10788=ORIENTED_EDGE('',*,*,#10787,.T.);
#10790=ORIENTED_EDGE('',*,*,#10789,.T.);
#10792=ORIENTED_EDGE('',*,*,#10791,.F.);
#10794=ORIENTED_EDGE('',*,*,#10793,.F.);
#10796=ORIENTED_EDGE('',*,*,#10795,.F.);
#10798=ORIENTED_EDGE('',*,*,#10797,.T.);
#10800=ORIENTED_EDGE('',*,*,#10799,.F.);
#10802=ORIENTED_EDGE('',*,*,#10801,.F.);
#10804=ORIENTED_EDGE('',*,*,#10803,.T.);
#10806=ORIENTED_EDGE('',*,*,#10805,.F.);
#10808=ORIENTED_EDGE('',*,*,#10807,.T.);
#10810=ORIENTED_EDGE('',*,*,#10809,.T.);
#10812=ORIENTED_EDGE('',*,*,#10811,.F.);
#10813=EDGE_LOOP('',(#10786,#10788,#10790,#10792,#10794,#10796,#10798,#10800,
#10802,#10804,#10806,#10808,#10810,#10812));
#10814=FACE_OUTER_BOUND('',#10813,.F.);
#10816=CARTESIAN_POINT('',(-1.397145051903E1,7.743291349481E0,
2.180000000032E-1));
#10817=DIRECTION('',(0.E0,0.E0,-1.E0));
#10818=DIRECTION('',(-1.E0,0.E0,0.E0));
#10819=AXIS2_PLACEMENT_3D('',#10816,#10817,#10818);
#10820=CYLINDRICAL_SURFACE('',#10819,1.E-1);
#10821=ORIENTED_EDGE('',*,*,#10693,.F.);
#10822=ORIENTED_EDGE('',*,*,#10597,.T.);
#10823=ORIENTED_EDGE('',*,*,#10537,.F.);
#10825=ORIENTED_EDGE('',*,*,#10824,.T.);
#10826=EDGE_LOOP('',(#10821,#10822,#10823,#10825));
#10827=FACE_OUTER_BOUND('',#10826,.F.);
#10829=CARTESIAN_POINT('',(-6.321450519033E0,7.843291349481E0,
-8.049999999997E0));
#10830=DIRECTION('',(0.E0,1.E0,0.E0));
#10831=DIRECTION('',(0.E0,0.E0,-1.E0));
#10832=AXIS2_PLACEMENT_3D('',#10829,#10830,#10831);
#10833=PLANE('',#10832);
#10834=ORIENTED_EDGE('',*,*,#10695,.T.);
#10835=ORIENTED_EDGE('',*,*,#10824,.F.);
#10837=ORIENTED_EDGE('',*,*,#10836,.F.);
#10839=ORIENTED_EDGE('',*,*,#10838,.F.);
#10840=EDGE_LOOP('',(#10834,#10835,#10837,#10839));
#10841=FACE_OUTER_BOUND('',#10840,.F.);
#10843=CARTESIAN_POINT('',(-1.427745051903E1,7.743291349481E0,
-9.999999999680E-2));
#10844=DIRECTION('',(1.E0,0.E0,0.E0));
#10845=DIRECTION('',(0.E0,0.E0,-1.E0));
#10846=AXIS2_PLACEMENT_3D('',#10843,#10844,#10845);
#10847=CYLINDRICAL_SURFACE('',#10846,1.E-1);
#10849=ORIENTED_EDGE('',*,*,#10848,.T.);
#10850=ORIENTED_EDGE('',*,*,#10114,.T.);
#10852=ORIENTED_EDGE('',*,*,#10851,.F.);
#10853=ORIENTED_EDGE('',*,*,#10836,.T.);
#10854=ORIENTED_EDGE('',*,*,#10522,.F.);
#10855=ORIENTED_EDGE('',*,*,#10129,.T.);
#10856=EDGE_LOOP('',(#10849,#10850,#10852,#10853,#10854,#10855));
#10857=FACE_OUTER_BOUND('',#10856,.F.);
#10859=ORIENTED_EDGE('',*,*,#10858,.T.);
#10861=ORIENTED_EDGE('',*,*,#10860,.F.);
#10863=ORIENTED_EDGE('',*,*,#10862,.F.);
#10865=ORIENTED_EDGE('',*,*,#10864,.F.);
#10866=EDGE_LOOP('',(#10859,#10861,#10863,#10865));
#10867=FACE_BOUND('',#10866,.F.);
#10869=CARTESIAN_POINT('',(-6.321450519031E0,7.743291349481E0,
1.250000000032E-1));
#10870=DIRECTION('',(0.E0,1.E0,0.E0));
#10871=DIRECTION('',(1.E0,0.E0,0.E0));
#10872=AXIS2_PLACEMENT_3D('',#10869,#10870,#10871);
#10873=PLANE('',#10872);
#10875=ORIENTED_EDGE('',*,*,#10874,.F.);
#10876=ORIENTED_EDGE('',*,*,#10084,.T.);
#10877=ORIENTED_EDGE('',*,*,#10848,.F.);
#10879=ORIENTED_EDGE('',*,*,#10878,.F.);
#10880=EDGE_LOOP('',(#10875,#10876,#10877,#10879));
#10881=FACE_OUTER_BOUND('',#10880,.F.);
#10883=CARTESIAN_POINT('',(-1.427745051903E1,7.743291349481E0,
-9.999999999680E-2));
#10884=DIRECTION('',(1.E0,0.E0,0.E0));
#10885=DIRECTION('',(0.E0,0.E0,-1.E0));
#10886=AXIS2_PLACEMENT_3D('',#10883,#10884,#10885);
#10887=CYLINDRICAL_SURFACE('',#10886,3.5E-1);
#10888=ORIENTED_EDGE('',*,*,#10270,.T.);
#10889=ORIENTED_EDGE('',*,*,#10519,.F.);
#10891=ORIENTED_EDGE('',*,*,#10890,.T.);
#10893=ORIENTED_EDGE('',*,*,#10892,.F.);
#10894=ORIENTED_EDGE('',*,*,#10308,.T.);
#10895=ORIENTED_EDGE('',*,*,#10874,.T.);
#10896=EDGE_LOOP('',(#10888,#10889,#10891,#10893,#10894,#10895));
#10897=FACE_OUTER_BOUND('',#10896,.F.);
#10899=CARTESIAN_POINT('',(-6.321450519030E0,8.093291349481E0,
-8.049999999995E0));
#10900=DIRECTION('',(0.E0,1.E0,0.E0));
#10901=DIRECTION('',(0.E0,0.E0,-1.E0));
#10902=AXIS2_PLACEMENT_3D('',#10899,#10900,#10901);
#10903=PLANE('',#10902);
#10904=ORIENTED_EDGE('',*,*,#10707,.F.);
#10906=ORIENTED_EDGE('',*,*,#10905,.F.);
#10907=ORIENTED_EDGE('',*,*,#10890,.F.);
#10909=ORIENTED_EDGE('',*,*,#10908,.F.);
#10910=EDGE_LOOP('',(#10904,#10906,#10907,#10909));
#10911=FACE_OUTER_BOUND('',#10910,.F.);
#10913=CARTESIAN_POINT('',(1.328549480969E0,7.743291349481E0,-1.6318E1));
#10914=DIRECTION('',(0.E0,0.E0,1.E0));
#10915=DIRECTION('',(1.E0,0.E0,0.E0));
#10916=AXIS2_PLACEMENT_3D('',#10913,#10914,#10915);
#10917=CYLINDRICAL_SURFACE('',#10916,3.5E-1);
#10918=ORIENTED_EDGE('',*,*,#10705,.F.);
#10920=ORIENTED_EDGE('',*,*,#10919,.T.);
#10922=ORIENTED_EDGE('',*,*,#10921,.F.);
#10923=ORIENTED_EDGE('',*,*,#10905,.T.);
#10924=EDGE_LOOP('',(#10918,#10920,#10922,#10923));
#10925=FACE_OUTER_BOUND('',#10924,.F.);
#10927=CARTESIAN_POINT('',(1.678549480969E0,1.661489400981E0,
-1.014999961747E1));
#10928=DIRECTION('',(1.E0,0.E0,0.E0));
#10929=DIRECTION('',(0.E0,-1.E0,0.E0));
#10930=AXIS2_PLACEMENT_3D('',#10927,#10928,#10929);
#10931=PLANE('',#10930);
#10933=ORIENTED_EDGE('',*,*,#10932,.F.);
#10935=ORIENTED_EDGE('',*,*,#10934,.T.);
#10937=ORIENTED_EDGE('',*,*,#10936,.F.);
#10938=ORIENTED_EDGE('',*,*,#10737,.T.);
#10940=ORIENTED_EDGE('',*,*,#10939,.F.);
#10942=ORIENTED_EDGE('',*,*,#10941,.T.);
#10944=ORIENTED_EDGE('',*,*,#10943,.T.);
#10946=ORIENTED_EDGE('',*,*,#10945,.F.);
#10947=ORIENTED_EDGE('',*,*,#10799,.T.);
#10949=ORIENTED_EDGE('',*,*,#10948,.F.);
#10951=ORIENTED_EDGE('',*,*,#10950,.T.);
#10953=ORIENTED_EDGE('',*,*,#10952,.T.);
#10954=ORIENTED_EDGE('',*,*,#10919,.F.);
#10955=ORIENTED_EDGE('',*,*,#10703,.T.);
#10957=ORIENTED_EDGE('',*,*,#10956,.F.);
#10959=ORIENTED_EDGE('',*,*,#10958,.T.);
#10960=EDGE_LOOP('',(#10933,#10935,#10937,#10938,#10940,#10942,#10944,#10946,
#10947,#10949,#10951,#10953,#10954,#10955,#10957,#10959));
#10961=FACE_OUTER_BOUND('',#10960,.F.);
#10963=CARTESIAN_POINT('',(1.578549480969E0,-3.037682867590E1,-1.555E1));
#10964=DIRECTION('',(0.E0,1.E0,0.E0));
#10965=DIRECTION('',(1.E0,0.E0,0.E0));
#10966=AXIS2_PLACEMENT_3D('',#10963,#10964,#10965);
#10967=CYLINDRICAL_SURFACE('',#10966,1.E-1);
#10968=ORIENTED_EDGE('',*,*,#10932,.T.);
#10970=ORIENTED_EDGE('',*,*,#10969,.T.);
#10972=ORIENTED_EDGE('',*,*,#10971,.T.);
#10974=ORIENTED_EDGE('',*,*,#10973,.F.);
#10976=ORIENTED_EDGE('',*,*,#10975,.T.);
#10978=ORIENTED_EDGE('',*,*,#10977,.T.);
#10979=EDGE_LOOP('',(#10968,#10970,#10972,#10974,#10976,#10978));
#10980=FACE_OUTER_BOUND('',#10979,.F.);
#10982=CARTESIAN_POINT('',(2.253615532635E1,7.255791349481E0,-1.55625E1));
#10983=DIRECTION('',(-1.E0,0.E0,0.E0));
#10984=DIRECTION('',(0.E0,0.E0,1.E0));
#10985=AXIS2_PLACEMENT_3D('',#10982,#10983,#10984);
#10986=CYLINDRICAL_SURFACE('',#10985,6.25E-2);
#10987=ORIENTED_EDGE('',*,*,#10969,.F.);
#10988=ORIENTED_EDGE('',*,*,#10958,.F.);
#10990=ORIENTED_EDGE('',*,*,#10989,.T.);
#10992=ORIENTED_EDGE('',*,*,#10991,.F.);
#10994=ORIENTED_EDGE('',*,*,#10993,.T.);
#10995=EDGE_LOOP('',(#10987,#10988,#10990,#10992,#10994));
#10996=FACE_OUTER_BOUND('',#10995,.F.);
#10998=CARTESIAN_POINT('',(1.553549480966E0,7.318291349481E0,
-1.588750000016E1));
#10999=DIRECTION('',(0.E0,1.E0,0.E0));
#11000=DIRECTION('',(1.E0,0.E0,0.E0));
#11001=AXIS2_PLACEMENT_3D('',#10998,#10999,#11000);
#11002=PLANE('',#11001);
#11003=ORIENTED_EDGE('',*,*,#10989,.F.);
#11004=ORIENTED_EDGE('',*,*,#10956,.T.);
#11005=ORIENTED_EDGE('',*,*,#10701,.F.);
#11007=ORIENTED_EDGE('',*,*,#11006,.T.);
#11008=EDGE_LOOP('',(#11003,#11004,#11005,#11007));
#11009=FACE_OUTER_BOUND('',#11008,.F.);
#11011=CARTESIAN_POINT('',(1.428549480969E0,1.661489400981E0,
-1.014999961747E1));
#11012=DIRECTION('',(1.E0,0.E0,0.E0));
#11013=DIRECTION('',(0.E0,-1.E0,0.E0));
#11014=AXIS2_PLACEMENT_3D('',#11011,#11012,#11013);
#11015=PLANE('',#11014);
#11016=ORIENTED_EDGE('',*,*,#10991,.T.);
#11017=ORIENTED_EDGE('',*,*,#11006,.F.);
#11018=ORIENTED_EDGE('',*,*,#10699,.F.);
#11020=ORIENTED_EDGE('',*,*,#11019,.F.);
#11022=ORIENTED_EDGE('',*,*,#11021,.T.);
#11024=ORIENTED_EDGE('',*,*,#11023,.F.);
#11026=ORIENTED_EDGE('',*,*,#11025,.F.);
#11027=ORIENTED_EDGE('',*,*,#10803,.F.);
#11029=ORIENTED_EDGE('',*,*,#11028,.F.);
#11031=ORIENTED_EDGE('',*,*,#11030,.T.);
#11033=ORIENTED_EDGE('',*,*,#11032,.T.);
#11035=ORIENTED_EDGE('',*,*,#11034,.F.);
#11036=ORIENTED_EDGE('',*,*,#10741,.F.);
#11038=ORIENTED_EDGE('',*,*,#11037,.F.);
#11040=ORIENTED_EDGE('',*,*,#11039,.T.);
#11042=ORIENTED_EDGE('',*,*,#11041,.T.);
#11044=ORIENTED_EDGE('',*,*,#11043,.T.);
#11046=ORIENTED_EDGE('',*,*,#11045,.T.);
#11047=EDGE_LOOP('',(#11016,#11017,#11018,#11020,#11022,#11024,#11026,#11027,
#11029,#11031,#11033,#11035,#11036,#11038,#11040,#11042,#11044,#11046));
#11048=FACE_OUTER_BOUND('',#11047,.F.);
#11050=CARTESIAN_POINT('',(1.328549480969E0,7.743291349481E0,-1.6318E1));
#11051=DIRECTION('',(0.E0,0.E0,1.E0));
#11052=DIRECTION('',(1.E0,0.E0,0.E0));
#11053=AXIS2_PLACEMENT_3D('',#11050,#11051,#11052);
#11054=CYLINDRICAL_SURFACE('',#11053,1.E-1);
#11055=ORIENTED_EDGE('',*,*,#10697,.T.);
#11056=ORIENTED_EDGE('',*,*,#10838,.T.);
#11058=ORIENTED_EDGE('',*,*,#11057,.F.);
#11059=ORIENTED_EDGE('',*,*,#11019,.T.);
#11060=EDGE_LOOP('',(#11055,#11056,#11058,#11059));
#11061=FACE_OUTER_BOUND('',#11060,.F.);
#11063=CARTESIAN_POINT('',(1.503549480964E0,7.918291349390E0,
-9.999999999680E-2));
#11064=DIRECTION('',(0.E0,0.E0,1.E0));
#11065=DIRECTION('',(0.E0,-1.E0,0.E0));
#11066=AXIS2_PLACEMENT_3D('',#11063,#11064,#11065);
#11067=PLANE('',#11066);
#11069=ORIENTED_EDGE('',*,*,#11068,.T.);
#11070=ORIENTED_EDGE('',*,*,#10921,.T.);
#11072=ORIENTED_EDGE('',*,*,#11071,.F.);
#11073=ORIENTED_EDGE('',*,*,#11057,.T.);
#11074=EDGE_LOOP('',(#11069,#11070,#11072,#11073));
#11075=FACE_OUTER_BOUND('',#11074,.F.);
#11077=CARTESIAN_POINT('',(1.328549480969E0,7.918291349469E0,
7.500000000598E-2));
#11078=DIRECTION('',(1.E0,0.E0,0.E0));
#11079=DIRECTION('',(0.E0,1.E0,0.E0));
#11080=AXIS2_PLACEMENT_3D('',#11077,#11078,#11079);
#11081=PLANE('',#11080);
#11082=ORIENTED_EDGE('',*,*,#10851,.T.);
#11084=ORIENTED_EDGE('',*,*,#11083,.T.);
#11085=ORIENTED_EDGE('',*,*,#10892,.T.);
#11086=ORIENTED_EDGE('',*,*,#11068,.F.);
#11087=EDGE_LOOP('',(#11082,#11084,#11085,#11086));
#11088=FACE_OUTER_BOUND('',#11087,.F.);
#11090=CARTESIAN_POINT('',(1.378549480875E0,7.743291349481E0,
1.250000000006E-1));
#11091=DIRECTION('',(0.E0,1.E0,0.E0));
#11092=DIRECTION('',(0.E0,0.E0,1.E0));
#11093=AXIS2_PLACEMENT_3D('',#11090,#11091,#11092);
#11094=PLANE('',#11093);
#11095=ORIENTED_EDGE('',*,*,#10112,.F.);
#11097=ORIENTED_EDGE('',*,*,#11096,.T.);
#11098=ORIENTED_EDGE('',*,*,#10310,.F.);
#11099=ORIENTED_EDGE('',*,*,#11083,.F.);
#11100=EDGE_LOOP('',(#11095,#11097,#11098,#11099));
#11101=FACE_OUTER_BOUND('',#11100,.F.);
#11103=CARTESIAN_POINT('',(1.428549480969E0,7.493291349480E0,
1.250000000046E-1));
#11104=DIRECTION('',(1.E0,0.E0,0.E0));
#11105=DIRECTION('',(0.E0,-1.E0,0.E0));
#11106=AXIS2_PLACEMENT_3D('',#11103,#11104,#11105);
#11107=PLANE('',#11106);
#11109=ORIENTED_EDGE('',*,*,#11108,.T.);
#11110=ORIENTED_EDGE('',*,*,#10312,.F.);
#11111=ORIENTED_EDGE('',*,*,#11096,.F.);
#11112=ORIENTED_EDGE('',*,*,#10110,.F.);
#11114=ORIENTED_EDGE('',*,*,#11113,.T.);
#11115=EDGE_LOOP('',(#11109,#11110,#11111,#11112,#11114));
#11116=FACE_OUTER_BOUND('',#11115,.F.);
#11118=CARTESIAN_POINT('',(1.378549480809E0,7.243291349481E0,
2.427050983138E-1));
#11119=DIRECTION('',(0.E0,1.E0,0.E0));
#11120=DIRECTION('',(1.E0,0.E0,0.E0));
#11121=AXIS2_PLACEMENT_3D('',#11118,#11119,#11120);
#11122=PLANE('',#11121);
#11123=ORIENTED_EDGE('',*,*,#10314,.F.);
#11124=ORIENTED_EDGE('',*,*,#11108,.F.);
#11126=ORIENTED_EDGE('',*,*,#11125,.T.);
#11127=EDGE_LOOP('',(#11123,#11124,#11126));
#11128=FACE_OUTER_BOUND('',#11127,.F.);
#11130=CARTESIAN_POINT('',(1.328549480969E0,7.548291349481E0,
-9.999999999680E-2));
#11131=DIRECTION('',(0.E0,-1.E0,0.E0));
#11132=DIRECTION('',(1.E0,0.E0,0.E0));
#11133=AXIS2_PLACEMENT_3D('',#11130,#11131,#11132);
#11134=CYLINDRICAL_SURFACE('',#11133,3.5E-1);
#11135=ORIENTED_EDGE('',*,*,#10316,.T.);
#11136=ORIENTED_EDGE('',*,*,#11125,.F.);
#11138=ORIENTED_EDGE('',*,*,#11137,.F.);
#11140=ORIENTED_EDGE('',*,*,#11139,.T.);
#11142=ORIENTED_EDGE('',*,*,#11141,.T.);
#11144=ORIENTED_EDGE('',*,*,#11143,.F.);
#11145=EDGE_LOOP('',(#11135,#11136,#11138,#11140,#11142,#11144));
#11146=FACE_OUTER_BOUND('',#11145,.F.);
#11148=CARTESIAN_POINT('',(1.503554545423E0,7.243291349481E0,
6.754884835678E-2));
#11149=DIRECTION('',(0.E0,1.E0,0.E0));
#11150=DIRECTION('',(0.E0,0.E0,-1.E0));
#11151=AXIS2_PLACEMENT_3D('',#11148,#11149,#11150);
#11152=PLANE('',#11151);
#11153=ORIENTED_EDGE('',*,*,#10108,.F.);
#11155=ORIENTED_EDGE('',*,*,#11154,.F.);
#11157=ORIENTED_EDGE('',*,*,#11156,.T.);
#11158=ORIENTED_EDGE('',*,*,#11137,.T.);
#11159=ORIENTED_EDGE('',*,*,#11113,.F.);
#11160=EDGE_LOOP('',(#11153,#11155,#11157,#11158,#11159));
#11161=FACE_OUTER_BOUND('',#11160,.F.);
#11163=CARTESIAN_POINT('',(1.328549480969E0,7.548291349481E0,
-9.999999999680E-2));
#11164=DIRECTION('',(0.E0,-1.E0,0.E0));
#11165=DIRECTION('',(1.E0,0.E0,0.E0));
#11166=AXIS2_PLACEMENT_3D('',#11163,#11164,#11165);
#11167=CYLINDRICAL_SURFACE('',#11166,1.E-1);
#11169=ORIENTED_EDGE('',*,*,#11168,.T.);
#11171=ORIENTED_EDGE('',*,*,#11170,.T.);
#11172=ORIENTED_EDGE('',*,*,#11154,.T.);
#11173=ORIENTED_EDGE('',*,*,#10106,.T.);
#11174=EDGE_LOOP('',(#11169,#11171,#11172,#11173));
#11175=FACE_OUTER_BOUND('',#11174,.F.);
#11177=CARTESIAN_POINT('',(1.503554545423E0,-8.006708650519E0,
6.754884836965E-2));
#11178=DIRECTION('',(0.E0,1.E0,0.E0));
#11179=DIRECTION('',(0.E0,0.E0,-1.E0));
#11180=AXIS2_PLACEMENT_3D('',#11177,#11178,#11179);
#11181=PLANE('',#11180);
#11182=ORIENTED_EDGE('',*,*,#11141,.F.);
#11184=ORIENTED_EDGE('',*,*,#11183,.T.);
#11185=ORIENTED_EDGE('',*,*,#11168,.F.);
#11186=ORIENTED_EDGE('',*,*,#10104,.F.);
#11188=ORIENTED_EDGE('',*,*,#11187,.T.);
#11189=EDGE_LOOP('',(#11182,#11184,#11185,#11186,#11188));
#11190=FACE_OUTER_BOUND('',#11189,.F.);
#11192=CARTESIAN_POINT('',(1.553554545786E0,-6.707427399911E0,
-1.400281250604E0));
#11193=DIRECTION('',(0.E0,7.071067811865E-1,7.071067811866E-1));
#11194=DIRECTION('',(0.E0,7.071067811866E-1,-7.071067811865E-1));
#11195=AXIS2_PLACEMENT_3D('',#11192,#11193,#11194);
#11196=PLANE('',#11195);
#11198=ORIENTED_EDGE('',*,*,#11197,.T.);
#11200=ORIENTED_EDGE('',*,*,#11199,.F.);
#11201=ORIENTED_EDGE('',*,*,#11183,.F.);
#11203=ORIENTED_EDGE('',*,*,#11202,.F.);
#11204=EDGE_LOOP('',(#11198,#11200,#11201,#11203));
#11205=FACE_OUTER_BOUND('',#11204,.F.);
#11207=CARTESIAN_POINT('',(1.553549480967E0,-3.817086505185E-1,
-2.699999999997E0));
#11208=DIRECTION('',(0.E0,0.E0,1.E0));
#11209=DIRECTION('',(0.E0,-1.E0,0.E0));
#11210=AXIS2_PLACEMENT_3D('',#11207,#11208,#11209);
#11211=PLANE('',#11210);
#11213=ORIENTED_EDGE('',*,*,#11212,.T.);
#11214=ORIENTED_EDGE('',*,*,#11197,.F.);
#11216=ORIENTED_EDGE('',*,*,#11215,.T.);
#11218=ORIENTED_EDGE('',*,*,#11217,.T.);
#11219=EDGE_LOOP('',(#11213,#11214,#11216,#11218));
#11220=FACE_OUTER_BOUND('',#11219,.F.);
#11222=CARTESIAN_POINT('',(1.428549480969E0,-3.817086505185E-1,
-1.400156250123E0));
#11223=DIRECTION('',(1.E0,0.E0,0.E0));
#11224=DIRECTION('',(0.E0,0.E0,1.E0));
#11225=AXIS2_PLACEMENT_3D('',#11222,#11223,#11224);
#11226=PLANE('',#11225);
#11227=ORIENTED_EDGE('',*,*,#11170,.F.);
#11228=ORIENTED_EDGE('',*,*,#11199,.T.);
#11229=ORIENTED_EDGE('',*,*,#11212,.F.);
#11231=ORIENTED_EDGE('',*,*,#11230,.T.);
#11232=EDGE_LOOP('',(#11227,#11228,#11229,#11231));
#11233=FACE_OUTER_BOUND('',#11232,.F.);
#11235=CARTESIAN_POINT('',(1.553554545785E0,5.944010098874E0,
-1.400281250604E0));
#11236=DIRECTION('',(0.E0,-7.071067811864E-1,7.071067811867E-1));
#11237=DIRECTION('',(0.E0,7.071067811867E-1,7.071067811864E-1));
#11238=AXIS2_PLACEMENT_3D('',#11235,#11236,#11237);
#11239=PLANE('',#11238);
#11240=ORIENTED_EDGE('',*,*,#11156,.F.);
#11241=ORIENTED_EDGE('',*,*,#11230,.F.);
#11242=ORIENTED_EDGE('',*,*,#11217,.F.);
#11244=ORIENTED_EDGE('',*,*,#11243,.F.);
#11245=EDGE_LOOP('',(#11240,#11241,#11242,#11244));
#11246=FACE_OUTER_BOUND('',#11245,.F.);
#11248=CARTESIAN_POINT('',(1.678549480969E0,-3.817086505185E-1,
-1.400156250213E0));
#11249=DIRECTION('',(1.E0,0.E0,0.E0));
#11250=DIRECTION('',(0.E0,0.E0,1.E0));
#11251=AXIS2_PLACEMENT_3D('',#11248,#11249,#11250);
#11252=PLANE('',#11251);
#11253=ORIENTED_EDGE('',*,*,#11215,.F.);
#11254=ORIENTED_EDGE('',*,*,#11202,.T.);
#11255=ORIENTED_EDGE('',*,*,#11139,.F.);
#11256=ORIENTED_EDGE('',*,*,#11243,.T.);
#11257=EDGE_LOOP('',(#11253,#11254,#11255,#11256));
#11258=FACE_OUTER_BOUND('',#11257,.F.);
#11260=CARTESIAN_POINT('',(1.428549480969E0,-8.131708650528E0,
1.250000037149E-1));
#11261=DIRECTION('',(1.E0,0.E0,0.E0));
#11262=DIRECTION('',(0.E0,-1.E0,0.E0));
#11263=AXIS2_PLACEMENT_3D('',#11260,#11261,#11262);
#11264=PLANE('',#11263);
#11265=ORIENTED_EDGE('',*,*,#10102,.F.);
#11267=ORIENTED_EDGE('',*,*,#11266,.T.);
#11268=ORIENTED_EDGE('',*,*,#10320,.F.);
#11270=ORIENTED_EDGE('',*,*,#11269,.T.);
#11271=ORIENTED_EDGE('',*,*,#11187,.F.);
#11272=EDGE_LOOP('',(#11265,#11267,#11268,#11270,#11271));
#11273=FACE_OUTER_BOUND('',#11272,.F.);
#11275=CARTESIAN_POINT('',(1.428549480969E0,-8.431708656027E0,
7.500000549165E-2));
#11276=DIRECTION('',(1.E0,0.E0,0.E0));
#11277=DIRECTION('',(0.E0,0.E0,1.E0));
#11278=AXIS2_PLACEMENT_3D('',#11275,#11276,#11277);
#11279=PLANE('',#11278);
#11281=ORIENTED_EDGE('',*,*,#11280,.T.);
#11282=ORIENTED_EDGE('',*,*,#10229,.T.);
#11283=ORIENTED_EDGE('',*,*,#11266,.F.);
#11284=ORIENTED_EDGE('',*,*,#10187,.T.);
#11285=EDGE_LOOP('',(#11281,#11282,#11283,#11284));
#11286=FACE_OUTER_BOUND('',#11285,.F.);
#11288=CARTESIAN_POINT('',(1.428549480969E0,-8.481708654584E0,
-2.249999996249E-1));
#11289=DIRECTION('',(1.E0,0.E0,0.E0));
#11290=DIRECTION('',(0.E0,0.E0,-1.E0));
#11291=AXIS2_PLACEMENT_3D('',#11288,#11289,#11290);
#11292=PLANE('',#11291);
#11294=ORIENTED_EDGE('',*,*,#11293,.T.);
#11295=ORIENTED_EDGE('',*,*,#11280,.F.);
#11297=ORIENTED_EDGE('',*,*,#11296,.T.);
#11299=ORIENTED_EDGE('',*,*,#11298,.T.);
#11301=ORIENTED_EDGE('',*,*,#11300,.T.);
#11302=EDGE_LOOP('',(#11294,#11295,#11297,#11299,#11301));
#11303=FACE_OUTER_BOUND('',#11302,.F.);
#11305=CARTESIAN_POINT('',(-6.321450519033E0,-8.606708650519E0,
-7.550000000013E0));
#11306=DIRECTION('',(0.E0,1.E0,0.E0));
#11307=DIRECTION('',(0.E0,0.E0,1.E0));
#11308=AXIS2_PLACEMENT_3D('',#11305,#11306,#11307);
#11309=PLANE('',#11308);
#11311=ORIENTED_EDGE('',*,*,#11310,.T.);
#11312=ORIENTED_EDGE('',*,*,#10231,.F.);
#11313=ORIENTED_EDGE('',*,*,#11293,.F.);
#11315=ORIENTED_EDGE('',*,*,#11314,.T.);
#11317=ORIENTED_EDGE('',*,*,#11316,.F.);
#11319=ORIENTED_EDGE('',*,*,#11318,.T.);
#11321=ORIENTED_EDGE('',*,*,#11320,.F.);
#11323=ORIENTED_EDGE('',*,*,#11322,.T.);
#11325=ORIENTED_EDGE('',*,*,#11324,.T.);
#11326=ORIENTED_EDGE('',*,*,#10242,.F.);
#11327=EDGE_LOOP('',(#11311,#11312,#11313,#11315,#11317,#11319,#11321,#11323,
#11325,#11326));
#11328=FACE_OUTER_BOUND('',#11327,.F.);
#11330=CARTESIAN_POINT('',(0.E0,0.E0,-9.999999999680E-2));
#11331=DIRECTION('',(0.E0,0.E0,1.E0));
#11332=DIRECTION('',(1.E0,0.E0,0.E0));
#11333=AXIS2_PLACEMENT_3D('',#11330,#11331,#11332);
#11334=PLANE('',#11333);
#11335=ORIENTED_EDGE('',*,*,#11310,.F.);
#11336=ORIENTED_EDGE('',*,*,#10170,.F.);
#11338=ORIENTED_EDGE('',*,*,#11337,.T.);
#11339=ORIENTED_EDGE('',*,*,#10216,.F.);
#11340=EDGE_LOOP('',(#11335,#11336,#11338,#11339));
#11341=FACE_OUTER_BOUND('',#11340,.F.);
#11343=CARTESIAN_POINT('',(-6.321450519029E0,-8.356708650519E0,
-7.550000000007E0));
#11344=DIRECTION('',(0.E0,1.E0,0.E0));
#11345=DIRECTION('',(0.E0,0.E0,1.E0));
#11346=AXIS2_PLACEMENT_3D('',#11343,#11344,#11345);
#11347=PLANE('',#11346);
#11348=ORIENTED_EDGE('',*,*,#11337,.F.);
#11349=ORIENTED_EDGE('',*,*,#10202,.F.);
#11351=ORIENTED_EDGE('',*,*,#11350,.F.);
#11353=ORIENTED_EDGE('',*,*,#11352,.T.);
#11355=ORIENTED_EDGE('',*,*,#11354,.F.);
#11357=ORIENTED_EDGE('',*,*,#11356,.T.);
#11359=ORIENTED_EDGE('',*,*,#11358,.F.);
#11361=ORIENTED_EDGE('',*,*,#11360,.T.);
#11362=ORIENTED_EDGE('',*,*,#11296,.F.);
#11363=ORIENTED_EDGE('',*,*,#10185,.F.);
#11364=EDGE_LOOP('',(#11348,#11349,#11351,#11353,#11355,#11357,#11359,#11361,
#11362,#11363));
#11365=FACE_OUTER_BOUND('',#11364,.F.);
#11367=CARTESIAN_POINT('',(-1.407145051903E1,-8.481708654183E0,
-2.249999996249E-1));
#11368=DIRECTION('',(1.E0,0.E0,0.E0));
#11369=DIRECTION('',(0.E0,-1.E0,0.E0));
#11370=AXIS2_PLACEMENT_3D('',#11367,#11368,#11369);
#11371=PLANE('',#11370);
#11372=ORIENTED_EDGE('',*,*,#11350,.T.);
#11374=ORIENTED_EDGE('',*,*,#11373,.T.);
#11375=ORIENTED_EDGE('',*,*,#11324,.F.);
#11377=ORIENTED_EDGE('',*,*,#11376,.T.);
#11379=ORIENTED_EDGE('',*,*,#11378,.T.);
#11380=EDGE_LOOP('',(#11372,#11374,#11375,#11377,#11379));
#11381=FACE_OUTER_BOUND('',#11380,.F.);
#11383=CARTESIAN_POINT('',(-1.407145051903E1,-8.431708656026E0,
7.500000549164E-2));
#11384=DIRECTION('',(1.E0,0.E0,0.E0));
#11385=DIRECTION('',(0.E0,0.E0,-1.E0));
#11386=AXIS2_PLACEMENT_3D('',#11383,#11384,#11385);
#11387=PLANE('',#11386);
#11388=ORIENTED_EDGE('',*,*,#10200,.T.);
#11389=ORIENTED_EDGE('',*,*,#10334,.T.);
#11390=ORIENTED_EDGE('',*,*,#10244,.T.);
#11391=ORIENTED_EDGE('',*,*,#11373,.F.);
#11392=EDGE_LOOP('',(#11388,#11389,#11390,#11391));
#11393=FACE_OUTER_BOUND('',#11392,.F.);
#11395=CARTESIAN_POINT('',(-1.402145051878E1,-8.599413749409E0,
-3.499999999968E-1));
#11396=DIRECTION('',(0.E0,0.E0,1.E0));
#11397=DIRECTION('',(1.E0,0.E0,0.E0));
#11398=AXIS2_PLACEMENT_3D('',#11395,#11396,#11397);
#11399=PLANE('',#11398);
#11400=ORIENTED_EDGE('',*,*,#11376,.F.);
#11401=ORIENTED_EDGE('',*,*,#11322,.F.);
#11403=ORIENTED_EDGE('',*,*,#11402,.T.);
#11404=EDGE_LOOP('',(#11400,#11401,#11403));
#11405=FACE_OUTER_BOUND('',#11404,.F.);
#11407=CARTESIAN_POINT('',(-1.397145051903E1,-8.256708650519E0,-1.5293E1));
#11408=DIRECTION('',(0.E0,0.E0,1.E0));
#11409=DIRECTION('',(-1.E0,0.E0,0.E0));
#11410=AXIS2_PLACEMENT_3D('',#11407,#11408,#11409);
#11411=CYLINDRICAL_SURFACE('',#11410,3.5E-1);
#11412=ORIENTED_EDGE('',*,*,#11320,.T.);
#11414=ORIENTED_EDGE('',*,*,#11413,.F.);
#11416=ORIENTED_EDGE('',*,*,#11415,.T.);
#11418=ORIENTED_EDGE('',*,*,#11417,.F.);
#11419=ORIENTED_EDGE('',*,*,#11402,.F.);
#11420=EDGE_LOOP('',(#11412,#11414,#11416,#11418,#11419));
#11421=FACE_OUTER_BOUND('',#11420,.F.);
#11423=CARTESIAN_POINT('',(-1.414645051882E1,-8.431708650523E0,-1.5E1));
#11424=DIRECTION('',(0.E0,0.E0,1.E0));
#11425=DIRECTION('',(0.E0,-1.E0,0.E0));
#11426=AXIS2_PLACEMENT_3D('',#11423,#11424,#11425);
#11427=PLANE('',#11426);
#11429=ORIENTED_EDGE('',*,*,#11428,.T.);
#11430=ORIENTED_EDGE('',*,*,#11413,.T.);
#11432=ORIENTED_EDGE('',*,*,#11431,.T.);
#11434=ORIENTED_EDGE('',*,*,#11433,.T.);
#11435=EDGE_LOOP('',(#11429,#11430,#11432,#11434));
#11436=FACE_OUTER_BOUND('',#11435,.F.);
#11438=CARTESIAN_POINT('',(-1.419645051903E1,-6.956708650519E0,-1.5E1));
#11439=DIRECTION('',(0.E0,0.E0,1.E0));
#11440=DIRECTION('',(0.E0,-1.E0,0.E0));
#11441=AXIS2_PLACEMENT_3D('',#11438,#11439,#11440);
#11442=PLANE('',#11441);
#11444=ORIENTED_EDGE('',*,*,#11443,.T.);
#11446=ORIENTED_EDGE('',*,*,#11445,.T.);
#11448=ORIENTED_EDGE('',*,*,#11447,.T.);
#11449=ORIENTED_EDGE('',*,*,#11428,.F.);
#11450=EDGE_LOOP('',(#11444,#11446,#11448,#11449));
#11451=FACE_OUTER_BOUND('',#11450,.F.);
#11453=CARTESIAN_POINT('',(-1.407145051903E1,-6.956708650518E0,
-7.675000000198E0));
#11454=DIRECTION('',(1.E0,0.E0,0.E0));
#11455=DIRECTION('',(0.E0,-1.E0,0.E0));
#11456=AXIS2_PLACEMENT_3D('',#11453,#11454,#11455);
#11457=PLANE('',#11456);
#11459=ORIENTED_EDGE('',*,*,#11458,.T.);
#11460=ORIENTED_EDGE('',*,*,#11443,.F.);
#11462=ORIENTED_EDGE('',*,*,#11461,.F.);
#11464=ORIENTED_EDGE('',*,*,#11463,.T.);
#11465=EDGE_LOOP('',(#11459,#11460,#11462,#11464));
#11466=FACE_OUTER_BOUND('',#11465,.F.);
#11468=ORIENTED_EDGE('',*,*,#11467,.F.);
#11470=ORIENTED_EDGE('',*,*,#11469,.F.);
#11472=ORIENTED_EDGE('',*,*,#11471,.F.);
#11474=ORIENTED_EDGE('',*,*,#11473,.F.);
#11476=ORIENTED_EDGE('',*,*,#11475,.F.);
#11478=ORIENTED_EDGE('',*,*,#11477,.F.);
#11479=EDGE_LOOP('',(#11468,#11470,#11472,#11474,#11476,#11478));
#11480=FACE_BOUND('',#11479,.F.);
#11482=CARTESIAN_POINT('',(-1.419645051903E1,-5.656708650519E0,
-8.975000000002E0));
#11483=DIRECTION('',(0.E0,1.E0,0.E0));
#11484=DIRECTION('',(0.E0,0.E0,-1.E0));
#11485=AXIS2_PLACEMENT_3D('',#11482,#11483,#11484);
#11486=PLANE('',#11485);
#11488=ORIENTED_EDGE('',*,*,#11487,.T.);
#11489=ORIENTED_EDGE('',*,*,#11445,.F.);
#11490=ORIENTED_EDGE('',*,*,#11458,.F.);
#11492=ORIENTED_EDGE('',*,*,#11491,.T.);
#11493=EDGE_LOOP('',(#11488,#11489,#11490,#11492));
#11494=FACE_OUTER_BOUND('',#11493,.F.);
#11496=CARTESIAN_POINT('',(-1.432145051903E1,-6.956708650519E0,
-7.675000000198E0));
#11497=DIRECTION('',(1.E0,0.E0,0.E0));
#11498=DIRECTION('',(0.E0,-1.E0,0.E0));
#11499=AXIS2_PLACEMENT_3D('',#11496,#11497,#11498);
#11500=PLANE('',#11499);
#11501=ORIENTED_EDGE('',*,*,#11447,.F.);
#11502=ORIENTED_EDGE('',*,*,#11487,.F.);
#11504=ORIENTED_EDGE('',*,*,#11503,.T.);
#11505=ORIENTED_EDGE('',*,*,#11415,.F.);
#11506=EDGE_LOOP('',(#11501,#11502,#11504,#11505));
#11507=FACE_OUTER_BOUND('',#11506,.F.);
#11509=ORIENTED_EDGE('',*,*,#11508,.T.);
#11511=ORIENTED_EDGE('',*,*,#11510,.F.);
#11513=ORIENTED_EDGE('',*,*,#11512,.F.);
#11515=ORIENTED_EDGE('',*,*,#11514,.F.);
#11517=ORIENTED_EDGE('',*,*,#11516,.T.);
#11519=ORIENTED_EDGE('',*,*,#11518,.T.);
#11521=ORIENTED_EDGE('',*,*,#11520,.T.);
#11523=ORIENTED_EDGE('',*,*,#11522,.T.);
#11524=EDGE_LOOP('',(#11509,#11511,#11513,#11515,#11517,#11519,#11521,#11523));
#11525=FACE_BOUND('',#11524,.F.);
#11527=CARTESIAN_POINT('',(-1.419645051903E1,-6.956708650384E0,
-1.650000000131E0));
#11528=DIRECTION('',(0.E0,7.071067811866E-1,7.071067811865E-1));
#11529=DIRECTION('',(0.E0,-7.071067811865E-1,7.071067811866E-1));
#11530=AXIS2_PLACEMENT_3D('',#11527,#11528,#11529);
#11531=PLANE('',#11530);
#11532=ORIENTED_EDGE('',*,*,#11491,.F.);
#11533=ORIENTED_EDGE('',*,*,#11463,.F.);
#11535=ORIENTED_EDGE('',*,*,#11534,.F.);
#11536=ORIENTED_EDGE('',*,*,#11503,.F.);
#11537=EDGE_LOOP('',(#11532,#11533,#11535,#11536));
#11538=FACE_OUTER_BOUND('',#11537,.F.);
#11540=CARTESIAN_POINT('',(-1.414645051886E1,-8.424413748770E0,
-3.499999999968E-1));
#11541=DIRECTION('',(0.E0,0.E0,1.E0));
#11542=DIRECTION('',(0.E0,-1.E0,0.E0));
#11543=AXIS2_PLACEMENT_3D('',#11540,#11541,#11542);
#11544=PLANE('',#11543);
#11545=ORIENTED_EDGE('',*,*,#11417,.T.);
#11546=ORIENTED_EDGE('',*,*,#11534,.T.);
#11548=ORIENTED_EDGE('',*,*,#11547,.T.);
#11549=ORIENTED_EDGE('',*,*,#11352,.F.);
#11550=ORIENTED_EDGE('',*,*,#11378,.F.);
#11551=EDGE_LOOP('',(#11545,#11546,#11548,#11549,#11550));
#11552=FACE_OUTER_BOUND('',#11551,.F.);
#11554=CARTESIAN_POINT('',(-1.397145051903E1,-8.256708650519E0,-1.5293E1));
#11555=DIRECTION('',(0.E0,0.E0,1.E0));
#11556=DIRECTION('',(-1.E0,0.E0,0.E0));
#11557=AXIS2_PLACEMENT_3D('',#11554,#11555,#11556);
#11558=CYLINDRICAL_SURFACE('',#11557,1.E-1);
#11559=ORIENTED_EDGE('',*,*,#11547,.F.);
#11560=ORIENTED_EDGE('',*,*,#11461,.T.);
#11561=ORIENTED_EDGE('',*,*,#11433,.F.);
#11562=ORIENTED_EDGE('',*,*,#11354,.T.);
#11563=EDGE_LOOP('',(#11559,#11560,#11561,#11562));
#11564=FACE_OUTER_BOUND('',#11563,.F.);
#11566=CARTESIAN_POINT('',(-1.432145051903E1,-6.406708650519E0,-1.24E1));
#11567=DIRECTION('',(0.E0,1.E0,0.E0));
#11568=DIRECTION('',(0.E0,0.E0,-1.E0));
#11569=AXIS2_PLACEMENT_3D('',#11566,#11567,#11568);
#11570=PLANE('',#11569);
#11572=ORIENTED_EDGE('',*,*,#11571,.T.);
#11573=ORIENTED_EDGE('',*,*,#11508,.F.);
#11575=ORIENTED_EDGE('',*,*,#11574,.T.);
#11576=ORIENTED_EDGE('',*,*,#11467,.T.);
#11577=EDGE_LOOP('',(#11572,#11573,#11575,#11576));
#11578=FACE_OUTER_BOUND('',#11577,.F.);
#11580=CARTESIAN_POINT('',(-1.432145051903E1,-6.406708650519E0,-1.24E1));
#11581=DIRECTION('',(0.E0,1.E0,0.E0));
#11582=DIRECTION('',(0.E0,0.E0,-1.E0));
#11583=AXIS2_PLACEMENT_3D('',#11580,#11581,#11582);
#11584=PLANE('',#11583);
#11586=ORIENTED_EDGE('',*,*,#11585,.F.);
#11587=ORIENTED_EDGE('',*,*,#11475,.T.);
#11589=ORIENTED_EDGE('',*,*,#11588,.F.);
#11590=ORIENTED_EDGE('',*,*,#11516,.F.);
#11591=EDGE_LOOP('',(#11586,#11587,#11589,#11590));
#11592=FACE_OUTER_BOUND('',#11591,.F.);
#11594=CARTESIAN_POINT('',(-1.397145051903E1,-7.406708650519E0,-1.255E1));
#11595=DIRECTION('',(0.E0,0.E0,1.E0));
#11596=DIRECTION('',(0.E0,1.E0,0.E0));
#11597=AXIS2_PLACEMENT_3D('',#11594,#11595,#11596);
#11598=PLANE('',#11597);
#11600=ORIENTED_EDGE('',*,*,#11599,.F.);
#11602=ORIENTED_EDGE('',*,*,#11601,.T.);
#11603=ORIENTED_EDGE('',*,*,#11510,.T.);
#11604=ORIENTED_EDGE('',*,*,#11571,.F.);
#11606=ORIENTED_EDGE('',*,*,#11605,.F.);
#11607=EDGE_LOOP('',(#11600,#11602,#11603,#11604,#11606));
#11608=FACE_OUTER_BOUND('',#11607,.F.);
#11610=CARTESIAN_POINT('',(-1.397145051903E1,-6.824906702027E0,
-9.549999999998E0));
#11611=DIRECTION('',(1.E0,0.E0,0.E0));
#11612=DIRECTION('',(0.E0,-1.E0,0.E0));
#11613=AXIS2_PLACEMENT_3D('',#11610,#11611,#11612);
#11614=PLANE('',#11613);
#11615=ORIENTED_EDGE('',*,*,#10767,.F.);
#11617=ORIENTED_EDGE('',*,*,#11616,.F.);
#11619=ORIENTED_EDGE('',*,*,#11618,.T.);
#11621=ORIENTED_EDGE('',*,*,#11620,.T.);
#11622=EDGE_LOOP('',(#11615,#11617,#11619,#11621));
#11623=FACE_OUTER_BOUND('',#11622,.F.);
#11624=ORIENTED_EDGE('',*,*,#11599,.T.);
#11626=ORIENTED_EDGE('',*,*,#11625,.T.);
#11628=ORIENTED_EDGE('',*,*,#11627,.T.);
#11630=ORIENTED_EDGE('',*,*,#11629,.T.);
#11631=EDGE_LOOP('',(#11624,#11626,#11628,#11630));
#11632=FACE_BOUND('',#11631,.F.);
#11634=CARTESIAN_POINT('',(-1.407145051903E1,-5.493104753519E0,-1.6258E1));
#11635=DIRECTION('',(0.E0,0.E0,1.E0));
#11636=DIRECTION('',(0.E0,1.E0,0.E0));
#11637=AXIS2_PLACEMENT_3D('',#11634,#11635,#11636);
#11638=CYLINDRICAL_SURFACE('',#11637,1.00000003E-1);
#11639=ORIENTED_EDGE('',*,*,#10765,.T.);
#11641=ORIENTED_EDGE('',*,*,#11640,.T.);
#11643=ORIENTED_EDGE('',*,*,#11642,.F.);
#11644=ORIENTED_EDGE('',*,*,#11616,.T.);
#11645=EDGE_LOOP('',(#11639,#11641,#11643,#11644));
#11646=FACE_OUTER_BOUND('',#11645,.F.);
#11648=CARTESIAN_POINT('',(-1.410983886655E1,-5.313295049504E0,
-9.549999999998E0));
#11649=DIRECTION('',(7.071067828067E-1,7.071067795664E-1,0.E0));
#11650=DIRECTION('',(7.071067795664E-1,-7.071067828067E-1,0.E0));
#11651=AXIS2_PLACEMENT_3D('',#11648,#11649,#11650);
#11652=PLANE('',#11651);
#11653=ORIENTED_EDGE('',*,*,#10763,.F.);
#11655=ORIENTED_EDGE('',*,*,#11654,.F.);
#11657=ORIENTED_EDGE('',*,*,#11656,.F.);
#11658=ORIENTED_EDGE('',*,*,#11640,.F.);
#11659=EDGE_LOOP('',(#11653,#11655,#11657,#11658));
#11660=FACE_OUTER_BOUND('',#11659,.F.);
#11662=CARTESIAN_POINT('',(-1.397145051903E1,-4.956708650519E0,-1.6258E1));
#11663=DIRECTION('',(0.E0,0.E0,1.E0));
#11664=DIRECTION('',(0.E0,1.E0,0.E0));
#11665=AXIS2_PLACEMENT_3D('',#11662,#11663,#11664);
#11666=CYLINDRICAL_SURFACE('',#11665,3.50000009E-1);
#11667=ORIENTED_EDGE('',*,*,#10761,.F.);
#11668=ORIENTED_EDGE('',*,*,#10662,.T.);
#11670=ORIENTED_EDGE('',*,*,#11669,.F.);
#11671=ORIENTED_EDGE('',*,*,#11654,.T.);
#11672=EDGE_LOOP('',(#11667,#11668,#11670,#11671));
#11673=FACE_OUTER_BOUND('',#11672,.F.);
#11675=CARTESIAN_POINT('',(-1.418180586430E1,-5.080452340398E0,
-3.099999999997E0));
#11676=DIRECTION('',(0.E0,0.E0,1.E0));
#11677=DIRECTION('',(0.E0,1.E0,0.E0));
#11678=AXIS2_PLACEMENT_3D('',#11675,#11676,#11677);
#11679=PLANE('',#11678);
#11681=ORIENTED_EDGE('',*,*,#11680,.T.);
#11682=ORIENTED_EDGE('',*,*,#11669,.T.);
#11684=ORIENTED_EDGE('',*,*,#11683,.F.);
#11686=ORIENTED_EDGE('',*,*,#11685,.T.);
#11687=EDGE_LOOP('',(#11681,#11682,#11684,#11686));
#11688=FACE_OUTER_BOUND('',#11687,.F.);
#11690=CARTESIAN_POINT('',(-1.402145052060E1,-5.224906703549E0,
-3.099999999997E0));
#11691=DIRECTION('',(0.E0,0.E0,1.E0));
#11692=DIRECTION('',(7.071067811892E-1,-7.071067811839E-1,0.E0));
#11693=AXIS2_PLACEMENT_3D('',#11690,#11691,#11692);
#11694=PLANE('',#11693);
#11695=ORIENTED_EDGE('',*,*,#11680,.F.);
#11697=ORIENTED_EDGE('',*,*,#11696,.T.);
#11699=ORIENTED_EDGE('',*,*,#11698,.F.);
#11700=ORIENTED_EDGE('',*,*,#11656,.T.);
#11701=EDGE_LOOP('',(#11695,#11697,#11699,#11700));
#11702=FACE_OUTER_BOUND('',#11701,.F.);
#11704=CARTESIAN_POINT('',(-1.393306217154E1,-5.136518354508E0,
-9.549999999998E0));
#11705=DIRECTION('',(7.071067828080E-1,7.071067795651E-1,0.E0));
#11706=DIRECTION('',(7.071067795651E-1,-7.071067828080E-1,0.E0));
#11707=AXIS2_PLACEMENT_3D('',#11704,#11705,#11706);
#11708=PLANE('',#11707);
#11709=ORIENTED_EDGE('',*,*,#10753,.T.);
#11711=ORIENTED_EDGE('',*,*,#11710,.F.);
#11712=ORIENTED_EDGE('',*,*,#11696,.F.);
#11714=ORIENTED_EDGE('',*,*,#11713,.F.);
#11715=EDGE_LOOP('',(#11709,#11711,#11712,#11714));
#11716=FACE_OUTER_BOUND('',#11715,.F.);
#11718=CARTESIAN_POINT('',(-1.407145051903E1,-5.493104753519E0,-1.6258E1));
#11719=DIRECTION('',(0.E0,0.E0,1.E0));
#11720=DIRECTION('',(0.E0,1.E0,0.E0));
#11721=AXIS2_PLACEMENT_3D('',#11718,#11719,#11720);
#11722=CYLINDRICAL_SURFACE('',#11721,3.50000003E-1);
#11724=ORIENTED_EDGE('',*,*,#11723,.T.);
#11726=ORIENTED_EDGE('',*,*,#11725,.T.);
#11728=ORIENTED_EDGE('',*,*,#11727,.F.);
#11729=ORIENTED_EDGE('',*,*,#11710,.T.);
#11730=ORIENTED_EDGE('',*,*,#10751,.F.);
#11731=EDGE_LOOP('',(#11724,#11726,#11728,#11729,#11730));
#11732=FACE_OUTER_BOUND('',#11731,.F.);
#11734=CARTESIAN_POINT('',(-1.372145051910E1,-7.571708650519E0,-1.59E1));
#11735=DIRECTION('',(-1.E0,-2.705394186638E-11,0.E0));
#11736=DIRECTION('',(-2.705394186638E-11,1.E0,0.E0));
#11737=AXIS2_PLACEMENT_3D('',#11734,#11735,#11736);
#11738=PLANE('',#11737);
#11739=ORIENTED_EDGE('',*,*,#11723,.F.);
#11740=ORIENTED_EDGE('',*,*,#10775,.F.);
#11742=ORIENTED_EDGE('',*,*,#11741,.T.);
#11744=ORIENTED_EDGE('',*,*,#11743,.T.);
#11745=EDGE_LOOP('',(#11739,#11740,#11742,#11744));
#11746=FACE_OUTER_BOUND('',#11745,.F.);
#11748=CARTESIAN_POINT('',(-1.347145051941E1,-7.571708650519E0,-1.605E1));
#11749=DIRECTION('',(0.E0,1.E0,0.E0));
#11750=DIRECTION('',(1.E0,0.E0,0.E0));
#11751=AXIS2_PLACEMENT_3D('',#11748,#11749,#11750);
#11752=PLANE('',#11751);
#11754=ORIENTED_EDGE('',*,*,#11753,.F.);
#11756=ORIENTED_EDGE('',*,*,#11755,.T.);
#11757=ORIENTED_EDGE('',*,*,#11741,.F.);
#11759=ORIENTED_EDGE('',*,*,#11758,.T.);
#11761=ORIENTED_EDGE('',*,*,#11760,.T.);
#11763=ORIENTED_EDGE('',*,*,#11762,.F.);
#11764=EDGE_LOOP('',(#11754,#11756,#11757,#11759,#11761,#11763));
#11765=FACE_OUTER_BOUND('',#11764,.F.);
#11767=CARTESIAN_POINT('',(-1.322145051891E1,-9.067086505190E-1,-1.59E1));
#11768=DIRECTION('',(1.E0,-1.872330747557E-11,0.E0));
#11769=DIRECTION('',(-1.872330747557E-11,-1.E0,0.E0));
#11770=AXIS2_PLACEMENT_3D('',#11767,#11768,#11769);
#11771=PLANE('',#11770);
#11772=ORIENTED_EDGE('',*,*,#11753,.T.);
#11773=ORIENTED_EDGE('',*,*,#7690,.T.);
#11775=ORIENTED_EDGE('',*,*,#11774,.F.);
#11777=ORIENTED_EDGE('',*,*,#11776,.T.);
#11778=EDGE_LOOP('',(#11772,#11773,#11775,#11777));
#11779=FACE_OUTER_BOUND('',#11778,.F.);
#11781=CARTESIAN_POINT('',(-1.402145051903E1,-9.067086505190E-1,-1.59E1));
#11782=DIRECTION('',(0.E0,1.E0,0.E0));
#11783=DIRECTION('',(1.E0,0.E0,0.E0));
#11784=AXIS2_PLACEMENT_3D('',#11781,#11782,#11783);
#11785=PLANE('',#11784);
#11786=ORIENTED_EDGE('',*,*,#11774,.T.);
#11787=ORIENTED_EDGE('',*,*,#7688,.T.);
#11789=ORIENTED_EDGE('',*,*,#11788,.F.);
#11791=ORIENTED_EDGE('',*,*,#11790,.T.);
#11792=EDGE_LOOP('',(#11786,#11787,#11789,#11791));
#11793=FACE_OUTER_BOUND('',#11792,.F.);
#11795=CARTESIAN_POINT('',(-1.402145051903E1,1.493291348627E0,
-8.200000000026E0));
#11796=DIRECTION('',(1.E0,0.E0,0.E0));
#11797=DIRECTION('',(0.E0,-1.E0,0.E0));
#11798=AXIS2_PLACEMENT_3D('',#11795,#11796,#11797);
#11799=PLANE('',#11798);
#11801=ORIENTED_EDGE('',*,*,#11800,.T.);
#11803=ORIENTED_EDGE('',*,*,#11802,.T.);
#11805=ORIENTED_EDGE('',*,*,#11804,.F.);
#11807=ORIENTED_EDGE('',*,*,#11806,.F.);
#11809=ORIENTED_EDGE('',*,*,#11808,.F.);
#11811=ORIENTED_EDGE('',*,*,#11810,.F.);
#11812=ORIENTED_EDGE('',*,*,#11788,.T.);
#11813=ORIENTED_EDGE('',*,*,#7686,.T.);
#11815=ORIENTED_EDGE('',*,*,#11814,.F.);
#11817=ORIENTED_EDGE('',*,*,#11816,.F.);
#11819=ORIENTED_EDGE('',*,*,#11818,.T.);
#11821=ORIENTED_EDGE('',*,*,#11820,.F.);
#11823=ORIENTED_EDGE('',*,*,#11822,.F.);
#11825=ORIENTED_EDGE('',*,*,#11824,.T.);
#11826=EDGE_LOOP('',(#11801,#11803,#11805,#11807,#11809,#11811,#11812,#11813,
#11815,#11817,#11819,#11821,#11823,#11825));
#11827=FACE_OUTER_BOUND('',#11826,.F.);
#11829=CARTESIAN_POINT('',(-1.352145051903E1,7.303291349481E0,
-4.685862001435E1));
#11830=DIRECTION('',(0.E0,0.E0,1.E0));
#11831=DIRECTION('',(0.E0,1.E0,0.E0));
#11832=AXIS2_PLACEMENT_3D('',#11829,#11830,#11831);
#11833=CYLINDRICAL_SURFACE('',#11832,5.E-1);
#11835=ORIENTED_EDGE('',*,*,#11834,.T.);
#11837=ORIENTED_EDGE('',*,*,#11836,.T.);
#11838=ORIENTED_EDGE('',*,*,#11800,.F.);
#11840=ORIENTED_EDGE('',*,*,#11839,.T.);
#11841=EDGE_LOOP('',(#11835,#11837,#11838,#11840));
#11842=FACE_OUTER_BOUND('',#11841,.F.);
#11844=CARTESIAN_POINT('',(9.780482246797E-1,7.793291349481E0,-1.62E1));
#11845=DIRECTION('',(0.E0,-1.E0,0.E0));
#11846=DIRECTION('',(-1.E0,0.E0,0.E0));
#11847=AXIS2_PLACEMENT_3D('',#11844,#11845,#11846);
#11848=PLANE('',#11847);
#11850=ORIENTED_EDGE('',*,*,#11849,.T.);
#11852=ORIENTED_EDGE('',*,*,#11851,.F.);
#11854=ORIENTED_EDGE('',*,*,#11853,.T.);
#11855=ORIENTED_EDGE('',*,*,#11834,.F.);
#11857=ORIENTED_EDGE('',*,*,#11856,.F.);
#11859=ORIENTED_EDGE('',*,*,#11858,.F.);
#11860=ORIENTED_EDGE('',*,*,#7678,.F.);
#11862=ORIENTED_EDGE('',*,*,#11861,.T.);
#11864=ORIENTED_EDGE('',*,*,#11863,.F.);
#11866=ORIENTED_EDGE('',*,*,#11865,.F.);
#11868=ORIENTED_EDGE('',*,*,#11867,.T.);
#11870=ORIENTED_EDGE('',*,*,#11869,.T.);
#11871=EDGE_LOOP('',(#11850,#11852,#11854,#11855,#11857,#11859,#11860,#11862,
#11864,#11866,#11868,#11870));
#11872=FACE_OUTER_BOUND('',#11871,.F.);
#11874=CARTESIAN_POINT('',(9.780482246797E-1,7.793291349481E0,-1.62E1));
#11875=DIRECTION('',(0.E0,-1.E0,0.E0));
#11876=DIRECTION('',(-1.E0,0.E0,0.E0));
#11877=AXIS2_PLACEMENT_3D('',#11874,#11875,#11876);
#11878=PLANE('',#11877);
#11879=ORIENTED_EDGE('',*,*,#10862,.T.);
#11881=ORIENTED_EDGE('',*,*,#11880,.T.);
#11883=ORIENTED_EDGE('',*,*,#11882,.T.);
#11885=ORIENTED_EDGE('',*,*,#11884,.F.);
#11886=EDGE_LOOP('',(#11879,#11881,#11883,#11885));
#11887=FACE_OUTER_BOUND('',#11886,.F.);
#11889=CARTESIAN_POINT('',(1.166549480903E0,7.293291349481E0,-5.E-1));
#11890=DIRECTION('',(-1.E0,0.E0,0.E0));
#11891=DIRECTION('',(0.E0,0.E0,1.E0));
#11892=AXIS2_PLACEMENT_3D('',#11889,#11890,#11891);
#11893=CYLINDRICAL_SURFACE('',#11892,5.E-1);
#11894=ORIENTED_EDGE('',*,*,#11849,.F.);
#11896=ORIENTED_EDGE('',*,*,#11895,.F.);
#11897=ORIENTED_EDGE('',*,*,#10117,.T.);
#11898=ORIENTED_EDGE('',*,*,#10071,.T.);
#11900=ORIENTED_EDGE('',*,*,#11899,.F.);
#11902=ORIENTED_EDGE('',*,*,#11901,.T.);
#11903=ORIENTED_EDGE('',*,*,#8677,.F.);
#11904=ORIENTED_EDGE('',*,*,#8711,.T.);
#11905=ORIENTED_EDGE('',*,*,#10125,.T.);
#11907=ORIENTED_EDGE('',*,*,#11906,.F.);
#11908=EDGE_LOOP('',(#11894,#11896,#11897,#11898,#11900,#11902,#11903,#11904,
#11905,#11907));
#11909=FACE_OUTER_BOUND('',#11908,.F.);
#11911=CARTESIAN_POINT('',(8.785494809690E-1,7.293291349481E0,-5.E-1));
#11912=DIRECTION('',(0.E0,0.E0,1.E0));
#11913=DIRECTION('',(1.E0,0.E0,0.E0));
#11914=AXIS2_PLACEMENT_3D('',#11911,#11912,#11913);
#11915=SPHERICAL_SURFACE('',#11914,5.E-1);
#11917=ORIENTED_EDGE('',*,*,#11916,.T.);
#11919=ORIENTED_EDGE('',*,*,#11918,.T.);
#11920=ORIENTED_EDGE('',*,*,#11895,.T.);
#11921=EDGE_LOOP('',(#11917,#11919,#11920));
#11922=FACE_OUTER_BOUND('',#11921,.F.);
#11924=CARTESIAN_POINT('',(8.785494809690E-1,7.293291349481E0,-1.62E1));
#11925=DIRECTION('',(0.E0,0.E0,-1.E0));
#11926=DIRECTION('',(-1.E0,0.E0,0.E0));
#11927=AXIS2_PLACEMENT_3D('',#11924,#11925,#11926);
#11928=CYLINDRICAL_SURFACE('',#11927,5.E-1);
#11929=ORIENTED_EDGE('',*,*,#11869,.F.);
#11931=ORIENTED_EDGE('',*,*,#11930,.F.);
#11933=ORIENTED_EDGE('',*,*,#11932,.F.);
#11935=ORIENTED_EDGE('',*,*,#11934,.F.);
#11936=ORIENTED_EDGE('',*,*,#11916,.F.);
#11937=EDGE_LOOP('',(#11929,#11931,#11933,#11935,#11936));
#11938=FACE_OUTER_BOUND('',#11937,.F.);
#11940=CARTESIAN_POINT('',(0.E0,0.E0,-2.E-1));
#11941=DIRECTION('',(0.E0,0.E0,-1.E0));
#11942=DIRECTION('',(-1.E0,0.E0,0.E0));
#11943=AXIS2_PLACEMENT_3D('',#11940,#11941,#11942);
#11944=PLANE('',#11943);
#11945=ORIENTED_EDGE('',*,*,#11867,.F.);
#11947=ORIENTED_EDGE('',*,*,#11946,.F.);
#11948=ORIENTED_EDGE('',*,*,#11930,.T.);
#11949=EDGE_LOOP('',(#11945,#11947,#11948));
#11950=FACE_OUTER_BOUND('',#11949,.F.);
#11952=CARTESIAN_POINT('',(0.E0,0.E0,-2.E-1));
#11953=DIRECTION('',(0.E0,0.E0,-1.E0));
#11954=DIRECTION('',(-1.E0,0.E0,0.E0));
#11955=AXIS2_PLACEMENT_3D('',#11952,#11953,#11954);
#11956=PLANE('',#11955);
#11957=ORIENTED_EDGE('',*,*,#11853,.F.);
#11959=ORIENTED_EDGE('',*,*,#11958,.T.);
#11960=ORIENTED_EDGE('',*,*,#11836,.F.);
#11961=EDGE_LOOP('',(#11957,#11959,#11960));
#11962=FACE_OUTER_BOUND('',#11961,.F.);
#11964=CARTESIAN_POINT('',(8.785494809690E-1,7.303291349481E0,
2.690862002535E1));
#11965=DIRECTION('',(0.E0,0.E0,-1.E0));
#11966=DIRECTION('',(0.E0,1.E0,0.E0));
#11967=AXIS2_PLACEMENT_3D('',#11964,#11965,#11966);
#11968=CYLINDRICAL_SURFACE('',#11967,5.E-1);
#11969=ORIENTED_EDGE('',*,*,#11865,.T.);
#11971=ORIENTED_EDGE('',*,*,#11970,.T.);
#11973=ORIENTED_EDGE('',*,*,#11972,.F.);
#11974=ORIENTED_EDGE('',*,*,#11946,.T.);
#11975=EDGE_LOOP('',(#11969,#11971,#11973,#11974));
#11976=FACE_OUTER_BOUND('',#11975,.F.);
#11978=CARTESIAN_POINT('',(8.285494809565E-1,-7.939208650519E0,-1.62E1));
#11979=DIRECTION('',(0.E0,0.E0,1.E0));
#11980=DIRECTION('',(-1.E0,0.E0,0.E0));
#11981=AXIS2_PLACEMENT_3D('',#11978,#11979,#11980);
#11982=PLANE('',#11981);
#11983=ORIENTED_EDGE('',*,*,#11863,.T.);
#11985=ORIENTED_EDGE('',*,*,#11984,.F.);
#11987=ORIENTED_EDGE('',*,*,#11986,.F.);
#11989=ORIENTED_EDGE('',*,*,#11988,.F.);
#11990=ORIENTED_EDGE('',*,*,#11970,.F.);
#11991=EDGE_LOOP('',(#11983,#11985,#11987,#11989,#11990));
#11992=FACE_OUTER_BOUND('',#11991,.F.);
#11994=CARTESIAN_POINT('',(8.285494809565E-1,-7.939208650519E0,-1.62E1));
#11995=DIRECTION('',(0.E0,0.E0,1.E0));
#11996=DIRECTION('',(-1.E0,0.E0,0.E0));
#11997=AXIS2_PLACEMENT_3D('',#11994,#11995,#11996);
#11998=PLANE('',#11997);
#11999=ORIENTED_EDGE('',*,*,#11856,.T.);
#12000=ORIENTED_EDGE('',*,*,#11839,.F.);
#12001=ORIENTED_EDGE('',*,*,#11824,.F.);
#12003=ORIENTED_EDGE('',*,*,#12002,.F.);
#12005=ORIENTED_EDGE('',*,*,#12004,.T.);
#12006=EDGE_LOOP('',(#11999,#12000,#12001,#12003,#12005));
#12007=FACE_OUTER_BOUND('',#12006,.F.);
#12009=CARTESIAN_POINT('',(5.785494809690E-1,7.293291349497E0,-1.59E1));
#12010=DIRECTION('',(-1.E0,0.E0,0.E0));
#12011=DIRECTION('',(0.E0,1.E0,0.E0));
#12012=AXIS2_PLACEMENT_3D('',#12009,#12010,#12011);
#12013=PLANE('',#12012);
#12014=ORIENTED_EDGE('',*,*,#11861,.F.);
#12015=ORIENTED_EDGE('',*,*,#7708,.F.);
#12017=ORIENTED_EDGE('',*,*,#12016,.T.);
#12018=ORIENTED_EDGE('',*,*,#11984,.T.);
#12019=EDGE_LOOP('',(#12014,#12015,#12017,#12018));
#12020=FACE_OUTER_BOUND('',#12019,.F.);
#12022=CARTESIAN_POINT('',(1.378549480970E0,7.293291349497E0,-1.59E1));
#12023=DIRECTION('',(0.E0,-1.E0,0.E0));
#12024=DIRECTION('',(-1.E0,0.E0,0.E0));
#12025=AXIS2_PLACEMENT_3D('',#12022,#12023,#12024);
#12026=PLANE('',#12025);
#12028=ORIENTED_EDGE('',*,*,#12027,.F.);
#12029=ORIENTED_EDGE('',*,*,#11986,.T.);
#12030=ORIENTED_EDGE('',*,*,#12016,.F.);
#12032=ORIENTED_EDGE('',*,*,#12031,.F.);
#12034=ORIENTED_EDGE('',*,*,#12033,.F.);
#12035=EDGE_LOOP('',(#12028,#12029,#12030,#12032,#12034));
#12036=FACE_OUTER_BOUND('',#12035,.F.);
#12038=CARTESIAN_POINT('',(1.378549480969E0,1.493291349089E0,
-8.200000000304E0));
#12039=DIRECTION('',(1.E0,0.E0,0.E0));
#12040=DIRECTION('',(0.E0,1.E0,0.E0));
#12041=AXIS2_PLACEMENT_3D('',#12038,#12039,#12040);
#12042=PLANE('',#12041);
#12043=ORIENTED_EDGE('',*,*,#11972,.T.);
#12044=ORIENTED_EDGE('',*,*,#11988,.T.);
#12045=ORIENTED_EDGE('',*,*,#12027,.T.);
#12047=ORIENTED_EDGE('',*,*,#12046,.F.);
#12049=ORIENTED_EDGE('',*,*,#12048,.F.);
#12051=ORIENTED_EDGE('',*,*,#12050,.F.);
#12053=ORIENTED_EDGE('',*,*,#12052,.T.);
#12054=ORIENTED_EDGE('',*,*,#7702,.T.);
#12056=ORIENTED_EDGE('',*,*,#12055,.F.);
#12058=ORIENTED_EDGE('',*,*,#12057,.F.);
#12060=ORIENTED_EDGE('',*,*,#12059,.T.);
#12062=ORIENTED_EDGE('',*,*,#12061,.F.);
#12063=ORIENTED_EDGE('',*,*,#11934,.T.);
#12064=ORIENTED_EDGE('',*,*,#11932,.T.);
#12065=EDGE_LOOP('',(#12043,#12044,#12045,#12047,#12049,#12051,#12053,#12054,
#12056,#12058,#12060,#12062,#12063,#12064));
#12066=FACE_OUTER_BOUND('',#12065,.F.);
#12068=CARTESIAN_POINT('',(-1.264290103806E1,0.E0,-1.54E1));
#12069=DIRECTION('',(0.E0,0.E0,1.E0));
#12070=DIRECTION('',(1.E0,0.E0,0.E0));
#12071=AXIS2_PLACEMENT_3D('',#12068,#12069,#12070);
#12072=PLANE('',#12071);
#12074=ORIENTED_EDGE('',*,*,#12073,.T.);
#12076=ORIENTED_EDGE('',*,*,#12075,.T.);
#12078=ORIENTED_EDGE('',*,*,#12077,.T.);
#12080=ORIENTED_EDGE('',*,*,#12079,.T.);
#12082=ORIENTED_EDGE('',*,*,#12081,.F.);
#12084=ORIENTED_EDGE('',*,*,#12083,.F.);
#12085=ORIENTED_EDGE('',*,*,#12057,.T.);
#12086=EDGE_LOOP('',(#12074,#12076,#12078,#12080,#12082,#12084,#12085));
#12087=FACE_OUTER_BOUND('',#12086,.F.);
#12089=CARTESIAN_POINT('',(-1.264290103806E1,0.E0,-1.54E1));
#12090=DIRECTION('',(0.E0,0.E0,1.E0));
#12091=DIRECTION('',(1.E0,0.E0,0.E0));
#12092=AXIS2_PLACEMENT_3D('',#12089,#12090,#12091);
#12093=PLANE('',#12092);
#12094=ORIENTED_EDGE('',*,*,#12033,.T.);
#12096=ORIENTED_EDGE('',*,*,#12095,.T.);
#12098=ORIENTED_EDGE('',*,*,#12097,.T.);
#12099=ORIENTED_EDGE('',*,*,#12050,.T.);
#12101=ORIENTED_EDGE('',*,*,#12100,.T.);
#12103=ORIENTED_EDGE('',*,*,#12102,.F.);
#12105=ORIENTED_EDGE('',*,*,#12104,.T.);
#12107=ORIENTED_EDGE('',*,*,#12106,.F.);
#12109=ORIENTED_EDGE('',*,*,#12108,.F.);
#12110=ORIENTED_EDGE('',*,*,#12046,.T.);
#12111=EDGE_LOOP('',(#12094,#12096,#12098,#12099,#12101,#12103,#12105,#12107,
#12109,#12110));
#12112=FACE_OUTER_BOUND('',#12111,.F.);
#12114=CARTESIAN_POINT('',(1.378549480970E0,-9.067086505190E-1,-1.59E1));
#12115=DIRECTION('',(0.E0,-1.E0,0.E0));
#12116=DIRECTION('',(-1.E0,0.E0,0.E0));
#12117=AXIS2_PLACEMENT_3D('',#12114,#12115,#12116);
#12118=PLANE('',#12117);
#12119=ORIENTED_EDGE('',*,*,#12055,.T.);
#12120=ORIENTED_EDGE('',*,*,#7700,.T.);
#12122=ORIENTED_EDGE('',*,*,#12121,.F.);
#12123=ORIENTED_EDGE('',*,*,#12073,.F.);
#12124=EDGE_LOOP('',(#12119,#12120,#12122,#12123));
#12125=FACE_OUTER_BOUND('',#12124,.F.);
#12127=CARTESIAN_POINT('',(5.785494808452E-1,-9.067086505190E-1,-1.59E1));
#12128=DIRECTION('',(1.E0,1.872330747557E-11,0.E0));
#12129=DIRECTION('',(1.872330747557E-11,-1.E0,0.E0));
#12130=AXIS2_PLACEMENT_3D('',#12127,#12128,#12129);
#12131=PLANE('',#12130);
#12132=ORIENTED_EDGE('',*,*,#12121,.T.);
#12133=ORIENTED_EDGE('',*,*,#7698,.T.);
#12135=ORIENTED_EDGE('',*,*,#12134,.T.);
#12136=ORIENTED_EDGE('',*,*,#12075,.F.);
#12137=EDGE_LOOP('',(#12132,#12133,#12135,#12136));
#12138=FACE_OUTER_BOUND('',#12137,.F.);
#12140=CARTESIAN_POINT('',(8.285494813550E-1,-7.571708650519E0,-1.605E1));
#12141=DIRECTION('',(0.E0,1.E0,0.E0));
#12142=DIRECTION('',(1.E0,0.E0,0.E0));
#12143=AXIS2_PLACEMENT_3D('',#12140,#12141,#12142);
#12144=PLANE('',#12143);
#12145=ORIENTED_EDGE('',*,*,#12134,.F.);
#12147=ORIENTED_EDGE('',*,*,#12146,.T.);
#12149=ORIENTED_EDGE('',*,*,#12148,.T.);
#12151=ORIENTED_EDGE('',*,*,#12150,.T.);
#12153=ORIENTED_EDGE('',*,*,#12152,.T.);
#12154=ORIENTED_EDGE('',*,*,#12077,.F.);
#12155=EDGE_LOOP('',(#12145,#12147,#12149,#12151,#12153,#12154));
#12156=FACE_OUTER_BOUND('',#12155,.F.);
#12158=CARTESIAN_POINT('',(5.785494809690E-1,-7.939208650519E0,-1.605E1));
#12159=DIRECTION('',(1.E0,0.E0,0.E0));
#12160=DIRECTION('',(0.E0,1.E0,0.E0));
#12161=AXIS2_PLACEMENT_3D('',#12158,#12159,#12160);
#12162=PLANE('',#12161);
#12163=ORIENTED_EDGE('',*,*,#7696,.F.);
#12165=ORIENTED_EDGE('',*,*,#12164,.F.);
#12167=ORIENTED_EDGE('',*,*,#12166,.T.);
#12168=ORIENTED_EDGE('',*,*,#12146,.F.);
#12169=EDGE_LOOP('',(#12163,#12165,#12167,#12168));
#12170=FACE_OUTER_BOUND('',#12169,.F.);
#12172=CARTESIAN_POINT('',(5.785494809690E-1,-7.806708650519E0,
2.935593341355E-1));
#12173=DIRECTION('',(0.E0,0.E0,-1.E0));
#12174=DIRECTION('',(-1.E0,0.E0,0.E0));
#12175=AXIS2_PLACEMENT_3D('',#12172,#12173,#12174);
#12176=CYLINDRICAL_SURFACE('',#12175,5.E-1);
#12178=ORIENTED_EDGE('',*,*,#12177,.F.);
#12180=ORIENTED_EDGE('',*,*,#12179,.T.);
#12182=ORIENTED_EDGE('',*,*,#12181,.T.);
#12184=ORIENTED_EDGE('',*,*,#12183,.T.);
#12186=ORIENTED_EDGE('',*,*,#12185,.T.);
#12188=ORIENTED_EDGE('',*,*,#12187,.F.);
#12190=ORIENTED_EDGE('',*,*,#12189,.F.);
#12191=ORIENTED_EDGE('',*,*,#12164,.T.);
#12192=EDGE_LOOP('',(#12178,#12180,#12182,#12184,#12186,#12188,#12190,#12191));
#12193=FACE_OUTER_BOUND('',#12192,.F.);
#12195=CARTESIAN_POINT('',(-6.321450517965E0,-8.306708650519E0,
-8.199999998075E0));
#12196=DIRECTION('',(0.E0,1.E0,0.E0));
#12197=DIRECTION('',(0.E0,0.E0,-1.E0));
#12198=AXIS2_PLACEMENT_3D('',#12195,#12196,#12197);
#12199=PLANE('',#12198);
#12200=ORIENTED_EDGE('',*,*,#12177,.T.);
#12201=ORIENTED_EDGE('',*,*,#7694,.T.);
#12203=ORIENTED_EDGE('',*,*,#12202,.T.);
#12205=ORIENTED_EDGE('',*,*,#12204,.F.);
#12206=EDGE_LOOP('',(#12200,#12201,#12203,#12205));
#12207=FACE_OUTER_BOUND('',#12206,.F.);
#12209=CARTESIAN_POINT('',(-1.322145051903E1,-7.806708650519E0,
2.935593366007E-1));
#12210=DIRECTION('',(0.E0,0.E0,-1.E0));
#12211=DIRECTION('',(-1.E0,0.E0,0.E0));
#12212=AXIS2_PLACEMENT_3D('',#12209,#12210,#12211);
#12213=CYLINDRICAL_SURFACE('',#12212,5.E-1);
#12214=ORIENTED_EDGE('',*,*,#12202,.F.);
#12216=ORIENTED_EDGE('',*,*,#12215,.T.);
#12218=ORIENTED_EDGE('',*,*,#12217,.F.);
#12220=ORIENTED_EDGE('',*,*,#12219,.F.);
#12222=ORIENTED_EDGE('',*,*,#12221,.T.);
#12224=ORIENTED_EDGE('',*,*,#12223,.T.);
#12226=ORIENTED_EDGE('',*,*,#12225,.T.);
#12228=ORIENTED_EDGE('',*,*,#12227,.T.);
#12229=EDGE_LOOP('',(#12214,#12216,#12218,#12220,#12222,#12224,#12226,#12228));
#12230=FACE_OUTER_BOUND('',#12229,.F.);
#12232=CARTESIAN_POINT('',(-1.322145051903E1,-7.939208650519E0,-1.605E1));
#12233=DIRECTION('',(1.E0,0.E0,0.E0));
#12234=DIRECTION('',(0.E0,-1.E0,0.E0));
#12235=AXIS2_PLACEMENT_3D('',#12232,#12233,#12234);
#12236=PLANE('',#12235);
#12237=ORIENTED_EDGE('',*,*,#7692,.F.);
#12238=ORIENTED_EDGE('',*,*,#11762,.T.);
#12240=ORIENTED_EDGE('',*,*,#12239,.T.);
#12241=ORIENTED_EDGE('',*,*,#12215,.F.);
#12242=EDGE_LOOP('',(#12237,#12238,#12240,#12241));
#12243=FACE_OUTER_BOUND('',#12242,.F.);
#12245=CARTESIAN_POINT('',(-1.347145051902E1,-7.939208650519E0,-1.62E1));
#12246=DIRECTION('',(0.E0,0.E0,1.E0));
#12247=DIRECTION('',(-1.E0,0.E0,0.E0));
#12248=AXIS2_PLACEMENT_3D('',#12245,#12246,#12247);
#12249=PLANE('',#12248);
#12250=ORIENTED_EDGE('',*,*,#11760,.F.);
#12252=ORIENTED_EDGE('',*,*,#12251,.F.);
#12253=ORIENTED_EDGE('',*,*,#12217,.T.);
#12254=ORIENTED_EDGE('',*,*,#12239,.F.);
#12255=EDGE_LOOP('',(#12250,#12252,#12253,#12254));
#12256=FACE_OUTER_BOUND('',#12255,.F.);
#12258=CARTESIAN_POINT('',(-1.372145051903E1,-6.056708649821E0,
-8.120871215591E0));
#12259=DIRECTION('',(1.E0,0.E0,0.E0));
#12260=DIRECTION('',(0.E0,1.E0,0.E0));
#12261=AXIS2_PLACEMENT_3D('',#12258,#12259,#12260);
#12262=PLANE('',#12261);
#12264=ORIENTED_EDGE('',*,*,#12263,.F.);
#12266=ORIENTED_EDGE('',*,*,#12265,.T.);
#12268=ORIENTED_EDGE('',*,*,#12267,.F.);
#12269=ORIENTED_EDGE('',*,*,#12223,.F.);
#12271=ORIENTED_EDGE('',*,*,#12270,.F.);
#12272=ORIENTED_EDGE('',*,*,#11725,.F.);
#12273=EDGE_LOOP('',(#12264,#12266,#12268,#12269,#12271,#12272));
#12274=FACE_OUTER_BOUND('',#12273,.F.);
#12276=CARTESIAN_POINT('',(-1.372145051903E1,-6.056708649821E0,
-8.120871215591E0));
#12277=DIRECTION('',(1.E0,0.E0,0.E0));
#12278=DIRECTION('',(0.E0,1.E0,0.E0));
#12279=AXIS2_PLACEMENT_3D('',#12276,#12277,#12278);
#12280=PLANE('',#12279);
#12281=ORIENTED_EDGE('',*,*,#11758,.F.);
#12282=ORIENTED_EDGE('',*,*,#10773,.T.);
#12283=ORIENTED_EDGE('',*,*,#12219,.T.);
#12284=ORIENTED_EDGE('',*,*,#12251,.T.);
#12285=EDGE_LOOP('',(#12281,#12282,#12283,#12284));
#12286=FACE_OUTER_BOUND('',#12285,.F.);
#12288=CARTESIAN_POINT('',(0.E0,0.E0,-1.54E1));
#12289=DIRECTION('',(0.E0,0.E0,-1.E0));
#12290=DIRECTION('',(-1.E0,0.E0,0.E0));
#12291=AXIS2_PLACEMENT_3D('',#12288,#12289,#12290);
#12292=PLANE('',#12291);
#12293=ORIENTED_EDGE('',*,*,#12263,.T.);
#12294=ORIENTED_EDGE('',*,*,#11743,.F.);
#12295=ORIENTED_EDGE('',*,*,#11755,.F.);
#12296=ORIENTED_EDGE('',*,*,#11776,.F.);
#12297=ORIENTED_EDGE('',*,*,#11790,.F.);
#12298=ORIENTED_EDGE('',*,*,#11810,.T.);
#12300=ORIENTED_EDGE('',*,*,#12299,.T.);
#12301=EDGE_LOOP('',(#12293,#12294,#12295,#12296,#12297,#12298,#12300));
#12302=FACE_OUTER_BOUND('',#12301,.F.);
#12304=CARTESIAN_POINT('',(0.E0,0.E0,-1.54E1));
#12305=DIRECTION('',(0.E0,0.E0,-1.E0));
#12306=DIRECTION('',(-1.E0,0.E0,0.E0));
#12307=AXIS2_PLACEMENT_3D('',#12304,#12305,#12306);
#12308=PLANE('',#12307);
#12310=ORIENTED_EDGE('',*,*,#12309,.F.);
#12311=ORIENTED_EDGE('',*,*,#11820,.T.);
#12313=ORIENTED_EDGE('',*,*,#12312,.T.);
#12315=ORIENTED_EDGE('',*,*,#12314,.F.);
#12317=ORIENTED_EDGE('',*,*,#12316,.F.);
#12319=ORIENTED_EDGE('',*,*,#12318,.F.);
#12321=ORIENTED_EDGE('',*,*,#12320,.F.);
#12322=ORIENTED_EDGE('',*,*,#11816,.T.);
#12324=ORIENTED_EDGE('',*,*,#12323,.F.);
#12326=ORIENTED_EDGE('',*,*,#12325,.F.);
#12327=EDGE_LOOP('',(#12310,#12311,#12313,#12315,#12317,#12319,#12321,#12322,
#12324,#12326));
#12328=FACE_OUTER_BOUND('',#12327,.F.);
#12330=CARTESIAN_POINT('',(-1.387145051977E1,-4.306708650519E0,
-7.970871215820E0));
#12331=DIRECTION('',(0.E0,1.E0,0.E0));
#12332=DIRECTION('',(1.E0,0.E0,0.E0));
#12333=AXIS2_PLACEMENT_3D('',#12330,#12331,#12332);
#12334=PLANE('',#12333);
#12335=ORIENTED_EDGE('',*,*,#12299,.F.);
#12336=ORIENTED_EDGE('',*,*,#11808,.T.);
#12338=ORIENTED_EDGE('',*,*,#12337,.T.);
#12339=ORIENTED_EDGE('',*,*,#12265,.F.);
#12340=EDGE_LOOP('',(#12335,#12336,#12338,#12339));
#12341=FACE_OUTER_BOUND('',#12340,.F.);
#12343=CARTESIAN_POINT('',(-1.352145051903E1,7.598694473588E0,-5.E-1));
#12344=DIRECTION('',(0.E0,-1.E0,0.E0));
#12345=DIRECTION('',(1.E0,0.E0,0.E0));
#12346=AXIS2_PLACEMENT_3D('',#12343,#12344,#12345);
#12347=CYLINDRICAL_SURFACE('',#12346,5.E-1);
#12348=ORIENTED_EDGE('',*,*,#11806,.T.);
#12350=ORIENTED_EDGE('',*,*,#12349,.F.);
#12351=ORIENTED_EDGE('',*,*,#10123,.T.);
#12353=ORIENTED_EDGE('',*,*,#12352,.T.);
#12354=ORIENTED_EDGE('',*,*,#12225,.F.);
#12355=ORIENTED_EDGE('',*,*,#12267,.T.);
#12356=ORIENTED_EDGE('',*,*,#12337,.F.);
#12357=EDGE_LOOP('',(#12348,#12350,#12351,#12353,#12354,#12355,#12356));
#12358=FACE_OUTER_BOUND('',#12357,.F.);
#12360=CARTESIAN_POINT('',(-1.352145051903E1,7.293291349481E0,-5.E-1));
#12361=DIRECTION('',(0.E0,0.E0,1.E0));
#12362=DIRECTION('',(1.E0,0.E0,0.E0));
#12363=AXIS2_PLACEMENT_3D('',#12360,#12361,#12362);
#12364=SPHERICAL_SURFACE('',#12363,5.E-1);
#12366=ORIENTED_EDGE('',*,*,#12365,.T.);
#12367=ORIENTED_EDGE('',*,*,#11906,.T.);
#12368=ORIENTED_EDGE('',*,*,#12349,.T.);
#12369=EDGE_LOOP('',(#12366,#12367,#12368));
#12370=FACE_OUTER_BOUND('',#12369,.F.);
#12372=CARTESIAN_POINT('',(-1.352145051903E1,7.293291349481E0,-1.62E1));
#12373=DIRECTION('',(0.E0,0.E0,-1.E0));
#12374=DIRECTION('',(-1.E0,0.E0,0.E0));
#12375=AXIS2_PLACEMENT_3D('',#12372,#12373,#12374);
#12376=CYLINDRICAL_SURFACE('',#12375,5.E-1);
#12377=ORIENTED_EDGE('',*,*,#11851,.T.);
#12378=ORIENTED_EDGE('',*,*,#12365,.F.);
#12379=ORIENTED_EDGE('',*,*,#11804,.T.);
#12380=ORIENTED_EDGE('',*,*,#11802,.F.);
#12381=ORIENTED_EDGE('',*,*,#11958,.F.);
#12382=EDGE_LOOP('',(#12377,#12378,#12379,#12380,#12381));
#12383=FACE_OUTER_BOUND('',#12382,.F.);
#12385=CARTESIAN_POINT('',(-1.398641297664E1,-7.806708650519E0,-5.E-1));
#12386=DIRECTION('',(1.E0,0.E0,0.E0));
#12387=DIRECTION('',(0.E0,0.E0,-1.E0));
#12388=AXIS2_PLACEMENT_3D('',#12385,#12386,#12387);
#12389=CYLINDRICAL_SURFACE('',#12388,5.E-1);
#12390=ORIENTED_EDGE('',*,*,#10121,.T.);
#12392=ORIENTED_EDGE('',*,*,#12391,.T.);
#12393=ORIENTED_EDGE('',*,*,#12179,.F.);
#12394=ORIENTED_EDGE('',*,*,#12204,.T.);
#12395=ORIENTED_EDGE('',*,*,#12227,.F.);
#12396=ORIENTED_EDGE('',*,*,#12352,.F.);
#12397=EDGE_LOOP('',(#12390,#12392,#12393,#12394,#12395,#12396));
#12398=FACE_OUTER_BOUND('',#12397,.F.);
#12400=CARTESIAN_POINT('',(8.785494809690E-1,-8.282267986959E0,-5.E-1));
#12401=DIRECTION('',(0.E0,1.E0,0.E0));
#12402=DIRECTION('',(-1.E0,0.E0,0.E0));
#12403=AXIS2_PLACEMENT_3D('',#12400,#12401,#12402);
#12404=CYLINDRICAL_SURFACE('',#12403,5.E-1);
#12405=ORIENTED_EDGE('',*,*,#11918,.F.);
#12406=ORIENTED_EDGE('',*,*,#12061,.T.);
#12408=ORIENTED_EDGE('',*,*,#12407,.F.);
#12410=ORIENTED_EDGE('',*,*,#12409,.T.);
#12411=ORIENTED_EDGE('',*,*,#12181,.F.);
#12412=ORIENTED_EDGE('',*,*,#12391,.F.);
#12413=ORIENTED_EDGE('',*,*,#10119,.T.);
#12414=EDGE_LOOP('',(#12405,#12406,#12408,#12410,#12411,#12412,#12413));
#12415=FACE_OUTER_BOUND('',#12414,.F.);
#12417=CARTESIAN_POINT('',(1.228549481803E0,-4.306708650519E0,
-7.970871215867E0));
#12418=DIRECTION('',(0.E0,1.E0,0.E0));
#12419=DIRECTION('',(-1.E0,0.E0,0.E0));
#12420=AXIS2_PLACEMENT_3D('',#12417,#12418,#12419);
#12421=PLANE('',#12420);
#12422=ORIENTED_EDGE('',*,*,#12083,.T.);
#12424=ORIENTED_EDGE('',*,*,#12423,.T.);
#12425=ORIENTED_EDGE('',*,*,#12407,.T.);
#12426=ORIENTED_EDGE('',*,*,#12059,.F.);
#12427=EDGE_LOOP('',(#12422,#12424,#12425,#12426));
#12428=FACE_OUTER_BOUND('',#12427,.F.);
#12430=CARTESIAN_POINT('',(1.078549480969E0,-6.056708651701E0,
-8.120871216309E0));
#12431=DIRECTION('',(1.E0,0.E0,0.E0));
#12432=DIRECTION('',(0.E0,1.E0,0.E0));
#12433=AXIS2_PLACEMENT_3D('',#12430,#12431,#12432);
#12434=PLANE('',#12433);
#12435=ORIENTED_EDGE('',*,*,#12081,.T.);
#12437=ORIENTED_EDGE('',*,*,#12436,.F.);
#12439=ORIENTED_EDGE('',*,*,#12438,.T.);
#12440=ORIENTED_EDGE('',*,*,#12183,.F.);
#12441=ORIENTED_EDGE('',*,*,#12409,.F.);
#12442=ORIENTED_EDGE('',*,*,#12423,.F.);
#12443=EDGE_LOOP('',(#12435,#12437,#12439,#12440,#12441,#12442));
#12444=FACE_OUTER_BOUND('',#12443,.F.);
#12446=CARTESIAN_POINT('',(1.078549480969E0,-6.056708651701E0,
-8.120871216309E0));
#12447=DIRECTION('',(1.E0,0.E0,0.E0));
#12448=DIRECTION('',(0.E0,1.E0,0.E0));
#12449=AXIS2_PLACEMENT_3D('',#12446,#12447,#12448);
#12450=PLANE('',#12449);
#12451=ORIENTED_EDGE('',*,*,#12150,.F.);
#12453=ORIENTED_EDGE('',*,*,#12452,.T.);
#12454=ORIENTED_EDGE('',*,*,#12187,.T.);
#12455=ORIENTED_EDGE('',*,*,#10785,.T.);
#12456=EDGE_LOOP('',(#12451,#12453,#12454,#12455));
#12457=FACE_OUTER_BOUND('',#12456,.F.);
#12459=CARTESIAN_POINT('',(1.428549480969E0,-4.956708650519E0,-1.6258E1));
#12460=DIRECTION('',(0.E0,0.E0,1.E0));
#12461=DIRECTION('',(1.E0,0.E0,0.E0));
#12462=AXIS2_PLACEMENT_3D('',#12459,#12460,#12461);
#12463=CYLINDRICAL_SURFACE('',#12462,3.49999991E-1);
#12465=ORIENTED_EDGE('',*,*,#12464,.F.);
#12466=ORIENTED_EDGE('',*,*,#10809,.F.);
#12468=ORIENTED_EDGE('',*,*,#12467,.T.);
#12470=ORIENTED_EDGE('',*,*,#12469,.F.);
#12471=ORIENTED_EDGE('',*,*,#12436,.T.);
#12472=EDGE_LOOP('',(#12465,#12466,#12468,#12470,#12471));
#12473=FACE_OUTER_BOUND('',#12472,.F.);
#12475=CARTESIAN_POINT('',(1.078549481042E0,-7.571708650519E0,-1.59E1));
#12476=DIRECTION('',(-1.E0,2.705394186638E-11,0.E0));
#12477=DIRECTION('',(2.705394186638E-11,1.E0,0.E0));
#12478=AXIS2_PLACEMENT_3D('',#12475,#12476,#12477);
#12479=PLANE('',#12478);
#12480=ORIENTED_EDGE('',*,*,#12079,.F.);
#12481=ORIENTED_EDGE('',*,*,#12152,.F.);
#12482=ORIENTED_EDGE('',*,*,#10811,.T.);
#12483=ORIENTED_EDGE('',*,*,#12464,.T.);
#12484=EDGE_LOOP('',(#12480,#12481,#12482,#12483));
#12485=FACE_OUTER_BOUND('',#12484,.F.);
#12487=CARTESIAN_POINT('',(1.290161133502E0,-4.600122251486E0,
-9.549999999998E0));
#12488=DIRECTION('',(7.071067828067E-1,-7.071067795664E-1,0.E0));
#12489=DIRECTION('',(-7.071067795664E-1,-7.071067828067E-1,0.E0));
#12490=AXIS2_PLACEMENT_3D('',#12487,#12488,#12489);
#12491=PLANE('',#12490);
#12492=ORIENTED_EDGE('',*,*,#10807,.F.);
#12494=ORIENTED_EDGE('',*,*,#12493,.F.);
#12496=ORIENTED_EDGE('',*,*,#12495,.T.);
#12497=ORIENTED_EDGE('',*,*,#12467,.F.);
#12498=EDGE_LOOP('',(#12492,#12494,#12496,#12497));
#12499=FACE_OUTER_BOUND('',#12498,.F.);
#12501=CARTESIAN_POINT('',(1.328549480969E0,-4.420312547519E0,-1.6258E1));
#12502=DIRECTION('',(0.E0,0.E0,1.E0));
#12503=DIRECTION('',(1.E0,0.E0,0.E0));
#12504=AXIS2_PLACEMENT_3D('',#12501,#12502,#12503);
#12505=CYLINDRICAL_SURFACE('',#12504,9.9999998E-2);
#12506=ORIENTED_EDGE('',*,*,#10805,.T.);
#12507=ORIENTED_EDGE('',*,*,#11025,.T.);
#12509=ORIENTED_EDGE('',*,*,#12508,.F.);
#12510=ORIENTED_EDGE('',*,*,#12493,.T.);
#12511=EDGE_LOOP('',(#12506,#12507,#12509,#12510));
#12512=FACE_OUTER_BOUND('',#12511,.F.);
#12514=CARTESIAN_POINT('',(1.538904818706E0,-4.544056234146E0,
-3.099999999997E0));
#12515=DIRECTION('',(0.E0,0.E0,1.E0));
#12516=DIRECTION('',(0.E0,1.E0,0.E0));
#12517=AXIS2_PLACEMENT_3D('',#12514,#12515,#12516);
#12518=PLANE('',#12517);
#12520=ORIENTED_EDGE('',*,*,#12519,.F.);
#12522=ORIENTED_EDGE('',*,*,#12521,.T.);
#12524=ORIENTED_EDGE('',*,*,#12523,.T.);
#12525=ORIENTED_EDGE('',*,*,#12508,.T.);
#12526=EDGE_LOOP('',(#12520,#12522,#12524,#12525));
#12527=FACE_OUTER_BOUND('',#12526,.F.);
#12529=CARTESIAN_POINT('',(1.553549480092E0,1.614894002255E-1,
-3.099999999997E0));
#12530=DIRECTION('',(0.E0,0.E0,1.E0));
#12531=DIRECTION('',(0.E0,1.E0,0.E0));
#12532=AXIS2_PLACEMENT_3D('',#12529,#12530,#12531);
#12533=PLANE('',#12532);
#12534=ORIENTED_EDGE('',*,*,#12519,.T.);
#12535=ORIENTED_EDGE('',*,*,#11023,.T.);
#12537=ORIENTED_EDGE('',*,*,#12536,.F.);
#12538=ORIENTED_EDGE('',*,*,#10950,.F.);
#12539=EDGE_LOOP('',(#12534,#12535,#12537,#12538));
#12540=FACE_OUTER_BOUND('',#12539,.F.);
#12542=CARTESIAN_POINT('',(1.553549480691E0,6.243291348666E0,
-1.600000000811E0));
#12543=DIRECTION('',(0.E0,-7.071067811865E-1,7.071067811866E-1));
#12544=DIRECTION('',(0.E0,7.071067811866E-1,7.071067811865E-1));
#12545=AXIS2_PLACEMENT_3D('',#12542,#12543,#12544);
#12546=PLANE('',#12545);
#12547=ORIENTED_EDGE('',*,*,#12536,.T.);
#12548=ORIENTED_EDGE('',*,*,#11021,.F.);
#12549=ORIENTED_EDGE('',*,*,#11071,.T.);
#12550=ORIENTED_EDGE('',*,*,#10952,.F.);
#12551=EDGE_LOOP('',(#12547,#12548,#12549,#12550));
#12552=FACE_OUTER_BOUND('',#12551,.F.);
#12554=CARTESIAN_POINT('',(1.328549480969E0,-4.420312547519E0,-1.6258E1));
#12555=DIRECTION('',(0.E0,0.E0,1.E0));
#12556=DIRECTION('',(1.E0,0.E0,0.E0));
#12557=AXIS2_PLACEMENT_3D('',#12554,#12555,#12556);
#12558=CYLINDRICAL_SURFACE('',#12557,3.49999998E-1);
#12559=ORIENTED_EDGE('',*,*,#10797,.F.);
#12561=ORIENTED_EDGE('',*,*,#12560,.T.);
#12562=ORIENTED_EDGE('',*,*,#12521,.F.);
#12563=ORIENTED_EDGE('',*,*,#10948,.T.);
#12564=EDGE_LOOP('',(#12559,#12561,#12562,#12563));
#12565=FACE_OUTER_BOUND('',#12564,.F.);
#12567=CARTESIAN_POINT('',(1.466937828474E0,-4.776898946514E0,
-9.549999999998E0));
#12568=DIRECTION('',(7.071067828067E-1,-7.071067795664E-1,0.E0));
#12569=DIRECTION('',(-7.071067795664E-1,-7.071067828067E-1,0.E0));
#12570=AXIS2_PLACEMENT_3D('',#12567,#12568,#12569);
#12571=PLANE('',#12570);
#12572=ORIENTED_EDGE('',*,*,#10795,.T.);
#12574=ORIENTED_EDGE('',*,*,#12573,.F.);
#12576=ORIENTED_EDGE('',*,*,#12575,.T.);
#12577=ORIENTED_EDGE('',*,*,#12560,.F.);
#12578=EDGE_LOOP('',(#12572,#12574,#12576,#12577));
#12579=FACE_OUTER_BOUND('',#12578,.F.);
#12581=CARTESIAN_POINT('',(1.428549480969E0,-4.956708650519E0,-1.6258E1));
#12582=DIRECTION('',(0.E0,0.E0,1.E0));
#12583=DIRECTION('',(1.E0,0.E0,0.E0));
#12584=AXIS2_PLACEMENT_3D('',#12581,#12582,#12583);
#12585=CYLINDRICAL_SURFACE('',#12584,9.9999991E-2);
#12586=ORIENTED_EDGE('',*,*,#10793,.T.);
#12588=ORIENTED_EDGE('',*,*,#12587,.T.);
#12590=ORIENTED_EDGE('',*,*,#12589,.F.);
#12591=ORIENTED_EDGE('',*,*,#12573,.T.);
#12592=EDGE_LOOP('',(#12586,#12588,#12590,#12591));
#12593=FACE_OUTER_BOUND('',#12592,.F.);
#12595=CARTESIAN_POINT('',(1.328549480969E0,-6.556708650527E0,
-9.549999999998E0));
#12596=DIRECTION('',(1.E0,0.E0,0.E0));
#12597=DIRECTION('',(0.E0,-1.E0,0.E0));
#12598=AXIS2_PLACEMENT_3D('',#12595,#12596,#12597);
#12599=PLANE('',#12598);
#12600=ORIENTED_EDGE('',*,*,#10791,.T.);
#12602=ORIENTED_EDGE('',*,*,#12601,.T.);
#12604=ORIENTED_EDGE('',*,*,#12603,.F.);
#12605=ORIENTED_EDGE('',*,*,#12587,.F.);
#12606=EDGE_LOOP('',(#12600,#12602,#12604,#12605));
#12607=FACE_OUTER_BOUND('',#12606,.F.);
#12609=ORIENTED_EDGE('',*,*,#12608,.F.);
#12611=ORIENTED_EDGE('',*,*,#12610,.F.);
#12613=ORIENTED_EDGE('',*,*,#12612,.F.);
#12615=ORIENTED_EDGE('',*,*,#12614,.F.);
#12616=EDGE_LOOP('',(#12609,#12611,#12613,#12615));
#12617=FACE_BOUND('',#12616,.F.);
#12619=CARTESIAN_POINT('',(1.203549482624E0,-8.156708650519E0,
-9.549999999999E0));
#12620=DIRECTION('',(0.E0,1.E0,0.E0));
#12621=DIRECTION('',(1.E0,0.E0,0.E0));
#12622=AXIS2_PLACEMENT_3D('',#12619,#12620,#12621);
#12623=PLANE('',#12622);
#12624=ORIENTED_EDGE('',*,*,#10789,.F.);
#12626=ORIENTED_EDGE('',*,*,#12625,.F.);
#12628=ORIENTED_EDGE('',*,*,#12627,.F.);
#12629=ORIENTED_EDGE('',*,*,#12601,.F.);
#12630=EDGE_LOOP('',(#12624,#12626,#12628,#12629));
#12631=FACE_OUTER_BOUND('',#12630,.F.);
#12633=CARTESIAN_POINT('',(1.078549480969E0,-6.556708650535E0,
-9.549999999998E0));
#12634=DIRECTION('',(1.E0,0.E0,0.E0));
#12635=DIRECTION('',(0.E0,-1.E0,0.E0));
#12636=AXIS2_PLACEMENT_3D('',#12633,#12634,#12635);
#12637=PLANE('',#12636);
#12638=ORIENTED_EDGE('',*,*,#10787,.F.);
#12639=ORIENTED_EDGE('',*,*,#12185,.F.);
#12641=ORIENTED_EDGE('',*,*,#12640,.T.);
#12642=ORIENTED_EDGE('',*,*,#12625,.T.);
#12643=EDGE_LOOP('',(#12638,#12639,#12641,#12642));
#12644=FACE_OUTER_BOUND('',#12643,.F.);
#12646=CARTESIAN_POINT('',(1.203549484097E0,-6.556708650527E0,
-3.099999999997E0));
#12647=DIRECTION('',(0.E0,0.E0,1.E0));
#12648=DIRECTION('',(0.E0,1.E0,0.E0));
#12649=AXIS2_PLACEMENT_3D('',#12646,#12647,#12648);
#12650=PLANE('',#12649);
#12651=ORIENTED_EDGE('',*,*,#12438,.F.);
#12653=ORIENTED_EDGE('',*,*,#12652,.F.);
#12654=ORIENTED_EDGE('',*,*,#12603,.T.);
#12655=ORIENTED_EDGE('',*,*,#12627,.T.);
#12656=ORIENTED_EDGE('',*,*,#12640,.F.);
#12657=EDGE_LOOP('',(#12651,#12653,#12654,#12655,#12656));
#12658=FACE_OUTER_BOUND('',#12657,.F.);
#12660=CARTESIAN_POINT('',(1.218194147598E0,-4.832964965844E0,
-3.099999999997E0));
#12661=DIRECTION('',(0.E0,0.E0,1.E0));
#12662=DIRECTION('',(0.E0,-1.E0,0.E0));
#12663=AXIS2_PLACEMENT_3D('',#12660,#12661,#12662);
#12664=PLANE('',#12663);
#12665=ORIENTED_EDGE('',*,*,#12469,.T.);
#12667=ORIENTED_EDGE('',*,*,#12666,.T.);
#12668=ORIENTED_EDGE('',*,*,#12589,.T.);
#12669=ORIENTED_EDGE('',*,*,#12652,.T.);
#12670=EDGE_LOOP('',(#12665,#12667,#12668,#12669));
#12671=FACE_OUTER_BOUND('',#12670,.F.);
#12673=CARTESIAN_POINT('',(1.378549482940E0,-4.688510600953E0,
-3.099999999997E0));
#12674=DIRECTION('',(0.E0,0.E0,1.E0));
#12675=DIRECTION('',(7.071067811859E-1,7.071067811872E-1,0.E0));
#12676=AXIS2_PLACEMENT_3D('',#12673,#12674,#12675);
#12677=PLANE('',#12676);
#12678=ORIENTED_EDGE('',*,*,#12575,.F.);
#12679=ORIENTED_EDGE('',*,*,#12666,.F.);
#12680=ORIENTED_EDGE('',*,*,#12495,.F.);
#12681=ORIENTED_EDGE('',*,*,#12523,.F.);
#12682=EDGE_LOOP('',(#12678,#12679,#12680,#12681));
#12683=FACE_OUTER_BOUND('',#12682,.F.);
#12685=CARTESIAN_POINT('',(1.328549480970E0,-7.406708650519E0,-1.255E1));
#12686=DIRECTION('',(0.E0,0.E0,-1.E0));
#12687=DIRECTION('',(0.E0,1.E0,0.E0));
#12688=AXIS2_PLACEMENT_3D('',#12685,#12686,#12687);
#12689=PLANE('',#12688);
#12691=ORIENTED_EDGE('',*,*,#12690,.F.);
#12693=ORIENTED_EDGE('',*,*,#12692,.F.);
#12694=ORIENTED_EDGE('',*,*,#12608,.T.);
#12696=ORIENTED_EDGE('',*,*,#12695,.T.);
#12698=ORIENTED_EDGE('',*,*,#12697,.T.);
#12699=EDGE_LOOP('',(#12691,#12693,#12694,#12696,#12698));
#12700=FACE_OUTER_BOUND('',#12699,.F.);
#12702=CARTESIAN_POINT('',(1.678549480969E0,-6.956708650518E0,
-7.675000000198E0));
#12703=DIRECTION('',(1.E0,0.E0,0.E0));
#12704=DIRECTION('',(0.E0,-1.E0,0.E0));
#12705=AXIS2_PLACEMENT_3D('',#12702,#12703,#12704);
#12706=PLANE('',#12705);
#12708=ORIENTED_EDGE('',*,*,#12707,.T.);
#12710=ORIENTED_EDGE('',*,*,#12709,.F.);
#12712=ORIENTED_EDGE('',*,*,#12711,.F.);
#12714=ORIENTED_EDGE('',*,*,#12713,.T.);
#12715=EDGE_LOOP('',(#12708,#12710,#12712,#12714));
#12716=FACE_OUTER_BOUND('',#12715,.F.);
#12718=ORIENTED_EDGE('',*,*,#12717,.F.);
#12720=ORIENTED_EDGE('',*,*,#12719,.T.);
#12722=ORIENTED_EDGE('',*,*,#12721,.T.);
#12723=ORIENTED_EDGE('',*,*,#12690,.T.);
#12725=ORIENTED_EDGE('',*,*,#12724,.F.);
#12727=ORIENTED_EDGE('',*,*,#12726,.F.);
#12729=ORIENTED_EDGE('',*,*,#12728,.F.);
#12731=ORIENTED_EDGE('',*,*,#12730,.F.);
#12732=EDGE_LOOP('',(#12718,#12720,#12722,#12723,#12725,#12727,#12729,#12731));
#12733=FACE_BOUND('',#12732,.F.);
#12735=CARTESIAN_POINT('',(1.553549480965E0,-5.656708650519E0,
-8.975000000001E0));
#12736=DIRECTION('',(0.E0,1.E0,0.E0));
#12737=DIRECTION('',(0.E0,0.E0,-1.E0));
#12738=AXIS2_PLACEMENT_3D('',#12735,#12736,#12737);
#12739=PLANE('',#12738);
#12741=ORIENTED_EDGE('',*,*,#12740,.F.);
#12743=ORIENTED_EDGE('',*,*,#12742,.F.);
#12744=ORIENTED_EDGE('',*,*,#12707,.F.);
#12746=ORIENTED_EDGE('',*,*,#12745,.T.);
#12747=EDGE_LOOP('',(#12741,#12743,#12744,#12746));
#12748=FACE_OUTER_BOUND('',#12747,.F.);
#12750=CARTESIAN_POINT('',(1.428549480969E0,-6.956708650519E0,
-7.675000000198E0));
#12751=DIRECTION('',(1.E0,0.E0,0.E0));
#12752=DIRECTION('',(0.E0,-1.E0,0.E0));
#12753=AXIS2_PLACEMENT_3D('',#12750,#12751,#12752);
#12754=PLANE('',#12753);
#12756=ORIENTED_EDGE('',*,*,#12755,.T.);
#12757=ORIENTED_EDGE('',*,*,#12740,.T.);
#12759=ORIENTED_EDGE('',*,*,#12758,.T.);
#12761=ORIENTED_EDGE('',*,*,#12760,.F.);
#12762=EDGE_LOOP('',(#12756,#12757,#12759,#12761));
#12763=FACE_OUTER_BOUND('',#12762,.F.);
#12765=ORIENTED_EDGE('',*,*,#12764,.T.);
#12767=ORIENTED_EDGE('',*,*,#12766,.T.);
#12769=ORIENTED_EDGE('',*,*,#12768,.T.);
#12771=ORIENTED_EDGE('',*,*,#12770,.T.);
#12773=ORIENTED_EDGE('',*,*,#12772,.T.);
#12775=ORIENTED_EDGE('',*,*,#12774,.T.);
#12776=EDGE_LOOP('',(#12765,#12767,#12769,#12771,#12773,#12775));
#12777=FACE_BOUND('',#12776,.F.);
#12779=CARTESIAN_POINT('',(1.553549480965E0,-6.956708650519E0,-1.5E1));
#12780=DIRECTION('',(0.E0,0.E0,1.E0));
#12781=DIRECTION('',(0.E0,-1.E0,0.E0));
#12782=AXIS2_PLACEMENT_3D('',#12779,#12780,#12781);
#12783=PLANE('',#12782);
#12784=ORIENTED_EDGE('',*,*,#12709,.T.);
#12785=ORIENTED_EDGE('',*,*,#12742,.T.);
#12786=ORIENTED_EDGE('',*,*,#12755,.F.);
#12788=ORIENTED_EDGE('',*,*,#12787,.F.);
#12789=EDGE_LOOP('',(#12784,#12785,#12786,#12788));
#12790=FACE_OUTER_BOUND('',#12789,.F.);
#12792=CARTESIAN_POINT('',(1.503549480762E0,-8.431708650523E0,-1.5E1));
#12793=DIRECTION('',(0.E0,0.E0,1.E0));
#12794=DIRECTION('',(0.E0,1.E0,0.E0));
#12795=AXIS2_PLACEMENT_3D('',#12792,#12793,#12794);
#12796=PLANE('',#12795);
#12798=ORIENTED_EDGE('',*,*,#12797,.F.);
#12800=ORIENTED_EDGE('',*,*,#12799,.T.);
#12801=ORIENTED_EDGE('',*,*,#12787,.T.);
#12803=ORIENTED_EDGE('',*,*,#12802,.T.);
#12804=EDGE_LOOP('',(#12798,#12800,#12801,#12803));
#12805=FACE_OUTER_BOUND('',#12804,.F.);
#12807=CARTESIAN_POINT('',(-6.321450519030E0,-8.481708650519E0,-1.5E1));
#12808=DIRECTION('',(0.E0,0.E0,1.E0));
#12809=DIRECTION('',(0.E0,-1.E0,0.E0));
#12810=AXIS2_PLACEMENT_3D('',#12807,#12808,#12809);
#12811=PLANE('',#12810);
#12812=ORIENTED_EDGE('',*,*,#11431,.F.);
#12813=ORIENTED_EDGE('',*,*,#11318,.F.);
#12814=ORIENTED_EDGE('',*,*,#12797,.T.);
#12815=ORIENTED_EDGE('',*,*,#11356,.F.);
#12816=EDGE_LOOP('',(#12812,#12813,#12814,#12815));
#12817=FACE_OUTER_BOUND('',#12816,.F.);
#12819=CARTESIAN_POINT('',(1.328549480969E0,-8.256708650519E0,
-5.699999999680E-2));
#12820=DIRECTION('',(0.E0,0.E0,-1.E0));
#12821=DIRECTION('',(1.E0,0.E0,0.E0));
#12822=AXIS2_PLACEMENT_3D('',#12819,#12820,#12821);
#12823=CYLINDRICAL_SURFACE('',#12822,3.5E-1);
#12824=ORIENTED_EDGE('',*,*,#11316,.T.);
#12826=ORIENTED_EDGE('',*,*,#12825,.F.);
#12828=ORIENTED_EDGE('',*,*,#12827,.F.);
#12829=ORIENTED_EDGE('',*,*,#12711,.T.);
#12830=ORIENTED_EDGE('',*,*,#12799,.F.);
#12831=EDGE_LOOP('',(#12824,#12826,#12828,#12829,#12830));
#12832=FACE_OUTER_BOUND('',#12831,.F.);
#12834=CARTESIAN_POINT('',(1.378549462023E0,-8.599413750250E0,
-3.499999999968E-1));
#12835=DIRECTION('',(0.E0,0.E0,1.E0));
#12836=DIRECTION('',(0.E0,-1.E0,0.E0));
#12837=AXIS2_PLACEMENT_3D('',#12834,#12835,#12836);
#12838=PLANE('',#12837);
#12839=ORIENTED_EDGE('',*,*,#11314,.F.);
#12840=ORIENTED_EDGE('',*,*,#11300,.F.);
#12841=ORIENTED_EDGE('',*,*,#12825,.T.);
#12842=EDGE_LOOP('',(#12839,#12840,#12841));
#12843=FACE_OUTER_BOUND('',#12842,.F.);
#12845=CARTESIAN_POINT('',(1.503549480605E0,-8.424413748764E0,
-3.499999999968E-1));
#12846=DIRECTION('',(0.E0,0.E0,1.E0));
#12847=DIRECTION('',(0.E0,1.E0,0.E0));
#12848=AXIS2_PLACEMENT_3D('',#12845,#12846,#12847);
#12849=PLANE('',#12848);
#12851=ORIENTED_EDGE('',*,*,#12850,.T.);
#12853=ORIENTED_EDGE('',*,*,#12852,.T.);
#12854=ORIENTED_EDGE('',*,*,#12827,.T.);
#12855=ORIENTED_EDGE('',*,*,#11298,.F.);
#12856=ORIENTED_EDGE('',*,*,#11360,.F.);
#12857=EDGE_LOOP('',(#12851,#12853,#12854,#12855,#12856));
#12858=FACE_OUTER_BOUND('',#12857,.F.);
#12860=CARTESIAN_POINT('',(1.328549480969E0,-8.256708650519E0,
-5.699999999680E-2));
#12861=DIRECTION('',(0.E0,0.E0,-1.E0));
#12862=DIRECTION('',(1.E0,0.E0,0.E0));
#12863=AXIS2_PLACEMENT_3D('',#12860,#12861,#12862);
#12864=CYLINDRICAL_SURFACE('',#12863,1.E-1);
#12865=ORIENTED_EDGE('',*,*,#12802,.F.);
#12866=ORIENTED_EDGE('',*,*,#12760,.T.);
#12867=ORIENTED_EDGE('',*,*,#12850,.F.);
#12868=ORIENTED_EDGE('',*,*,#11358,.T.);
#12869=EDGE_LOOP('',(#12865,#12866,#12867,#12868));
#12870=FACE_OUTER_BOUND('',#12869,.F.);
#12872=CARTESIAN_POINT('',(1.553549480967E0,-6.956708650384E0,
-1.650000000131E0));
#12873=DIRECTION('',(0.E0,7.071067811866E-1,7.071067811865E-1));
#12874=DIRECTION('',(0.E0,-7.071067811865E-1,7.071067811866E-1));
#12875=AXIS2_PLACEMENT_3D('',#12872,#12873,#12874);
#12876=PLANE('',#12875);
#12877=ORIENTED_EDGE('',*,*,#12852,.F.);
#12878=ORIENTED_EDGE('',*,*,#12758,.F.);
#12879=ORIENTED_EDGE('',*,*,#12745,.F.);
#12880=ORIENTED_EDGE('',*,*,#12713,.F.);
#12881=EDGE_LOOP('',(#12877,#12878,#12879,#12880));
#12882=FACE_OUTER_BOUND('',#12881,.F.);
#12884=CARTESIAN_POINT('',(1.678549480970E0,-6.406708650519E0,-1.24E1));
#12885=DIRECTION('',(0.E0,-1.E0,0.E0));
#12886=DIRECTION('',(0.E0,0.E0,-1.E0));
#12887=AXIS2_PLACEMENT_3D('',#12884,#12885,#12886);
#12888=PLANE('',#12887);
#12889=ORIENTED_EDGE('',*,*,#12697,.F.);
#12890=ORIENTED_EDGE('',*,*,#12772,.F.);
#12892=ORIENTED_EDGE('',*,*,#12891,.F.);
#12893=ORIENTED_EDGE('',*,*,#12724,.T.);
#12894=EDGE_LOOP('',(#12889,#12890,#12892,#12893));
#12895=FACE_OUTER_BOUND('',#12894,.F.);
#12897=CARTESIAN_POINT('',(1.678549480970E0,-6.406708650519E0,-1.24E1));
#12898=DIRECTION('',(0.E0,-1.E0,0.E0));
#12899=DIRECTION('',(0.E0,0.E0,-1.E0));
#12900=AXIS2_PLACEMENT_3D('',#12897,#12898,#12899);
#12901=PLANE('',#12900);
#12903=ORIENTED_EDGE('',*,*,#12902,.T.);
#12904=ORIENTED_EDGE('',*,*,#12717,.T.);
#12906=ORIENTED_EDGE('',*,*,#12905,.T.);
#12907=ORIENTED_EDGE('',*,*,#12764,.F.);
#12908=EDGE_LOOP('',(#12903,#12904,#12906,#12907));
#12909=FACE_OUTER_BOUND('',#12908,.F.);
#12911=CARTESIAN_POINT('',(1.678549480970E0,-7.656708650519E0,-1.24E1));
#12912=DIRECTION('',(0.E0,0.E0,-1.E0));
#12913=DIRECTION('',(0.E0,1.E0,0.E0));
#12914=AXIS2_PLACEMENT_3D('',#12911,#12912,#12913);
#12915=PLANE('',#12914);
#12917=ORIENTED_EDGE('',*,*,#12916,.F.);
#12918=ORIENTED_EDGE('',*,*,#12726,.T.);
#12919=ORIENTED_EDGE('',*,*,#12891,.T.);
#12920=ORIENTED_EDGE('',*,*,#12770,.F.);
#12921=EDGE_LOOP('',(#12917,#12918,#12919,#12920));
#12922=FACE_OUTER_BOUND('',#12921,.F.);
#12924=CARTESIAN_POINT('',(1.678549480970E0,-7.656708650519E0,-1.37E1));
#12925=DIRECTION('',(0.E0,1.E0,0.E0));
#12926=DIRECTION('',(0.E0,0.E0,1.E0));
#12927=AXIS2_PLACEMENT_3D('',#12924,#12925,#12926);
#12928=PLANE('',#12927);
#12930=ORIENTED_EDGE('',*,*,#12929,.F.);
#12931=ORIENTED_EDGE('',*,*,#12728,.T.);
#12932=ORIENTED_EDGE('',*,*,#12916,.T.);
#12933=ORIENTED_EDGE('',*,*,#12768,.F.);
#12934=EDGE_LOOP('',(#12930,#12931,#12932,#12933));
#12935=FACE_OUTER_BOUND('',#12934,.F.);
#12937=CARTESIAN_POINT('',(1.678549480970E0,-6.406708650519E0,-1.37E1));
#12938=DIRECTION('',(0.E0,0.E0,1.E0));
#12939=DIRECTION('',(0.E0,-1.E0,0.E0));
#12940=AXIS2_PLACEMENT_3D('',#12937,#12938,#12939);
#12941=PLANE('',#12940);
#12942=ORIENTED_EDGE('',*,*,#12905,.F.);
#12943=ORIENTED_EDGE('',*,*,#12730,.T.);
#12944=ORIENTED_EDGE('',*,*,#12929,.T.);
#12945=ORIENTED_EDGE('',*,*,#12766,.F.);
#12946=EDGE_LOOP('',(#12942,#12943,#12944,#12945));
#12947=FACE_OUTER_BOUND('',#12946,.F.);
#12949=CARTESIAN_POINT('',(1.328549480970E0,-6.406708650519E0,-1.355E1));
#12950=DIRECTION('',(0.E0,0.E0,1.E0));
#12951=DIRECTION('',(0.E0,-1.E0,0.E0));
#12952=AXIS2_PLACEMENT_3D('',#12949,#12950,#12951);
#12953=PLANE('',#12952);
#12954=ORIENTED_EDGE('',*,*,#12719,.F.);
#12955=ORIENTED_EDGE('',*,*,#12902,.F.);
#12957=ORIENTED_EDGE('',*,*,#12956,.F.);
#12958=ORIENTED_EDGE('',*,*,#12612,.T.);
#12960=ORIENTED_EDGE('',*,*,#12959,.T.);
#12961=EDGE_LOOP('',(#12954,#12955,#12957,#12958,#12960));
#12962=FACE_OUTER_BOUND('',#12961,.F.);
#12964=CARTESIAN_POINT('',(1.328549480970E0,-6.406708650519E0,-1.255E1));
#12965=DIRECTION('',(0.E0,-1.E0,0.E0));
#12966=DIRECTION('',(0.E0,0.E0,-1.E0));
#12967=AXIS2_PLACEMENT_3D('',#12964,#12965,#12966);
#12968=PLANE('',#12967);
#12969=ORIENTED_EDGE('',*,*,#12695,.F.);
#12970=ORIENTED_EDGE('',*,*,#12614,.T.);
#12971=ORIENTED_EDGE('',*,*,#12956,.T.);
#12972=ORIENTED_EDGE('',*,*,#12774,.F.);
#12973=EDGE_LOOP('',(#12969,#12970,#12971,#12972));
#12974=FACE_OUTER_BOUND('',#12973,.F.);
#12976=CARTESIAN_POINT('',(1.328549480970E0,-7.406708650519E0,-1.355E1));
#12977=DIRECTION('',(0.E0,1.E0,0.E0));
#12978=DIRECTION('',(0.E0,0.E0,1.E0));
#12979=AXIS2_PLACEMENT_3D('',#12976,#12977,#12978);
#12980=PLANE('',#12979);
#12981=ORIENTED_EDGE('',*,*,#12692,.T.);
#12982=ORIENTED_EDGE('',*,*,#12721,.F.);
#12983=ORIENTED_EDGE('',*,*,#12959,.F.);
#12984=ORIENTED_EDGE('',*,*,#12610,.T.);
#12985=EDGE_LOOP('',(#12981,#12982,#12983,#12984));
#12986=FACE_OUTER_BOUND('',#12985,.F.);
#12988=CARTESIAN_POINT('',(8.285494809565E-1,-7.939208650519E0,-1.62E1));
#12989=DIRECTION('',(0.E0,0.E0,1.E0));
#12990=DIRECTION('',(-1.E0,0.E0,0.E0));
#12991=AXIS2_PLACEMENT_3D('',#12988,#12989,#12990);
#12992=PLANE('',#12991);
#12993=ORIENTED_EDGE('',*,*,#12166,.F.);
#12994=ORIENTED_EDGE('',*,*,#12189,.T.);
#12995=ORIENTED_EDGE('',*,*,#12452,.F.);
#12996=ORIENTED_EDGE('',*,*,#12148,.F.);
#12997=EDGE_LOOP('',(#12993,#12994,#12995,#12996));
#12998=FACE_OUTER_BOUND('',#12997,.F.);
#13000=CARTESIAN_POINT('',(-1.402145051903E1,7.293291349497E0,-1.59E1));
#13001=DIRECTION('',(0.E0,1.E0,0.E0));
#13002=DIRECTION('',(1.E0,0.E0,0.E0));
#13003=AXIS2_PLACEMENT_3D('',#13000,#13001,#13002);
#13004=PLANE('',#13003);
#13005=ORIENTED_EDGE('',*,*,#11822,.T.);
#13006=ORIENTED_EDGE('',*,*,#12309,.T.);
#13008=ORIENTED_EDGE('',*,*,#13007,.F.);
#13010=ORIENTED_EDGE('',*,*,#13009,.T.);
#13011=ORIENTED_EDGE('',*,*,#12002,.T.);
#13012=EDGE_LOOP('',(#13005,#13006,#13008,#13010,#13011));
#13013=FACE_OUTER_BOUND('',#13012,.F.);
#13015=CARTESIAN_POINT('',(-1.322145051903E1,7.293291349497E0,-1.59E1));
#13016=DIRECTION('',(1.E0,0.E0,0.E0));
#13017=DIRECTION('',(0.E0,-1.E0,0.E0));
#13018=AXIS2_PLACEMENT_3D('',#13015,#13016,#13017);
#13019=PLANE('',#13018);
#13021=ORIENTED_EDGE('',*,*,#13020,.T.);
#13022=ORIENTED_EDGE('',*,*,#7682,.T.);
#13023=ORIENTED_EDGE('',*,*,#13007,.T.);
#13024=ORIENTED_EDGE('',*,*,#12325,.T.);
#13025=EDGE_LOOP('',(#13021,#13022,#13023,#13024));
#13026=FACE_OUTER_BOUND('',#13025,.F.);
#13028=CARTESIAN_POINT('',(-1.322145051903E1,3.793291349481E0,-1.59E1));
#13029=DIRECTION('',(0.E0,-1.E0,0.E0));
#13030=DIRECTION('',(-1.E0,0.E0,0.E0));
#13031=AXIS2_PLACEMENT_3D('',#13028,#13029,#13030);
#13032=PLANE('',#13031);
#13033=ORIENTED_EDGE('',*,*,#11814,.T.);
#13034=ORIENTED_EDGE('',*,*,#7684,.T.);
#13035=ORIENTED_EDGE('',*,*,#13020,.F.);
#13036=ORIENTED_EDGE('',*,*,#12323,.T.);
#13037=EDGE_LOOP('',(#13033,#13034,#13035,#13036));
#13038=FACE_OUTER_BOUND('',#13037,.F.);
#13040=CARTESIAN_POINT('',(-1.322145051903E1,7.793291349481E0,-1.59E1));
#13041=DIRECTION('',(1.E0,0.E0,0.E0));
#13042=DIRECTION('',(0.E0,-1.E0,0.E0));
#13043=AXIS2_PLACEMENT_3D('',#13040,#13041,#13042);
#13044=PLANE('',#13043);
#13045=ORIENTED_EDGE('',*,*,#11858,.T.);
#13046=ORIENTED_EDGE('',*,*,#12004,.F.);
#13047=ORIENTED_EDGE('',*,*,#13009,.F.);
#13048=ORIENTED_EDGE('',*,*,#7680,.F.);
#13049=EDGE_LOOP('',(#13045,#13046,#13047,#13048));
#13050=FACE_OUTER_BOUND('',#13049,.F.);
#13052=CARTESIAN_POINT('',(-1.369645051903E1,7.193291349481E0,
-1.612499999999E1));
#13053=DIRECTION('',(0.E0,1.E0,0.E0));
#13054=DIRECTION('',(-1.E0,0.E0,0.E0));
#13055=AXIS2_PLACEMENT_3D('',#13052,#13053,#13054);
#13056=PLANE('',#13055);
#13058=ORIENTED_EDGE('',*,*,#13057,.F.);
#13060=ORIENTED_EDGE('',*,*,#13059,.F.);
#13062=ORIENTED_EDGE('',*,*,#13061,.F.);
#13064=ORIENTED_EDGE('',*,*,#13063,.T.);
#13065=ORIENTED_EDGE('',*,*,#12312,.F.);
#13067=ORIENTED_EDGE('',*,*,#13066,.T.);
#13068=ORIENTED_EDGE('',*,*,#10570,.F.);
#13069=EDGE_LOOP('',(#13058,#13060,#13062,#13064,#13065,#13067,#13068));
#13070=FACE_OUTER_BOUND('',#13069,.F.);
#13072=CARTESIAN_POINT('',(-3.517905384101E1,7.253291349481E0,-1.556E1));
#13073=DIRECTION('',(1.E0,0.E0,0.E0));
#13074=DIRECTION('',(0.E0,0.E0,1.E0));
#13075=AXIS2_PLACEMENT_3D('',#13072,#13073,#13074);
#13076=CYLINDRICAL_SURFACE('',#13075,6.E-2);
#13078=ORIENTED_EDGE('',*,*,#13077,.T.);
#13079=ORIENTED_EDGE('',*,*,#13057,.T.);
#13080=ORIENTED_EDGE('',*,*,#10568,.T.);
#13081=ORIENTED_EDGE('',*,*,#10641,.F.);
#13082=ORIENTED_EDGE('',*,*,#10682,.T.);
#13083=EDGE_LOOP('',(#13078,#13079,#13080,#13081,#13082));
#13084=FACE_OUTER_BOUND('',#13083,.F.);
#13086=CARTESIAN_POINT('',(-1.422145051903E1,2.986341136389E1,-1.555E1));
#13087=DIRECTION('',(0.E0,-1.E0,0.E0));
#13088=DIRECTION('',(-1.E0,0.E0,0.E0));
#13089=AXIS2_PLACEMENT_3D('',#13086,#13087,#13088);
#13090=CYLINDRICAL_SURFACE('',#13089,1.E-1);
#13092=ORIENTED_EDGE('',*,*,#13091,.F.);
#13094=ORIENTED_EDGE('',*,*,#13093,.T.);
#13096=ORIENTED_EDGE('',*,*,#13095,.F.);
#13097=ORIENTED_EDGE('',*,*,#13059,.T.);
#13098=ORIENTED_EDGE('',*,*,#13077,.F.);
#13099=ORIENTED_EDGE('',*,*,#10680,.T.);
#13100=EDGE_LOOP('',(#13092,#13094,#13096,#13097,#13098,#13099));
#13101=FACE_OUTER_BOUND('',#13100,.F.);
#13103=CARTESIAN_POINT('',(-3.517905384101E1,5.730791349481E0,-1.55625E1));
#13104=DIRECTION('',(1.E0,0.E0,0.E0));
#13105=DIRECTION('',(0.E0,0.E0,1.E0));
#13106=AXIS2_PLACEMENT_3D('',#13103,#13104,#13105);
#13107=CYLINDRICAL_SURFACE('',#13106,6.25E-2);
#13109=ORIENTED_EDGE('',*,*,#13108,.T.);
#13110=ORIENTED_EDGE('',*,*,#10576,.F.);
#13112=ORIENTED_EDGE('',*,*,#13111,.T.);
#13113=ORIENTED_EDGE('',*,*,#13091,.T.);
#13114=ORIENTED_EDGE('',*,*,#10678,.F.);
#13115=EDGE_LOOP('',(#13109,#13110,#13112,#13113,#13114));
#13116=FACE_OUTER_BOUND('',#13115,.F.);
#13118=CARTESIAN_POINT('',(-1.419645051903E1,5.668291349481E0,
-1.588750000012E1));
#13119=DIRECTION('',(0.E0,1.E0,0.E0));
#13120=DIRECTION('',(0.E0,0.E0,-1.E0));
#13121=AXIS2_PLACEMENT_3D('',#13118,#13119,#13120);
#13122=PLANE('',#13121);
#13123=ORIENTED_EDGE('',*,*,#13108,.F.);
#13124=ORIENTED_EDGE('',*,*,#10676,.T.);
#13125=ORIENTED_EDGE('',*,*,#10724,.F.);
#13126=ORIENTED_EDGE('',*,*,#10578,.T.);
#13127=EDGE_LOOP('',(#13123,#13124,#13125,#13126));
#13128=FACE_OUTER_BOUND('',#13127,.F.);
#13130=CARTESIAN_POINT('',(-1.419645051906E1,5.793291349481E0,
-1.583750000129E1));
#13131=DIRECTION('',(0.E0,1.E0,0.E0));
#13132=DIRECTION('',(0.E0,0.E0,1.E0));
#13133=AXIS2_PLACEMENT_3D('',#13130,#13131,#13132);
#13134=PLANE('',#13133);
#13135=ORIENTED_EDGE('',*,*,#10574,.F.);
#13137=ORIENTED_EDGE('',*,*,#13136,.T.);
#13138=ORIENTED_EDGE('',*,*,#12320,.T.);
#13140=ORIENTED_EDGE('',*,*,#13139,.T.);
#13142=ORIENTED_EDGE('',*,*,#13141,.F.);
#13143=ORIENTED_EDGE('',*,*,#13093,.F.);
#13144=ORIENTED_EDGE('',*,*,#13111,.F.);
#13145=EDGE_LOOP('',(#13135,#13137,#13138,#13140,#13142,#13143,#13144));
#13146=FACE_OUTER_BOUND('',#13145,.F.);
#13148=CARTESIAN_POINT('',(0.E0,0.E0,-1.54E1));
#13149=DIRECTION('',(0.E0,0.E0,-1.E0));
#13150=DIRECTION('',(-1.E0,0.E0,0.E0));
#13151=AXIS2_PLACEMENT_3D('',#13148,#13149,#13150);
#13152=PLANE('',#13151);
#13153=ORIENTED_EDGE('',*,*,#13066,.F.);
#13154=ORIENTED_EDGE('',*,*,#11818,.F.);
#13155=ORIENTED_EDGE('',*,*,#13136,.F.);
#13156=ORIENTED_EDGE('',*,*,#10572,.T.);
#13157=EDGE_LOOP('',(#13153,#13154,#13155,#13156));
#13158=FACE_OUTER_BOUND('',#13157,.F.);
#13160=CARTESIAN_POINT('',(-1.367145051903E1,6.043291349481E0,
2.690862002535E1));
#13161=DIRECTION('',(0.E0,0.E0,-1.E0));
#13162=DIRECTION('',(1.E0,0.E0,0.E0));
#13163=AXIS2_PLACEMENT_3D('',#13160,#13161,#13162);
#13164=CYLINDRICAL_SURFACE('',#13163,2.5E-1);
#13166=ORIENTED_EDGE('',*,*,#13165,.T.);
#13167=ORIENTED_EDGE('',*,*,#13139,.F.);
#13168=ORIENTED_EDGE('',*,*,#12318,.T.);
#13170=ORIENTED_EDGE('',*,*,#13169,.T.);
#13171=EDGE_LOOP('',(#13166,#13167,#13168,#13170));
#13172=FACE_OUTER_BOUND('',#13171,.F.);
#13174=CARTESIAN_POINT('',(-1.264290103806E1,0.E0,-1.565E1));
#13175=DIRECTION('',(0.E0,0.E0,1.E0));
#13176=DIRECTION('',(1.E0,0.E0,0.E0));
#13177=AXIS2_PLACEMENT_3D('',#13174,#13175,#13176);
#13178=PLANE('',#13177);
#13179=ORIENTED_EDGE('',*,*,#13095,.T.);
#13180=ORIENTED_EDGE('',*,*,#13141,.T.);
#13181=ORIENTED_EDGE('',*,*,#13165,.F.);
#13183=ORIENTED_EDGE('',*,*,#13182,.T.);
#13185=ORIENTED_EDGE('',*,*,#13184,.F.);
#13186=ORIENTED_EDGE('',*,*,#13061,.T.);
#13187=EDGE_LOOP('',(#13179,#13180,#13181,#13183,#13185,#13186));
#13188=FACE_OUTER_BOUND('',#13187,.F.);
#13190=CARTESIAN_POINT('',(-1.342145051903E1,6.493291349481E0,
-1.612499999999E1));
#13191=DIRECTION('',(1.E0,0.E0,0.E0));
#13192=DIRECTION('',(0.E0,0.E0,-1.E0));
#13193=AXIS2_PLACEMENT_3D('',#13190,#13191,#13192);
#13194=PLANE('',#13193);
#13196=ORIENTED_EDGE('',*,*,#13195,.F.);
#13197=ORIENTED_EDGE('',*,*,#13182,.F.);
#13198=ORIENTED_EDGE('',*,*,#13169,.F.);
#13199=ORIENTED_EDGE('',*,*,#12316,.T.);
#13200=EDGE_LOOP('',(#13196,#13197,#13198,#13199));
#13201=FACE_OUTER_BOUND('',#13200,.F.);
#13203=CARTESIAN_POINT('',(-1.367145051903E1,6.943291349481E0,
-4.685862001435E1));
#13204=DIRECTION('',(0.E0,0.E0,1.E0));
#13205=DIRECTION('',(1.E0,0.E0,0.E0));
#13206=AXIS2_PLACEMENT_3D('',#13203,#13204,#13205);
#13207=CYLINDRICAL_SURFACE('',#13206,2.5E-1);
#13208=ORIENTED_EDGE('',*,*,#13063,.F.);
#13209=ORIENTED_EDGE('',*,*,#13184,.T.);
#13210=ORIENTED_EDGE('',*,*,#13195,.T.);
#13211=ORIENTED_EDGE('',*,*,#12314,.T.);
#13212=EDGE_LOOP('',(#13208,#13209,#13210,#13211));
#13213=FACE_OUTER_BOUND('',#13212,.F.);
#13215=CARTESIAN_POINT('',(-1.384645051782E1,-6.824906702027E0,
-3.099999999997E0));
#13216=DIRECTION('',(0.E0,0.E0,1.E0));
#13217=DIRECTION('',(0.E0,-1.E0,0.E0));
#13218=AXIS2_PLACEMENT_3D('',#13215,#13216,#13217);
#13219=PLANE('',#13218);
#13220=ORIENTED_EDGE('',*,*,#12270,.T.);
#13222=ORIENTED_EDGE('',*,*,#13221,.T.);
#13224=ORIENTED_EDGE('',*,*,#13223,.T.);
#13225=ORIENTED_EDGE('',*,*,#11618,.F.);
#13227=ORIENTED_EDGE('',*,*,#13226,.T.);
#13228=EDGE_LOOP('',(#13220,#13222,#13224,#13225,#13227));
#13229=FACE_OUTER_BOUND('',#13228,.F.);
#13231=CARTESIAN_POINT('',(-1.372145051903E1,-6.824906702032E0,
-9.549999999998E0));
#13232=DIRECTION('',(1.E0,0.E0,0.E0));
#13233=DIRECTION('',(0.E0,-1.E0,0.E0));
#13234=AXIS2_PLACEMENT_3D('',#13231,#13232,#13233);
#13235=PLANE('',#13234);
#13236=ORIENTED_EDGE('',*,*,#10771,.T.);
#13238=ORIENTED_EDGE('',*,*,#13237,.T.);
#13239=ORIENTED_EDGE('',*,*,#13221,.F.);
#13240=ORIENTED_EDGE('',*,*,#12221,.F.);
#13241=EDGE_LOOP('',(#13236,#13238,#13239,#13240));
#13242=FACE_OUTER_BOUND('',#13241,.F.);
#13244=CARTESIAN_POINT('',(-1.384645051869E1,-8.156708650519E0,
-9.549999999999E0));
#13245=DIRECTION('',(0.E0,1.E0,0.E0));
#13246=DIRECTION('',(1.E0,0.E0,0.E0));
#13247=AXIS2_PLACEMENT_3D('',#13244,#13245,#13246);
#13248=PLANE('',#13247);
#13249=ORIENTED_EDGE('',*,*,#10769,.F.);
#13250=ORIENTED_EDGE('',*,*,#11620,.F.);
#13251=ORIENTED_EDGE('',*,*,#13223,.F.);
#13252=ORIENTED_EDGE('',*,*,#13237,.F.);
#13253=EDGE_LOOP('',(#13249,#13250,#13251,#13252));
#13254=FACE_OUTER_BOUND('',#13253,.F.);
#13256=CARTESIAN_POINT('',(-1.386109517831E1,-5.369361065740E0,
-3.099999999997E0));
#13257=DIRECTION('',(0.E0,0.E0,1.E0));
#13258=DIRECTION('',(0.E0,-1.E0,0.E0));
#13259=AXIS2_PLACEMENT_3D('',#13256,#13257,#13258);
#13260=PLANE('',#13259);
#13261=ORIENTED_EDGE('',*,*,#11727,.T.);
#13262=ORIENTED_EDGE('',*,*,#13226,.F.);
#13263=ORIENTED_EDGE('',*,*,#11642,.T.);
#13264=ORIENTED_EDGE('',*,*,#11698,.T.);
#13265=EDGE_LOOP('',(#13261,#13262,#13263,#13264));
#13266=FACE_OUTER_BOUND('',#13265,.F.);
#13268=CARTESIAN_POINT('',(5.785494809700E-1,7.293291349497E0,-1.59E1));
#13269=DIRECTION('',(1.E0,0.E0,0.E0));
#13270=DIRECTION('',(0.E0,-1.E0,0.E0));
#13271=AXIS2_PLACEMENT_3D('',#13268,#13269,#13270);
#13272=PLANE('',#13271);
#13273=ORIENTED_EDGE('',*,*,#12031,.T.);
#13274=ORIENTED_EDGE('',*,*,#7706,.T.);
#13276=ORIENTED_EDGE('',*,*,#13275,.F.);
#13277=ORIENTED_EDGE('',*,*,#12095,.F.);
#13278=EDGE_LOOP('',(#13273,#13274,#13276,#13277));
#13279=FACE_OUTER_BOUND('',#13278,.F.);
#13281=CARTESIAN_POINT('',(5.785494809700E-1,3.793291349481E0,-1.59E1));
#13282=DIRECTION('',(0.E0,1.E0,0.E0));
#13283=DIRECTION('',(1.E0,0.E0,0.E0));
#13284=AXIS2_PLACEMENT_3D('',#13281,#13282,#13283);
#13285=PLANE('',#13284);
#13286=ORIENTED_EDGE('',*,*,#13275,.T.);
#13287=ORIENTED_EDGE('',*,*,#7704,.T.);
#13288=ORIENTED_EDGE('',*,*,#12052,.F.);
#13289=ORIENTED_EDGE('',*,*,#12097,.F.);
#13290=EDGE_LOOP('',(#13286,#13287,#13288,#13289));
#13291=FACE_OUTER_BOUND('',#13290,.F.);
#13293=CARTESIAN_POINT('',(1.553549480993E0,5.793291349481E0,
-1.583750000135E1));
#13294=DIRECTION('',(0.E0,1.E0,0.E0));
#13295=DIRECTION('',(0.E0,0.E0,1.E0));
#13296=AXIS2_PLACEMENT_3D('',#13293,#13294,#13295);
#13297=PLANE('',#13296);
#13298=ORIENTED_EDGE('',*,*,#10975,.F.);
#13300=ORIENTED_EDGE('',*,*,#13299,.F.);
#13302=ORIENTED_EDGE('',*,*,#13301,.T.);
#13303=ORIENTED_EDGE('',*,*,#12100,.F.);
#13305=ORIENTED_EDGE('',*,*,#13304,.F.);
#13306=ORIENTED_EDGE('',*,*,#11041,.F.);
#13308=ORIENTED_EDGE('',*,*,#13307,.F.);
#13309=EDGE_LOOP('',(#13298,#13300,#13302,#13303,#13305,#13306,#13308));
#13310=FACE_OUTER_BOUND('',#13309,.F.);
#13312=CARTESIAN_POINT('',(0.E0,0.E0,-1.565E1));
#13313=DIRECTION('',(0.E0,0.E0,-1.E0));
#13314=DIRECTION('',(-1.E0,0.E0,0.E0));
#13315=AXIS2_PLACEMENT_3D('',#13312,#13313,#13314);
#13316=PLANE('',#13315);
#13317=ORIENTED_EDGE('',*,*,#10973,.T.);
#13319=ORIENTED_EDGE('',*,*,#13318,.T.);
#13321=ORIENTED_EDGE('',*,*,#13320,.F.);
#13323=ORIENTED_EDGE('',*,*,#13322,.F.);
#13325=ORIENTED_EDGE('',*,*,#13324,.F.);
#13326=ORIENTED_EDGE('',*,*,#13299,.T.);
#13327=EDGE_LOOP('',(#13317,#13319,#13321,#13323,#13325,#13326));
#13328=FACE_OUTER_BOUND('',#13327,.F.);
#13330=CARTESIAN_POINT('',(1.503549480995E0,7.193291349481E0,
-1.607499999931E1));
#13331=DIRECTION('',(0.E0,1.E0,0.E0));
#13332=DIRECTION('',(-1.E0,0.E0,0.E0));
#13333=AXIS2_PLACEMENT_3D('',#13330,#13331,#13332);
#13334=PLANE('',#13333);
#13335=ORIENTED_EDGE('',*,*,#10971,.F.);
#13336=ORIENTED_EDGE('',*,*,#10993,.F.);
#13337=ORIENTED_EDGE('',*,*,#11045,.F.);
#13339=ORIENTED_EDGE('',*,*,#13338,.F.);
#13340=ORIENTED_EDGE('',*,*,#12108,.T.);
#13342=ORIENTED_EDGE('',*,*,#13341,.T.);
#13343=ORIENTED_EDGE('',*,*,#13318,.F.);
#13344=EDGE_LOOP('',(#13335,#13336,#13337,#13339,#13340,#13342,#13343));
#13345=FACE_OUTER_BOUND('',#13344,.F.);
#13347=CARTESIAN_POINT('',(-1.264290103806E1,0.E0,-1.54E1));
#13348=DIRECTION('',(0.E0,0.E0,1.E0));
#13349=DIRECTION('',(1.E0,0.E0,0.E0));
#13350=AXIS2_PLACEMENT_3D('',#13347,#13348,#13349);
#13351=PLANE('',#13350);
#13352=ORIENTED_EDGE('',*,*,#13338,.T.);
#13353=ORIENTED_EDGE('',*,*,#11043,.F.);
#13354=ORIENTED_EDGE('',*,*,#13304,.T.);
#13355=ORIENTED_EDGE('',*,*,#12048,.T.);
#13356=EDGE_LOOP('',(#13352,#13353,#13354,#13355));
#13357=FACE_OUTER_BOUND('',#13356,.F.);
#13359=CARTESIAN_POINT('',(1.028549480969E0,6.943291349481E0,2.690862002535E1));
#13360=DIRECTION('',(0.E0,0.E0,-1.E0));
#13361=DIRECTION('',(-1.E0,0.E0,0.E0));
#13362=AXIS2_PLACEMENT_3D('',#13359,#13360,#13361);
#13363=CYLINDRICAL_SURFACE('',#13362,2.5E-1);
#13364=ORIENTED_EDGE('',*,*,#13320,.T.);
#13365=ORIENTED_EDGE('',*,*,#13341,.F.);
#13366=ORIENTED_EDGE('',*,*,#12106,.T.);
#13368=ORIENTED_EDGE('',*,*,#13367,.T.);
#13369=EDGE_LOOP('',(#13364,#13365,#13366,#13368));
#13370=FACE_OUTER_BOUND('',#13369,.F.);
#13372=CARTESIAN_POINT('',(7.785494809690E-1,6.493291349481E0,
-1.612499999999E1));
#13373=DIRECTION('',(1.E0,0.E0,0.E0));
#13374=DIRECTION('',(0.E0,0.E0,-1.E0));
#13375=AXIS2_PLACEMENT_3D('',#13372,#13373,#13374);
#13376=PLANE('',#13375);
#13377=ORIENTED_EDGE('',*,*,#13367,.F.);
#13378=ORIENTED_EDGE('',*,*,#12104,.F.);
#13380=ORIENTED_EDGE('',*,*,#13379,.F.);
#13381=ORIENTED_EDGE('',*,*,#13322,.T.);
#13382=EDGE_LOOP('',(#13377,#13378,#13380,#13381));
#13383=FACE_OUTER_BOUND('',#13382,.F.);
#13385=CARTESIAN_POINT('',(1.028549480969E0,6.043291349481E0,
-4.685862001435E1));
#13386=DIRECTION('',(0.E0,0.E0,1.E0));
#13387=DIRECTION('',(-1.E0,0.E0,0.E0));
#13388=AXIS2_PLACEMENT_3D('',#13385,#13386,#13387);
#13389=CYLINDRICAL_SURFACE('',#13388,2.5E-1);
#13390=ORIENTED_EDGE('',*,*,#13301,.F.);
#13391=ORIENTED_EDGE('',*,*,#13324,.T.);
#13392=ORIENTED_EDGE('',*,*,#13379,.T.);
#13393=ORIENTED_EDGE('',*,*,#12102,.T.);
#13394=EDGE_LOOP('',(#13390,#13391,#13392,#13393));
#13395=FACE_OUTER_BOUND('',#13394,.F.);
#13397=CARTESIAN_POINT('',(2.253615532635E1,5.730791349481E0,-1.55625E1));
#13398=DIRECTION('',(-1.E0,0.E0,0.E0));
#13399=DIRECTION('',(0.E0,0.E0,1.E0));
#13400=AXIS2_PLACEMENT_3D('',#13397,#13398,#13399);
#13401=CYLINDRICAL_SURFACE('',#13400,6.25E-2);
#13402=ORIENTED_EDGE('',*,*,#10977,.F.);
#13403=ORIENTED_EDGE('',*,*,#13307,.T.);
#13404=ORIENTED_EDGE('',*,*,#11039,.F.);
#13406=ORIENTED_EDGE('',*,*,#13405,.T.);
#13407=ORIENTED_EDGE('',*,*,#10934,.F.);
#13408=EDGE_LOOP('',(#13402,#13403,#13404,#13406,#13407));
#13409=FACE_OUTER_BOUND('',#13408,.F.);
#13411=CARTESIAN_POINT('',(1.553549480969E0,5.668291349481E0,
-1.588750000032E1));
#13412=DIRECTION('',(0.E0,1.E0,0.E0));
#13413=DIRECTION('',(-1.E0,0.E0,0.E0));
#13414=AXIS2_PLACEMENT_3D('',#13411,#13412,#13413);
#13415=PLANE('',#13414);
#13416=ORIENTED_EDGE('',*,*,#13405,.F.);
#13417=ORIENTED_EDGE('',*,*,#11037,.T.);
#13418=ORIENTED_EDGE('',*,*,#10739,.F.);
#13419=ORIENTED_EDGE('',*,*,#10936,.T.);
#13420=EDGE_LOOP('',(#13416,#13417,#13418,#13419));
#13421=FACE_OUTER_BOUND('',#13420,.F.);
#13423=CARTESIAN_POINT('',(-4.296450519031E0,6.211640285079E0,
-2.835000000009E0));
#13424=DIRECTION('',(1.E0,0.E0,0.E0));
#13425=DIRECTION('',(0.E0,1.E0,0.E0));
#13426=AXIS2_PLACEMENT_3D('',#13423,#13424,#13425);
#13427=PLANE('',#13426);
#13429=ORIENTED_EDGE('',*,*,#13428,.T.);
#13431=ORIENTED_EDGE('',*,*,#13430,.T.);
#13433=ORIENTED_EDGE('',*,*,#13432,.T.);
#13434=ORIENTED_EDGE('',*,*,#8534,.T.);
#13436=ORIENTED_EDGE('',*,*,#13435,.T.);
#13437=ORIENTED_EDGE('',*,*,#11899,.T.);
#13438=ORIENTED_EDGE('',*,*,#10069,.F.);
#13439=EDGE_LOOP('',(#13429,#13431,#13433,#13434,#13436,#13437,#13438));
#13440=FACE_OUTER_BOUND('',#13439,.F.);
#13442=CARTESIAN_POINT('',(-4.331979842132E0,5.443291349481E0,-5.E-1));
#13443=DIRECTION('',(1.E0,0.E0,0.E0));
#13444=DIRECTION('',(0.E0,0.E0,-1.E0));
#13445=AXIS2_PLACEMENT_3D('',#13442,#13443,#13444);
#13446=CYLINDRICAL_SURFACE('',#13445,5.E-1);
#13447=ORIENTED_EDGE('',*,*,#9995,.F.);
#13449=ORIENTED_EDGE('',*,*,#13448,.T.);
#13450=ORIENTED_EDGE('',*,*,#13428,.F.);
#13451=ORIENTED_EDGE('',*,*,#10067,.T.);
#13452=EDGE_LOOP('',(#13447,#13449,#13450,#13451));
#13453=FACE_OUTER_BOUND('',#13452,.F.);
#13455=CARTESIAN_POINT('',(-3.733950519031E0,4.943291349481E0,
-3.085000001318E0));
#13456=DIRECTION('',(0.E0,1.E0,0.E0));
#13457=DIRECTION('',(0.E0,0.E0,1.E0));
#13458=AXIS2_PLACEMENT_3D('',#13455,#13456,#13457);
#13459=PLANE('',#13458);
#13461=ORIENTED_EDGE('',*,*,#13460,.F.);
#13462=ORIENTED_EDGE('',*,*,#13430,.F.);
#13463=ORIENTED_EDGE('',*,*,#13448,.F.);
#13464=ORIENTED_EDGE('',*,*,#9993,.F.);
#13465=EDGE_LOOP('',(#13461,#13462,#13463,#13464));
#13466=FACE_OUTER_BOUND('',#13465,.F.);
#13468=CARTESIAN_POINT('',(-3.692847300865E0,5.168291349053E0,-5.67E0));
#13469=DIRECTION('',(0.E0,0.E0,1.E0));
#13470=DIRECTION('',(-1.E0,0.E0,0.E0));
#13471=AXIS2_PLACEMENT_3D('',#13468,#13469,#13470);
#13472=PLANE('',#13471);
#13473=ORIENTED_EDGE('',*,*,#13432,.F.);
#13474=ORIENTED_EDGE('',*,*,#13460,.T.);
#13475=ORIENTED_EDGE('',*,*,#9991,.F.);
#13476=ORIENTED_EDGE('',*,*,#8492,.F.);
#13478=ORIENTED_EDGE('',*,*,#13477,.F.);
#13479=ORIENTED_EDGE('',*,*,#8536,.F.);
#13480=EDGE_LOOP('',(#13473,#13474,#13475,#13476,#13478,#13479));
#13481=FACE_OUTER_BOUND('',#13480,.F.);
#13483=CARTESIAN_POINT('',(-3.089244083031E0,5.168291348209E0,
-1.078499999940E1));
#13484=DIRECTION('',(1.E0,0.E0,0.E0));
#13485=DIRECTION('',(0.E0,1.E0,0.E0));
#13486=AXIS2_PLACEMENT_3D('',#13483,#13484,#13485);
#13487=PLANE('',#13486);
#13488=ORIENTED_EDGE('',*,*,#8490,.T.);
#13489=ORIENTED_EDGE('',*,*,#7796,.F.);
#13490=ORIENTED_EDGE('',*,*,#8538,.T.);
#13491=ORIENTED_EDGE('',*,*,#13477,.T.);
#13492=EDGE_LOOP('',(#13488,#13489,#13490,#13491));
#13493=FACE_OUTER_BOUND('',#13492,.F.);
#13495=CARTESIAN_POINT('',(-6.321450519031E0,7.236640285589E0,
-2.018081961626E0));
#13496=DIRECTION('',(0.E0,9.925461516401E-1,-1.218693434150E-1));
#13497=DIRECTION('',(0.E0,-1.218693434150E-1,-9.925461516401E-1));
#13498=AXIS2_PLACEMENT_3D('',#13495,#13496,#13497);
#13499=PLANE('',#13498);
#13500=ORIENTED_EDGE('',*,*,#13435,.F.);
#13501=ORIENTED_EDGE('',*,*,#8532,.F.);
#13502=ORIENTED_EDGE('',*,*,#8679,.F.);
#13503=ORIENTED_EDGE('',*,*,#11901,.F.);
#13504=EDGE_LOOP('',(#13500,#13501,#13502,#13503));
#13505=FACE_OUTER_BOUND('',#13504,.F.);
#13507=CARTESIAN_POINT('',(8.785494809690E-1,7.303291349481E0,-1.62E1));
#13508=DIRECTION('',(0.E0,0.E0,-1.E0));
#13509=DIRECTION('',(-1.E0,0.E0,0.E0));
#13510=AXIS2_PLACEMENT_3D('',#13507,#13508,#13509);
#13511=CYLINDRICAL_SURFACE('',#13510,5.E-1);
#13512=ORIENTED_EDGE('',*,*,#10860,.T.);
#13514=ORIENTED_EDGE('',*,*,#13513,.T.);
#13516=ORIENTED_EDGE('',*,*,#13515,.T.);
#13517=ORIENTED_EDGE('',*,*,#11880,.F.);
#13518=EDGE_LOOP('',(#13512,#13514,#13516,#13517));
#13519=FACE_OUTER_BOUND('',#13518,.F.);
#13521=CARTESIAN_POINT('',(-1.352145051903E1,7.803291349481E0,-1.62E1));
#13522=DIRECTION('',(0.E0,1.E0,0.E0));
#13523=DIRECTION('',(1.E0,0.E0,0.E0));
#13524=AXIS2_PLACEMENT_3D('',#13521,#13522,#13523);
#13525=PLANE('',#13524);
#13526=ORIENTED_EDGE('',*,*,#10858,.F.);
#13528=ORIENTED_EDGE('',*,*,#13527,.T.);
#13530=ORIENTED_EDGE('',*,*,#13529,.T.);
#13531=ORIENTED_EDGE('',*,*,#13513,.F.);
#13532=EDGE_LOOP('',(#13526,#13528,#13530,#13531));
#13533=FACE_OUTER_BOUND('',#13532,.F.);
#13535=CARTESIAN_POINT('',(-1.352145051903E1,7.303291349481E0,-1.62E1));
#13536=DIRECTION('',(0.E0,0.E0,-1.E0));
#13537=DIRECTION('',(-1.E0,0.E0,0.E0));
#13538=AXIS2_PLACEMENT_3D('',#13535,#13536,#13537);
#13539=CYLINDRICAL_SURFACE('',#13538,5.E-1);
#13540=ORIENTED_EDGE('',*,*,#10864,.T.);
#13541=ORIENTED_EDGE('',*,*,#11884,.T.);
#13543=ORIENTED_EDGE('',*,*,#13542,.T.);
#13544=ORIENTED_EDGE('',*,*,#13527,.F.);
#13545=EDGE_LOOP('',(#13540,#13541,#13543,#13544));
#13546=FACE_OUTER_BOUND('',#13545,.F.);
#13548=CARTESIAN_POINT('',(-6.321450518684E0,-2.567086491325E-1,0.E0));
#13549=DIRECTION('',(0.E0,0.E0,1.E0));
#13550=DIRECTION('',(1.E0,0.E0,0.E0));
#13551=AXIS2_PLACEMENT_3D('',#13548,#13549,#13550);
#13552=PLANE('',#13551);
#13553=ORIENTED_EDGE('',*,*,#13529,.F.);
#13554=ORIENTED_EDGE('',*,*,#13542,.F.);
#13555=ORIENTED_EDGE('',*,*,#11882,.F.);
#13556=ORIENTED_EDGE('',*,*,#13515,.F.);
#13557=EDGE_LOOP('',(#13553,#13554,#13555,#13556));
#13558=FACE_OUTER_BOUND('',#13557,.F.);
#13560=CARTESIAN_POINT('',(-1.397145051903E1,-4.956708650519E0,-1.6258E1));
#13561=DIRECTION('',(0.E0,0.E0,1.E0));
#13562=DIRECTION('',(0.E0,1.E0,0.E0));
#13563=AXIS2_PLACEMENT_3D('',#13560,#13561,#13562);
#13564=CYLINDRICAL_SURFACE('',#13563,1.00000009E-1);
#13565=ORIENTED_EDGE('',*,*,#10755,.T.);
#13566=ORIENTED_EDGE('',*,*,#11713,.T.);
#13567=ORIENTED_EDGE('',*,*,#11685,.F.);
#13568=ORIENTED_EDGE('',*,*,#10592,.T.);
#13569=EDGE_LOOP('',(#13565,#13566,#13567,#13568));
#13570=FACE_OUTER_BOUND('',#13569,.F.);
#13572=CARTESIAN_POINT('',(-1.419645052191E1,-1.067086498535E-1,
-3.099999999997E0));
#13573=DIRECTION('',(0.E0,0.E0,1.E0));
#13574=DIRECTION('',(0.E0,-1.E0,0.E0));
#13575=AXIS2_PLACEMENT_3D('',#13572,#13573,#13574);
#13576=PLANE('',#13575);
#13577=ORIENTED_EDGE('',*,*,#10549,.F.);
#13578=ORIENTED_EDGE('',*,*,#10594,.F.);
#13579=ORIENTED_EDGE('',*,*,#11683,.T.);
#13580=ORIENTED_EDGE('',*,*,#10660,.T.);
#13581=EDGE_LOOP('',(#13577,#13578,#13579,#13580));
#13582=FACE_OUTER_BOUND('',#13581,.F.);
#13584=CARTESIAN_POINT('',(-1.397145051903E1,-6.406708650519E0,-1.255E1));
#13585=DIRECTION('',(0.E0,1.E0,0.E0));
#13586=DIRECTION('',(0.E0,0.E0,-1.E0));
#13587=AXIS2_PLACEMENT_3D('',#13584,#13585,#13586);
#13588=PLANE('',#13587);
#13589=ORIENTED_EDGE('',*,*,#11625,.F.);
#13590=ORIENTED_EDGE('',*,*,#11605,.T.);
#13591=ORIENTED_EDGE('',*,*,#11477,.T.);
#13593=ORIENTED_EDGE('',*,*,#13592,.F.);
#13594=EDGE_LOOP('',(#13589,#13590,#13591,#13593));
#13595=FACE_OUTER_BOUND('',#13594,.F.);
#13597=CARTESIAN_POINT('',(-1.397145051903E1,-6.406708650519E0,-1.355E1));
#13598=DIRECTION('',(0.E0,0.E0,-1.E0));
#13599=DIRECTION('',(0.E0,-1.E0,0.E0));
#13600=AXIS2_PLACEMENT_3D('',#13597,#13598,#13599);
#13601=PLANE('',#13600);
#13602=ORIENTED_EDGE('',*,*,#11627,.F.);
#13603=ORIENTED_EDGE('',*,*,#13592,.T.);
#13604=ORIENTED_EDGE('',*,*,#11585,.T.);
#13605=ORIENTED_EDGE('',*,*,#11514,.T.);
#13607=ORIENTED_EDGE('',*,*,#13606,.F.);
#13608=EDGE_LOOP('',(#13602,#13603,#13604,#13605,#13607));
#13609=FACE_OUTER_BOUND('',#13608,.F.);
#13611=CARTESIAN_POINT('',(-1.397145051903E1,-7.406708650519E0,-1.355E1));
#13612=DIRECTION('',(0.E0,-1.E0,0.E0));
#13613=DIRECTION('',(0.E0,0.E0,1.E0));
#13614=AXIS2_PLACEMENT_3D('',#13611,#13612,#13613);
#13615=PLANE('',#13614);
#13616=ORIENTED_EDGE('',*,*,#11629,.F.);
#13617=ORIENTED_EDGE('',*,*,#13606,.T.);
#13618=ORIENTED_EDGE('',*,*,#11512,.T.);
#13619=ORIENTED_EDGE('',*,*,#11601,.F.);
#13620=EDGE_LOOP('',(#13616,#13617,#13618,#13619));
#13621=FACE_OUTER_BOUND('',#13620,.F.);
#13623=CARTESIAN_POINT('',(-1.432145051903E1,-7.656708650519E0,-1.24E1));
#13624=DIRECTION('',(0.E0,0.E0,1.E0));
#13625=DIRECTION('',(0.E0,1.E0,0.E0));
#13626=AXIS2_PLACEMENT_3D('',#13623,#13624,#13625);
#13627=PLANE('',#13626);
#13628=ORIENTED_EDGE('',*,*,#11469,.T.);
#13629=ORIENTED_EDGE('',*,*,#11574,.F.);
#13630=ORIENTED_EDGE('',*,*,#11522,.F.);
#13632=ORIENTED_EDGE('',*,*,#13631,.T.);
#13633=EDGE_LOOP('',(#13628,#13629,#13630,#13632));
#13634=FACE_OUTER_BOUND('',#13633,.F.);
#13636=CARTESIAN_POINT('',(-1.432145051903E1,-7.656708650519E0,-1.37E1));
#13637=DIRECTION('',(0.E0,-1.E0,0.E0));
#13638=DIRECTION('',(0.E0,0.E0,1.E0));
#13639=AXIS2_PLACEMENT_3D('',#13636,#13637,#13638);
#13640=PLANE('',#13639);
#13641=ORIENTED_EDGE('',*,*,#11471,.T.);
#13642=ORIENTED_EDGE('',*,*,#13631,.F.);
#13643=ORIENTED_EDGE('',*,*,#11520,.F.);
#13645=ORIENTED_EDGE('',*,*,#13644,.T.);
#13646=EDGE_LOOP('',(#13641,#13642,#13643,#13645));
#13647=FACE_OUTER_BOUND('',#13646,.F.);
#13649=CARTESIAN_POINT('',(-1.432145051903E1,-6.406708650519E0,-1.37E1));
#13650=DIRECTION('',(0.E0,0.E0,-1.E0));
#13651=DIRECTION('',(0.E0,-1.E0,0.E0));
#13652=AXIS2_PLACEMENT_3D('',#13649,#13650,#13651);
#13653=PLANE('',#13652);
#13654=ORIENTED_EDGE('',*,*,#11473,.T.);
#13655=ORIENTED_EDGE('',*,*,#13644,.F.);
#13656=ORIENTED_EDGE('',*,*,#11518,.F.);
#13657=ORIENTED_EDGE('',*,*,#11588,.T.);
#13658=EDGE_LOOP('',(#13654,#13655,#13656,#13657));
#13659=FACE_OUTER_BOUND('',#13658,.F.);
#13661=CARTESIAN_POINT('',(1.378549470373E0,-8.006708650519E0,
2.427050991235E-1));
#13662=DIRECTION('',(0.E0,1.E0,0.E0));
#13663=DIRECTION('',(-1.E0,0.E0,0.E0));
#13664=AXIS2_PLACEMENT_3D('',#13661,#13662,#13663);
#13665=PLANE('',#13664);
#13666=ORIENTED_EDGE('',*,*,#11269,.F.);
#13667=ORIENTED_EDGE('',*,*,#10318,.F.);
#13668=ORIENTED_EDGE('',*,*,#11143,.T.);
#13669=EDGE_LOOP('',(#13666,#13667,#13668));
#13670=FACE_OUTER_BOUND('',#13669,.F.);
#13672=CARTESIAN_POINT('',(1.553549480888E0,-2.056708650519E0,
-1.777550000164E1));
#13673=DIRECTION('',(0.E0,1.E0,0.E0));
#13674=DIRECTION('',(-1.E0,0.E0,0.E0));
#13675=AXIS2_PLACEMENT_3D('',#13672,#13673,#13674);
#13676=PLANE('',#13675);
#13677=ORIENTED_EDGE('',*,*,#11028,.T.);
#13678=ORIENTED_EDGE('',*,*,#10801,.T.);
#13679=ORIENTED_EDGE('',*,*,#10945,.T.);
#13681=ORIENTED_EDGE('',*,*,#13680,.F.);
#13682=EDGE_LOOP('',(#13677,#13678,#13679,#13681));
#13683=FACE_OUTER_BOUND('',#13682,.F.);
#13685=CARTESIAN_POINT('',(1.391502845473E0,-1.407708650519E0,-1.9551E1));
#13686=DIRECTION('',(1.E0,0.E0,0.E0));
#13687=DIRECTION('',(0.E0,1.E0,0.E0));
#13688=AXIS2_PLACEMENT_3D('',#13685,#13686,#13687);
#13689=CYLINDRICAL_SURFACE('',#13688,6.49E-1);
#13690=ORIENTED_EDGE('',*,*,#10943,.F.);
#13692=ORIENTED_EDGE('',*,*,#13691,.T.);
#13693=ORIENTED_EDGE('',*,*,#11030,.F.);
#13694=ORIENTED_EDGE('',*,*,#13680,.T.);
#13695=EDGE_LOOP('',(#13690,#13692,#13693,#13694));
#13696=FACE_OUTER_BOUND('',#13695,.F.);
#13698=CARTESIAN_POINT('',(1.391502845473E0,-1.405708650519E0,-1.9551E1));
#13699=DIRECTION('',(1.E0,0.E0,0.E0));
#13700=DIRECTION('',(0.E0,1.E0,0.E0));
#13701=AXIS2_PLACEMENT_3D('',#13698,#13699,#13700);
#13702=CYLINDRICAL_SURFACE('',#13701,6.49E-1);
#13703=ORIENTED_EDGE('',*,*,#10941,.F.);
#13705=ORIENTED_EDGE('',*,*,#13704,.T.);
#13706=ORIENTED_EDGE('',*,*,#11032,.F.);
#13707=ORIENTED_EDGE('',*,*,#13691,.F.);
#13708=EDGE_LOOP('',(#13703,#13705,#13706,#13707));
#13709=FACE_OUTER_BOUND('',#13708,.F.);
#13711=CARTESIAN_POINT('',(1.553549480969E0,-7.567086505190E-1,
-1.777550000378E1));
#13712=DIRECTION('',(0.E0,1.E0,0.E0));
#13713=DIRECTION('',(1.E0,0.E0,0.E0));
#13714=AXIS2_PLACEMENT_3D('',#13711,#13712,#13713);
#13715=PLANE('',#13714);
#13716=ORIENTED_EDGE('',*,*,#10939,.T.);
#13717=ORIENTED_EDGE('',*,*,#10735,.T.);
#13718=ORIENTED_EDGE('',*,*,#11034,.T.);
#13719=ORIENTED_EDGE('',*,*,#13704,.F.);
#13720=EDGE_LOOP('',(#13716,#13717,#13718,#13719));
#13721=FACE_OUTER_BOUND('',#13720,.F.);
#13723=CARTESIAN_POINT('',(-1.397145051903E1,7.743291349481E0,
2.180000000032E-1));
#13724=DIRECTION('',(0.E0,0.E0,-1.E0));
#13725=DIRECTION('',(-1.E0,0.E0,0.E0));
#13726=AXIS2_PLACEMENT_3D('',#13723,#13724,#13725);
#13727=CYLINDRICAL_SURFACE('',#13726,3.5E-1);
#13728=ORIENTED_EDGE('',*,*,#10709,.T.);
#13729=ORIENTED_EDGE('',*,*,#10908,.T.);
#13730=ORIENTED_EDGE('',*,*,#10534,.F.);
#13731=ORIENTED_EDGE('',*,*,#10657,.T.);
#13732=EDGE_LOOP('',(#13728,#13729,#13730,#13731));
#13733=FACE_OUTER_BOUND('',#13732,.F.);
#13735=CARTESIAN_POINT('',(-8.921450519031E0,6.668291349476E0,
1.250000000032E-1));
#13736=DIRECTION('',(1.E0,0.E0,0.E0));
#13737=DIRECTION('',(0.E0,-1.E0,0.E0));
#13738=AXIS2_PLACEMENT_3D('',#13735,#13736,#13737);
#13739=PLANE('',#13738);
#13740=ORIENTED_EDGE('',*,*,#8709,.F.);
#13742=ORIENTED_EDGE('',*,*,#13741,.F.);
#13743=ORIENTED_EDGE('',*,*,#10272,.F.);
#13744=ORIENTED_EDGE('',*,*,#10878,.T.);
#13745=ORIENTED_EDGE('',*,*,#10127,.F.);
#13746=EDGE_LOOP('',(#13740,#13742,#13743,#13744,#13745));
#13747=FACE_OUTER_BOUND('',#13746,.F.);
#13749=CARTESIAN_POINT('',(-9.421450519236E0,5.593291349481E0,
1.250000000032E-1));
#13750=DIRECTION('',(0.E0,1.E0,0.E0));
#13751=DIRECTION('',(-1.E0,0.E0,0.E0));
#13752=AXIS2_PLACEMENT_3D('',#13749,#13750,#13751);
#13753=PLANE('',#13752);
#13754=ORIENTED_EDGE('',*,*,#8707,.F.);
#13756=ORIENTED_EDGE('',*,*,#13755,.F.);
#13757=ORIENTED_EDGE('',*,*,#10274,.F.);
#13758=ORIENTED_EDGE('',*,*,#13741,.T.);
#13759=EDGE_LOOP('',(#13754,#13756,#13757,#13758));
#13760=FACE_OUTER_BOUND('',#13759,.F.);
#13762=CARTESIAN_POINT('',(-9.921450519031E0,4.718291349481E0,
1.250000000032E-1));
#13763=DIRECTION('',(1.E0,0.E0,0.E0));
#13764=DIRECTION('',(0.E0,-1.E0,0.E0));
#13765=AXIS2_PLACEMENT_3D('',#13762,#13763,#13764);
#13766=PLANE('',#13765);
#13767=ORIENTED_EDGE('',*,*,#8705,.F.);
#13769=ORIENTED_EDGE('',*,*,#13768,.F.);
#13770=ORIENTED_EDGE('',*,*,#10276,.F.);
#13771=ORIENTED_EDGE('',*,*,#13755,.T.);
#13772=EDGE_LOOP('',(#13767,#13769,#13770,#13771));
#13773=FACE_OUTER_BOUND('',#13772,.F.);
#13775=CARTESIAN_POINT('',(-1.137145052036E1,3.843291349481E0,
1.250000000023E-1));
#13776=DIRECTION('',(0.E0,1.E0,0.E0));
#13777=DIRECTION('',(-1.E0,0.E0,0.E0));
#13778=AXIS2_PLACEMENT_3D('',#13775,#13776,#13777);
#13779=PLANE('',#13778);
#13780=ORIENTED_EDGE('',*,*,#8703,.F.);
#13781=ORIENTED_EDGE('',*,*,#8739,.F.);
#13782=ORIENTED_EDGE('',*,*,#10278,.F.);
#13783=ORIENTED_EDGE('',*,*,#13768,.T.);
#13784=EDGE_LOOP('',(#13780,#13781,#13782,#13783));
#13785=FACE_OUTER_BOUND('',#13784,.F.);
#13787=CARTESIAN_POINT('',(-1.419645051903E1,-7.567086505190E-1,
-1.777550000422E1));
#13788=DIRECTION('',(0.E0,1.E0,0.E0));
#13789=DIRECTION('',(-1.E0,0.E0,0.E0));
#13790=AXIS2_PLACEMENT_3D('',#13787,#13788,#13789);
#13791=PLANE('',#13790);
#13792=ORIENTED_EDGE('',*,*,#10582,.T.);
#13793=ORIENTED_EDGE('',*,*,#10721,.T.);
#13794=ORIENTED_EDGE('',*,*,#10672,.T.);
#13796=ORIENTED_EDGE('',*,*,#13795,.F.);
#13797=EDGE_LOOP('',(#13792,#13793,#13794,#13796));
#13798=FACE_OUTER_BOUND('',#13797,.F.);
#13800=CARTESIAN_POINT('',(-1.403440388353E1,-1.405708650519E0,-1.9551E1));
#13801=DIRECTION('',(-1.E0,0.E0,0.E0));
#13802=DIRECTION('',(0.E0,-1.E0,0.E0));
#13803=AXIS2_PLACEMENT_3D('',#13800,#13801,#13802);
#13804=CYLINDRICAL_SURFACE('',#13803,6.49E-1);
#13805=ORIENTED_EDGE('',*,*,#10670,.F.);
#13807=ORIENTED_EDGE('',*,*,#13806,.F.);
#13808=ORIENTED_EDGE('',*,*,#10584,.F.);
#13809=ORIENTED_EDGE('',*,*,#13795,.T.);
#13810=EDGE_LOOP('',(#13805,#13807,#13808,#13809));
#13811=FACE_OUTER_BOUND('',#13810,.F.);
#13813=CARTESIAN_POINT('',(-1.403440388353E1,-1.407708650519E0,-1.9551E1));
#13814=DIRECTION('',(-1.E0,0.E0,0.E0));
#13815=DIRECTION('',(0.E0,-1.E0,0.E0));
#13816=AXIS2_PLACEMENT_3D('',#13813,#13814,#13815);
#13817=CYLINDRICAL_SURFACE('',#13816,6.49E-1);
#13818=ORIENTED_EDGE('',*,*,#10668,.F.);
#13820=ORIENTED_EDGE('',*,*,#13819,.T.);
#13821=ORIENTED_EDGE('',*,*,#10586,.F.);
#13822=ORIENTED_EDGE('',*,*,#13806,.T.);
#13823=EDGE_LOOP('',(#13818,#13820,#13821,#13822));
#13824=FACE_OUTER_BOUND('',#13823,.F.);
#13826=CARTESIAN_POINT('',(-1.419645052025E1,-2.056708650519E0,
-1.777550000249E1));
#13827=DIRECTION('',(0.E0,1.E0,0.E0));
#13828=DIRECTION('',(1.E0,0.E0,0.E0));
#13829=AXIS2_PLACEMENT_3D('',#13826,#13827,#13828);
#13830=PLANE('',#13829);
#13831=ORIENTED_EDGE('',*,*,#10666,.T.);
#13832=ORIENTED_EDGE('',*,*,#10758,.T.);
#13833=ORIENTED_EDGE('',*,*,#10588,.T.);
#13834=ORIENTED_EDGE('',*,*,#13819,.F.);
#13835=EDGE_LOOP('',(#13831,#13832,#13833,#13834));
#13836=FACE_OUTER_BOUND('',#13835,.F.);
#13838=CARTESIAN_POINT('',(-1.402145051878E1,7.243291349481E0,
2.427050983138E-1));
#13839=DIRECTION('',(0.E0,1.E0,0.E0));
#13840=DIRECTION('',(1.E0,0.E0,0.E0));
#13841=AXIS2_PLACEMENT_3D('',#13838,#13839,#13840);
#13842=PLANE('',#13841);
#13843=ORIENTED_EDGE('',*,*,#10493,.F.);
#13844=ORIENTED_EDGE('',*,*,#10264,.F.);
#13845=ORIENTED_EDGE('',*,*,#10367,.T.);
#13846=EDGE_LOOP('',(#13843,#13844,#13845));
#13847=FACE_OUTER_BOUND('',#13846,.F.);
#13849=CARTESIAN_POINT('',(-1.286340550684E1,3.932913494810E-1,
2.448963785666E-1));
#13850=DIRECTION('',(0.E0,1.E0,0.E0));
#13851=DIRECTION('',(1.E0,0.E0,0.E0));
#13852=AXIS2_PLACEMENT_3D('',#13849,#13850,#13851);
#13853=PLANE('',#13852);
#13854=ORIENTED_EDGE('',*,*,#10281,.F.);
#13855=ORIENTED_EDGE('',*,*,#8735,.F.);
#13857=ORIENTED_EDGE('',*,*,#13856,.T.);
#13858=EDGE_LOOP('',(#13854,#13855,#13857));
#13859=FACE_OUTER_BOUND('',#13858,.F.);
#13861=CARTESIAN_POINT('',(-1.290536048203E1,4.332913494810E-1,
-9.999999999680E-2));
#13862=DIRECTION('',(0.E0,-1.E0,0.E0));
#13863=DIRECTION('',(9.848077530541E-1,0.E0,1.736481774295E-1));
#13864=AXIS2_PLACEMENT_3D('',#13861,#13862,#13863);
#13865=CYLINDRICAL_SURFACE('',#13864,3.499999994223E-1);
#13866=ORIENTED_EDGE('',*,*,#10283,.T.);
#13867=ORIENTED_EDGE('',*,*,#13856,.F.);
#13869=ORIENTED_EDGE('',*,*,#13868,.F.);
#13871=ORIENTED_EDGE('',*,*,#13870,.T.);
#13873=ORIENTED_EDGE('',*,*,#13872,.F.);
#13875=ORIENTED_EDGE('',*,*,#13874,.F.);
#13876=EDGE_LOOP('',(#13866,#13867,#13869,#13871,#13873,#13875));
#13877=FACE_OUTER_BOUND('',#13876,.F.);
#13879=CARTESIAN_POINT('',(-1.273301912679E1,3.932913494810E-1,
7.857878734827E-2));
#13880=DIRECTION('',(0.E0,1.E0,0.E0));
#13881=DIRECTION('',(-1.E0,0.E0,0.E0));
#13882=AXIS2_PLACEMENT_3D('',#13879,#13880,#13881);
#13883=PLANE('',#13882);
#13884=ORIENTED_EDGE('',*,*,#8757,.F.);
#13886=ORIENTED_EDGE('',*,*,#13885,.T.);
#13888=ORIENTED_EDGE('',*,*,#13887,.F.);
#13889=ORIENTED_EDGE('',*,*,#13868,.T.);
#13890=ORIENTED_EDGE('',*,*,#8733,.T.);
#13891=EDGE_LOOP('',(#13884,#13886,#13888,#13889,#13890));
#13892=FACE_OUTER_BOUND('',#13891,.F.);
#13894=CARTESIAN_POINT('',(-1.290536048203E1,4.332913494810E-1,
-9.999999999680E-2));
#13895=DIRECTION('',(0.E0,-1.E0,0.E0));
#13896=DIRECTION('',(9.848077525224E-1,0.E0,1.736481804448E-1));
#13897=AXIS2_PLACEMENT_3D('',#13894,#13895,#13896);
#13898=CYLINDRICAL_SURFACE('',#13897,9.999999974387E-2);
#13900=ORIENTED_EDGE('',*,*,#13899,.F.);
#13902=ORIENTED_EDGE('',*,*,#13901,.T.);
#13903=ORIENTED_EDGE('',*,*,#13885,.F.);
#13904=ORIENTED_EDGE('',*,*,#8755,.T.);
#13905=EDGE_LOOP('',(#13900,#13902,#13903,#13904));
#13906=FACE_OUTER_BOUND('',#13905,.F.);
#13908=CARTESIAN_POINT('',(-1.273301912680E1,-1.606708650519E0,
7.857878735195E-2));
#13909=DIRECTION('',(0.E0,1.E0,0.E0));
#13910=DIRECTION('',(-1.E0,0.E0,0.E0));
#13911=AXIS2_PLACEMENT_3D('',#13908,#13909,#13910);
#13912=PLANE('',#13911);
#13913=ORIENTED_EDGE('',*,*,#13872,.T.);
#13915=ORIENTED_EDGE('',*,*,#13914,.T.);
#13916=ORIENTED_EDGE('',*,*,#13899,.T.);
#13917=ORIENTED_EDGE('',*,*,#8753,.F.);
#13919=ORIENTED_EDGE('',*,*,#13918,.F.);
#13920=EDGE_LOOP('',(#13913,#13915,#13916,#13917,#13919));
#13921=FACE_OUTER_BOUND('',#13920,.F.);
#13923=CARTESIAN_POINT('',(-1.240965901133E1,-1.606708650519E0,
-1.615539378987E0));
#13924=DIRECTION('',(0.E0,1.E0,0.E0));
#13925=DIRECTION('',(1.E0,0.E0,0.E0));
#13926=AXIS2_PLACEMENT_3D('',#13923,#13924,#13925);
#13927=PLANE('',#13926);
#13929=ORIENTED_EDGE('',*,*,#13928,.T.);
#13931=ORIENTED_EDGE('',*,*,#13930,.T.);
#13932=ORIENTED_EDGE('',*,*,#13914,.F.);
#13934=ORIENTED_EDGE('',*,*,#13933,.T.);
#13935=EDGE_LOOP('',(#13929,#13931,#13932,#13934));
#13936=FACE_OUTER_BOUND('',#13935,.F.);
#13938=CARTESIAN_POINT('',(-1.213513649953E1,-1.606708650519E0,
-3.238685531742E0));
#13939=DIRECTION('',(0.E0,1.E0,0.E0));
#13940=DIRECTION('',(1.E0,0.E0,0.E0));
#13941=AXIS2_PLACEMENT_3D('',#13938,#13939,#13940);
#13942=PLANE('',#13941);
#13943=ORIENTED_EDGE('',*,*,#13928,.F.);
#13945=ORIENTED_EDGE('',*,*,#13944,.T.);
#13947=ORIENTED_EDGE('',*,*,#13946,.T.);
#13949=ORIENTED_EDGE('',*,*,#13948,.T.);
#13950=EDGE_LOOP('',(#13943,#13945,#13947,#13949));
#13951=FACE_OUTER_BOUND('',#13950,.F.);
#13953=CARTESIAN_POINT('',(-1.235712103003E1,-1.646708650519E0,
-3.209220437997E0));
#13954=DIRECTION('',(0.E0,1.E0,0.E0));
#13955=DIRECTION('',(0.E0,0.E0,-1.E0));
#13956=AXIS2_PLACEMENT_3D('',#13953,#13954,#13955);
#13957=CYLINDRICAL_SURFACE('',#13956,3.50000001E-1);
#13959=ORIENTED_EDGE('',*,*,#13958,.F.);
#13961=ORIENTED_EDGE('',*,*,#13960,.T.);
#13962=ORIENTED_EDGE('',*,*,#13944,.F.);
#13964=ORIENTED_EDGE('',*,*,#13963,.T.);
#13965=EDGE_LOOP('',(#13959,#13961,#13962,#13964));
#13966=FACE_OUTER_BOUND('',#13965,.F.);
#13968=CARTESIAN_POINT('',(-1.213513649956E1,3.932913494810E-1,
-3.238685531800E0));
#13969=DIRECTION('',(0.E0,1.E0,0.E0));
#13970=DIRECTION('',(-1.E0,0.E0,0.E0));
#13971=AXIS2_PLACEMENT_3D('',#13968,#13969,#13970);
#13972=PLANE('',#13971);
#13974=ORIENTED_EDGE('',*,*,#13973,.T.);
#13975=ORIENTED_EDGE('',*,*,#13958,.T.);
#13977=ORIENTED_EDGE('',*,*,#13976,.T.);
#13979=ORIENTED_EDGE('',*,*,#13978,.T.);
#13980=EDGE_LOOP('',(#13974,#13975,#13977,#13979));
#13981=FACE_OUTER_BOUND('',#13980,.F.);
#13983=CARTESIAN_POINT('',(-1.234082895134E1,3.932913494810E-1,
-3.822314310429E0));
#13984=DIRECTION('',(0.E0,1.E0,0.E0));
#13985=DIRECTION('',(-8.660254036576E-1,0.E0,5.000000002197E-1));
#13986=AXIS2_PLACEMENT_3D('',#13983,#13984,#13985);
#13987=PLANE('',#13986);
#13989=ORIENTED_EDGE('',*,*,#13988,.T.);
#13991=ORIENTED_EDGE('',*,*,#13990,.T.);
#13993=ORIENTED_EDGE('',*,*,#13992,.T.);
#13994=ORIENTED_EDGE('',*,*,#13973,.F.);
#13995=EDGE_LOOP('',(#13989,#13991,#13993,#13994));
#13996=FACE_OUTER_BOUND('',#13995,.F.);
#13998=CARTESIAN_POINT('',(-1.245829052899E1,-6.067086505190E-1,
-3.779561792393E0));
#13999=DIRECTION('',(9.396926209911E-1,0.E0,-3.420201427620E-1));
#14000=DIRECTION('',(3.420201427620E-1,0.E0,9.396926209911E-1));
#14001=AXIS2_PLACEMENT_3D('',#13998,#13999,#14000);
#14002=PLANE('',#14001);
#14004=ORIENTED_EDGE('',*,*,#14003,.F.);
#14006=ORIENTED_EDGE('',*,*,#14005,.T.);
#14007=ORIENTED_EDGE('',*,*,#13988,.F.);
#14009=ORIENTED_EDGE('',*,*,#14008,.F.);
#14010=EDGE_LOOP('',(#14004,#14006,#14007,#14009));
#14011=FACE_OUTER_BOUND('',#14010,.F.);
#14013=CARTESIAN_POINT('',(-1.234082895134E1,-1.606708650519E0,
-3.822314310413E0));
#14014=DIRECTION('',(0.E0,1.E0,0.E0));
#14015=DIRECTION('',(8.660254036576E-1,0.E0,-5.000000002197E-1));
#14016=AXIS2_PLACEMENT_3D('',#14013,#14014,#14015);
#14017=PLANE('',#14016);
#14019=ORIENTED_EDGE('',*,*,#14018,.T.);
#14021=ORIENTED_EDGE('',*,*,#14020,.T.);
#14022=ORIENTED_EDGE('',*,*,#14003,.T.);
#14023=ORIENTED_EDGE('',*,*,#13946,.F.);
#14024=EDGE_LOOP('',(#14019,#14021,#14022,#14023));
#14025=FACE_OUTER_BOUND('',#14024,.F.);
#14027=CARTESIAN_POINT('',(-1.222336737406E1,-6.067086505190E-1,
-3.865066828061E0));
#14028=DIRECTION('',(9.396926208860E-1,0.E0,-3.420201430508E-1));
#14029=DIRECTION('',(3.420201430508E-1,0.E0,9.396926208860E-1));
#14030=AXIS2_PLACEMENT_3D('',#14027,#14028,#14029);
#14031=PLANE('',#14030);
#14032=ORIENTED_EDGE('',*,*,#13992,.F.);
#14034=ORIENTED_EDGE('',*,*,#14033,.T.);
#14035=ORIENTED_EDGE('',*,*,#14018,.F.);
#14036=ORIENTED_EDGE('',*,*,#13960,.F.);
#14037=EDGE_LOOP('',(#14032,#14034,#14035,#14036));
#14038=FACE_OUTER_BOUND('',#14037,.F.);
#14040=CARTESIAN_POINT('',(-1.253596771265E1,-6.067086505190E-1,
-4.358453650454E0));
#14041=DIRECTION('',(3.420201406477E-1,0.E0,9.396926217606E-1));
#14042=DIRECTION('',(-9.396926217606E-1,0.E0,3.420201406477E-1));
#14043=AXIS2_PLACEMENT_3D('',#14040,#14041,#14042);
#14044=PLANE('',#14043);
#14045=ORIENTED_EDGE('',*,*,#14005,.F.);
#14046=ORIENTED_EDGE('',*,*,#14020,.F.);
#14047=ORIENTED_EDGE('',*,*,#14033,.F.);
#14048=ORIENTED_EDGE('',*,*,#13990,.F.);
#14049=EDGE_LOOP('',(#14045,#14046,#14047,#14048));
#14050=FACE_OUTER_BOUND('',#14049,.F.);
#14052=CARTESIAN_POINT('',(-1.235712103003E1,-1.646708650519E0,
-3.209220437997E0));
#14053=DIRECTION('',(0.E0,1.E0,0.E0));
#14054=DIRECTION('',(0.E0,0.E0,-1.E0));
#14055=AXIS2_PLACEMENT_3D('',#14052,#14053,#14054);
#14056=CYLINDRICAL_SURFACE('',#14055,1.00000001E-1);
#14058=ORIENTED_EDGE('',*,*,#14057,.T.);
#14059=ORIENTED_EDGE('',*,*,#13948,.F.);
#14060=ORIENTED_EDGE('',*,*,#14008,.T.);
#14061=ORIENTED_EDGE('',*,*,#13978,.F.);
#14062=EDGE_LOOP('',(#14058,#14059,#14060,#14061));
#14063=FACE_OUTER_BOUND('',#14062,.F.);
#14065=CARTESIAN_POINT('',(-1.253275998100E1,-6.067086505190E-1,
-1.637245401168E0));
#14066=DIRECTION('',(9.848077530224E-1,0.E0,1.736481776093E-1));
#14067=DIRECTION('',(-1.736481776093E-1,0.E0,9.848077530224E-1));
#14068=AXIS2_PLACEMENT_3D('',#14065,#14066,#14067);
#14069=PLANE('',#14068);
#14070=ORIENTED_EDGE('',*,*,#14057,.F.);
#14072=ORIENTED_EDGE('',*,*,#14071,.F.);
#14073=ORIENTED_EDGE('',*,*,#13901,.F.);
#14074=ORIENTED_EDGE('',*,*,#13930,.F.);
#14075=EDGE_LOOP('',(#14070,#14072,#14073,#14074));
#14076=FACE_OUTER_BOUND('',#14075,.F.);
#14078=CARTESIAN_POINT('',(-1.240965901134E1,3.932913494810E-1,
-1.615539378985E0));
#14079=DIRECTION('',(0.E0,1.E0,0.E0));
#14080=DIRECTION('',(-1.E0,0.E0,0.E0));
#14081=AXIS2_PLACEMENT_3D('',#14078,#14079,#14080);
#14082=PLANE('',#14081);
#14083=ORIENTED_EDGE('',*,*,#13976,.F.);
#14085=ORIENTED_EDGE('',*,*,#14084,.T.);
#14086=ORIENTED_EDGE('',*,*,#13887,.T.);
#14087=ORIENTED_EDGE('',*,*,#14071,.T.);
#14088=EDGE_LOOP('',(#14083,#14085,#14086,#14087));
#14089=FACE_OUTER_BOUND('',#14088,.F.);
#14091=CARTESIAN_POINT('',(-1.228655804250E1,-6.067086505190E-1,
-1.593833356686E0));
#14092=DIRECTION('',(9.848077529591E-1,0.E0,1.736481779683E-1));
#14093=DIRECTION('',(-1.736481779683E-1,0.E0,9.848077529591E-1));
#14094=AXIS2_PLACEMENT_3D('',#14091,#14092,#14093);
#14095=PLANE('',#14094);
#14096=ORIENTED_EDGE('',*,*,#13870,.F.);
#14097=ORIENTED_EDGE('',*,*,#14084,.F.);
#14098=ORIENTED_EDGE('',*,*,#13963,.F.);
#14099=ORIENTED_EDGE('',*,*,#13933,.F.);
#14100=EDGE_LOOP('',(#14096,#14097,#14098,#14099));
#14101=FACE_OUTER_BOUND('',#14100,.F.);
#14103=CARTESIAN_POINT('',(-1.282145051903E1,-2.906708650519E0,
1.249999999934E-1));
#14104=DIRECTION('',(1.E0,0.E0,0.E0));
#14105=DIRECTION('',(0.E0,-1.E0,0.E0));
#14106=AXIS2_PLACEMENT_3D('',#14103,#14104,#14105);
#14107=PLANE('',#14106);
#14109=ORIENTED_EDGE('',*,*,#14108,.F.);
#14111=ORIENTED_EDGE('',*,*,#14110,.T.);
#14112=ORIENTED_EDGE('',*,*,#10287,.F.);
#14114=ORIENTED_EDGE('',*,*,#14113,.T.);
#14115=ORIENTED_EDGE('',*,*,#13918,.T.);
#14116=ORIENTED_EDGE('',*,*,#8751,.T.);
#14117=EDGE_LOOP('',(#14109,#14111,#14112,#14114,#14115,#14116));
#14118=FACE_OUTER_BOUND('',#14117,.F.);
#14120=CARTESIAN_POINT('',(-6.321450518684E0,-2.567086491325E-1,0.E0));
#14121=DIRECTION('',(0.E0,0.E0,1.E0));
#14122=DIRECTION('',(1.E0,0.E0,0.E0));
#14123=AXIS2_PLACEMENT_3D('',#14120,#14121,#14122);
#14124=PLANE('',#14123);
#14125=ORIENTED_EDGE('',*,*,#14108,.T.);
#14126=ORIENTED_EDGE('',*,*,#8781,.T.);
#14128=ORIENTED_EDGE('',*,*,#14127,.F.);
#14130=ORIENTED_EDGE('',*,*,#14129,.F.);
#14132=ORIENTED_EDGE('',*,*,#14131,.F.);
#14133=ORIENTED_EDGE('',*,*,#9877,.T.);
#14135=ORIENTED_EDGE('',*,*,#14134,.T.);
#14137=ORIENTED_EDGE('',*,*,#14136,.T.);
#14138=EDGE_LOOP('',(#14125,#14126,#14128,#14130,#14132,#14133,#14135,#14137));
#14139=FACE_OUTER_BOUND('',#14138,.F.);
#14141=CARTESIAN_POINT('',(-1.277145051903E1,-4.152308644093E0,-5.E-1));
#14142=DIRECTION('',(0.E0,1.E0,0.E0));
#14143=DIRECTION('',(-1.E0,0.E0,0.E0));
#14144=AXIS2_PLACEMENT_3D('',#14141,#14142,#14143);
#14145=CYLINDRICAL_SURFACE('',#14144,5.E-1);
#14146=ORIENTED_EDGE('',*,*,#8779,.F.);
#14148=ORIENTED_EDGE('',*,*,#14147,.T.);
#14150=ORIENTED_EDGE('',*,*,#14149,.T.);
#14151=ORIENTED_EDGE('',*,*,#14127,.T.);
#14152=EDGE_LOOP('',(#14146,#14148,#14150,#14151));
#14153=FACE_OUTER_BOUND('',#14152,.F.);
#14155=CARTESIAN_POINT('',(-1.227145051903E1,-2.716708650297E0,
-5.364999997917E0));
#14156=DIRECTION('',(1.E0,0.E0,0.E0));
#14157=DIRECTION('',(0.E0,-1.E0,0.E0));
#14158=AXIS2_PLACEMENT_3D('',#14155,#14156,#14157);
#14159=PLANE('',#14158);
#14160=ORIENTED_EDGE('',*,*,#8997,.F.);
#14161=ORIENTED_EDGE('',*,*,#9123,.F.);
#14162=ORIENTED_EDGE('',*,*,#14147,.F.);
#14163=ORIENTED_EDGE('',*,*,#8777,.F.);
#14164=EDGE_LOOP('',(#14160,#14161,#14162,#14163));
#14165=FACE_OUTER_BOUND('',#14164,.F.);
#14167=CARTESIAN_POINT('',(3.865494859610E-1,-4.106708650519E0,-5.E-1));
#14168=DIRECTION('',(-1.E0,0.E0,0.E0));
#14169=DIRECTION('',(0.E0,-1.E0,0.E0));
#14170=AXIS2_PLACEMENT_3D('',#14167,#14168,#14169);
#14171=CYLINDRICAL_SURFACE('',#14170,5.E-1);
#14172=ORIENTED_EDGE('',*,*,#14149,.F.);
#14173=ORIENTED_EDGE('',*,*,#9121,.T.);
#14175=ORIENTED_EDGE('',*,*,#14174,.T.);
#14176=ORIENTED_EDGE('',*,*,#14129,.T.);
#14177=EDGE_LOOP('',(#14172,#14173,#14175,#14176));
#14178=FACE_OUTER_BOUND('',#14177,.F.);
#14180=CARTESIAN_POINT('',(1.285494809690E-1,-1.781108650645E0,-5.E-1));
#14181=DIRECTION('',(0.E0,-1.E0,0.E0));
#14182=DIRECTION('',(1.E0,0.E0,0.E0));
#14183=AXIS2_PLACEMENT_3D('',#14180,#14181,#14182);
#14184=CYLINDRICAL_SURFACE('',#14183,5.E-1);
#14185=ORIENTED_EDGE('',*,*,#14174,.F.);
#14186=ORIENTED_EDGE('',*,*,#9864,.T.);
#14187=ORIENTED_EDGE('',*,*,#9879,.F.);
#14188=ORIENTED_EDGE('',*,*,#14131,.T.);
#14189=EDGE_LOOP('',(#14185,#14186,#14187,#14188));
#14190=FACE_OUTER_BOUND('',#14189,.F.);
#14192=CARTESIAN_POINT('',(1.785494809690E-1,-2.906708650519E0,
1.249999999934E-1));
#14193=DIRECTION('',(1.E0,0.E0,0.E0));
#14194=DIRECTION('',(0.E0,1.E0,0.E0));
#14195=AXIS2_PLACEMENT_3D('',#14192,#14193,#14194);
#14196=PLANE('',#14195);
#14197=ORIENTED_EDGE('',*,*,#14134,.F.);
#14198=ORIENTED_EDGE('',*,*,#9903,.F.);
#14200=ORIENTED_EDGE('',*,*,#14199,.T.);
#14202=ORIENTED_EDGE('',*,*,#14201,.F.);
#14203=ORIENTED_EDGE('',*,*,#10291,.F.);
#14205=ORIENTED_EDGE('',*,*,#14204,.T.);
#14206=EDGE_LOOP('',(#14197,#14198,#14200,#14202,#14203,#14205));
#14207=FACE_OUTER_BOUND('',#14206,.F.);
#14209=CARTESIAN_POINT('',(9.011808873235E-2,-1.606708650519E0,
7.857878734828E-2));
#14210=DIRECTION('',(0.E0,1.E0,0.E0));
#14211=DIRECTION('',(0.E0,0.E0,1.E0));
#14212=AXIS2_PLACEMENT_3D('',#14209,#14210,#14211);
#14213=PLANE('',#14212);
#14214=ORIENTED_EDGE('',*,*,#9901,.F.);
#14216=ORIENTED_EDGE('',*,*,#14215,.T.);
#14218=ORIENTED_EDGE('',*,*,#14217,.T.);
#14220=ORIENTED_EDGE('',*,*,#14219,.T.);
#14221=ORIENTED_EDGE('',*,*,#14199,.F.);
#14222=EDGE_LOOP('',(#14214,#14216,#14218,#14220,#14221));
#14223=FACE_OUTER_BOUND('',#14222,.F.);
#14225=CARTESIAN_POINT('',(2.624594439690E-1,-1.646708650519E0,
-9.999999999680E-2));
#14226=DIRECTION('',(0.E0,1.E0,0.E0));
#14227=DIRECTION('',(-9.848077525224E-1,0.E0,1.736481804448E-1));
#14228=AXIS2_PLACEMENT_3D('',#14225,#14226,#14227);
#14229=CYLINDRICAL_SURFACE('',#14228,9.999999974387E-2);
#14231=ORIENTED_EDGE('',*,*,#14230,.F.);
#14233=ORIENTED_EDGE('',*,*,#14232,.T.);
#14234=ORIENTED_EDGE('',*,*,#14215,.F.);
#14235=ORIENTED_EDGE('',*,*,#9899,.T.);
#14236=EDGE_LOOP('',(#14231,#14233,#14234,#14235));
#14237=FACE_OUTER_BOUND('',#14236,.F.);
#14239=CARTESIAN_POINT('',(9.011808874112E-2,3.932913494810E-1,
7.857878735195E-2));
#14240=DIRECTION('',(0.E0,1.E0,0.E0));
#14241=DIRECTION('',(0.E0,0.E0,1.E0));
#14242=AXIS2_PLACEMENT_3D('',#14239,#14240,#14241);
#14243=PLANE('',#14242);
#14245=ORIENTED_EDGE('',*,*,#14244,.T.);
#14247=ORIENTED_EDGE('',*,*,#14246,.T.);
#14248=ORIENTED_EDGE('',*,*,#14230,.T.);
#14249=ORIENTED_EDGE('',*,*,#9897,.F.);
#14251=ORIENTED_EDGE('',*,*,#14250,.F.);
#14252=EDGE_LOOP('',(#14245,#14247,#14248,#14249,#14251));
#14253=FACE_OUTER_BOUND('',#14252,.F.);
#14255=CARTESIAN_POINT('',(2.624594439690E-1,-1.646708650519E0,
-9.999999999680E-2));
#14256=DIRECTION('',(0.E0,1.E0,0.E0));
#14257=DIRECTION('',(-9.848077530541E-1,0.E0,1.736481774295E-1));
#14258=AXIS2_PLACEMENT_3D('',#14255,#14256,#14257);
#14259=CYLINDRICAL_SURFACE('',#14258,3.499999994223E-1);
#14260=ORIENTED_EDGE('',*,*,#10295,.T.);
#14262=ORIENTED_EDGE('',*,*,#14261,.F.);
#14263=ORIENTED_EDGE('',*,*,#14219,.F.);
#14265=ORIENTED_EDGE('',*,*,#14264,.T.);
#14266=ORIENTED_EDGE('',*,*,#14244,.F.);
#14268=ORIENTED_EDGE('',*,*,#14267,.F.);
#14269=EDGE_LOOP('',(#14260,#14262,#14263,#14265,#14266,#14268));
#14270=FACE_OUTER_BOUND('',#14269,.F.);
#14272=CARTESIAN_POINT('',(2.205044687773E-1,-1.606708650519E0,
2.448963785666E-1));
#14273=DIRECTION('',(0.E0,1.E0,0.E0));
#14274=DIRECTION('',(-1.E0,0.E0,0.E0));
#14275=AXIS2_PLACEMENT_3D('',#14272,#14273,#14274);
#14276=PLANE('',#14275);
#14277=ORIENTED_EDGE('',*,*,#10293,.F.);
#14278=ORIENTED_EDGE('',*,*,#14201,.T.);
#14279=ORIENTED_EDGE('',*,*,#14261,.T.);
#14280=EDGE_LOOP('',(#14277,#14278,#14279));
#14281=FACE_OUTER_BOUND('',#14280,.F.);
#14283=CARTESIAN_POINT('',(-3.563429955629E-1,-6.067086505190E-1,
-1.593833356678E0));
#14284=DIRECTION('',(9.848077529588E-1,0.E0,-1.736481779700E-1));
#14285=DIRECTION('',(1.736481779700E-1,0.E0,9.848077529588E-1));
#14286=AXIS2_PLACEMENT_3D('',#14283,#14284,#14285);
#14287=PLANE('',#14286);
#14289=ORIENTED_EDGE('',*,*,#14288,.F.);
#14291=ORIENTED_EDGE('',*,*,#14290,.F.);
#14292=ORIENTED_EDGE('',*,*,#14264,.F.);
#14294=ORIENTED_EDGE('',*,*,#14293,.F.);
#14295=EDGE_LOOP('',(#14289,#14291,#14292,#14294));
#14296=FACE_OUTER_BOUND('',#14295,.F.);
#14298=CARTESIAN_POINT('',(-2.857800080310E-1,4.332913494810E-1,
-3.209220437997E0));
#14299=DIRECTION('',(0.E0,-1.E0,0.E0));
#14300=DIRECTION('',(1.E0,0.E0,0.E0));
#14301=AXIS2_PLACEMENT_3D('',#14298,#14299,#14300);
#14302=CYLINDRICAL_SURFACE('',#14301,3.50000002E-1);
#14303=ORIENTED_EDGE('',*,*,#14288,.T.);
#14305=ORIENTED_EDGE('',*,*,#14304,.F.);
#14307=ORIENTED_EDGE('',*,*,#14306,.F.);
#14309=ORIENTED_EDGE('',*,*,#14308,.T.);
#14311=ORIENTED_EDGE('',*,*,#14310,.F.);
#14313=ORIENTED_EDGE('',*,*,#14312,.F.);
#14314=EDGE_LOOP('',(#14303,#14305,#14307,#14309,#14311,#14313));
#14315=FACE_OUTER_BOUND('',#14314,.F.);
#14317=CARTESIAN_POINT('',(-5.077646406649E-1,-1.606708650519E0,
-3.238685531867E0));
#14318=DIRECTION('',(0.E0,1.E0,0.E0));
#14319=DIRECTION('',(1.E0,0.E0,0.E0));
#14320=AXIS2_PLACEMENT_3D('',#14317,#14318,#14319);
#14321=PLANE('',#14320);
#14323=ORIENTED_EDGE('',*,*,#14322,.F.);
#14324=ORIENTED_EDGE('',*,*,#14306,.T.);
#14325=ORIENTED_EDGE('',*,*,#14304,.T.);
#14327=ORIENTED_EDGE('',*,*,#14326,.T.);
#14329=ORIENTED_EDGE('',*,*,#14328,.T.);
#14331=ORIENTED_EDGE('',*,*,#14330,.T.);
#14332=EDGE_LOOP('',(#14323,#14324,#14325,#14327,#14329,#14331));
#14333=FACE_OUTER_BOUND('',#14332,.F.);
#14335=CARTESIAN_POINT('',(-3.020720869906E-1,-1.606708650519E0,
-3.822314310517E0));
#14336=DIRECTION('',(0.E0,1.E0,0.E0));
#14337=DIRECTION('',(8.660254036580E-1,0.E0,5.000000002190E-1));
#14338=AXIS2_PLACEMENT_3D('',#14335,#14336,#14337);
#14339=PLANE('',#14338);
#14341=ORIENTED_EDGE('',*,*,#14340,.T.);
#14343=ORIENTED_EDGE('',*,*,#14342,.T.);
#14345=ORIENTED_EDGE('',*,*,#14344,.T.);
#14346=ORIENTED_EDGE('',*,*,#14322,.T.);
#14347=EDGE_LOOP('',(#14341,#14343,#14345,#14346));
#14348=FACE_OUTER_BOUND('',#14347,.F.);
#14350=CARTESIAN_POINT('',(-1.846105090694E-1,-6.067086505190E-1,
-3.779561792392E0));
#14351=DIRECTION('',(9.396926209893E-1,0.E0,3.420201427668E-1));
#14352=DIRECTION('',(-3.420201427668E-1,0.E0,9.396926209893E-1));
#14353=AXIS2_PLACEMENT_3D('',#14350,#14351,#14352);
#14354=PLANE('',#14353);
#14356=ORIENTED_EDGE('',*,*,#14355,.F.);
#14358=ORIENTED_EDGE('',*,*,#14357,.T.);
#14359=ORIENTED_EDGE('',*,*,#14340,.F.);
#14361=ORIENTED_EDGE('',*,*,#14360,.F.);
#14362=EDGE_LOOP('',(#14356,#14358,#14359,#14361));
#14363=FACE_OUTER_BOUND('',#14362,.F.);
#14365=CARTESIAN_POINT('',(-3.020720869904E-1,3.932913494810E-1,
-3.822314310502E0));
#14366=DIRECTION('',(0.E0,1.E0,0.E0));
#14367=DIRECTION('',(-8.660254036577E-1,0.E0,-5.000000002195E-1));
#14368=AXIS2_PLACEMENT_3D('',#14365,#14366,#14367);
#14369=PLANE('',#14368);
#14371=ORIENTED_EDGE('',*,*,#14370,.T.);
#14373=ORIENTED_EDGE('',*,*,#14372,.T.);
#14374=ORIENTED_EDGE('',*,*,#14355,.T.);
#14376=ORIENTED_EDGE('',*,*,#14375,.F.);
#14377=EDGE_LOOP('',(#14371,#14373,#14374,#14376));
#14378=FACE_OUTER_BOUND('',#14377,.F.);
#14380=CARTESIAN_POINT('',(-4.195336640100E-1,-6.067086505190E-1,
-3.865066828055E0));
#14381=DIRECTION('',(9.396926208869E-1,0.E0,3.420201430482E-1));
#14382=DIRECTION('',(-3.420201430482E-1,0.E0,9.396926208869E-1));
#14383=AXIS2_PLACEMENT_3D('',#14380,#14381,#14382);
#14384=PLANE('',#14383);
#14385=ORIENTED_EDGE('',*,*,#14344,.F.);
#14387=ORIENTED_EDGE('',*,*,#14386,.T.);
#14388=ORIENTED_EDGE('',*,*,#14370,.F.);
#14389=ORIENTED_EDGE('',*,*,#14308,.F.);
#14390=EDGE_LOOP('',(#14385,#14387,#14388,#14389));
#14391=FACE_OUTER_BOUND('',#14390,.F.);
#14393=CARTESIAN_POINT('',(-1.069333254112E-1,-6.067086505190E-1,
-4.358453650453E0));
#14394=DIRECTION('',(-3.420201406397E-1,0.E0,9.396926217635E-1));
#14395=DIRECTION('',(-9.396926217635E-1,0.E0,-3.420201406397E-1));
#14396=AXIS2_PLACEMENT_3D('',#14393,#14394,#14395);
#14397=PLANE('',#14396);
#14398=ORIENTED_EDGE('',*,*,#14357,.F.);
#14399=ORIENTED_EDGE('',*,*,#14372,.F.);
#14400=ORIENTED_EDGE('',*,*,#14386,.F.);
#14401=ORIENTED_EDGE('',*,*,#14342,.F.);
#14402=EDGE_LOOP('',(#14398,#14399,#14400,#14401));
#14403=FACE_OUTER_BOUND('',#14402,.F.);
#14405=CARTESIAN_POINT('',(-5.077646406938E-1,3.932913494810E-1,
-3.238685531815E0));
#14406=DIRECTION('',(0.E0,1.E0,0.E0));
#14407=DIRECTION('',(-1.E0,0.E0,0.E0));
#14408=AXIS2_PLACEMENT_3D('',#14405,#14406,#14407);
#14409=PLANE('',#14408);
#14411=ORIENTED_EDGE('',*,*,#14410,.T.);
#14413=ORIENTED_EDGE('',*,*,#14412,.T.);
#14415=ORIENTED_EDGE('',*,*,#14414,.F.);
#14416=ORIENTED_EDGE('',*,*,#14312,.T.);
#14417=ORIENTED_EDGE('',*,*,#14310,.T.);
#14418=ORIENTED_EDGE('',*,*,#14375,.T.);
#14419=EDGE_LOOP('',(#14411,#14413,#14415,#14416,#14417,#14418));
#14420=FACE_OUTER_BOUND('',#14419,.F.);
#14422=CARTESIAN_POINT('',(-2.857800080310E-1,4.332913494810E-1,
-3.209220437997E0));
#14423=DIRECTION('',(0.E0,-1.E0,0.E0));
#14424=DIRECTION('',(1.E0,0.E0,0.E0));
#14425=AXIS2_PLACEMENT_3D('',#14422,#14423,#14424);
#14426=CYLINDRICAL_SURFACE('',#14425,1.00000002E-1);
#14427=ORIENTED_EDGE('',*,*,#14412,.F.);
#14428=ORIENTED_EDGE('',*,*,#14410,.F.);
#14429=ORIENTED_EDGE('',*,*,#14360,.T.);
#14430=ORIENTED_EDGE('',*,*,#14330,.F.);
#14431=ORIENTED_EDGE('',*,*,#14328,.F.);
#14433=ORIENTED_EDGE('',*,*,#14432,.T.);
#14434=EDGE_LOOP('',(#14427,#14428,#14429,#14430,#14431,#14433));
#14435=FACE_OUTER_BOUND('',#14434,.F.);
#14437=CARTESIAN_POINT('',(-1.101410570607E-1,-6.067086505190E-1,
-1.637245401165E0));
#14438=DIRECTION('',(9.848077530225E-1,0.E0,-1.736481776087E-1));
#14439=DIRECTION('',(1.736481776087E-1,0.E0,9.848077530225E-1));
#14440=AXIS2_PLACEMENT_3D('',#14437,#14438,#14439);
#14441=PLANE('',#14440);
#14442=ORIENTED_EDGE('',*,*,#14232,.F.);
#14444=ORIENTED_EDGE('',*,*,#14443,.F.);
#14445=ORIENTED_EDGE('',*,*,#14432,.F.);
#14447=ORIENTED_EDGE('',*,*,#14446,.F.);
#14448=EDGE_LOOP('',(#14442,#14444,#14445,#14447));
#14449=FACE_OUTER_BOUND('',#14448,.F.);
#14451=CARTESIAN_POINT('',(-2.332420270100E-1,3.932913494810E-1,
-1.615539378936E0));
#14452=DIRECTION('',(0.E0,1.E0,0.E0));
#14453=DIRECTION('',(-1.E0,0.E0,0.E0));
#14454=AXIS2_PLACEMENT_3D('',#14451,#14452,#14453);
#14455=PLANE('',#14454);
#14456=ORIENTED_EDGE('',*,*,#14414,.T.);
#14457=ORIENTED_EDGE('',*,*,#14443,.T.);
#14458=ORIENTED_EDGE('',*,*,#14246,.F.);
#14459=ORIENTED_EDGE('',*,*,#14290,.T.);
#14460=EDGE_LOOP('',(#14456,#14457,#14458,#14459));
#14461=FACE_OUTER_BOUND('',#14460,.F.);
#14463=CARTESIAN_POINT('',(-2.332420269953E-1,-1.606708650519E0,
-1.615539378933E0));
#14464=DIRECTION('',(0.E0,1.E0,0.E0));
#14465=DIRECTION('',(1.E0,0.E0,0.E0));
#14466=AXIS2_PLACEMENT_3D('',#14463,#14464,#14465);
#14467=PLANE('',#14466);
#14468=ORIENTED_EDGE('',*,*,#14326,.F.);
#14469=ORIENTED_EDGE('',*,*,#14293,.T.);
#14470=ORIENTED_EDGE('',*,*,#14217,.F.);
#14471=ORIENTED_EDGE('',*,*,#14446,.T.);
#14472=EDGE_LOOP('',(#14468,#14469,#14470,#14471));
#14473=FACE_OUTER_BOUND('',#14472,.F.);
#14475=CARTESIAN_POINT('',(2.205044694769E-1,3.932913494810E-1,
2.448963785668E-1));
#14476=DIRECTION('',(0.E0,1.E0,0.E0));
#14477=DIRECTION('',(0.E0,0.E0,1.E0));
#14478=AXIS2_PLACEMENT_3D('',#14475,#14476,#14477);
#14479=PLANE('',#14478);
#14481=ORIENTED_EDGE('',*,*,#14480,.F.);
#14482=ORIENTED_EDGE('',*,*,#10297,.F.);
#14483=ORIENTED_EDGE('',*,*,#14267,.T.);
#14484=EDGE_LOOP('',(#14481,#14482,#14483));
#14485=FACE_OUTER_BOUND('',#14484,.F.);
#14487=CARTESIAN_POINT('',(1.785494809690E-1,2.118291349481E0,
1.249999999934E-1));
#14488=DIRECTION('',(1.E0,0.E0,0.E0));
#14489=DIRECTION('',(0.E0,1.E0,0.E0));
#14490=AXIS2_PLACEMENT_3D('',#14487,#14488,#14489);
#14491=PLANE('',#14490);
#14492=ORIENTED_EDGE('',*,*,#10060,.F.);
#14494=ORIENTED_EDGE('',*,*,#14493,.F.);
#14495=ORIENTED_EDGE('',*,*,#10299,.F.);
#14496=ORIENTED_EDGE('',*,*,#14480,.T.);
#14497=ORIENTED_EDGE('',*,*,#14250,.T.);
#14498=ORIENTED_EDGE('',*,*,#9895,.F.);
#14499=EDGE_LOOP('',(#14492,#14494,#14495,#14496,#14497,#14498));
#14500=FACE_OUTER_BOUND('',#14499,.F.);
#14502=CARTESIAN_POINT('',(-1.271450517698E0,3.843291349481E0,
1.250000000023E-1));
#14503=DIRECTION('',(0.E0,1.E0,0.E0));
#14504=DIRECTION('',(-1.E0,0.E0,0.E0));
#14505=AXIS2_PLACEMENT_3D('',#14502,#14503,#14504);
#14506=PLANE('',#14505);
#14507=ORIENTED_EDGE('',*,*,#10058,.F.);
#14509=ORIENTED_EDGE('',*,*,#14508,.F.);
#14510=ORIENTED_EDGE('',*,*,#10301,.F.);
#14511=ORIENTED_EDGE('',*,*,#14493,.T.);
#14512=EDGE_LOOP('',(#14507,#14509,#14510,#14511));
#14513=FACE_OUTER_BOUND('',#14512,.F.);
#14515=CARTESIAN_POINT('',(-2.721450519031E0,4.718291349481E0,
1.250000000032E-1));
#14516=DIRECTION('',(1.E0,0.E0,0.E0));
#14517=DIRECTION('',(0.E0,1.E0,0.E0));
#14518=AXIS2_PLACEMENT_3D('',#14515,#14516,#14517);
#14519=PLANE('',#14518);
#14520=ORIENTED_EDGE('',*,*,#10056,.F.);
#14522=ORIENTED_EDGE('',*,*,#14521,.F.);
#14523=ORIENTED_EDGE('',*,*,#10303,.F.);
#14524=ORIENTED_EDGE('',*,*,#14508,.T.);
#14525=EDGE_LOOP('',(#14520,#14522,#14523,#14524));
#14526=FACE_OUTER_BOUND('',#14525,.F.);
#14528=CARTESIAN_POINT('',(-3.221450518827E0,5.593291349481E0,
1.250000000032E-1));
#14529=DIRECTION('',(0.E0,1.E0,0.E0));
#14530=DIRECTION('',(-1.E0,0.E0,0.E0));
#14531=AXIS2_PLACEMENT_3D('',#14528,#14529,#14530);
#14532=PLANE('',#14531);
#14533=ORIENTED_EDGE('',*,*,#10054,.F.);
#14534=ORIENTED_EDGE('',*,*,#10088,.F.);
#14535=ORIENTED_EDGE('',*,*,#10305,.F.);
#14536=ORIENTED_EDGE('',*,*,#14521,.T.);
#14537=EDGE_LOOP('',(#14533,#14534,#14535,#14536));
#14538=FACE_OUTER_BOUND('',#14537,.F.);
#14540=CARTESIAN_POINT('',(-6.321450519030E0,-4.206708650519E0,
1.250000000023E-1));
#14541=DIRECTION('',(0.E0,1.E0,0.E0));
#14542=DIRECTION('',(1.E0,0.E0,0.E0));
#14543=AXIS2_PLACEMENT_3D('',#14540,#14541,#14542);
#14544=PLANE('',#14543);
#14545=ORIENTED_EDGE('',*,*,#14136,.F.);
#14546=ORIENTED_EDGE('',*,*,#14204,.F.);
#14547=ORIENTED_EDGE('',*,*,#10289,.F.);
#14548=ORIENTED_EDGE('',*,*,#14110,.F.);
#14549=EDGE_LOOP('',(#14545,#14546,#14547,#14548));
#14550=FACE_OUTER_BOUND('',#14549,.F.);
#14552=CARTESIAN_POINT('',(-1.286340550754E1,-1.606708650519E0,
2.448963785668E-1));
#14553=DIRECTION('',(0.E0,1.E0,0.E0));
#14554=DIRECTION('',(0.E0,0.E0,-1.E0));
#14555=AXIS2_PLACEMENT_3D('',#14552,#14553,#14554);
#14556=PLANE('',#14555);
#14557=ORIENTED_EDGE('',*,*,#14113,.F.);
#14558=ORIENTED_EDGE('',*,*,#10285,.F.);
#14559=ORIENTED_EDGE('',*,*,#13874,.T.);
#14560=EDGE_LOOP('',(#14557,#14558,#14559));
#14561=FACE_OUTER_BOUND('',#14560,.F.);
#14563=CARTESIAN_POINT('',(1.285494809690E-1,3.755691349889E0,-5.E-1));
#14564=DIRECTION('',(0.E0,-1.E0,0.E0));
#14565=DIRECTION('',(1.E0,0.E0,0.E0));
#14566=AXIS2_PLACEMENT_3D('',#14563,#14564,#14565);
#14567=CYLINDRICAL_SURFACE('',#14566,5.E-1);
#14568=ORIENTED_EDGE('',*,*,#9922,.F.);
#14569=ORIENTED_EDGE('',*,*,#9955,.T.);
#14570=ORIENTED_EDGE('',*,*,#10041,.T.);
#14571=ORIENTED_EDGE('',*,*,#10063,.T.);
#14572=EDGE_LOOP('',(#14568,#14569,#14570,#14571));
#14573=FACE_OUTER_BOUND('',#14572,.F.);
#14575=CARTESIAN_POINT('',(-3.154505190310E-1,2.593291349481E0,-9.26E0));
#14576=DIRECTION('',(-1.E0,0.E0,0.E0));
#14577=DIRECTION('',(0.E0,0.E0,1.E0));
#14578=AXIS2_PLACEMENT_3D('',#14575,#14576,#14577);
#14579=CYLINDRICAL_SURFACE('',#14578,5.E-1);
#14580=ORIENTED_EDGE('',*,*,#9949,.F.);
#14581=ORIENTED_EDGE('',*,*,#9970,.T.);
#14582=ORIENTED_EDGE('',*,*,#9982,.F.);
#14583=ORIENTED_EDGE('',*,*,#10015,.T.);
#14584=EDGE_LOOP('',(#14580,#14581,#14582,#14583));
#14585=FACE_OUTER_BOUND('',#14584,.F.);
#14587=CARTESIAN_POINT('',(-6.321450519031E0,6.932913494809E-1,-1.0655E1));
#14588=DIRECTION('',(0.E0,1.E0,0.E0));
#14589=DIRECTION('',(0.E0,0.E0,-1.E0));
#14590=AXIS2_PLACEMENT_3D('',#14587,#14588,#14589);
#14591=PLANE('',#14590);
#14592=ORIENTED_EDGE('',*,*,#8631,.F.);
#14594=ORIENTED_EDGE('',*,*,#14593,.F.);
#14595=ORIENTED_EDGE('',*,*,#9986,.F.);
#14596=ORIENTED_EDGE('',*,*,#9005,.F.);
#14597=EDGE_LOOP('',(#14592,#14594,#14595,#14596));
#14598=FACE_OUTER_BOUND('',#14597,.F.);
#14600=CARTESIAN_POINT('',(-6.321450519031E0,2.018291349632E0,-1.108E1));
#14601=DIRECTION('',(0.E0,0.E0,1.E0));
#14602=DIRECTION('',(1.E0,0.E0,0.E0));
#14603=AXIS2_PLACEMENT_3D('',#14600,#14601,#14602);
#14604=PLANE('',#14603);
#14605=ORIENTED_EDGE('',*,*,#8496,.F.);
#14606=ORIENTED_EDGE('',*,*,#9988,.F.);
#14607=ORIENTED_EDGE('',*,*,#14593,.T.);
#14608=ORIENTED_EDGE('',*,*,#8629,.F.);
#14609=EDGE_LOOP('',(#14605,#14606,#14607,#14608));
#14610=FACE_OUTER_BOUND('',#14609,.F.);
#14612=CARTESIAN_POINT('',(-1.118645051903E1,-1.650800611988E0,
-1.314438847675E1));
#14613=DIRECTION('',(1.E0,0.E0,0.E0));
#14614=DIRECTION('',(0.E0,-1.E0,0.E0));
#14615=AXIS2_PLACEMENT_3D('',#14612,#14613,#14614);
#14616=PLANE('',#14615);
#14618=ORIENTED_EDGE('',*,*,#14617,.T.);
#14619=ORIENTED_EDGE('',*,*,#7907,.F.);
#14620=ORIENTED_EDGE('',*,*,#9126,.T.);
#14621=ORIENTED_EDGE('',*,*,#8993,.F.);
#14623=ORIENTED_EDGE('',*,*,#14622,.T.);
#14625=ORIENTED_EDGE('',*,*,#14624,.F.);
#14626=ORIENTED_EDGE('',*,*,#7921,.F.);
#14628=ORIENTED_EDGE('',*,*,#14627,.T.);
#14629=EDGE_LOOP('',(#14618,#14619,#14620,#14621,#14623,#14625,#14626,#14628));
#14630=FACE_OUTER_BOUND('',#14629,.F.);
#14632=CARTESIAN_POINT('',(-1.203645051903E1,1.643291346994E0,
-1.620000001475E1));
#14633=DIRECTION('',(0.E0,9.078999996248E-9,1.E0));
#14634=DIRECTION('',(-7.163163075284E-1,-6.977757143731E-1,6.335105708175E-9));
#14635=AXIS2_PLACEMENT_3D('',#14632,#14633,#14634);
#14636=TOROIDAL_SURFACE('',#14635,1.849999998076E0,3.000000004878E-1);
#14637=ORIENTED_EDGE('',*,*,#7909,.T.);
#14638=ORIENTED_EDGE('',*,*,#14617,.F.);
#14640=ORIENTED_EDGE('',*,*,#14639,.T.);
#14641=ORIENTED_EDGE('',*,*,#7917,.T.);
#14643=ORIENTED_EDGE('',*,*,#14642,.T.);
#14645=ORIENTED_EDGE('',*,*,#14644,.T.);
#14647=ORIENTED_EDGE('',*,*,#14646,.T.);
#14649=ORIENTED_EDGE('',*,*,#14648,.T.);
#14650=EDGE_LOOP('',(#14637,#14638,#14640,#14641,#14643,#14645,#14647,#14649));
#14651=FACE_OUTER_BOUND('',#14650,.F.);
#14653=CARTESIAN_POINT('',(-1.091145051785E1,-4.758006115440E-1,
-1.314438847669E1));
#14654=DIRECTION('',(0.E0,9.659258262711E-1,2.588190451694E-1));
#14655=DIRECTION('',(0.E0,-2.588190451694E-1,9.659258262711E-1));
#14656=AXIS2_PLACEMENT_3D('',#14653,#14654,#14655);
#14657=PLANE('',#14656);
#14658=ORIENTED_EDGE('',*,*,#7919,.T.);
#14659=ORIENTED_EDGE('',*,*,#14639,.F.);
#14660=ORIENTED_EDGE('',*,*,#14627,.F.);
#14661=EDGE_LOOP('',(#14658,#14659,#14660));
#14662=FACE_OUTER_BOUND('',#14661,.F.);
#14664=CARTESIAN_POINT('',(-1.091145051785E1,-4.758006115440E-1,
-1.314438847669E1));
#14665=DIRECTION('',(0.E0,9.659258262711E-1,2.588190451694E-1));
#14666=DIRECTION('',(0.E0,-2.588190451694E-1,9.659258262711E-1));
#14667=AXIS2_PLACEMENT_3D('',#14664,#14665,#14666);
#14668=PLANE('',#14667);
#14669=ORIENTED_EDGE('',*,*,#14622,.F.);
#14670=ORIENTED_EDGE('',*,*,#8991,.F.);
#14672=ORIENTED_EDGE('',*,*,#14671,.F.);
#14674=ORIENTED_EDGE('',*,*,#14673,.F.);
#14675=EDGE_LOOP('',(#14669,#14670,#14672,#14674));
#14676=FACE_OUTER_BOUND('',#14675,.F.);
#14678=CARTESIAN_POINT('',(-1.063645051903E1,-1.672072690662E0,
-1.306500000019E1));
#14679=DIRECTION('',(1.E0,0.E0,0.E0));
#14680=DIRECTION('',(0.E0,1.E0,0.E0));
#14681=AXIS2_PLACEMENT_3D('',#14678,#14679,#14680);
#14682=PLANE('',#14681);
#14683=ORIENTED_EDGE('',*,*,#9129,.T.);
#14684=ORIENTED_EDGE('',*,*,#7903,.F.);
#14686=ORIENTED_EDGE('',*,*,#14685,.T.);
#14687=ORIENTED_EDGE('',*,*,#14671,.T.);
#14688=ORIENTED_EDGE('',*,*,#8989,.F.);
#14689=EDGE_LOOP('',(#14683,#14684,#14686,#14687,#14688));
#14690=FACE_OUTER_BOUND('',#14689,.F.);
#14692=CARTESIAN_POINT('',(-1.118645051903E1,2.625632709853E-1,-1.595E1));
#14693=DIRECTION('',(0.E0,1.E0,0.E0));
#14694=DIRECTION('',(1.E0,0.E0,0.E0));
#14695=AXIS2_PLACEMENT_3D('',#14692,#14693,#14694);
#14696=PLANE('',#14695);
#14697=ORIENTED_EDGE('',*,*,#14673,.T.);
#14698=ORIENTED_EDGE('',*,*,#14685,.F.);
#14699=ORIENTED_EDGE('',*,*,#7923,.F.);
#14700=ORIENTED_EDGE('',*,*,#14624,.T.);
#14701=EDGE_LOOP('',(#14697,#14698,#14699,#14700));
#14702=FACE_OUTER_BOUND('',#14701,.F.);
#14704=CARTESIAN_POINT('',(-1.093645051903E1,1.696651048640E0,
-1.769999999991E1));
#14705=DIRECTION('',(1.E0,0.E0,0.E0));
#14706=DIRECTION('',(0.E0,0.E0,-1.E0));
#14707=AXIS2_PLACEMENT_3D('',#14704,#14705,#14706);
#14708=PLANE('',#14707);
#14709=ORIENTED_EDGE('',*,*,#7915,.T.);
#14711=ORIENTED_EDGE('',*,*,#14710,.F.);
#14713=ORIENTED_EDGE('',*,*,#14712,.F.);
#14715=ORIENTED_EDGE('',*,*,#14714,.T.);
#14717=ORIENTED_EDGE('',*,*,#14716,.F.);
#14719=ORIENTED_EDGE('',*,*,#14718,.F.);
#14721=ORIENTED_EDGE('',*,*,#14720,.T.);
#14723=ORIENTED_EDGE('',*,*,#14722,.T.);
#14725=ORIENTED_EDGE('',*,*,#14724,.T.);
#14727=ORIENTED_EDGE('',*,*,#14726,.T.);
#14729=ORIENTED_EDGE('',*,*,#14728,.T.);
#14731=ORIENTED_EDGE('',*,*,#14730,.T.);
#14733=ORIENTED_EDGE('',*,*,#14732,.T.);
#14735=ORIENTED_EDGE('',*,*,#14734,.F.);
#14737=ORIENTED_EDGE('',*,*,#14736,.T.);
#14739=ORIENTED_EDGE('',*,*,#14738,.F.);
#14740=ORIENTED_EDGE('',*,*,#14642,.F.);
#14741=EDGE_LOOP('',(#14709,#14711,#14713,#14715,#14717,#14719,#14721,#14723,
#14725,#14727,#14729,#14731,#14733,#14735,#14737,#14739,#14740));
#14742=FACE_OUTER_BOUND('',#14741,.F.);
#14744=CARTESIAN_POINT('',(-1.203645051903E1,1.643291351968E0,
-1.620000001475E1));
#14745=DIRECTION('',(0.E0,-9.078999996248E-9,1.E0));
#14746=DIRECTION('',(7.163163075285E-1,6.977757143730E-1,6.335105708174E-9));
#14747=AXIS2_PLACEMENT_3D('',#14744,#14745,#14746);
#14748=TOROIDAL_SURFACE('',#14747,1.849999998077E0,3.000000004878E-1);
#14749=ORIENTED_EDGE('',*,*,#7913,.T.);
#14751=ORIENTED_EDGE('',*,*,#14750,.F.);
#14753=ORIENTED_EDGE('',*,*,#14752,.T.);
#14755=ORIENTED_EDGE('',*,*,#14754,.T.);
#14756=ORIENTED_EDGE('',*,*,#14710,.T.);
#14757=EDGE_LOOP('',(#14749,#14751,#14753,#14755,#14756));
#14758=FACE_OUTER_BOUND('',#14757,.F.);
#14760=CARTESIAN_POINT('',(-1.313645051903E1,1.643291346943E0,
-1.770000000019E1));
#14761=DIRECTION('',(1.E0,0.E0,0.E0));
#14762=DIRECTION('',(0.E0,0.E0,1.E0));
#14763=AXIS2_PLACEMENT_3D('',#14760,#14761,#14762);
#14764=PLANE('',#14763);
#14765=ORIENTED_EDGE('',*,*,#7911,.T.);
#14766=ORIENTED_EDGE('',*,*,#14648,.F.);
#14768=ORIENTED_EDGE('',*,*,#14767,.F.);
#14770=ORIENTED_EDGE('',*,*,#14769,.T.);
#14772=ORIENTED_EDGE('',*,*,#14771,.F.);
#14774=ORIENTED_EDGE('',*,*,#14773,.F.);
#14776=ORIENTED_EDGE('',*,*,#14775,.T.);
#14778=ORIENTED_EDGE('',*,*,#14777,.T.);
#14780=ORIENTED_EDGE('',*,*,#14779,.T.);
#14782=ORIENTED_EDGE('',*,*,#14781,.T.);
#14784=ORIENTED_EDGE('',*,*,#14783,.T.);
#14786=ORIENTED_EDGE('',*,*,#14785,.T.);
#14788=ORIENTED_EDGE('',*,*,#14787,.T.);
#14790=ORIENTED_EDGE('',*,*,#14789,.F.);
#14792=ORIENTED_EDGE('',*,*,#14791,.T.);
#14794=ORIENTED_EDGE('',*,*,#14793,.F.);
#14795=ORIENTED_EDGE('',*,*,#14750,.T.);
#14796=EDGE_LOOP('',(#14765,#14766,#14768,#14770,#14772,#14774,#14776,#14778,
#14780,#14782,#14784,#14786,#14788,#14790,#14792,#14794,#14795));
#14797=FACE_OUTER_BOUND('',#14796,.F.);
#14799=CARTESIAN_POINT('',(-1.203645051903E1,1.643291349481E0,
-1.616447067892E1));
#14800=DIRECTION('',(0.E0,0.E0,-1.E0));
#14801=DIRECTION('',(0.E0,1.E0,0.E0));
#14802=AXIS2_PLACEMENT_3D('',#14799,#14800,#14801);
#14803=CYLINDRICAL_SURFACE('',#14802,1.55E0);
#14804=ORIENTED_EDGE('',*,*,#14738,.T.);
#14806=ORIENTED_EDGE('',*,*,#14805,.F.);
#14808=ORIENTED_EDGE('',*,*,#14807,.F.);
#14809=ORIENTED_EDGE('',*,*,#14767,.T.);
#14810=ORIENTED_EDGE('',*,*,#14646,.F.);
#14811=ORIENTED_EDGE('',*,*,#14644,.F.);
#14812=EDGE_LOOP('',(#14804,#14806,#14808,#14809,#14810,#14811));
#14813=FACE_OUTER_BOUND('',#14812,.F.);
#14815=CARTESIAN_POINT('',(-1.203645051903E1,1.643291349481E0,-1.7855E1));
#14816=DIRECTION('',(0.E0,0.E0,-1.E0));
#14817=DIRECTION('',(0.E0,1.E0,0.E0));
#14818=AXIS2_PLACEMENT_3D('',#14815,#14816,#14817);
#14819=CONICAL_SURFACE('',#14818,1.625000000001E0,5.903624346741E1);
#14820=ORIENTED_EDGE('',*,*,#14736,.F.);
#14822=ORIENTED_EDGE('',*,*,#14821,.T.);
#14824=ORIENTED_EDGE('',*,*,#14823,.T.);
#14825=ORIENTED_EDGE('',*,*,#14769,.F.);
#14826=ORIENTED_EDGE('',*,*,#14807,.T.);
#14827=ORIENTED_EDGE('',*,*,#14805,.T.);
#14828=EDGE_LOOP('',(#14820,#14822,#14824,#14825,#14826,#14827));
#14829=FACE_OUTER_BOUND('',#14828,.F.);
#14831=CARTESIAN_POINT('',(-1.203645051903E1,1.643291349481E0,
-1.786447067690E1));
#14832=DIRECTION('',(0.E0,0.E0,-1.E0));
#14833=DIRECTION('',(0.E0,1.E0,0.E0));
#14834=AXIS2_PLACEMENT_3D('',#14831,#14832,#14833);
#14835=CYLINDRICAL_SURFACE('',#14834,1.7E0);
#14836=ORIENTED_EDGE('',*,*,#14734,.T.);
#14838=ORIENTED_EDGE('',*,*,#14837,.F.);
#14840=ORIENTED_EDGE('',*,*,#14839,.F.);
#14841=ORIENTED_EDGE('',*,*,#14771,.T.);
#14842=ORIENTED_EDGE('',*,*,#14823,.F.);
#14843=ORIENTED_EDGE('',*,*,#14821,.F.);
#14844=EDGE_LOOP('',(#14836,#14838,#14840,#14841,#14842,#14843));
#14845=FACE_OUTER_BOUND('',#14844,.F.);
#14847=CARTESIAN_POINT('',(-1.203645051903E1,1.643291349481E0,-1.885E1));
#14848=DIRECTION('',(0.E0,0.E0,1.E0));
#14849=DIRECTION('',(0.E0,-1.E0,0.E0));
#14850=AXIS2_PLACEMENT_3D('',#14847,#14848,#14849);
#14851=CONICAL_SURFACE('',#14850,1.463419347500E0,2.000000001755E1);
#14853=ORIENTED_EDGE('',*,*,#14852,.T.);
#14854=ORIENTED_EDGE('',*,*,#14837,.T.);
#14855=ORIENTED_EDGE('',*,*,#14732,.F.);
#14857=ORIENTED_EDGE('',*,*,#14856,.F.);
#14858=EDGE_LOOP('',(#14853,#14854,#14855,#14857));
#14859=FACE_OUTER_BOUND('',#14858,.F.);
#14861=CARTESIAN_POINT('',(-1.203645051903E1,1.643291349481E0,-1.885E1));
#14862=DIRECTION('',(0.E0,0.E0,1.E0));
#14863=DIRECTION('',(0.E0,-1.E0,0.E0));
#14864=AXIS2_PLACEMENT_3D('',#14861,#14862,#14863);
#14865=CONICAL_SURFACE('',#14864,1.463419347500E0,2.000000001755E1);
#14867=ORIENTED_EDGE('',*,*,#14866,.F.);
#14868=ORIENTED_EDGE('',*,*,#14773,.T.);
#14869=ORIENTED_EDGE('',*,*,#14839,.T.);
#14870=ORIENTED_EDGE('',*,*,#14852,.F.);
#14871=EDGE_LOOP('',(#14867,#14868,#14869,#14870));
#14872=FACE_OUTER_BOUND('',#14871,.F.);
#14874=CARTESIAN_POINT('',(-1.203645051905E1,7.798720019120E-1,-1.95E1));
#14875=DIRECTION('',(0.E0,0.E0,1.E0));
#14876=DIRECTION('',(0.E0,-1.E0,0.E0));
#14877=AXIS2_PLACEMENT_3D('',#14874,#14875,#14876);
#14878=PLANE('',#14877);
#14880=ORIENTED_EDGE('',*,*,#14879,.T.);
#14881=ORIENTED_EDGE('',*,*,#14775,.F.);
#14882=ORIENTED_EDGE('',*,*,#14866,.T.);
#14883=ORIENTED_EDGE('',*,*,#14856,.T.);
#14884=ORIENTED_EDGE('',*,*,#14730,.F.);
#14885=EDGE_LOOP('',(#14880,#14881,#14882,#14883,#14884));
#14886=FACE_OUTER_BOUND('',#14885,.F.);
#14888=CARTESIAN_POINT('',(-1.203645051903E1,1.143291349481E0,
-1.809949999949E1));
#14889=DIRECTION('',(0.E0,1.E0,0.E0));
#14890=DIRECTION('',(0.E0,0.E0,1.E0));
#14891=AXIS2_PLACEMENT_3D('',#14888,#14889,#14890);
#14892=PLANE('',#14891);
#14894=ORIENTED_EDGE('',*,*,#14893,.F.);
#14895=ORIENTED_EDGE('',*,*,#14777,.F.);
#14896=ORIENTED_EDGE('',*,*,#14879,.F.);
#14897=ORIENTED_EDGE('',*,*,#14728,.F.);
#14898=EDGE_LOOP('',(#14894,#14895,#14896,#14897));
#14899=FACE_OUTER_BOUND('',#14898,.F.);
#14901=CARTESIAN_POINT('',(-1.089245051903E1,1.642291349481E0,-1.6699E1));
#14902=DIRECTION('',(-1.E0,0.E0,0.E0));
#14903=DIRECTION('',(0.E0,0.E0,1.E0));
#14904=AXIS2_PLACEMENT_3D('',#14901,#14902,#14903);
#14905=CYLINDRICAL_SURFACE('',#14904,4.99E-1);
#14906=ORIENTED_EDGE('',*,*,#14779,.F.);
#14907=ORIENTED_EDGE('',*,*,#14893,.T.);
#14908=ORIENTED_EDGE('',*,*,#14726,.F.);
#14910=ORIENTED_EDGE('',*,*,#14909,.T.);
#14911=EDGE_LOOP('',(#14906,#14907,#14908,#14910));
#14912=FACE_OUTER_BOUND('',#14911,.F.);
#14914=CARTESIAN_POINT('',(-1.089245051903E1,1.644291349481E0,-1.6699E1));
#14915=DIRECTION('',(-1.E0,0.E0,0.E0));
#14916=DIRECTION('',(0.E0,0.E0,1.E0));
#14917=AXIS2_PLACEMENT_3D('',#14914,#14915,#14916);
#14918=CYLINDRICAL_SURFACE('',#14917,4.99E-1);
#14919=ORIENTED_EDGE('',*,*,#14781,.F.);
#14920=ORIENTED_EDGE('',*,*,#14909,.F.);
#14921=ORIENTED_EDGE('',*,*,#14724,.F.);
#14923=ORIENTED_EDGE('',*,*,#14922,.T.);
#14924=EDGE_LOOP('',(#14919,#14920,#14921,#14923));
#14925=FACE_OUTER_BOUND('',#14924,.F.);
#14927=CARTESIAN_POINT('',(-1.203645051903E1,2.143291349481E0,
-1.809949999950E1));
#14928=DIRECTION('',(0.E0,1.E0,0.E0));
#14929=DIRECTION('',(0.E0,0.E0,-1.E0));
#14930=AXIS2_PLACEMENT_3D('',#14927,#14928,#14929);
#14931=PLANE('',#14930);
#14933=ORIENTED_EDGE('',*,*,#14932,.T.);
#14934=ORIENTED_EDGE('',*,*,#14783,.F.);
#14935=ORIENTED_EDGE('',*,*,#14922,.F.);
#14936=ORIENTED_EDGE('',*,*,#14722,.F.);
#14937=EDGE_LOOP('',(#14933,#14934,#14935,#14936));
#14938=FACE_OUTER_BOUND('',#14937,.F.);
#14940=CARTESIAN_POINT('',(-1.203645051903E1,2.506710696995E0,-1.95E1));
#14941=DIRECTION('',(0.E0,0.E0,1.E0));
#14942=DIRECTION('',(0.E0,-1.E0,0.E0));
#14943=AXIS2_PLACEMENT_3D('',#14940,#14941,#14942);
#14944=PLANE('',#14943);
#14946=ORIENTED_EDGE('',*,*,#14945,.T.);
#14948=ORIENTED_EDGE('',*,*,#14947,.T.);
#14949=ORIENTED_EDGE('',*,*,#14785,.F.);
#14950=ORIENTED_EDGE('',*,*,#14932,.F.);
#14951=ORIENTED_EDGE('',*,*,#14720,.F.);
#14952=EDGE_LOOP('',(#14946,#14948,#14949,#14950,#14951));
#14953=FACE_OUTER_BOUND('',#14952,.F.);
#14955=CARTESIAN_POINT('',(-1.203645051903E1,1.643291349481E0,-1.885E1));
#14956=DIRECTION('',(0.E0,0.E0,1.E0));
#14957=DIRECTION('',(0.E0,-1.E0,0.E0));
#14958=AXIS2_PLACEMENT_3D('',#14955,#14956,#14957);
#14959=CONICAL_SURFACE('',#14958,1.463419347500E0,2.000000001755E1);
#14960=ORIENTED_EDGE('',*,*,#14718,.T.);
#14962=ORIENTED_EDGE('',*,*,#14961,.T.);
#14964=ORIENTED_EDGE('',*,*,#14963,.T.);
#14965=ORIENTED_EDGE('',*,*,#14787,.F.);
#14966=ORIENTED_EDGE('',*,*,#14947,.F.);
#14967=ORIENTED_EDGE('',*,*,#14945,.F.);
#14968=EDGE_LOOP('',(#14960,#14962,#14964,#14965,#14966,#14967));
#14969=FACE_OUTER_BOUND('',#14968,.F.);
#14971=CARTESIAN_POINT('',(-1.203645051903E1,1.643291349481E0,
-1.786447067690E1));
#14972=DIRECTION('',(0.E0,0.E0,-1.E0));
#14973=DIRECTION('',(0.E0,1.E0,0.E0));
#14974=AXIS2_PLACEMENT_3D('',#14971,#14972,#14973);
#14975=CYLINDRICAL_SURFACE('',#14974,1.7E0);
#14977=ORIENTED_EDGE('',*,*,#14976,.T.);
#14978=ORIENTED_EDGE('',*,*,#14961,.F.);
#14979=ORIENTED_EDGE('',*,*,#14716,.T.);
#14981=ORIENTED_EDGE('',*,*,#14980,.F.);
#14982=EDGE_LOOP('',(#14977,#14978,#14979,#14981));
#14983=FACE_OUTER_BOUND('',#14982,.F.);
#14985=CARTESIAN_POINT('',(-1.203645051903E1,1.643291349481E0,
-1.786447067690E1));
#14986=DIRECTION('',(0.E0,0.E0,-1.E0));
#14987=DIRECTION('',(0.E0,1.E0,0.E0));
#14988=AXIS2_PLACEMENT_3D('',#14985,#14986,#14987);
#14989=CYLINDRICAL_SURFACE('',#14988,1.7E0);
#14991=ORIENTED_EDGE('',*,*,#14990,.F.);
#14992=ORIENTED_EDGE('',*,*,#14789,.T.);
#14993=ORIENTED_EDGE('',*,*,#14963,.F.);
#14994=ORIENTED_EDGE('',*,*,#14976,.F.);
#14995=EDGE_LOOP('',(#14991,#14992,#14993,#14994));
#14996=FACE_OUTER_BOUND('',#14995,.F.);
#14998=CARTESIAN_POINT('',(-1.203645051903E1,1.643291349481E0,-1.7855E1));
#14999=DIRECTION('',(0.E0,0.E0,-1.E0));
#15000=DIRECTION('',(0.E0,1.E0,0.E0));
#15001=AXIS2_PLACEMENT_3D('',#14998,#14999,#15000);
#15002=CONICAL_SURFACE('',#15001,1.624999999998E0,5.903624346729E1);
#15004=ORIENTED_EDGE('',*,*,#15003,.T.);
#15005=ORIENTED_EDGE('',*,*,#14791,.F.);
#15006=ORIENTED_EDGE('',*,*,#14990,.T.);
#15008=ORIENTED_EDGE('',*,*,#15007,.T.);
#15009=EDGE_LOOP('',(#15004,#15005,#15006,#15008));
#15010=FACE_OUTER_BOUND('',#15009,.F.);
#15012=CARTESIAN_POINT('',(-1.203645051903E1,1.643291349481E0,
-1.616447067892E1));
#15013=DIRECTION('',(0.E0,0.E0,-1.E0));
#15014=DIRECTION('',(0.E0,1.E0,0.E0));
#15015=AXIS2_PLACEMENT_3D('',#15012,#15013,#15014);
#15016=CYLINDRICAL_SURFACE('',#15015,1.55E0);
#15017=ORIENTED_EDGE('',*,*,#14752,.F.);
#15018=ORIENTED_EDGE('',*,*,#14793,.T.);
#15019=ORIENTED_EDGE('',*,*,#15003,.F.);
#15021=ORIENTED_EDGE('',*,*,#15020,.F.);
#15022=EDGE_LOOP('',(#15017,#15018,#15019,#15021));
#15023=FACE_OUTER_BOUND('',#15022,.F.);
#15025=CARTESIAN_POINT('',(-1.203645051903E1,1.643291349481E0,
-1.616447067892E1));
#15026=DIRECTION('',(0.E0,0.E0,-1.E0));
#15027=DIRECTION('',(0.E0,1.E0,0.E0));
#15028=AXIS2_PLACEMENT_3D('',#15025,#15026,#15027);
#15029=CYLINDRICAL_SURFACE('',#15028,1.55E0);
#15030=ORIENTED_EDGE('',*,*,#15020,.T.);
#15032=ORIENTED_EDGE('',*,*,#15031,.F.);
#15033=ORIENTED_EDGE('',*,*,#14712,.T.);
#15034=ORIENTED_EDGE('',*,*,#14754,.F.);
#15035=EDGE_LOOP('',(#15030,#15032,#15033,#15034));
#15036=FACE_OUTER_BOUND('',#15035,.F.);
#15038=CARTESIAN_POINT('',(-1.203645051903E1,1.643291349481E0,-1.7855E1));
#15039=DIRECTION('',(0.E0,0.E0,-1.E0));
#15040=DIRECTION('',(0.E0,1.E0,0.E0));
#15041=AXIS2_PLACEMENT_3D('',#15038,#15039,#15040);
#15042=CONICAL_SURFACE('',#15041,1.625000000002E0,5.903624346729E1);
#15043=ORIENTED_EDGE('',*,*,#15007,.F.);
#15044=ORIENTED_EDGE('',*,*,#14980,.T.);
#15045=ORIENTED_EDGE('',*,*,#14714,.F.);
#15046=ORIENTED_EDGE('',*,*,#15031,.T.);
#15047=EDGE_LOOP('',(#15043,#15044,#15045,#15046));
#15048=FACE_OUTER_BOUND('',#15047,.F.);
#15050=CARTESIAN_POINT('',(-1.016645051903E1,-1.672072691213E0,
-1.306500000018E1));
#15051=DIRECTION('',(1.E0,0.E0,0.E0));
#15052=DIRECTION('',(0.E0,-1.E0,0.E0));
#15053=AXIS2_PLACEMENT_3D('',#15050,#15051,#15052);
#15054=PLANE('',#15053);
#15056=ORIENTED_EDGE('',*,*,#15055,.T.);
#15058=ORIENTED_EDGE('',*,*,#15057,.F.);
#15059=ORIENTED_EDGE('',*,*,#7899,.F.);
#15060=ORIENTED_EDGE('',*,*,#9132,.T.);
#15061=ORIENTED_EDGE('',*,*,#8985,.F.);
#15062=EDGE_LOOP('',(#15056,#15058,#15059,#15060,#15061));
#15063=FACE_OUTER_BOUND('',#15062,.F.);
#15065=CARTESIAN_POINT('',(-9.891450519496E0,-4.970726900960E-1,
-1.306499999971E1));
#15066=DIRECTION('',(0.E0,9.659258262926E-1,2.588190450892E-1));
#15067=DIRECTION('',(0.E0,-2.588190450892E-1,9.659258262926E-1));
#15068=AXIS2_PLACEMENT_3D('',#15065,#15066,#15067);
#15069=PLANE('',#15068);
#15071=ORIENTED_EDGE('',*,*,#15070,.F.);
#15072=ORIENTED_EDGE('',*,*,#15055,.F.);
#15073=ORIENTED_EDGE('',*,*,#8983,.F.);
#15075=ORIENTED_EDGE('',*,*,#15074,.F.);
#15076=EDGE_LOOP('',(#15071,#15072,#15073,#15075));
#15077=FACE_OUTER_BOUND('',#15076,.F.);
#15079=CARTESIAN_POINT('',(-1.016645051903E1,2.625632704821E-1,-1.595E1));
#15080=DIRECTION('',(0.E0,1.E0,0.E0));
#15081=DIRECTION('',(1.E0,0.E0,0.E0));
#15082=AXIS2_PLACEMENT_3D('',#15079,#15080,#15081);
#15083=PLANE('',#15082);
#15084=ORIENTED_EDGE('',*,*,#15070,.T.);
#15086=ORIENTED_EDGE('',*,*,#15085,.F.);
#15087=ORIENTED_EDGE('',*,*,#7893,.F.);
#15088=ORIENTED_EDGE('',*,*,#15057,.T.);
#15089=EDGE_LOOP('',(#15084,#15086,#15087,#15088));
#15090=FACE_OUTER_BOUND('',#15089,.F.);
#15092=CARTESIAN_POINT('',(-9.616450519031E0,-1.672072691213E0,
-1.306500000019E1));
#15093=DIRECTION('',(1.E0,0.E0,0.E0));
#15094=DIRECTION('',(0.E0,1.E0,0.E0));
#15095=AXIS2_PLACEMENT_3D('',#15092,#15093,#15094);
#15096=PLANE('',#15095);
#15097=ORIENTED_EDGE('',*,*,#9135,.T.);
#15098=ORIENTED_EDGE('',*,*,#7895,.F.);
#15099=ORIENTED_EDGE('',*,*,#15085,.T.);
#15100=ORIENTED_EDGE('',*,*,#15074,.T.);
#15101=ORIENTED_EDGE('',*,*,#8981,.F.);
#15102=EDGE_LOOP('',(#15097,#15098,#15099,#15100,#15101));
#15103=FACE_OUTER_BOUND('',#15102,.F.);
#15105=CARTESIAN_POINT('',(-9.146450519031E0,-1.672072691213E0,
-1.306500000018E1));
#15106=DIRECTION('',(1.E0,0.E0,0.E0));
#15107=DIRECTION('',(0.E0,-1.E0,0.E0));
#15108=AXIS2_PLACEMENT_3D('',#15105,#15106,#15107);
#15109=PLANE('',#15108);
#15111=ORIENTED_EDGE('',*,*,#15110,.T.);
#15113=ORIENTED_EDGE('',*,*,#15112,.F.);
#15114=ORIENTED_EDGE('',*,*,#7889,.F.);
#15115=ORIENTED_EDGE('',*,*,#9138,.T.);
#15116=ORIENTED_EDGE('',*,*,#8977,.F.);
#15117=EDGE_LOOP('',(#15111,#15113,#15114,#15115,#15116));
#15118=FACE_OUTER_BOUND('',#15117,.F.);
#15120=CARTESIAN_POINT('',(-8.871450519281E0,-4.970726900960E-1,
-1.306499999971E1));
#15121=DIRECTION('',(0.E0,9.659258262926E-1,2.588190450892E-1));
#15122=DIRECTION('',(0.E0,-2.588190450892E-1,9.659258262926E-1));
#15123=AXIS2_PLACEMENT_3D('',#15120,#15121,#15122);
#15124=PLANE('',#15123);
#15126=ORIENTED_EDGE('',*,*,#15125,.F.);
#15127=ORIENTED_EDGE('',*,*,#15110,.F.);
#15128=ORIENTED_EDGE('',*,*,#8975,.F.);
#15130=ORIENTED_EDGE('',*,*,#15129,.F.);
#15131=EDGE_LOOP('',(#15126,#15127,#15128,#15130));
#15132=FACE_OUTER_BOUND('',#15131,.F.);
#15134=CARTESIAN_POINT('',(-9.146450519031E0,2.625632704821E-1,-1.595E1));
#15135=DIRECTION('',(0.E0,1.E0,0.E0));
#15136=DIRECTION('',(1.E0,0.E0,0.E0));
#15137=AXIS2_PLACEMENT_3D('',#15134,#15135,#15136);
#15138=PLANE('',#15137);
#15139=ORIENTED_EDGE('',*,*,#15125,.T.);
#15141=ORIENTED_EDGE('',*,*,#15140,.F.);
#15142=ORIENTED_EDGE('',*,*,#7883,.F.);
#15143=ORIENTED_EDGE('',*,*,#15112,.T.);
#15144=EDGE_LOOP('',(#15139,#15141,#15142,#15143));
#15145=FACE_OUTER_BOUND('',#15144,.F.);
#15147=CARTESIAN_POINT('',(-8.596450519031E0,-1.672072691213E0,
-1.306500000019E1));
#15148=DIRECTION('',(1.E0,0.E0,0.E0));
#15149=DIRECTION('',(0.E0,1.E0,0.E0));
#15150=AXIS2_PLACEMENT_3D('',#15147,#15148,#15149);
#15151=PLANE('',#15150);
#15152=ORIENTED_EDGE('',*,*,#9141,.T.);
#15153=ORIENTED_EDGE('',*,*,#7885,.F.);
#15154=ORIENTED_EDGE('',*,*,#15140,.T.);
#15155=ORIENTED_EDGE('',*,*,#15129,.T.);
#15156=ORIENTED_EDGE('',*,*,#8973,.F.);
#15157=EDGE_LOOP('',(#15152,#15153,#15154,#15155,#15156));
#15158=FACE_OUTER_BOUND('',#15157,.F.);
#15160=CARTESIAN_POINT('',(-8.126450519031E0,-1.672072691213E0,
-1.306500000018E1));
#15161=DIRECTION('',(1.E0,0.E0,0.E0));
#15162=DIRECTION('',(0.E0,-1.E0,0.E0));
#15163=AXIS2_PLACEMENT_3D('',#15160,#15161,#15162);
#15164=PLANE('',#15163);
#15166=ORIENTED_EDGE('',*,*,#15165,.T.);
#15168=ORIENTED_EDGE('',*,*,#15167,.F.);
#15169=ORIENTED_EDGE('',*,*,#7879,.F.);
#15170=ORIENTED_EDGE('',*,*,#9144,.T.);
#15171=ORIENTED_EDGE('',*,*,#8969,.F.);
#15172=EDGE_LOOP('',(#15166,#15168,#15169,#15170,#15171));
#15173=FACE_OUTER_BOUND('',#15172,.F.);
#15175=CARTESIAN_POINT('',(-7.851450517787E0,-4.970726900960E-1,
-1.306499999971E1));
#15176=DIRECTION('',(0.E0,9.659258262926E-1,2.588190450892E-1));
#15177=DIRECTION('',(0.E0,-2.588190450892E-1,9.659258262926E-1));
#15178=AXIS2_PLACEMENT_3D('',#15175,#15176,#15177);
#15179=PLANE('',#15178);
#15181=ORIENTED_EDGE('',*,*,#15180,.F.);
#15182=ORIENTED_EDGE('',*,*,#15165,.F.);
#15183=ORIENTED_EDGE('',*,*,#8967,.F.);
#15185=ORIENTED_EDGE('',*,*,#15184,.F.);
#15186=EDGE_LOOP('',(#15181,#15182,#15183,#15185));
#15187=FACE_OUTER_BOUND('',#15186,.F.);
#15189=CARTESIAN_POINT('',(-8.126450519031E0,2.625632704821E-1,-1.595E1));
#15190=DIRECTION('',(0.E0,1.E0,0.E0));
#15191=DIRECTION('',(1.E0,0.E0,0.E0));
#15192=AXIS2_PLACEMENT_3D('',#15189,#15190,#15191);
#15193=PLANE('',#15192);
#15194=ORIENTED_EDGE('',*,*,#15180,.T.);
#15196=ORIENTED_EDGE('',*,*,#15195,.F.);
#15197=ORIENTED_EDGE('',*,*,#7873,.F.);
#15198=ORIENTED_EDGE('',*,*,#15167,.T.);
#15199=EDGE_LOOP('',(#15194,#15196,#15197,#15198));
#15200=FACE_OUTER_BOUND('',#15199,.F.);
#15202=CARTESIAN_POINT('',(-7.576450519031E0,-1.672072691213E0,
-1.306500000019E1));
#15203=DIRECTION('',(1.E0,0.E0,0.E0));
#15204=DIRECTION('',(0.E0,1.E0,0.E0));
#15205=AXIS2_PLACEMENT_3D('',#15202,#15203,#15204);
#15206=PLANE('',#15205);
#15207=ORIENTED_EDGE('',*,*,#9147,.T.);
#15208=ORIENTED_EDGE('',*,*,#7875,.F.);
#15209=ORIENTED_EDGE('',*,*,#15195,.T.);
#15210=ORIENTED_EDGE('',*,*,#15184,.T.);
#15211=ORIENTED_EDGE('',*,*,#8965,.F.);
#15212=EDGE_LOOP('',(#15207,#15208,#15209,#15210,#15211));
#15213=FACE_OUTER_BOUND('',#15212,.F.);
#15215=CARTESIAN_POINT('',(-7.106450519031E0,-1.672072691213E0,
-1.306500000018E1));
#15216=DIRECTION('',(1.E0,0.E0,0.E0));
#15217=DIRECTION('',(0.E0,-1.E0,0.E0));
#15218=AXIS2_PLACEMENT_3D('',#15215,#15216,#15217);
#15219=PLANE('',#15218);
#15221=ORIENTED_EDGE('',*,*,#15220,.T.);
#15223=ORIENTED_EDGE('',*,*,#15222,.F.);
#15224=ORIENTED_EDGE('',*,*,#7869,.F.);
#15225=ORIENTED_EDGE('',*,*,#9150,.T.);
#15226=ORIENTED_EDGE('',*,*,#8961,.F.);
#15227=EDGE_LOOP('',(#15221,#15223,#15224,#15225,#15226));
#15228=FACE_OUTER_BOUND('',#15227,.F.);
#15230=CARTESIAN_POINT('',(-6.831450519026E0,-4.970726900960E-1,
-1.306499999971E1));
#15231=DIRECTION('',(0.E0,9.659258262926E-1,2.588190450892E-1));
#15232=DIRECTION('',(0.E0,-2.588190450892E-1,9.659258262926E-1));
#15233=AXIS2_PLACEMENT_3D('',#15230,#15231,#15232);
#15234=PLANE('',#15233);
#15236=ORIENTED_EDGE('',*,*,#15235,.F.);
#15237=ORIENTED_EDGE('',*,*,#15220,.F.);
#15238=ORIENTED_EDGE('',*,*,#8959,.F.);
#15240=ORIENTED_EDGE('',*,*,#15239,.F.);
#15241=EDGE_LOOP('',(#15236,#15237,#15238,#15240));
#15242=FACE_OUTER_BOUND('',#15241,.F.);
#15244=CARTESIAN_POINT('',(-7.106450519031E0,2.625632704821E-1,-1.595E1));
#15245=DIRECTION('',(0.E0,1.E0,0.E0));
#15246=DIRECTION('',(1.E0,0.E0,0.E0));
#15247=AXIS2_PLACEMENT_3D('',#15244,#15245,#15246);
#15248=PLANE('',#15247);
#15249=ORIENTED_EDGE('',*,*,#15235,.T.);
#15251=ORIENTED_EDGE('',*,*,#15250,.F.);
#15252=ORIENTED_EDGE('',*,*,#7863,.F.);
#15253=ORIENTED_EDGE('',*,*,#15222,.T.);
#15254=EDGE_LOOP('',(#15249,#15251,#15252,#15253));
#15255=FACE_OUTER_BOUND('',#15254,.F.);
#15257=CARTESIAN_POINT('',(-6.556450519031E0,-1.672072691213E0,
-1.306500000019E1));
#15258=DIRECTION('',(1.E0,0.E0,0.E0));
#15259=DIRECTION('',(0.E0,1.E0,0.E0));
#15260=AXIS2_PLACEMENT_3D('',#15257,#15258,#15259);
#15261=PLANE('',#15260);
#15262=ORIENTED_EDGE('',*,*,#9153,.T.);
#15263=ORIENTED_EDGE('',*,*,#7865,.F.);
#15264=ORIENTED_EDGE('',*,*,#15250,.T.);
#15265=ORIENTED_EDGE('',*,*,#15239,.T.);
#15266=ORIENTED_EDGE('',*,*,#8957,.F.);
#15267=EDGE_LOOP('',(#15262,#15263,#15264,#15265,#15266));
#15268=FACE_OUTER_BOUND('',#15267,.F.);
#15270=CARTESIAN_POINT('',(-6.086450519031E0,-1.672072691213E0,
-1.306500000018E1));
#15271=DIRECTION('',(1.E0,0.E0,0.E0));
#15272=DIRECTION('',(0.E0,-1.E0,0.E0));
#15273=AXIS2_PLACEMENT_3D('',#15270,#15271,#15272);
#15274=PLANE('',#15273);
#15276=ORIENTED_EDGE('',*,*,#15275,.T.);
#15278=ORIENTED_EDGE('',*,*,#15277,.F.);
#15279=ORIENTED_EDGE('',*,*,#7859,.F.);
#15280=ORIENTED_EDGE('',*,*,#9156,.T.);
#15281=ORIENTED_EDGE('',*,*,#8953,.F.);
#15282=EDGE_LOOP('',(#15276,#15278,#15279,#15280,#15281));
#15283=FACE_OUTER_BOUND('',#15282,.F.);
#15285=CARTESIAN_POINT('',(-5.811450519037E0,-4.970726900960E-1,
-1.306499999971E1));
#15286=DIRECTION('',(0.E0,9.659258262926E-1,2.588190450892E-1));
#15287=DIRECTION('',(0.E0,-2.588190450892E-1,9.659258262926E-1));
#15288=AXIS2_PLACEMENT_3D('',#15285,#15286,#15287);
#15289=PLANE('',#15288);
#15291=ORIENTED_EDGE('',*,*,#15290,.F.);
#15292=ORIENTED_EDGE('',*,*,#15275,.F.);
#15293=ORIENTED_EDGE('',*,*,#8951,.F.);
#15295=ORIENTED_EDGE('',*,*,#15294,.F.);
#15296=EDGE_LOOP('',(#15291,#15292,#15293,#15295));
#15297=FACE_OUTER_BOUND('',#15296,.F.);
#15299=CARTESIAN_POINT('',(-6.086450519031E0,2.625632704821E-1,-1.595E1));
#15300=DIRECTION('',(0.E0,1.E0,0.E0));
#15301=DIRECTION('',(1.E0,0.E0,0.E0));
#15302=AXIS2_PLACEMENT_3D('',#15299,#15300,#15301);
#15303=PLANE('',#15302);
#15304=ORIENTED_EDGE('',*,*,#15290,.T.);
#15306=ORIENTED_EDGE('',*,*,#15305,.F.);
#15307=ORIENTED_EDGE('',*,*,#7853,.F.);
#15308=ORIENTED_EDGE('',*,*,#15277,.T.);
#15309=EDGE_LOOP('',(#15304,#15306,#15307,#15308));
#15310=FACE_OUTER_BOUND('',#15309,.F.);
#15312=CARTESIAN_POINT('',(-5.536450519031E0,-1.672072691213E0,
-1.306500000019E1));
#15313=DIRECTION('',(1.E0,0.E0,0.E0));
#15314=DIRECTION('',(0.E0,1.E0,0.E0));
#15315=AXIS2_PLACEMENT_3D('',#15312,#15313,#15314);
#15316=PLANE('',#15315);
#15317=ORIENTED_EDGE('',*,*,#9159,.T.);
#15318=ORIENTED_EDGE('',*,*,#7855,.F.);
#15319=ORIENTED_EDGE('',*,*,#15305,.T.);
#15320=ORIENTED_EDGE('',*,*,#15294,.T.);
#15321=ORIENTED_EDGE('',*,*,#8949,.F.);
#15322=EDGE_LOOP('',(#15317,#15318,#15319,#15320,#15321));
#15323=FACE_OUTER_BOUND('',#15322,.F.);
#15325=CARTESIAN_POINT('',(-5.066450519031E0,-1.672072691213E0,
-1.306500000018E1));
#15326=DIRECTION('',(1.E0,0.E0,0.E0));
#15327=DIRECTION('',(0.E0,-1.E0,0.E0));
#15328=AXIS2_PLACEMENT_3D('',#15325,#15326,#15327);
#15329=PLANE('',#15328);
#15331=ORIENTED_EDGE('',*,*,#15330,.T.);
#15333=ORIENTED_EDGE('',*,*,#15332,.F.);
#15334=ORIENTED_EDGE('',*,*,#7849,.F.);
#15335=ORIENTED_EDGE('',*,*,#9162,.T.);
#15336=ORIENTED_EDGE('',*,*,#8945,.F.);
#15337=EDGE_LOOP('',(#15331,#15333,#15334,#15335,#15336));
#15338=FACE_OUTER_BOUND('',#15337,.F.);
#15340=CARTESIAN_POINT('',(-4.791450520276E0,-4.970726900960E-1,
-1.306499999971E1));
#15341=DIRECTION('',(0.E0,9.659258262926E-1,2.588190450892E-1));
#15342=DIRECTION('',(0.E0,-2.588190450892E-1,9.659258262926E-1));
#15343=AXIS2_PLACEMENT_3D('',#15340,#15341,#15342);
#15344=PLANE('',#15343);
#15346=ORIENTED_EDGE('',*,*,#15345,.F.);
#15347=ORIENTED_EDGE('',*,*,#15330,.F.);
#15348=ORIENTED_EDGE('',*,*,#8943,.F.);
#15350=ORIENTED_EDGE('',*,*,#15349,.F.);
#15351=EDGE_LOOP('',(#15346,#15347,#15348,#15350));
#15352=FACE_OUTER_BOUND('',#15351,.F.);
#15354=CARTESIAN_POINT('',(-5.066450519031E0,2.625632704821E-1,-1.595E1));
#15355=DIRECTION('',(0.E0,1.E0,0.E0));
#15356=DIRECTION('',(1.E0,0.E0,0.E0));
#15357=AXIS2_PLACEMENT_3D('',#15354,#15355,#15356);
#15358=PLANE('',#15357);
#15359=ORIENTED_EDGE('',*,*,#15345,.T.);
#15361=ORIENTED_EDGE('',*,*,#15360,.F.);
#15362=ORIENTED_EDGE('',*,*,#7843,.F.);
#15363=ORIENTED_EDGE('',*,*,#15332,.T.);
#15364=EDGE_LOOP('',(#15359,#15361,#15362,#15363));
#15365=FACE_OUTER_BOUND('',#15364,.F.);
#15367=CARTESIAN_POINT('',(-4.516450519031E0,-1.672072691213E0,
-1.306500000019E1));
#15368=DIRECTION('',(1.E0,0.E0,0.E0));
#15369=DIRECTION('',(0.E0,1.E0,0.E0));
#15370=AXIS2_PLACEMENT_3D('',#15367,#15368,#15369);
#15371=PLANE('',#15370);
#15372=ORIENTED_EDGE('',*,*,#9165,.T.);
#15373=ORIENTED_EDGE('',*,*,#7845,.F.);
#15374=ORIENTED_EDGE('',*,*,#15360,.T.);
#15375=ORIENTED_EDGE('',*,*,#15349,.T.);
#15376=ORIENTED_EDGE('',*,*,#8941,.F.);
#15377=EDGE_LOOP('',(#15372,#15373,#15374,#15375,#15376));
#15378=FACE_OUTER_BOUND('',#15377,.F.);
#15380=CARTESIAN_POINT('',(-4.046450519031E0,-1.672072691213E0,
-1.306500000018E1));
#15381=DIRECTION('',(1.E0,0.E0,0.E0));
#15382=DIRECTION('',(0.E0,-1.E0,0.E0));
#15383=AXIS2_PLACEMENT_3D('',#15380,#15381,#15382);
#15384=PLANE('',#15383);
#15386=ORIENTED_EDGE('',*,*,#15385,.T.);
#15388=ORIENTED_EDGE('',*,*,#15387,.F.);
#15389=ORIENTED_EDGE('',*,*,#7839,.F.);
#15390=ORIENTED_EDGE('',*,*,#9168,.T.);
#15391=ORIENTED_EDGE('',*,*,#8937,.F.);
#15392=EDGE_LOOP('',(#15386,#15388,#15389,#15390,#15391));
#15393=FACE_OUTER_BOUND('',#15392,.F.);
#15395=CARTESIAN_POINT('',(-3.771450518781E0,-4.970726900960E-1,
-1.306499999971E1));
#15396=DIRECTION('',(0.E0,9.659258262926E-1,2.588190450892E-1));
#15397=DIRECTION('',(0.E0,-2.588190450892E-1,9.659258262926E-1));
#15398=AXIS2_PLACEMENT_3D('',#15395,#15396,#15397);
#15399=PLANE('',#15398);
#15401=ORIENTED_EDGE('',*,*,#15400,.F.);
#15402=ORIENTED_EDGE('',*,*,#15385,.F.);
#15403=ORIENTED_EDGE('',*,*,#8935,.F.);
#15405=ORIENTED_EDGE('',*,*,#15404,.F.);
#15406=EDGE_LOOP('',(#15401,#15402,#15403,#15405));
#15407=FACE_OUTER_BOUND('',#15406,.F.);
#15409=CARTESIAN_POINT('',(-4.046450519031E0,2.625632704821E-1,-1.595E1));
#15410=DIRECTION('',(0.E0,1.E0,0.E0));
#15411=DIRECTION('',(1.E0,0.E0,0.E0));
#15412=AXIS2_PLACEMENT_3D('',#15409,#15410,#15411);
#15413=PLANE('',#15412);
#15414=ORIENTED_EDGE('',*,*,#15400,.T.);
#15416=ORIENTED_EDGE('',*,*,#15415,.F.);
#15417=ORIENTED_EDGE('',*,*,#7833,.F.);
#15418=ORIENTED_EDGE('',*,*,#15387,.T.);
#15419=EDGE_LOOP('',(#15414,#15416,#15417,#15418));
#15420=FACE_OUTER_BOUND('',#15419,.F.);
#15422=CARTESIAN_POINT('',(-3.496450519031E0,-1.672072691213E0,
-1.306500000019E1));
#15423=DIRECTION('',(1.E0,0.E0,0.E0));
#15424=DIRECTION('',(0.E0,1.E0,0.E0));
#15425=AXIS2_PLACEMENT_3D('',#15422,#15423,#15424);
#15426=PLANE('',#15425);
#15427=ORIENTED_EDGE('',*,*,#9171,.T.);
#15428=ORIENTED_EDGE('',*,*,#7835,.F.);
#15429=ORIENTED_EDGE('',*,*,#15415,.T.);
#15430=ORIENTED_EDGE('',*,*,#15404,.T.);
#15431=ORIENTED_EDGE('',*,*,#8933,.F.);
#15432=EDGE_LOOP('',(#15427,#15428,#15429,#15430,#15431));
#15433=FACE_OUTER_BOUND('',#15432,.F.);
#15435=CARTESIAN_POINT('',(-6.064505190310E-1,1.643291346994E0,
-1.620000001475E1));
#15436=DIRECTION('',(0.E0,9.078999996248E-9,1.E0));
#15437=DIRECTION('',(-7.163163075282E-1,-6.977757143733E-1,6.335105708177E-9));
#15438=AXIS2_PLACEMENT_3D('',#15435,#15436,#15437);
#15439=TOROIDAL_SURFACE('',#15438,1.849999998076E0,3.000000004878E-1);
#15440=ORIENTED_EDGE('',*,*,#7819,.T.);
#15442=ORIENTED_EDGE('',*,*,#15441,.F.);
#15444=ORIENTED_EDGE('',*,*,#15443,.T.);
#15446=ORIENTED_EDGE('',*,*,#15445,.T.);
#15448=ORIENTED_EDGE('',*,*,#15447,.F.);
#15449=ORIENTED_EDGE('',*,*,#7812,.T.);
#15450=ORIENTED_EDGE('',*,*,#9054,.F.);
#15451=ORIENTED_EDGE('',*,*,#9086,.T.);
#15452=EDGE_LOOP('',(#15440,#15442,#15444,#15446,#15448,#15449,#15450,#15451));
#15453=FACE_OUTER_BOUND('',#15452,.F.);
#15455=CARTESIAN_POINT('',(4.935494809690E-1,1.643291347508E0,
-1.770000000017E1));
#15456=DIRECTION('',(1.E0,0.E0,0.E0));
#15457=DIRECTION('',(0.E0,0.E0,1.E0));
#15458=AXIS2_PLACEMENT_3D('',#15455,#15456,#15457);
#15459=PLANE('',#15458);
#15460=ORIENTED_EDGE('',*,*,#7817,.F.);
#15461=ORIENTED_EDGE('',*,*,#7668,.F.);
#15463=ORIENTED_EDGE('',*,*,#15462,.F.);
#15465=ORIENTED_EDGE('',*,*,#15464,.F.);
#15467=ORIENTED_EDGE('',*,*,#15466,.F.);
#15469=ORIENTED_EDGE('',*,*,#15468,.F.);
#15471=ORIENTED_EDGE('',*,*,#15470,.F.);
#15473=ORIENTED_EDGE('',*,*,#15472,.T.);
#15475=ORIENTED_EDGE('',*,*,#15474,.T.);
#15477=ORIENTED_EDGE('',*,*,#15476,.T.);
#15479=ORIENTED_EDGE('',*,*,#15478,.T.);
#15481=ORIENTED_EDGE('',*,*,#15480,.T.);
#15483=ORIENTED_EDGE('',*,*,#15482,.T.);
#15485=ORIENTED_EDGE('',*,*,#15484,.F.);
#15487=ORIENTED_EDGE('',*,*,#15486,.T.);
#15489=ORIENTED_EDGE('',*,*,#15488,.F.);
#15490=ORIENTED_EDGE('',*,*,#15441,.T.);
#15491=EDGE_LOOP('',(#15460,#15461,#15463,#15465,#15467,#15469,#15471,#15473,
#15475,#15477,#15479,#15481,#15483,#15485,#15487,#15489,#15490));
#15492=FACE_OUTER_BOUND('',#15491,.F.);
#15494=CARTESIAN_POINT('',(-6.064505190310E-1,1.643291349481E0,
-1.616447067892E1));
#15495=DIRECTION('',(0.E0,0.E0,-1.E0));
#15496=DIRECTION('',(0.E0,1.E0,0.E0));
#15497=AXIS2_PLACEMENT_3D('',#15494,#15495,#15496);
#15498=CYLINDRICAL_SURFACE('',#15497,1.55E0);
#15499=ORIENTED_EDGE('',*,*,#7651,.F.);
#15501=ORIENTED_EDGE('',*,*,#15500,.F.);
#15502=ORIENTED_EDGE('',*,*,#15462,.T.);
#15503=ORIENTED_EDGE('',*,*,#7666,.F.);
#15504=EDGE_LOOP('',(#15499,#15501,#15502,#15503));
#15505=FACE_OUTER_BOUND('',#15504,.F.);
#15507=CARTESIAN_POINT('',(-6.064505190310E-1,1.643291349481E0,-1.7855E1));
#15508=DIRECTION('',(0.E0,0.E0,-1.E0));
#15509=DIRECTION('',(0.E0,1.E0,0.E0));
#15510=AXIS2_PLACEMENT_3D('',#15507,#15508,#15509);
#15511=CONICAL_SURFACE('',#15510,1.625E0,5.903624346729E1);
#15512=ORIENTED_EDGE('',*,*,#7636,.F.);
#15514=ORIENTED_EDGE('',*,*,#15513,.T.);
#15515=ORIENTED_EDGE('',*,*,#15464,.T.);
#15516=ORIENTED_EDGE('',*,*,#15500,.T.);
#15517=EDGE_LOOP('',(#15512,#15514,#15515,#15516));
#15518=FACE_OUTER_BOUND('',#15517,.F.);
#15520=CARTESIAN_POINT('',(-6.064505190310E-1,1.643291349481E0,
-1.786447067690E1));
#15521=DIRECTION('',(0.E0,0.E0,-1.E0));
#15522=DIRECTION('',(0.E0,1.E0,0.E0));
#15523=AXIS2_PLACEMENT_3D('',#15520,#15521,#15522);
#15524=CYLINDRICAL_SURFACE('',#15523,1.7E0);
#15525=ORIENTED_EDGE('',*,*,#7621,.F.);
#15527=ORIENTED_EDGE('',*,*,#15526,.F.);
#15528=ORIENTED_EDGE('',*,*,#15466,.T.);
#15529=ORIENTED_EDGE('',*,*,#15513,.F.);
#15530=EDGE_LOOP('',(#15525,#15527,#15528,#15529));
#15531=FACE_OUTER_BOUND('',#15530,.F.);
#15533=CARTESIAN_POINT('',(-6.064505190310E-1,1.643291349481E0,-1.885E1));
#15534=DIRECTION('',(0.E0,0.E0,1.E0));
#15535=DIRECTION('',(0.E0,-1.E0,0.E0));
#15536=AXIS2_PLACEMENT_3D('',#15533,#15534,#15535);
#15537=CONICAL_SURFACE('',#15536,1.463419347500E0,2.000000001755E1);
#15539=ORIENTED_EDGE('',*,*,#15538,.F.);
#15541=ORIENTED_EDGE('',*,*,#15540,.F.);
#15542=ORIENTED_EDGE('',*,*,#15468,.T.);
#15543=ORIENTED_EDGE('',*,*,#15526,.T.);
#15544=ORIENTED_EDGE('',*,*,#7619,.T.);
#15546=ORIENTED_EDGE('',*,*,#15545,.T.);
#15547=EDGE_LOOP('',(#15539,#15541,#15542,#15543,#15544,#15546));
#15548=FACE_OUTER_BOUND('',#15547,.F.);
#15550=CARTESIAN_POINT('',(-6.064505190256E-1,2.506710696996E0,-1.95E1));
#15551=DIRECTION('',(0.E0,0.E0,1.E0));
#15552=DIRECTION('',(0.E0,-1.E0,0.E0));
#15553=AXIS2_PLACEMENT_3D('',#15550,#15551,#15552);
#15554=PLANE('',#15553);
#15555=ORIENTED_EDGE('',*,*,#15470,.T.);
#15556=ORIENTED_EDGE('',*,*,#15540,.T.);
#15557=ORIENTED_EDGE('',*,*,#15538,.T.);
#15559=ORIENTED_EDGE('',*,*,#15558,.T.);
#15561=ORIENTED_EDGE('',*,*,#15560,.T.);
#15562=EDGE_LOOP('',(#15555,#15556,#15557,#15559,#15561));
#15563=FACE_OUTER_BOUND('',#15562,.F.);
#15565=CARTESIAN_POINT('',(-1.706450519031E0,1.696651049364E0,
-1.769999999976E1));
#15566=DIRECTION('',(1.E0,0.E0,0.E0));
#15567=DIRECTION('',(0.E0,0.E0,-1.E0));
#15568=AXIS2_PLACEMENT_3D('',#15565,#15566,#15567);
#15569=PLANE('',#15568);
#15570=ORIENTED_EDGE('',*,*,#7814,.F.);
#15571=ORIENTED_EDGE('',*,*,#15447,.T.);
#15573=ORIENTED_EDGE('',*,*,#15572,.F.);
#15575=ORIENTED_EDGE('',*,*,#15574,.T.);
#15577=ORIENTED_EDGE('',*,*,#15576,.F.);
#15579=ORIENTED_EDGE('',*,*,#15578,.F.);
#15581=ORIENTED_EDGE('',*,*,#15580,.F.);
#15583=ORIENTED_EDGE('',*,*,#15582,.F.);
#15585=ORIENTED_EDGE('',*,*,#15584,.T.);
#15587=ORIENTED_EDGE('',*,*,#15586,.T.);
#15589=ORIENTED_EDGE('',*,*,#15588,.F.);
#15590=ORIENTED_EDGE('',*,*,#15558,.F.);
#15591=ORIENTED_EDGE('',*,*,#15545,.F.);
#15592=ORIENTED_EDGE('',*,*,#7617,.F.);
#15593=ORIENTED_EDGE('',*,*,#7633,.F.);
#15594=ORIENTED_EDGE('',*,*,#7648,.F.);
#15595=ORIENTED_EDGE('',*,*,#7663,.T.);
#15596=EDGE_LOOP('',(#15570,#15571,#15573,#15575,#15577,#15579,#15581,#15583,
#15585,#15587,#15589,#15590,#15591,#15592,#15593,#15594,#15595));
#15597=FACE_OUTER_BOUND('',#15596,.F.);
#15599=CARTESIAN_POINT('',(-6.064505190310E-1,1.643291349481E0,
-1.616447067892E1));
#15600=DIRECTION('',(0.E0,0.E0,-1.E0));
#15601=DIRECTION('',(0.E0,1.E0,0.E0));
#15602=AXIS2_PLACEMENT_3D('',#15599,#15600,#15601);
#15603=CYLINDRICAL_SURFACE('',#15602,1.55E0);
#15604=ORIENTED_EDGE('',*,*,#15488,.T.);
#15606=ORIENTED_EDGE('',*,*,#15605,.F.);
#15608=ORIENTED_EDGE('',*,*,#15607,.F.);
#15609=ORIENTED_EDGE('',*,*,#15572,.T.);
#15610=ORIENTED_EDGE('',*,*,#15445,.F.);
#15611=ORIENTED_EDGE('',*,*,#15443,.F.);
#15612=EDGE_LOOP('',(#15604,#15606,#15608,#15609,#15610,#15611));
#15613=FACE_OUTER_BOUND('',#15612,.F.);
#15615=CARTESIAN_POINT('',(-6.064505190310E-1,1.643291349481E0,-1.7855E1));
#15616=DIRECTION('',(0.E0,0.E0,-1.E0));
#15617=DIRECTION('',(0.E0,1.E0,0.E0));
#15618=AXIS2_PLACEMENT_3D('',#15615,#15616,#15617);
#15619=CONICAL_SURFACE('',#15618,1.625000000002E0,5.903624346741E1);
#15620=ORIENTED_EDGE('',*,*,#15607,.T.);
#15621=ORIENTED_EDGE('',*,*,#15605,.T.);
#15622=ORIENTED_EDGE('',*,*,#15486,.F.);
#15624=ORIENTED_EDGE('',*,*,#15623,.T.);
#15626=ORIENTED_EDGE('',*,*,#15625,.T.);
#15627=ORIENTED_EDGE('',*,*,#15574,.F.);
#15628=EDGE_LOOP('',(#15620,#15621,#15622,#15624,#15626,#15627));
#15629=FACE_OUTER_BOUND('',#15628,.F.);
#15631=CARTESIAN_POINT('',(-6.064505190310E-1,1.643291349481E0,
-1.786447067690E1));
#15632=DIRECTION('',(0.E0,0.E0,-1.E0));
#15633=DIRECTION('',(0.E0,1.E0,0.E0));
#15634=AXIS2_PLACEMENT_3D('',#15631,#15632,#15633);
#15635=CYLINDRICAL_SURFACE('',#15634,1.7E0);
#15636=ORIENTED_EDGE('',*,*,#15625,.F.);
#15637=ORIENTED_EDGE('',*,*,#15623,.F.);
#15638=ORIENTED_EDGE('',*,*,#15484,.T.);
#15640=ORIENTED_EDGE('',*,*,#15639,.F.);
#15642=ORIENTED_EDGE('',*,*,#15641,.F.);
#15643=ORIENTED_EDGE('',*,*,#15576,.T.);
#15644=EDGE_LOOP('',(#15636,#15637,#15638,#15640,#15642,#15643));
#15645=FACE_OUTER_BOUND('',#15644,.F.);
#15647=CARTESIAN_POINT('',(-6.064505190310E-1,1.643291349481E0,-1.885E1));
#15648=DIRECTION('',(0.E0,0.E0,1.E0));
#15649=DIRECTION('',(0.E0,-1.E0,0.E0));
#15650=AXIS2_PLACEMENT_3D('',#15647,#15648,#15649);
#15651=CONICAL_SURFACE('',#15650,1.463419347500E0,2.000000001755E1);
#15653=ORIENTED_EDGE('',*,*,#15652,.T.);
#15654=ORIENTED_EDGE('',*,*,#15639,.T.);
#15655=ORIENTED_EDGE('',*,*,#15482,.F.);
#15657=ORIENTED_EDGE('',*,*,#15656,.F.);
#15658=EDGE_LOOP('',(#15653,#15654,#15655,#15657));
#15659=FACE_OUTER_BOUND('',#15658,.F.);
#15661=CARTESIAN_POINT('',(-6.064505190310E-1,1.643291349481E0,-1.885E1));
#15662=DIRECTION('',(0.E0,0.E0,1.E0));
#15663=DIRECTION('',(0.E0,-1.E0,0.E0));
#15664=AXIS2_PLACEMENT_3D('',#15661,#15662,#15663);
#15665=CONICAL_SURFACE('',#15664,1.463419347500E0,2.000000001755E1);
#15667=ORIENTED_EDGE('',*,*,#15666,.F.);
#15668=ORIENTED_EDGE('',*,*,#15578,.T.);
#15669=ORIENTED_EDGE('',*,*,#15641,.T.);
#15670=ORIENTED_EDGE('',*,*,#15652,.F.);
#15671=EDGE_LOOP('',(#15667,#15668,#15669,#15670));
#15672=FACE_OUTER_BOUND('',#15671,.F.);
#15674=CARTESIAN_POINT('',(-6.064505190359E-1,7.798720019655E-1,-1.95E1));
#15675=DIRECTION('',(0.E0,0.E0,1.E0));
#15676=DIRECTION('',(0.E0,-1.E0,0.E0));
#15677=AXIS2_PLACEMENT_3D('',#15674,#15675,#15676);
#15678=PLANE('',#15677);
#15679=ORIENTED_EDGE('',*,*,#15480,.F.);
#15681=ORIENTED_EDGE('',*,*,#15680,.T.);
#15682=ORIENTED_EDGE('',*,*,#15580,.T.);
#15683=ORIENTED_EDGE('',*,*,#15666,.T.);
#15684=ORIENTED_EDGE('',*,*,#15656,.T.);
#15685=EDGE_LOOP('',(#15679,#15681,#15682,#15683,#15684));
#15686=FACE_OUTER_BOUND('',#15685,.F.);
#15688=CARTESIAN_POINT('',(-6.064505190310E-1,1.143291349481E0,
-1.809949999971E1));
#15689=DIRECTION('',(0.E0,1.E0,0.E0));
#15690=DIRECTION('',(0.E0,0.E0,-1.E0));
#15691=AXIS2_PLACEMENT_3D('',#15688,#15689,#15690);
#15692=PLANE('',#15691);
#15693=ORIENTED_EDGE('',*,*,#15478,.F.);
#15695=ORIENTED_EDGE('',*,*,#15694,.F.);
#15696=ORIENTED_EDGE('',*,*,#15582,.T.);
#15697=ORIENTED_EDGE('',*,*,#15680,.F.);
#15698=EDGE_LOOP('',(#15693,#15695,#15696,#15697));
#15699=FACE_OUTER_BOUND('',#15698,.F.);
#15701=CARTESIAN_POINT('',(-1.750450519031E0,1.642291349481E0,-1.6699E1));
#15702=DIRECTION('',(1.E0,0.E0,0.E0));
#15703=DIRECTION('',(0.E0,0.E0,-1.E0));
#15704=AXIS2_PLACEMENT_3D('',#15701,#15702,#15703);
#15705=CYLINDRICAL_SURFACE('',#15704,4.99E-1);
#15706=ORIENTED_EDGE('',*,*,#15476,.F.);
#15708=ORIENTED_EDGE('',*,*,#15707,.T.);
#15709=ORIENTED_EDGE('',*,*,#15584,.F.);
#15710=ORIENTED_EDGE('',*,*,#15694,.T.);
#15711=EDGE_LOOP('',(#15706,#15708,#15709,#15710));
#15712=FACE_OUTER_BOUND('',#15711,.F.);
#15714=CARTESIAN_POINT('',(-1.750450519031E0,1.644291349481E0,-1.6699E1));
#15715=DIRECTION('',(1.E0,0.E0,0.E0));
#15716=DIRECTION('',(0.E0,0.E0,-1.E0));
#15717=AXIS2_PLACEMENT_3D('',#15714,#15715,#15716);
#15718=CYLINDRICAL_SURFACE('',#15717,4.99E-1);
#15719=ORIENTED_EDGE('',*,*,#15474,.F.);
#15721=ORIENTED_EDGE('',*,*,#15720,.T.);
#15722=ORIENTED_EDGE('',*,*,#15586,.F.);
#15723=ORIENTED_EDGE('',*,*,#15707,.F.);
#15724=EDGE_LOOP('',(#15719,#15721,#15722,#15723));
#15725=FACE_OUTER_BOUND('',#15724,.F.);
#15727=CARTESIAN_POINT('',(-6.064505190310E-1,2.143291349481E0,
-1.809949999949E1));
#15728=DIRECTION('',(0.E0,1.E0,0.E0));
#15729=DIRECTION('',(0.E0,0.E0,1.E0));
#15730=AXIS2_PLACEMENT_3D('',#15727,#15728,#15729);
#15731=PLANE('',#15730);
#15732=ORIENTED_EDGE('',*,*,#15472,.F.);
#15733=ORIENTED_EDGE('',*,*,#15560,.F.);
#15734=ORIENTED_EDGE('',*,*,#15588,.T.);
#15735=ORIENTED_EDGE('',*,*,#15720,.F.);
#15736=EDGE_LOOP('',(#15732,#15733,#15734,#15735));
#15737=FACE_OUTER_BOUND('',#15736,.F.);
#15739=CLOSED_SHELL('',(#7625,#7640,#7655,#7672,#7937,#7952,#7966,#7980,#7993,
#8005,#8020,#8034,#8048,#8061,#8073,#8088,#8102,#8116,#8129,#8141,#8156,#8170,
#8184,#8197,#8209,#8224,#8238,#8252,#8265,#8277,#8292,#8306,#8320,#8333,#8345,
#8360,#8374,#8388,#8401,#8413,#8428,#8442,#8456,#8469,#8481,#8504,#8518,#8547,
#8561,#8575,#8588,#8600,#8617,#8649,#8664,#8683,#8695,#8724,#8743,#8766,#8785,
#8799,#8816,#8830,#8843,#8857,#8871,#8889,#8902,#8915,#9029,#9045,#9058,#9072,
#9091,#9103,#9256,#9271,#9285,#9299,#9312,#9324,#9339,#9353,#9367,#9380,#9392,
#9407,#9421,#9435,#9448,#9460,#9475,#9489,#9503,#9516,#9528,#9543,#9557,#9571,
#9584,#9596,#9611,#9625,#9639,#9652,#9664,#9679,#9693,#9707,#9720,#9732,#9747,
#9761,#9775,#9788,#9800,#9815,#9829,#9842,#9855,#9869,#9887,#9910,#9928,#9940,
#9960,#9974,#10005,#10019,#10032,#10046,#10075,#10092,#10147,#10162,#10177,
#10192,#10206,#10220,#10235,#10250,#10325,#10341,#10353,#10371,#10386,#10400,
#10415,#10430,#10445,#10458,#10471,#10483,#10498,#10511,#10526,#10541,#10556,
#10603,#10618,#10632,#10646,#10686,#10715,#10729,#10745,#10779,#10815,#10828,
#10842,#10868,#10882,#10898,#10912,#10926,#10962,#10981,#10997,#11010,#11049,
#11062,#11076,#11089,#11102,#11117,#11129,#11147,#11162,#11176,#11191,#11206,
#11221,#11234,#11247,#11259,#11274,#11287,#11304,#11329,#11342,#11366,#11382,
#11394,#11406,#11422,#11437,#11452,#11481,#11495,#11526,#11539,#11553,#11565,
#11579,#11593,#11609,#11633,#11647,#11661,#11674,#11689,#11703,#11717,#11733,
#11747,#11766,#11780,#11794,#11828,#11843,#11873,#11888,#11910,#11923,#11939,
#11951,#11963,#11977,#11993,#12008,#12021,#12037,#12067,#12088,#12113,#12126,
#12139,#12157,#12171,#12194,#12208,#12231,#12244,#12257,#12275,#12287,#12303,
#12329,#12342,#12359,#12371,#12384,#12399,#12416,#12429,#12445,#12458,#12474,
#12486,#12500,#12513,#12528,#12541,#12553,#12566,#12580,#12594,#12618,#12632,
#12645,#12659,#12672,#12684,#12701,#12734,#12749,#12778,#12791,#12806,#12818,
#12833,#12844,#12859,#12871,#12883,#12896,#12910,#12923,#12936,#12948,#12963,
#12975,#12987,#12999,#13014,#13027,#13039,#13051,#13071,#13085,#13102,#13117,
#13129,#13147,#13159,#13173,#13189,#13202,#13214,#13230,#13243,#13255,#13267,
#13280,#13292,#13311,#13329,#13346,#13358,#13371,#13384,#13396,#13410,#13422,
#13441,#13454,#13467,#13482,#13494,#13506,#13520,#13534,#13547,#13559,#13571,
#13583,#13596,#13610,#13622,#13635,#13648,#13660,#13671,#13684,#13697,#13710,
#13722,#13734,#13748,#13761,#13774,#13786,#13799,#13812,#13825,#13837,#13848,
#13860,#13878,#13893,#13907,#13922,#13937,#13952,#13967,#13982,#13997,#14012,
#14026,#14039,#14051,#14064,#14077,#14090,#14102,#14119,#14140,#14154,#14166,
#14179,#14191,#14208,#14224,#14238,#14254,#14271,#14282,#14297,#14316,#14334,
#14349,#14364,#14379,#14392,#14404,#14421,#14436,#14450,#14462,#14474,#14486,
#14501,#14514,#14527,#14539,#14551,#14562,#14574,#14586,#14599,#14611,#14631,
#14652,#14663,#14677,#14691,#14703,#14743,#14759,#14798,#14814,#14830,#14846,
#14860,#14873,#14887,#14900,#14913,#14926,#14939,#14954,#14970,#14984,#14997,
#15011,#15024,#15037,#15049,#15064,#15078,#15091,#15104,#15119,#15133,#15146,
#15159,#15174,#15188,#15201,#15214,#15229,#15243,#15256,#15269,#15284,#15298,
#15311,#15324,#15339,#15353,#15366,#15379,#15394,#15408,#15421,#15434,#15454,
#15493,#15506,#15519,#15532,#15549,#15564,#15598,#15614,#15630,#15646,#15660,
#15673,#15687,#15700,#15713,#15726,#15738));
#15740=MANIFOLD_SOLID_BREP('',#15739);
#15742=DIMENSIONAL_EXPONENTS(0.E0,0.E0,0.E0,0.E0,0.E0,0.E0,0.E0);
#15744=PLANE_ANGLE_MEASURE_WITH_UNIT(PLANE_ANGLE_MEASURE(1.745329251994E-2),
#15743);
#15745=(CONVERSION_BASED_UNIT('DEGREE',#15744)NAMED_UNIT(*)PLANE_ANGLE_UNIT());
#15747=UNCERTAINTY_MEASURE_WITH_UNIT(LENGTH_MEASURE(3.087096398384E-3),#15741,
'closure',
'Maximum model space distance between geometric entities at asserted connectivities');
#15750=APPLICATION_CONTEXT(
'CONFIGURATION CONTROLLED 3D DESIGNS OF MECHANICAL PARTS AND ASSEMBLIES');
#15751=APPLICATION_PROTOCOL_DEFINITION('international standard',
'config_control_design',1994,#15750);
#15752=DESIGN_CONTEXT('',#15750,'design');
#15753=MECHANICAL_CONTEXT('',#15750,'mechanical');
#15754=PRODUCT('PRT0008','PRT0008','NOT SPECIFIED',(#15753));
#15755=PRODUCT_DEFINITION_FORMATION_WITH_SPECIFIED_SOURCE('23','LAST_VERSION',
#15754,.MADE.);
#15759=PRODUCT_CATEGORY('part','');
#15760=PRODUCT_RELATED_PRODUCT_CATEGORY('detail','',(#15754));
#15761=PRODUCT_CATEGORY_RELATIONSHIP('','',#15759,#15760);
#15762=SECURITY_CLASSIFICATION_LEVEL('unclassified');
#15763=SECURITY_CLASSIFICATION('','',#15762);
#15764=CC_DESIGN_SECURITY_CLASSIFICATION(#15763,(#15755));
#15765=APPROVAL_STATUS('approved');
#15766=APPROVAL(#15765,'');
#15767=CC_DESIGN_APPROVAL(#15766,(#15763,#15755,#15756));
#15768=CALENDAR_DATE(125,31,3);
#15769=COORDINATED_UNIVERSAL_TIME_OFFSET(8,0,.AHEAD.);
#15770=LOCAL_TIME(14,52,2.5E1,#15769);
#15771=DATE_AND_TIME(#15768,#15770);
#15772=APPROVAL_DATE_TIME(#15771,#15766);
#15773=DATE_TIME_ROLE('creation_date');
#15774=CC_DESIGN_DATE_AND_TIME_ASSIGNMENT(#15771,#15773,(#15756));
#15775=DATE_TIME_ROLE('classification_date');
#15776=CC_DESIGN_DATE_AND_TIME_ASSIGNMENT(#15771,#15775,(#15763));
#15777=PERSON('UNSPECIFIED','UNSPECIFIED',$,$,$,$);
#15778=ORGANIZATION('UNSPECIFIED','UNSPECIFIED','UNSPECIFIED');
#15779=PERSON_AND_ORGANIZATION(#15777,#15778);
#15780=APPROVAL_ROLE('approver');
#15781=APPROVAL_PERSON_ORGANIZATION(#15779,#15766,#15780);
#15782=PERSON_AND_ORGANIZATION_ROLE('creator');
#15783=CC_DESIGN_PERSON_AND_ORGANIZATION_ASSIGNMENT(#15779,#15782,(#15755,
#15756));
#15784=PERSON_AND_ORGANIZATION_ROLE('design_supplier');
#15785=CC_DESIGN_PERSON_AND_ORGANIZATION_ASSIGNMENT(#15779,#15784,(#15755));
#15786=PERSON_AND_ORGANIZATION_ROLE('classification_officer');
#15787=CC_DESIGN_PERSON_AND_ORGANIZATION_ASSIGNMENT(#15779,#15786,(#15763));
#15788=PERSON_AND_ORGANIZATION_ROLE('design_owner');
#15789=CC_DESIGN_PERSON_AND_ORGANIZATION_ASSIGNMENT(#15779,#15788,(#15754));
#13=CIRCLE('',#12,1.550000000001E0);
#20=B_SPLINE_CURVE_WITH_KNOTS('',3,(#14,#15,#16,#17,#18,#19),.UNSPECIFIED.,.F.,
.F.,(4,1,1,4),(0.E0,3.333333333333E-1,6.666666666667E-1,1.E0),.UNSPECIFIED.);
#25=CIRCLE('',#24,1.699999999999E0);
#42=CIRCLE('',#41,1.684168758296E0);
#47=CIRCLE('',#46,1.549999997588E0);
#52=CIRCLE('',#51,1.549999997588E0);
#63=B_SPLINE_CURVE_WITH_KNOTS('',3,(#53,#54,#55,#56,#57,#58,#59,#60,#61,#62),
.UNSPECIFIED.,.F.,.F.,(4,1,1,1,1,1,1,4),(0.E0,1.428571428571E-1,
2.857142857143E-1,4.285714285714E-1,5.714285714286E-1,7.142857142857E-1,
8.571428571429E-1,1.E0),.UNSPECIFIED.);
#764=CIRCLE('',#763,5.E-1);
#793=CIRCLE('',#792,5.E-1);
#806=CIRCLE('',#805,5.E-1);
#831=CIRCLE('',#830,5.E-1);
#836=CIRCLE('',#835,5.E-1);
#913=CIRCLE('',#912,5.E-1);
#926=CIRCLE('',#925,5.E-1);
#953=B_SPLINE_CURVE_WITH_KNOTS('',3,(#943,#944,#945,#946,#947,#948,#949,#950,
#951,#952),.UNSPECIFIED.,.F.,.F.,(4,1,1,1,1,1,1,4),(0.E0,1.428571428571E-1,
2.857142857143E-1,4.285714285714E-1,5.714285714286E-1,7.142857142857E-1,
8.571428571429E-1,1.E0),.UNSPECIFIED.);
#970=CIRCLE('',#969,5.E-1);
#1211=B_SPLINE_CURVE_WITH_KNOTS('',3,(#1203,#1204,#1205,#1206,#1207,#1208,#1209,
#1210),.UNSPECIFIED.,.F.,.F.,(4,1,1,1,1,4),(0.E0,2.E-1,4.E-1,6.E-1,8.E-1,1.E0),
.UNSPECIFIED.);
#1668=CIRCLE('',#1667,5.E-1);
#1721=CIRCLE('',#1720,5.E-1);
#1734=CIRCLE('',#1733,5.E-1);
#1747=CIRCLE('',#1746,5.E-1);
#1780=CIRCLE('',#1779,5.E-1);
#1785=CIRCLE('',#1784,5.E-1);
#1910=CIRCLE('',#1909,1.00000011E-1);
#1923=CIRCLE('',#1922,1.00000011E-1);
#1936=CIRCLE('',#1935,3.50000011E-1);
#1949=CIRCLE('',#1948,3.50000011E-1);
#2082=CIRCLE('',#2081,3.5E-1);
#2095=CIRCLE('',#2094,1.E-1);
#2104=CIRCLE('',#2103,3.5E-1);
#2117=CIRCLE('',#2116,3.5E-1);
#2126=CIRCLE('',#2125,1.E-1);
#2179=CIRCLE('',#2178,3.5E-1);
#2188=CIRCLE('',#2187,1.E-1);
#2197=CIRCLE('',#2196,3.5E-1);
#2202=CIRCLE('',#2201,1.E-1);
#2233=B_SPLINE_CURVE_WITH_KNOTS('',3,(#2223,#2224,#2225,#2226,#2227,#2228,#2229,
#2230,#2231,#2232),.UNSPECIFIED.,.F.,.F.,(4,1,1,1,1,1,1,4),(0.E0,
1.428571428571E-1,2.857142857143E-1,4.285714285714E-1,5.714285714286E-1,
7.142857142857E-1,8.571428571429E-1,1.E0),.UNSPECIFIED.);
#2242=CIRCLE('',#2241,6.49E-1);
#2247=CIRCLE('',#2246,6.49E-1);
#2284=CIRCLE('',#2283,6.E-2);
#2289=CIRCLE('',#2288,6.E-2);
#2318=CIRCLE('',#2317,6.49E-1);
#2323=CIRCLE('',#2322,6.49E-1);
#2337=B_SPLINE_CURVE_WITH_KNOTS('',3,(#2328,#2329,#2330,#2331,#2332,#2333,#2334,
#2335,#2336),.UNSPECIFIED.,.F.,.F.,(4,1,1,1,1,1,4),(0.E0,1.666666666667E-1,
3.333333333333E-1,5.E-1,6.666666666667E-1,8.333333333333E-1,1.E0),
.UNSPECIFIED.);
#2370=CIRCLE('',#2369,1.E-1);
#2408=B_SPLINE_CURVE_WITH_KNOTS('',3,(#2403,#2404,#2405,#2406,#2407),
.UNSPECIFIED.,.F.,.F.,(4,1,4),(0.E0,5.E-1,1.E0),.UNSPECIFIED.);
#2418=B_SPLINE_CURVE_WITH_KNOTS('',3,(#2413,#2414,#2415,#2416,#2417),
.UNSPECIFIED.,.F.,.F.,(4,1,4),(0.E0,5.E-1,1.E0),.UNSPECIFIED.);
#2447=CIRCLE('',#2446,3.5E-1);
#2464=CIRCLE('',#2463,6.25E-2);
#2473=CIRCLE('',#2472,6.49E-1);
#2478=CIRCLE('',#2477,6.49E-1);
#2499=CIRCLE('',#2498,6.25E-2);
#2505=B_SPLINE_CURVE_WITH_KNOTS('',3,(#2500,#2501,#2502,#2503,#2504),
.UNSPECIFIED.,.F.,.F.,(4,1,4),(0.E0,5.E-1,1.E0),.UNSPECIFIED.);
#2526=CIRCLE('',#2525,6.25E-2);
#2543=CIRCLE('',#2542,6.49E-1);
#2548=CIRCLE('',#2547,6.49E-1);
#2557=CIRCLE('',#2556,6.25E-2);
#2574=CIRCLE('',#2573,1.E-1);
#2591=CIRCLE('',#2590,3.5E-1);
#2596=CIRCLE('',#2595,1.E-1);
#2601=CIRCLE('',#2600,1.E-1);
#2610=CIRCLE('',#2609,3.5E-1);
#2627=CIRCLE('',#2626,3.5E-1);
#2643=B_SPLINE_CURVE_WITH_KNOTS('',3,(#2636,#2637,#2638,#2639,#2640,#2641,
#2642),.UNSPECIFIED.,.F.,.F.,(4,1,1,1,4),(0.E0,2.5E-1,5.E-1,7.5E-1,1.E0),
.UNSPECIFIED.);
#2652=CIRCLE('',#2651,3.5E-1);
#2660=B_SPLINE_CURVE_WITH_KNOTS('',3,(#2653,#2654,#2655,#2656,#2657,#2658,
#2659),.UNSPECIFIED.,.F.,.F.,(4,1,1,1,4),(0.E0,2.5E-1,5.E-1,7.5E-1,1.E0),
.UNSPECIFIED.);
#2672=B_SPLINE_CURVE_WITH_KNOTS('',3,(#2665,#2666,#2667,#2668,#2669,#2670,
#2671),.UNSPECIFIED.,.F.,.F.,(4,1,1,1,4),(0.E0,2.5E-1,5.E-1,7.5E-1,1.E0),
.UNSPECIFIED.);
#2733=CIRCLE('',#2732,3.50000011E-1);
#2738=CIRCLE('',#2737,1.00000011E-1);
#2819=CIRCLE('',#2818,1.00000011E-1);
#2828=CIRCLE('',#2827,3.50000011E-1);
#2833=CIRCLE('',#2832,3.5E-1);
#2850=CIRCLE('',#2849,3.5E-1);
#2859=CIRCLE('',#2858,1.E-1);
#2952=CIRCLE('',#2951,3.5E-1);
#2961=CIRCLE('',#2960,1.E-1);
#3018=CIRCLE('',#3017,1.00000003E-1);
#3035=CIRCLE('',#3034,3.50000009E-1);
#3052=CIRCLE('',#3051,3.50000009E-1);
#3057=CIRCLE('',#3056,1.00000009E-1);
#3086=CIRCLE('',#3085,3.50000003E-1);
#3116=B_SPLINE_CURVE_WITH_KNOTS('',3,(#3111,#3112,#3113,#3114,#3115),
.UNSPECIFIED.,.F.,.F.,(4,1,4),(0.E0,5.E-1,1.E0),.UNSPECIFIED.);
#3181=CIRCLE('',#3180,5.E-1);
#3186=CIRCLE('',#3185,5.E-1);
#3191=CIRCLE('',#3190,5.E-1);
#3208=CIRCLE('',#3207,5.E-1);
#3213=CIRCLE('',#3212,5.E-1);
#3222=CIRCLE('',#3221,5.E-1);
#3227=CIRCLE('',#3226,5.E-1);
#3244=CIRCLE('',#3243,5.E-1);
#3253=CIRCLE('',#3252,5.E-1);
#3319=B_SPLINE_CURVE_WITH_KNOTS('',3,(#3314,#3315,#3316,#3317,#3318),
.UNSPECIFIED.,.F.,.F.,(4,1,4),(0.E0,5.E-1,1.E0),.UNSPECIFIED.);
#3400=B_SPLINE_CURVE_WITH_KNOTS('',3,(#3392,#3393,#3394,#3395,#3396,#3397,#3398,
#3399),.UNSPECIFIED.,.F.,.F.,(4,1,1,1,1,4),(0.E0,2.E-1,4.E-1,6.E-1,8.E-1,1.E0),
.UNSPECIFIED.);
#3407=B_SPLINE_CURVE_WITH_KNOTS('',3,(#3401,#3402,#3403,#3404,#3405,#3406),
.UNSPECIFIED.,.F.,.F.,(4,1,1,4),(0.E0,3.333333333333E-1,6.666666666667E-1,1.E0),
.UNSPECIFIED.);
#3446=B_SPLINE_CURVE_WITH_KNOTS('',3,(#3440,#3441,#3442,#3443,#3444,#3445),
.UNSPECIFIED.,.F.,.F.,(4,1,1,4),(0.E0,3.333333333333E-1,6.666666666667E-1,1.E0),
.UNSPECIFIED.);
#3455=B_SPLINE_CURVE_WITH_KNOTS('',3,(#3447,#3448,#3449,#3450,#3451,#3452,#3453,
#3454),.UNSPECIFIED.,.F.,.F.,(4,1,1,1,1,4),(0.E0,2.E-1,4.E-1,6.E-1,8.E-1,1.E0),
.UNSPECIFIED.);
#3472=CIRCLE('',#3471,5.E-1);
#3545=CIRCLE('',#3544,5.E-1);
#3560=B_SPLINE_CURVE_WITH_KNOTS('',3,(#3554,#3555,#3556,#3557,#3558,#3559),
.UNSPECIFIED.,.F.,.F.,(4,1,1,4),(0.E0,3.333333333333E-1,6.666666666667E-1,1.E0),
.UNSPECIFIED.);
#3569=CIRCLE('',#3568,5.E-1);
#3574=CIRCLE('',#3573,5.E-1);
#3579=CIRCLE('',#3578,5.E-1);
#3594=B_SPLINE_CURVE_WITH_KNOTS('',3,(#3588,#3589,#3590,#3591,#3592,#3593),
.UNSPECIFIED.,.F.,.F.,(4,1,1,4),(0.E0,3.333333333333E-1,6.666666666667E-1,1.E0),
.UNSPECIFIED.);
#3623=CIRCLE('',#3622,5.E-1);
#3652=CIRCLE('',#3651,3.49999991E-1);
#3677=CIRCLE('',#3676,9.9999998E-2);
#3690=CIRCLE('',#3689,3.49999998E-1);
#3699=CIRCLE('',#3698,9.9999998E-2);
#3720=CIRCLE('',#3719,3.49999998E-1);
#3741=CIRCLE('',#3740,9.9999991E-2);
#3802=CIRCLE('',#3801,3.49999991E-1);
#3811=CIRCLE('',#3810,9.9999991E-2);
#3912=CIRCLE('',#3911,3.5E-1);
#3921=CIRCLE('',#3920,1.E-1);
#3938=CIRCLE('',#3937,3.5E-1);
#3943=CIRCLE('',#3942,1.E-1);
#3952=CIRCLE('',#3951,3.5E-1);
#4001=CIRCLE('',#4000,5.E-1);
#4038=CIRCLE('',#4037,1.E-1);
#4051=CIRCLE('',#4050,6.E-2);
#4056=CIRCLE('',#4055,6.E-2);
#4062=B_SPLINE_CURVE_WITH_KNOTS('',3,(#4057,#4058,#4059,#4060,#4061),
.UNSPECIFIED.,.F.,.F.,(4,1,4),(0.E0,5.E-1,1.E0),.UNSPECIFIED.);
#4068=B_SPLINE_CURVE_WITH_KNOTS('',3,(#4063,#4064,#4065,#4066,#4067),
.UNSPECIFIED.,.F.,.F.,(4,1,4),(0.E0,5.E-1,1.E0),.UNSPECIFIED.);
#4097=CIRCLE('',#4096,1.E-1);
#4114=CIRCLE('',#4113,2.5E-1);
#4123=CIRCLE('',#4122,2.5E-1);
#4128=CIRCLE('',#4127,2.5E-1);
#4145=CIRCLE('',#4144,2.5E-1);
#4178=CIRCLE('',#4177,3.50000003E-1);
#4183=CIRCLE('',#4182,1.00000003E-1);
#4200=CIRCLE('',#4199,1.E-1);
#4221=CIRCLE('',#4220,2.5E-1);
#4226=CIRCLE('',#4225,2.5E-1);
#4231=CIRCLE('',#4230,1.E-1);
#4256=CIRCLE('',#4255,2.5E-1);
#4273=CIRCLE('',#4272,2.5E-1);
#4279=B_SPLINE_CURVE_WITH_KNOTS('',3,(#4274,#4275,#4276,#4277,#4278),
.UNSPECIFIED.,.F.,.F.,(4,1,4),(0.E0,5.E-1,1.E0),.UNSPECIFIED.);
#4300=CIRCLE('',#4299,5.E-1);
#4321=CIRCLE('',#4320,5.E-1);
#4366=CIRCLE('',#4365,5.E-1);
#4375=CIRCLE('',#4374,5.E-1);
#4380=CIRCLE('',#4379,1.00000009E-1);
#4425=CIRCLE('',#4424,3.5E-1);
#4458=CIRCLE('',#4457,3.5E-1);
#4515=CIRCLE('',#4514,3.5E-1);
#4520=CIRCLE('',#4519,3.499999994223E-1);
#4533=CIRCLE('',#4532,9.999999974387E-2);
#4538=CIRCLE('',#4537,3.499999994223E-1);
#4555=CIRCLE('',#4554,3.499999994223E-1);
#4564=CIRCLE('',#4563,9.999999974387E-2);
#4581=CIRCLE('',#4580,3.50000001E-1);
#4590=CIRCLE('',#4589,1.00000001E-1);
#4607=CIRCLE('',#4606,3.50000001E-1);
#4616=CIRCLE('',#4615,1.00000001E-1);
#4719=B_SPLINE_CURVE_WITH_KNOTS('',3,(#4709,#4710,#4711,#4712,#4713,#4714,#4715,
#4716,#4717,#4718),.UNSPECIFIED.,.F.,.F.,(4,1,1,1,1,1,1,4),(0.E0,
1.428571428571E-1,2.857142857143E-1,4.285714285714E-1,5.714285714286E-1,
7.142857142857E-1,8.571428571429E-1,1.E0),.UNSPECIFIED.);
#4738=B_SPLINE_CURVE_WITH_KNOTS('',3,(#4728,#4729,#4730,#4731,#4732,#4733,#4734,
#4735,#4736,#4737),.UNSPECIFIED.,.F.,.F.,(4,1,1,1,1,1,1,4),(0.E0,
1.428571428571E-1,2.857142857143E-1,4.285714285714E-1,5.714285714286E-1,
7.142857142857E-1,8.571428571429E-1,1.E0),.UNSPECIFIED.);
#4763=CIRCLE('',#4762,9.999999974387E-2);
#4772=CIRCLE('',#4771,3.499999994223E-1);
#4785=CIRCLE('',#4784,3.499999994223E-1);
#4794=CIRCLE('',#4793,9.999999974387E-2);
#4811=CIRCLE('',#4810,3.499999994223E-1);
#4824=CIRCLE('',#4823,3.50000002E-1);
#4829=CIRCLE('',#4828,3.50000002E-1);
#4838=CIRCLE('',#4837,1.00000002E-1);
#4843=CIRCLE('',#4842,1.00000002E-1);
#4884=CIRCLE('',#4883,1.00000002E-1);
#4889=CIRCLE('',#4888,1.00000002E-1);
#4894=CIRCLE('',#4893,3.50000002E-1);
#4899=CIRCLE('',#4898,3.50000002E-1);
#4936=CIRCLE('',#4935,3.499999994223E-1);
#4961=CIRCLE('',#4960,3.499999994223E-1);
#4976=B_SPLINE_CURVE_WITH_KNOTS('',3,(#4966,#4967,#4968,#4969,#4970,#4971,#4972,
#4973,#4974,#4975),.UNSPECIFIED.,.F.,.F.,(4,1,1,1,1,1,1,4),(0.E0,
1.428571428571E-1,2.857142857143E-1,4.285714285714E-1,5.714285714286E-1,
7.142857142857E-1,8.571428571429E-1,1.E0),.UNSPECIFIED.);
#4998=B_SPLINE_CURVE_WITH_KNOTS('',3,(#4993,#4994,#4995,#4996,#4997),
.UNSPECIFIED.,.F.,.F.,(4,1,4),(0.E0,5.E-1,1.E0),.UNSPECIFIED.);
#5019=CIRCLE('',#5018,1.684168757997E0);
#5028=B_SPLINE_CURVE_WITH_KNOTS('',3,(#5020,#5021,#5022,#5023,#5024,#5025,#5026,
#5027),.UNSPECIFIED.,.F.,.F.,(4,1,1,1,1,4),(0.E0,2.E-1,4.E-1,6.E-1,8.E-1,1.E0),
.UNSPECIFIED.);
#5033=CIRCLE('',#5032,1.684168761808E0);
#5044=B_SPLINE_CURVE_WITH_KNOTS('',3,(#5034,#5035,#5036,#5037,#5038,#5039,#5040,
#5041,#5042,#5043),.UNSPECIFIED.,.F.,.F.,(4,1,1,1,1,1,1,4),(0.E0,
1.428571428571E-1,2.857142857143E-1,4.285714285714E-1,5.714285714286E-1,
7.142857142857E-1,8.571428571429E-1,1.E0),.UNSPECIFIED.);
#5049=CIRCLE('',#5048,1.549999997588E0);
#5054=CIRCLE('',#5053,1.549999997588E0);
#5065=B_SPLINE_CURVE_WITH_KNOTS('',3,(#5055,#5056,#5057,#5058,#5059,#5060,#5061,
#5062,#5063,#5064),.UNSPECIFIED.,.F.,.F.,(4,1,1,1,1,1,1,4),(0.E0,
1.428571428571E-1,2.857142857143E-1,4.285714285714E-1,5.714285714286E-1,
7.142857142857E-1,8.571428571429E-1,1.E0),.UNSPECIFIED.);
#5100=B_SPLINE_CURVE_WITH_KNOTS('',3,(#5094,#5095,#5096,#5097,#5098,#5099),
.UNSPECIFIED.,.F.,.F.,(4,1,1,4),(0.E0,3.333333333333E-1,6.666666666667E-1,1.E0),
.UNSPECIFIED.);
#5113=CIRCLE('',#5112,4.99E-1);
#5118=CIRCLE('',#5117,4.99E-1);
#5137=B_SPLINE_CURVE_WITH_KNOTS('',3,(#5127,#5128,#5129,#5130,#5131,#5132,#5133,
#5134,#5135,#5136),.UNSPECIFIED.,.F.,.F.,(4,1,1,1,1,1,1,4),(0.E0,
1.428571428571E-1,2.857142857143E-1,4.285714285714E-1,5.714285714286E-1,
7.142857142857E-1,8.571428571429E-1,1.E0),.UNSPECIFIED.);
#5144=B_SPLINE_CURVE_WITH_KNOTS('',3,(#5138,#5139,#5140,#5141,#5142,#5143),
.UNSPECIFIED.,.F.,.F.,(4,1,1,4),(0.E0,3.333333333333E-1,6.666666666667E-1,1.E0),
.UNSPECIFIED.);
#5149=CIRCLE('',#5148,1.684168758297E0);
#5154=CIRCLE('',#5153,1.549999997589E0);
#5159=CIRCLE('',#5158,1.549999997589E0);
#5170=B_SPLINE_CURVE_WITH_KNOTS('',3,(#5160,#5161,#5162,#5163,#5164,#5165,#5166,
#5167,#5168,#5169),.UNSPECIFIED.,.F.,.F.,(4,1,1,1,1,1,1,4),(0.E0,
1.428571428571E-1,2.857142857143E-1,4.285714285714E-1,5.714285714286E-1,
7.142857142857E-1,8.571428571429E-1,1.E0),.UNSPECIFIED.);
#5181=B_SPLINE_CURVE_WITH_KNOTS('',3,(#5175,#5176,#5177,#5178,#5179,#5180),
.UNSPECIFIED.,.F.,.F.,(4,1,1,4),(0.E0,3.333333333333E-1,6.666666666667E-1,1.E0),
.UNSPECIFIED.);
#5194=CIRCLE('',#5193,4.99E-1);
#5199=CIRCLE('',#5198,4.99E-1);
#5218=B_SPLINE_CURVE_WITH_KNOTS('',3,(#5208,#5209,#5210,#5211,#5212,#5213,#5214,
#5215,#5216,#5217),.UNSPECIFIED.,.F.,.F.,(4,1,1,1,1,1,1,4),(0.E0,
1.428571428571E-1,2.857142857143E-1,4.285714285714E-1,5.714285714286E-1,
7.142857142857E-1,8.571428571429E-1,1.E0),.UNSPECIFIED.);
#5225=B_SPLINE_CURVE_WITH_KNOTS('',3,(#5219,#5220,#5221,#5222,#5223,#5224),
.UNSPECIFIED.,.F.,.F.,(4,1,1,4),(0.E0,3.333333333333E-1,6.666666666667E-1,1.E0),
.UNSPECIFIED.);
#5236=B_SPLINE_CURVE_WITH_KNOTS('',3,(#5226,#5227,#5228,#5229,#5230,#5231,#5232,
#5233,#5234,#5235),.UNSPECIFIED.,.F.,.F.,(4,1,1,1,1,1,1,4),(0.E0,
1.428571428571E-1,2.857142857143E-1,4.285714285714E-1,5.714285714286E-1,
7.142857142857E-1,8.571428571429E-1,1.E0),.UNSPECIFIED.);
#5249=CIRCLE('',#5248,1.7E0);
#5254=CIRCLE('',#5253,1.7E0);
#5259=CIRCLE('',#5258,1.550000000001E0);
#5264=CIRCLE('',#5263,1.550000000001E0);
#5281=CIRCLE('',#5280,1.699999999999E0);
#5292=B_SPLINE_CURVE_WITH_KNOTS('',3,(#5282,#5283,#5284,#5285,#5286,#5287,#5288,
#5289,#5290,#5291),.UNSPECIFIED.,.F.,.F.,(4,1,1,1,1,1,1,4),(0.E0,
1.428571428571E-1,2.857142857143E-1,4.285714285714E-1,5.714285714286E-1,
7.142857142857E-1,8.571428571429E-1,1.E0),.UNSPECIFIED.);
#5297=CIRCLE('',#5296,1.699999999999E0);
#5306=CIRCLE('',#5305,1.226838695001E0);
#5311=CIRCLE('',#5310,1.226838695001E0);
#5332=CIRCLE('',#5331,1.226838695001E0);
#5337=CIRCLE('',#5336,1.226838695001E0);
#5348=B_SPLINE_CURVE_WITH_KNOTS('',3,(#5338,#5339,#5340,#5341,#5342,#5343,#5344,
#5345,#5346,#5347),.UNSPECIFIED.,.F.,.F.,(4,1,1,1,1,1,1,4),(0.E0,
1.428571428571E-1,2.857142857143E-1,4.285714285714E-1,5.714285714286E-1,
7.142857142857E-1,8.571428571429E-1,1.E0),.UNSPECIFIED.);
#5353=CIRCLE('',#5352,1.699999999999E0);
#5358=CIRCLE('',#5357,1.699999999999E0);
#5375=CIRCLE('',#5374,1.549999999999E0);
#5380=CIRCLE('',#5379,1.699999999997E0);
#5401=CIRCLE('',#5400,1.700000000001E0);
#5406=CIRCLE('',#5405,1.550000000003E0);
#5607=CIRCLE('',#5606,1.684168757997E0);
#5612=CIRCLE('',#5611,1.549999997588E0);
#5617=CIRCLE('',#5616,1.549999997588E0);
#5622=CIRCLE('',#5621,1.684168761808E0);
#5628=B_SPLINE_CURVE_WITH_KNOTS('',3,(#5623,#5624,#5625,#5626,#5627),
.UNSPECIFIED.,.F.,.F.,(4,1,4),(0.E0,5.E-1,1.E0),.UNSPECIFIED.);
#5641=CIRCLE('',#5640,4.99E-1);
#5646=CIRCLE('',#5645,4.99E-1);
#5665=B_SPLINE_CURVE_WITH_KNOTS('',3,(#5655,#5656,#5657,#5658,#5659,#5660,#5661,
#5662,#5663,#5664),.UNSPECIFIED.,.F.,.F.,(4,1,1,1,1,1,1,4),(0.E0,
1.428571428571E-1,2.857142857143E-1,4.285714285714E-1,5.714285714286E-1,
7.142857142857E-1,8.571428571429E-1,1.E0),.UNSPECIFIED.);
#5672=B_SPLINE_CURVE_WITH_KNOTS('',3,(#5666,#5667,#5668,#5669,#5670,#5671),
.UNSPECIFIED.,.F.,.F.,(4,1,1,4),(0.E0,3.333333333333E-1,6.666666666667E-1,1.E0),
.UNSPECIFIED.);
#5683=B_SPLINE_CURVE_WITH_KNOTS('',3,(#5673,#5674,#5675,#5676,#5677,#5678,#5679,
#5680,#5681,#5682),.UNSPECIFIED.,.F.,.F.,(4,1,1,1,1,1,1,4),(0.E0,
1.428571428571E-1,2.857142857143E-1,4.285714285714E-1,5.714285714286E-1,
7.142857142857E-1,8.571428571429E-1,1.E0),.UNSPECIFIED.);
#5692=CIRCLE('',#5691,1.699999999999E0);
#5699=B_SPLINE_CURVE_WITH_KNOTS('',3,(#5693,#5694,#5695,#5696,#5697,#5698),
.UNSPECIFIED.,.F.,.F.,(4,1,1,4),(0.E0,3.333333333333E-1,6.666666666667E-1,1.E0),
.UNSPECIFIED.);
#5704=CIRCLE('',#5703,1.550000000001E0);
#5719=B_SPLINE_CURVE_WITH_KNOTS('',3,(#5709,#5710,#5711,#5712,#5713,#5714,#5715,
#5716,#5717,#5718),.UNSPECIFIED.,.F.,.F.,(4,1,1,1,1,1,1,4),(0.E0,
1.428571428571E-1,2.857142857143E-1,4.285714285714E-1,5.714285714286E-1,
7.142857142857E-1,8.571428571429E-1,1.E0),.UNSPECIFIED.);
#5724=CIRCLE('',#5723,1.699999999999E0);
#5729=CIRCLE('',#5728,1.699999999999E0);
#5740=B_SPLINE_CURVE_WITH_KNOTS('',3,(#5730,#5731,#5732,#5733,#5734,#5735,#5736,
#5737,#5738,#5739),.UNSPECIFIED.,.F.,.F.,(4,1,1,1,1,1,1,4),(0.E0,
1.428571428571E-1,2.857142857143E-1,4.285714285714E-1,5.714285714286E-1,
7.142857142857E-1,8.571428571429E-1,1.E0),.UNSPECIFIED.);
#5749=CIRCLE('',#5748,1.226838695001E0);
#5754=CIRCLE('',#5753,1.226838695001E0);
#5777=B_SPLINE_CURVE_WITH_KNOTS('',3,(#5767,#5768,#5769,#5770,#5771,#5772,#5773,
#5774,#5775,#5776),.UNSPECIFIED.,.F.,.F.,(4,1,1,1,1,1,1,4),(0.E0,
1.428571428571E-1,2.857142857143E-1,4.285714285714E-1,5.714285714286E-1,
7.142857142857E-1,8.571428571429E-1,1.E0),.UNSPECIFIED.);
#5784=B_SPLINE_CURVE_WITH_KNOTS('',3,(#5778,#5779,#5780,#5781,#5782,#5783),
.UNSPECIFIED.,.F.,.F.,(4,1,1,4),(0.E0,3.333333333333E-1,6.666666666667E-1,1.E0),
.UNSPECIFIED.);
#5789=CIRCLE('',#5788,4.99E-1);
#5794=CIRCLE('',#5793,4.99E-1);
#5805=B_SPLINE_CURVE_WITH_KNOTS('',3,(#5795,#5796,#5797,#5798,#5799,#5800,#5801,
#5802,#5803,#5804),.UNSPECIFIED.,.F.,.F.,(4,1,1,1,1,1,1,4),(0.E0,
1.428571428571E-1,2.857142857143E-1,4.285714285714E-1,5.714285714286E-1,
7.142857142857E-1,8.571428571429E-1,1.E0),.UNSPECIFIED.);
#5818=CIRCLE('',#5817,1.550000000003E0);
#5823=CIRCLE('',#5822,1.550000000003E0);
#5828=CIRCLE('',#5827,1.700000000002E0);
#5833=CIRCLE('',#5832,1.700000000002E0);
#5850=CIRCLE('',#5849,1.699999999999E0);
#5861=B_SPLINE_CURVE_WITH_KNOTS('',3,(#5851,#5852,#5853,#5854,#5855,#5856,#5857,
#5858,#5859,#5860),.UNSPECIFIED.,.F.,.F.,(4,1,1,1,1,1,1,4),(0.E0,
1.428571428571E-1,2.857142857143E-1,4.285714285714E-1,5.714285714286E-1,
7.142857142857E-1,8.571428571429E-1,1.E0),.UNSPECIFIED.);
#5866=CIRCLE('',#5865,1.699999999999E0);
#5879=CIRCLE('',#5878,1.226838695001E0);
#5884=CIRCLE('',#5883,1.226838695001E0);
#7615=EDGE_CURVE('',#5907,#5908,#25,.T.);
#7617=EDGE_CURVE('',#5907,#5910,#4,.T.);
#7619=EDGE_CURVE('',#5912,#5910,#5729,.T.);
#7621=EDGE_CURVE('',#5912,#5908,#8,.T.);
#7625=ADVANCED_FACE('',(#7624),#7614,.T.);
#7631=EDGE_CURVE('',#5915,#5916,#13,.T.);
#7633=EDGE_CURVE('',#5916,#5907,#20,.T.);
#7636=EDGE_CURVE('',#5908,#5915,#29,.T.);
#7640=ADVANCED_FACE('',(#7639),#7630,.T.);
#7646=EDGE_CURVE('',#5919,#5920,#47,.T.);
#7648=EDGE_CURVE('',#5919,#5916,#33,.T.);
#7651=EDGE_CURVE('',#5915,#5920,#37,.T.);
#7655=ADVANCED_FACE('',(#7654),#7645,.T.);
#7661=EDGE_CURVE('',#7287,#7288,#42,.T.);
#7663=EDGE_CURVE('',#5919,#7288,#5805,.T.);
#7666=EDGE_CURVE('',#5920,#5922,#52,.T.);
#7668=EDGE_CURVE('',#5922,#7287,#63,.T.);
#7672=ADVANCED_FACE('',(#7671),#7660,.F.);
#7678=EDGE_CURVE('',#7576,#7580,#247,.T.);
#7680=EDGE_CURVE('',#7580,#7393,#4029,.T.);
#7682=EDGE_CURVE('',#7284,#7393,#251,.T.);
#7684=EDGE_CURVE('',#7282,#7284,#255,.T.);
#7686=EDGE_CURVE('',#7280,#7282,#259,.T.);
#7688=EDGE_CURVE('',#7279,#7280,#263,.T.);
#7690=EDGE_CURVE('',#7343,#7279,#267,.T.);
#7692=EDGE_CURVE('',#7343,#7344,#3459,.T.);
#7694=EDGE_CURVE('',#7335,#7344,#271,.T.);
#7696=EDGE_CURVE('',#7335,#7336,#3387,.T.);
#7698=EDGE_CURVE('',#7276,#7336,#275,.T.);
#7700=EDGE_CURVE('',#7274,#7276,#279,.T.);
#7702=EDGE_CURVE('',#7272,#7274,#283,.T.);
#7704=EDGE_CURVE('',#7271,#7272,#287,.T.);
#7706=EDGE_CURVE('',#7389,#7271,#291,.T.);
#7708=EDGE_CURVE('',#7389,#7576,#3269,.T.);
#7712=EDGE_CURVE('',#7303,#7304,#343,.T.);
#7714=EDGE_CURVE('',#7303,#7308,#383,.T.);
#7716=EDGE_CURVE('',#7306,#7308,#371,.T.);
#7718=EDGE_CURVE('',#7306,#7304,#359,.T.);
#7722=EDGE_CURVE('',#7311,#7312,#391,.T.);
#7724=EDGE_CURVE('',#7311,#7316,#431,.T.);
#7726=EDGE_CURVE('',#7314,#7316,#419,.T.);
#7728=EDGE_CURVE('',#7314,#7312,#407,.T.);
#7732=EDGE_CURVE('',#7347,#7348,#439,.T.);
#7734=EDGE_CURVE('',#7347,#7352,#479,.T.);
#7736=EDGE_CURVE('',#7350,#7352,#467,.T.);
#7738=EDGE_CURVE('',#7350,#7348,#455,.T.);
#7742=EDGE_CURVE('',#7355,#7356,#487,.T.);
#7744=EDGE_CURVE('',#7355,#7360,#527,.T.);
#7746=EDGE_CURVE('',#7358,#7360,#515,.T.);
#7748=EDGE_CURVE('',#7358,#7356,#503,.T.);
#7752=EDGE_CURVE('',#7363,#7364,#535,.T.);
#7754=EDGE_CURVE('',#7363,#7368,#575,.T.);
#7756=EDGE_CURVE('',#7366,#7368,#563,.T.);
#7758=EDGE_CURVE('',#7366,#7364,#551,.T.);
#7762=EDGE_CURVE('',#7371,#7372,#583,.T.);
#7764=EDGE_CURVE('',#7371,#7376,#623,.T.);
#7766=EDGE_CURVE('',#7374,#7376,#611,.T.);
#7768=EDGE_CURVE('',#7374,#7372,#599,.T.);
#7772=EDGE_CURVE('',#7379,#7380,#631,.T.);
#7774=EDGE_CURVE('',#7379,#7384,#671,.T.);
#7776=EDGE_CURVE('',#7382,#7384,#659,.T.);
#7778=EDGE_CURVE('',#7382,#7380,#647,.T.);
#7782=EDGE_CURVE('',#7397,#7398,#67,.T.);
#7784=EDGE_CURVE('',#7398,#7400,#71,.T.);
#7786=EDGE_CURVE('',#7400,#7402,#75,.T.);
#7788=EDGE_CURVE('',#7402,#7339,#723,.T.);
#7790=EDGE_CURVE('',#7339,#7340,#735,.T.);
#7792=EDGE_CURVE('',#7340,#7405,#743,.T.);
#7794=EDGE_CURVE('',#7405,#7406,#79,.T.);
#7796=EDGE_CURVE('',#7406,#7397,#83,.T.);
#7800=EDGE_CURVE('',#7449,#7450,#87,.T.);
#7802=EDGE_CURVE('',#7450,#7452,#91,.T.);
#7804=EDGE_CURVE('',#7452,#7454,#95,.T.);
#7806=EDGE_CURVE('',#7454,#7456,#99,.T.);
#7808=EDGE_CURVE('',#7456,#7320,#1219,.T.);
#7810=EDGE_CURVE('',#7319,#7320,#1202,.T.);
#7812=EDGE_CURVE('',#7292,#7319,#5622,.T.);
#7814=EDGE_CURVE('',#7292,#7288,#5766,.T.);
#7817=EDGE_CURVE('',#7287,#7290,#5632,.T.);
#7819=EDGE_CURVE('',#7449,#7290,#5607,.T.);
#7823=EDGE_CURVE('',#7459,#7460,#103,.T.);
#7825=EDGE_CURVE('',#7460,#7462,#107,.T.);
#7827=EDGE_CURVE('',#7462,#7464,#111,.T.);
#7829=EDGE_CURVE('',#7464,#7459,#115,.T.);
#7833=EDGE_CURVE('',#7467,#7468,#119,.T.);
#7835=EDGE_CURVE('',#7468,#7470,#123,.T.);
#7837=EDGE_CURVE('',#7470,#7472,#127,.T.);
#7839=EDGE_CURVE('',#7472,#7467,#131,.T.);
#7843=EDGE_CURVE('',#7475,#7476,#135,.T.);
#7845=EDGE_CURVE('',#7476,#7478,#139,.T.);
#7847=EDGE_CURVE('',#7478,#7480,#143,.T.);
#7849=EDGE_CURVE('',#7480,#7475,#147,.T.);
#7853=EDGE_CURVE('',#7483,#7484,#151,.T.);
#7855=EDGE_CURVE('',#7484,#7486,#155,.T.);
#7857=EDGE_CURVE('',#7486,#7488,#159,.T.);
#7859=EDGE_CURVE('',#7488,#7483,#163,.T.);
#7863=EDGE_CURVE('',#7491,#7492,#167,.T.);
#7865=EDGE_CURVE('',#7492,#7494,#171,.T.);
#7867=EDGE_CURVE('',#7494,#7496,#175,.T.);
#7869=EDGE_CURVE('',#7496,#7491,#179,.T.);
#7873=EDGE_CURVE('',#7499,#7500,#183,.T.);
#7875=EDGE_CURVE('',#7500,#7502,#187,.T.);
#7877=EDGE_CURVE('',#7502,#7504,#191,.T.);
#7879=EDGE_CURVE('',#7504,#7499,#195,.T.);
#7883=EDGE_CURVE('',#7507,#7508,#199,.T.);
#7885=EDGE_CURVE('',#7508,#7510,#203,.T.);
#7887=EDGE_CURVE('',#7510,#7512,#207,.T.);
#7889=EDGE_CURVE('',#7512,#7507,#211,.T.);
#7893=EDGE_CURVE('',#7515,#7516,#215,.T.);
#7895=EDGE_CURVE('',#7516,#7518,#219,.T.);
#7897=EDGE_CURVE('',#7518,#7520,#223,.T.);
#7899=EDGE_CURVE('',#7520,#7515,#227,.T.);
#7903=EDGE_CURVE('',#7523,#7524,#231,.T.);
#7905=EDGE_CURVE('',#7524,#7526,#235,.T.);
#7907=EDGE_CURVE('',#7526,#7528,#239,.T.);
#7909=EDGE_CURVE('',#7332,#7528,#5019,.T.);
#7911=EDGE_CURVE('',#7330,#7332,#5174,.T.);
#7913=EDGE_CURVE('',#7328,#7330,#5149,.T.);
#7915=EDGE_CURVE('',#7327,#7328,#5093,.T.);
#7917=EDGE_CURVE('',#7324,#7327,#5033,.T.);
#7919=EDGE_CURVE('',#7323,#7324,#5069,.T.);
#7921=EDGE_CURVE('',#7323,#7530,#5010,.T.);
#7923=EDGE_CURVE('',#7530,#7523,#243,.T.);
#7927=EDGE_CURVE('',#7295,#7296,#295,.T.);
#7929=EDGE_CURVE('',#7295,#7300,#335,.T.);
#7931=EDGE_CURVE('',#7298,#7300,#323,.T.);
#7933=EDGE_CURVE('',#7298,#7296,#311,.T.);
#7937=ADVANCED_FACE('',(#7711,#7721,#7731,#7741,#7751,#7761,#7771,#7781,#7799,
#7822,#7832,#7842,#7852,#7862,#7872,#7882,#7892,#7902,#7926,#7936),#7677,.T.);
#7944=EDGE_CURVE('',#7296,#5976,#299,.T.);
#7946=EDGE_CURVE('',#5976,#5977,#303,.T.);
#7948=EDGE_CURVE('',#5977,#7295,#307,.T.);
#7952=ADVANCED_FACE('',(#7951),#7942,.F.);
#7959=EDGE_CURVE('',#7298,#5979,#315,.T.);
#7961=EDGE_CURVE('',#5979,#5976,#319,.T.);
#7966=ADVANCED_FACE('',(#7965),#7957,.T.);
#7973=EDGE_CURVE('',#7300,#5981,#327,.T.);
#7975=EDGE_CURVE('',#5981,#5979,#331,.T.);
#7980=ADVANCED_FACE('',(#7979),#7971,.T.);
#7988=EDGE_CURVE('',#5977,#5981,#339,.T.);
#7993=ADVANCED_FACE('',(#7992),#7985,.F.);
#8005=ADVANCED_FACE('',(#8004),#7998,.F.);
#8012=EDGE_CURVE('',#7304,#5984,#347,.T.);
#8014=EDGE_CURVE('',#5984,#5985,#351,.T.);
#8016=EDGE_CURVE('',#5985,#7303,#355,.T.);
#8020=ADVANCED_FACE('',(#8019),#8010,.F.);
#8027=EDGE_CURVE('',#7306,#5987,#363,.T.);
#8029=EDGE_CURVE('',#5987,#5984,#367,.T.);
#8034=ADVANCED_FACE('',(#8033),#8025,.T.);
#8041=EDGE_CURVE('',#7308,#5989,#375,.T.);
#8043=EDGE_CURVE('',#5989,#5987,#379,.T.);
#8048=ADVANCED_FACE('',(#8047),#8039,.T.);
#8056=EDGE_CURVE('',#5985,#5989,#387,.T.);
#8061=ADVANCED_FACE('',(#8060),#8053,.F.);
#8073=ADVANCED_FACE('',(#8072),#8066,.F.);
#8080=EDGE_CURVE('',#7312,#5992,#395,.T.);
#8082=EDGE_CURVE('',#5992,#5993,#399,.T.);
#8084=EDGE_CURVE('',#5993,#7311,#403,.T.);
#8088=ADVANCED_FACE('',(#8087),#8078,.F.);
#8095=EDGE_CURVE('',#7314,#5995,#411,.T.);
#8097=EDGE_CURVE('',#5995,#5992,#415,.T.);
#8102=ADVANCED_FACE('',(#8101),#8093,.T.);
#8109=EDGE_CURVE('',#7316,#5997,#423,.T.);
#8111=EDGE_CURVE('',#5997,#5995,#427,.T.);
#8116=ADVANCED_FACE('',(#8115),#8107,.T.);
#8124=EDGE_CURVE('',#5993,#5997,#435,.T.);
#8129=ADVANCED_FACE('',(#8128),#8121,.F.);
#8141=ADVANCED_FACE('',(#8140),#8134,.F.);
#8148=EDGE_CURVE('',#7348,#6923,#443,.T.);
#8150=EDGE_CURVE('',#6923,#6924,#447,.T.);
#8152=EDGE_CURVE('',#6924,#7347,#451,.T.);
#8156=ADVANCED_FACE('',(#8155),#8146,.F.);
#8163=EDGE_CURVE('',#7350,#6926,#459,.T.);
#8165=EDGE_CURVE('',#6926,#6923,#463,.T.);
#8170=ADVANCED_FACE('',(#8169),#8161,.T.);
#8177=EDGE_CURVE('',#7352,#6928,#471,.T.);
#8179=EDGE_CURVE('',#6928,#6926,#475,.T.);
#8184=ADVANCED_FACE('',(#8183),#8175,.T.);
#8192=EDGE_CURVE('',#6924,#6928,#483,.T.);
#8197=ADVANCED_FACE('',(#8196),#8189,.F.);
#8209=ADVANCED_FACE('',(#8208),#8202,.F.);
#8216=EDGE_CURVE('',#7356,#6931,#491,.T.);
#8218=EDGE_CURVE('',#6931,#6932,#495,.T.);
#8220=EDGE_CURVE('',#6932,#7355,#499,.T.);
#8224=ADVANCED_FACE('',(#8223),#8214,.F.);
#8231=EDGE_CURVE('',#7358,#6934,#507,.T.);
#8233=EDGE_CURVE('',#6934,#6931,#511,.T.);
#8238=ADVANCED_FACE('',(#8237),#8229,.T.);
#8245=EDGE_CURVE('',#7360,#6936,#519,.T.);
#8247=EDGE_CURVE('',#6936,#6934,#523,.T.);
#8252=ADVANCED_FACE('',(#8251),#8243,.T.);
#8260=EDGE_CURVE('',#6932,#6936,#531,.T.);
#8265=ADVANCED_FACE('',(#8264),#8257,.F.);
#8277=ADVANCED_FACE('',(#8276),#8270,.F.);
#8284=EDGE_CURVE('',#7364,#6939,#539,.T.);
#8286=EDGE_CURVE('',#6939,#6940,#543,.T.);
#8288=EDGE_CURVE('',#6940,#7363,#547,.T.);
#8292=ADVANCED_FACE('',(#8291),#8282,.F.);
#8299=EDGE_CURVE('',#7366,#6942,#555,.T.);
#8301=EDGE_CURVE('',#6942,#6939,#559,.T.);
#8306=ADVANCED_FACE('',(#8305),#8297,.T.);
#8313=EDGE_CURVE('',#7368,#6944,#567,.T.);
#8315=EDGE_CURVE('',#6944,#6942,#571,.T.);
#8320=ADVANCED_FACE('',(#8319),#8311,.T.);
#8328=EDGE_CURVE('',#6940,#6944,#579,.T.);
#8333=ADVANCED_FACE('',(#8332),#8325,.F.);
#8345=ADVANCED_FACE('',(#8344),#8338,.F.);
#8352=EDGE_CURVE('',#7372,#6947,#587,.T.);
#8354=EDGE_CURVE('',#6947,#6948,#591,.T.);
#8356=EDGE_CURVE('',#6948,#7371,#595,.T.);
#8360=ADVANCED_FACE('',(#8359),#8350,.F.);
#8367=EDGE_CURVE('',#7374,#6950,#603,.T.);
#8369=EDGE_CURVE('',#6950,#6947,#607,.T.);
#8374=ADVANCED_FACE('',(#8373),#8365,.T.);
#8381=EDGE_CURVE('',#7376,#6952,#615,.T.);
#8383=EDGE_CURVE('',#6952,#6950,#619,.T.);
#8388=ADVANCED_FACE('',(#8387),#8379,.T.);
#8396=EDGE_CURVE('',#6948,#6952,#627,.T.);
#8401=ADVANCED_FACE('',(#8400),#8393,.F.);
#8413=ADVANCED_FACE('',(#8412),#8406,.F.);
#8420=EDGE_CURVE('',#7380,#6955,#635,.T.);
#8422=EDGE_CURVE('',#6955,#6956,#639,.T.);
#8424=EDGE_CURVE('',#6956,#7379,#643,.T.);
#8428=ADVANCED_FACE('',(#8427),#8418,.F.);
#8435=EDGE_CURVE('',#7382,#6958,#651,.T.);
#8437=EDGE_CURVE('',#6958,#6955,#655,.T.);
#8442=ADVANCED_FACE('',(#8441),#8433,.T.);
#8449=EDGE_CURVE('',#7384,#6960,#663,.T.);
#8451=EDGE_CURVE('',#6960,#6958,#667,.T.);
#8456=ADVANCED_FACE('',(#8455),#8447,.T.);
#8464=EDGE_CURVE('',#6956,#6960,#675,.T.);
#8469=ADVANCED_FACE('',(#8468),#8461,.F.);
#8481=ADVANCED_FACE('',(#8480),#8474,.F.);
#8487=EDGE_CURVE('',#7398,#6605,#691,.T.);
#8490=EDGE_CURVE('',#6615,#7397,#4337,.T.);
#8492=EDGE_CURVE('',#6615,#6609,#679,.T.);
#8494=EDGE_CURVE('',#6608,#6609,#1767,.T.);
#8496=EDGE_CURVE('',#6608,#6611,#683,.T.);
#8498=EDGE_CURVE('',#6613,#6611,#776,.T.);
#8500=EDGE_CURVE('',#6613,#6605,#687,.T.);
#8504=ADVANCED_FACE('',(#8503),#8486,.T.);
#8510=EDGE_CURVE('',#7400,#6594,#703,.T.);
#8514=EDGE_CURVE('',#6605,#6594,#695,.T.);
#8518=ADVANCED_FACE('',(#8517),#8509,.T.);
#8524=EDGE_CURVE('',#6591,#7402,#699,.T.);
#8528=EDGE_CURVE('',#6594,#6595,#707,.T.);
#8530=EDGE_CURVE('',#6597,#6595,#818,.T.);
#8532=EDGE_CURVE('',#6597,#6599,#711,.T.);
#8534=EDGE_CURVE('',#6601,#6599,#4312,.T.);
#8536=EDGE_CURVE('',#6601,#6603,#715,.T.);
#8538=EDGE_CURVE('',#7406,#6603,#4341,.T.);
#8541=EDGE_CURVE('',#6589,#7405,#755,.T.);
#8543=EDGE_CURVE('',#6589,#6591,#719,.T.);
#8547=ADVANCED_FACE('',(#8546),#8523,.F.);
#8555=EDGE_CURVE('',#6586,#6591,#731,.T.);
#8557=EDGE_CURVE('',#6586,#7339,#727,.T.);
#8561=ADVANCED_FACE('',(#8560),#8552,.F.);
#8567=EDGE_CURVE('',#6586,#6587,#739,.T.);
#8571=EDGE_CURVE('',#6587,#6589,#751,.T.);
#8575=ADVANCED_FACE('',(#8574),#8566,.F.);
#8584=EDGE_CURVE('',#7340,#6587,#747,.T.);
#8588=ADVANCED_FACE('',(#8587),#8580,.T.);
#8600=ADVANCED_FACE('',(#8599),#8593,.T.);
#8606=EDGE_CURVE('',#6647,#6613,#772,.T.);
#8608=EDGE_CURVE('',#6647,#6659,#759,.T.);
#8610=EDGE_CURVE('',#6595,#6659,#822,.T.);
#8617=ADVANCED_FACE('',(#8616),#8605,.F.);
#8623=EDGE_CURVE('',#6381,#6645,#764,.T.);
#8625=EDGE_CURVE('',#6645,#6647,#768,.T.);
#8629=EDGE_CURVE('',#6611,#6643,#780,.T.);
#8631=EDGE_CURVE('',#6643,#6161,#784,.T.);
#8633=EDGE_CURVE('',#6159,#6161,#1166,.T.);
#8635=EDGE_CURVE('',#6159,#6649,#788,.T.);
#8637=EDGE_CURVE('',#6649,#6651,#793,.T.);
#8639=EDGE_CURVE('',#6651,#6653,#797,.T.);
#8641=EDGE_CURVE('',#6653,#6655,#801,.T.);
#8643=EDGE_CURVE('',#6655,#6383,#806,.T.);
#8645=EDGE_CURVE('',#6381,#6383,#868,.T.);
#8649=ADVANCED_FACE('',(#8648),#8622,.T.);
#8655=EDGE_CURVE('',#6657,#6379,#831,.T.);
#8657=EDGE_CURVE('',#6657,#6645,#810,.T.);
#8660=EDGE_CURVE('',#6381,#6379,#814,.T.);
#8664=ADVANCED_FACE('',(#8663),#8654,.T.);
#8672=EDGE_CURVE('',#6659,#6657,#826,.T.);
#8675=EDGE_CURVE('',#6361,#6379,#864,.T.);
#8677=EDGE_CURVE('',#6361,#6359,#836,.T.);
#8679=EDGE_CURVE('',#6359,#6597,#840,.T.);
#8683=ADVANCED_FACE('',(#8682),#8669,.T.);
#8695=ADVANCED_FACE('',(#8694),#8688,.F.);
#8701=EDGE_CURVE('',#6335,#6371,#844,.T.);
#8703=EDGE_CURVE('',#6371,#6373,#848,.T.);
#8705=EDGE_CURVE('',#6373,#6375,#852,.T.);
#8707=EDGE_CURVE('',#6375,#6377,#856,.T.);
#8709=EDGE_CURVE('',#6377,#6271,#860,.T.);
#8711=EDGE_CURVE('',#6361,#6271,#3172,.T.);
#8716=EDGE_CURVE('',#6385,#6383,#957,.T.);
#8718=EDGE_CURVE('',#6387,#6385,#934,.T.);
#8720=EDGE_CURVE('',#6387,#6335,#872,.T.);
#8724=ADVANCED_FACE('',(#8723),#8700,.T.);
#8731=EDGE_CURVE('',#6333,#6335,#892,.T.);
#8733=EDGE_CURVE('',#6792,#6333,#4542,.T.);
#8735=EDGE_CURVE('',#6792,#6483,#876,.T.);
#8737=EDGE_CURVE('',#6481,#6483,#2001,.T.);
#8739=EDGE_CURVE('',#6481,#6371,#880,.T.);
#8743=ADVANCED_FACE('',(#8742),#8729,.T.);
#8749=EDGE_CURVE('',#6264,#6265,#900,.T.);
#8751=EDGE_CURVE('',#6327,#6264,#4684,.T.);
#8753=EDGE_CURVE('',#6327,#6329,#884,.T.);
#8755=EDGE_CURVE('',#6331,#6329,#4550,.T.);
#8757=EDGE_CURVE('',#6331,#6333,#888,.T.);
#8760=EDGE_CURVE('',#6335,#6337,#896,.T.);
#8762=EDGE_CURVE('',#6265,#6337,#917,.T.);
#8766=ADVANCED_FACE('',(#8765),#8748,.F.);
#8773=EDGE_CURVE('',#6265,#6151,#904,.T.);
#8775=EDGE_CURVE('',#6149,#6151,#1146,.T.);
#8777=EDGE_CURVE('',#6149,#6258,#908,.T.);
#8779=EDGE_CURVE('',#6258,#6260,#913,.T.);
#8781=EDGE_CURVE('',#6264,#6260,#4692,.T.);
#8785=ADVANCED_FACE('',(#8784),#8771,.T.);
#8792=EDGE_CURVE('',#6337,#6153,#921,.T.);
#8794=EDGE_CURVE('',#6151,#6153,#1150,.T.);
#8799=ADVANCED_FACE('',(#8798),#8790,.T.);
#8807=EDGE_CURVE('',#6387,#6671,#926,.T.);
#8809=EDGE_CURVE('',#6671,#6155,#930,.T.);
#8811=EDGE_CURVE('',#6153,#6155,#1154,.T.);
#8816=ADVANCED_FACE('',(#8815),#8804,.F.);
#8824=EDGE_CURVE('',#6673,#6385,#953,.T.);
#8826=EDGE_CURVE('',#6673,#6671,#938,.T.);
#8830=ADVANCED_FACE('',(#8829),#8821,.T.);
#8837=EDGE_CURVE('',#6655,#6673,#942,.T.);
#8843=ADVANCED_FACE('',(#8842),#8835,.T.);
#8849=EDGE_CURVE('',#6668,#6653,#961,.T.);
#8851=EDGE_CURVE('',#6673,#6668,#974,.T.);
#8857=ADVANCED_FACE('',(#8856),#8848,.F.);
#8863=EDGE_CURVE('',#6668,#6669,#965,.T.);
#8867=EDGE_CURVE('',#6669,#6651,#978,.T.);
#8871=ADVANCED_FACE('',(#8870),#8862,.T.);
#8878=EDGE_CURVE('',#6669,#6665,#970,.T.);
#8880=EDGE_CURVE('',#6157,#6665,#986,.T.);
#8882=EDGE_CURVE('',#6155,#6157,#1158,.T.);
#8889=ADVANCED_FACE('',(#8888),#8876,.T.);
#8898=EDGE_CURVE('',#6649,#6665,#982,.T.);
#8902=ADVANCED_FACE('',(#8901),#8894,.T.);
#8908=EDGE_CURVE('',#6157,#6159,#1162,.T.);
#8915=ADVANCED_FACE('',(#8914),#8907,.F.);
#8921=EDGE_CURVE('',#6113,#6038,#990,.T.);
#8923=EDGE_CURVE('',#6038,#6039,#994,.T.);
#8925=EDGE_CURVE('',#6039,#6115,#998,.T.);
#8927=EDGE_CURVE('',#6115,#6117,#1002,.T.);
#8929=EDGE_CURVE('',#6117,#6034,#1006,.T.);
#8931=EDGE_CURVE('',#6034,#6035,#1010,.T.);
#8933=EDGE_CURVE('',#6035,#6119,#1014,.T.);
#8935=EDGE_CURVE('',#6119,#6121,#1018,.T.);
#8937=EDGE_CURVE('',#6121,#6030,#1022,.T.);
#8939=EDGE_CURVE('',#6030,#6031,#1026,.T.);
#8941=EDGE_CURVE('',#6031,#6123,#1030,.T.);
#8943=EDGE_CURVE('',#6123,#6125,#1034,.T.);
#8945=EDGE_CURVE('',#6125,#6027,#1038,.T.);
#8947=EDGE_CURVE('',#6027,#6000,#1042,.T.);
#8949=EDGE_CURVE('',#6000,#6001,#1046,.T.);
#8951=EDGE_CURVE('',#6001,#6127,#1050,.T.);
#8953=EDGE_CURVE('',#6127,#6024,#1054,.T.);
#8955=EDGE_CURVE('',#6024,#6025,#1058,.T.);
#8957=EDGE_CURVE('',#6025,#6129,#1062,.T.);
#8959=EDGE_CURVE('',#6129,#6131,#1066,.T.);
#8961=EDGE_CURVE('',#6131,#6020,#1070,.T.);
#8963=EDGE_CURVE('',#6020,#6021,#1074,.T.);
#8965=EDGE_CURVE('',#6021,#6133,#1078,.T.);
#8967=EDGE_CURVE('',#6133,#6135,#1082,.T.);
#8969=EDGE_CURVE('',#6135,#6016,#1086,.T.);
#8971=EDGE_CURVE('',#6016,#6017,#1090,.T.);
#8973=EDGE_CURVE('',#6017,#6137,#1094,.T.);
#8975=EDGE_CURVE('',#6137,#6139,#1098,.T.);
#8977=EDGE_CURVE('',#6139,#6012,#1102,.T.);
#8979=EDGE_CURVE('',#6012,#6013,#1106,.T.);
#8981=EDGE_CURVE('',#6013,#6141,#1110,.T.);
#8983=EDGE_CURVE('',#6141,#6143,#1114,.T.);
#8985=EDGE_CURVE('',#6143,#6008,#1118,.T.);
#8987=EDGE_CURVE('',#6008,#6009,#1122,.T.);
#8989=EDGE_CURVE('',#6009,#6145,#1126,.T.);
#8991=EDGE_CURVE('',#6145,#6147,#1130,.T.);
#8993=EDGE_CURVE('',#6147,#6004,#1134,.T.);
#8995=EDGE_CURVE('',#6004,#6005,#1138,.T.);
#8997=EDGE_CURVE('',#6005,#6149,#1142,.T.);
#9005=EDGE_CURVE('',#6161,#6163,#1170,.T.);
#9007=EDGE_CURVE('',#6165,#6163,#1755,.T.);
#9009=EDGE_CURVE('',#6165,#6167,#1174,.T.);
#9011=EDGE_CURVE('',#6167,#6169,#1178,.T.);
#9013=EDGE_CURVE('',#6171,#6169,#1712,.T.);
#9015=EDGE_CURVE('',#6173,#6171,#1729,.T.);
#9017=EDGE_CURVE('',#6175,#6173,#1676,.T.);
#9019=EDGE_CURVE('',#6042,#6175,#1659,.T.);
#9021=EDGE_CURVE('',#6042,#6043,#1182,.T.);
#9023=EDGE_CURVE('',#6043,#6177,#1186,.T.);
#9025=EDGE_CURVE('',#6177,#6113,#1190,.T.);
#9029=ADVANCED_FACE('',(#9028),#8920,.T.);
#9035=EDGE_CURVE('',#6113,#7409,#1194,.T.);
#9037=EDGE_CURVE('',#7454,#7409,#1235,.T.);
#9040=EDGE_CURVE('',#7452,#6038,#1198,.T.);
#9045=ADVANCED_FACE('',(#9044),#9034,.T.);
#9052=EDGE_CURVE('',#7385,#7320,#1231,.T.);
#9054=EDGE_CURVE('',#7385,#7319,#1211,.T.);
#9058=ADVANCED_FACE('',(#9057),#9050,.F.);
#9066=EDGE_CURVE('',#7410,#6177,#1227,.T.);
#9068=EDGE_CURVE('',#7409,#7410,#1215,.T.);
#9072=ADVANCED_FACE('',(#9071),#9063,.F.);
#9079=EDGE_CURVE('',#7456,#7410,#1223,.T.);
#9083=EDGE_CURVE('',#7450,#6043,#1367,.T.);
#9086=EDGE_CURVE('',#7385,#7449,#5628,.T.);
#9091=ADVANCED_FACE('',(#9090),#9077,.F.);
#9103=ADVANCED_FACE('',(#9102),#9096,.F.);
#9109=EDGE_CURVE('',#7460,#6034,#1635,.T.);
#9112=EDGE_CURVE('',#6039,#7459,#1647,.T.);
#9119=EDGE_CURVE('',#6045,#6042,#1663,.T.);
#9121=EDGE_CURVE('',#6047,#6045,#4727,.T.);
#9123=EDGE_CURVE('',#6047,#6005,#1371,.T.);
#9126=EDGE_CURVE('',#7526,#6004,#5002,.T.);
#9129=EDGE_CURVE('',#6009,#7524,#5077,.T.);
#9132=EDGE_CURVE('',#7520,#6008,#5414,.T.);
#9135=EDGE_CURVE('',#6013,#7518,#5426,.T.);
#9138=EDGE_CURVE('',#7512,#6012,#5442,.T.);
#9141=EDGE_CURVE('',#6017,#7510,#5454,.T.);
#9144=EDGE_CURVE('',#7504,#6016,#5470,.T.);
#9147=EDGE_CURVE('',#6021,#7502,#5482,.T.);
#9150=EDGE_CURVE('',#7496,#6020,#5498,.T.);
#9153=EDGE_CURVE('',#6025,#7494,#5510,.T.);
#9156=EDGE_CURVE('',#7488,#6024,#5526,.T.);
#9159=EDGE_CURVE('',#6000,#7486,#5538,.T.);
#9162=EDGE_CURVE('',#7480,#6027,#5554,.T.);
#9165=EDGE_CURVE('',#6031,#7478,#5566,.T.);
#9168=EDGE_CURVE('',#7472,#6030,#5582,.T.);
#9171=EDGE_CURVE('',#6035,#7470,#5594,.T.);
#9176=EDGE_CURVE('',#6058,#6059,#1255,.T.);
#9178=EDGE_CURVE('',#6059,#6061,#1259,.T.);
#9180=EDGE_CURVE('',#6061,#6063,#1263,.T.);
#9182=EDGE_CURVE('',#6063,#6058,#1267,.T.);
#9186=EDGE_CURVE('',#6066,#6067,#1271,.T.);
#9188=EDGE_CURVE('',#6067,#6069,#1275,.T.);
#9190=EDGE_CURVE('',#6069,#6071,#1279,.T.);
#9192=EDGE_CURVE('',#6071,#6066,#1283,.T.);
#9196=EDGE_CURVE('',#6074,#6075,#1287,.T.);
#9198=EDGE_CURVE('',#6075,#6077,#1291,.T.);
#9200=EDGE_CURVE('',#6077,#6079,#1295,.T.);
#9202=EDGE_CURVE('',#6079,#6074,#1299,.T.);
#9206=EDGE_CURVE('',#6082,#6083,#1303,.T.);
#9208=EDGE_CURVE('',#6083,#6085,#1307,.T.);
#9210=EDGE_CURVE('',#6085,#6087,#1311,.T.);
#9212=EDGE_CURVE('',#6087,#6082,#1315,.T.);
#9216=EDGE_CURVE('',#6090,#6091,#1319,.T.);
#9218=EDGE_CURVE('',#6091,#6093,#1323,.T.);
#9220=EDGE_CURVE('',#6093,#6095,#1327,.T.);
#9222=EDGE_CURVE('',#6095,#6090,#1331,.T.);
#9226=EDGE_CURVE('',#6098,#6099,#1335,.T.);
#9228=EDGE_CURVE('',#6099,#6101,#1339,.T.);
#9230=EDGE_CURVE('',#6101,#6103,#1343,.T.);
#9232=EDGE_CURVE('',#6103,#6098,#1347,.T.);
#9236=EDGE_CURVE('',#6106,#6107,#1351,.T.);
#9238=EDGE_CURVE('',#6107,#6109,#1355,.T.);
#9240=EDGE_CURVE('',#6109,#6111,#1359,.T.);
#9242=EDGE_CURVE('',#6111,#6106,#1363,.T.);
#9246=EDGE_CURVE('',#6050,#6051,#1239,.T.);
#9248=EDGE_CURVE('',#6051,#6053,#1243,.T.);
#9250=EDGE_CURVE('',#6053,#6055,#1247,.T.);
#9252=EDGE_CURVE('',#6055,#6050,#1251,.T.);
#9256=ADVANCED_FACE('',(#9175,#9185,#9195,#9205,#9215,#9225,#9235,#9245,#9255),
#9108,.T.);
#9262=EDGE_CURVE('',#6858,#6051,#1375,.T.);
#9265=EDGE_CURVE('',#6050,#6860,#1379,.T.);
#9267=EDGE_CURVE('',#6860,#6858,#1383,.T.);
#9271=ADVANCED_FACE('',(#9270),#9261,.F.);
#9277=EDGE_CURVE('',#6053,#6862,#1391,.T.);
#9281=EDGE_CURVE('',#6858,#6862,#1387,.T.);
#9285=ADVANCED_FACE('',(#9284),#9276,.T.);
#9292=EDGE_CURVE('',#6862,#6864,#1395,.T.);
#9294=EDGE_CURVE('',#6864,#6055,#1399,.T.);
#9299=ADVANCED_FACE('',(#9298),#9290,.T.);
#9307=EDGE_CURVE('',#6860,#6864,#1403,.T.);
#9312=ADVANCED_FACE('',(#9311),#9304,.F.);
#9324=ADVANCED_FACE('',(#9323),#9317,.F.);
#9330=EDGE_CURVE('',#6866,#6059,#1407,.T.);
#9333=EDGE_CURVE('',#6058,#6868,#1411,.T.);
#9335=EDGE_CURVE('',#6868,#6866,#1415,.T.);
#9339=ADVANCED_FACE('',(#9338),#9329,.F.);
#9346=EDGE_CURVE('',#6866,#6870,#1419,.T.);
#9348=EDGE_CURVE('',#6061,#6870,#1431,.T.);
#9353=ADVANCED_FACE('',(#9352),#9344,.T.);
#9361=EDGE_CURVE('',#6868,#6872,#1423,.T.);
#9363=EDGE_CURVE('',#6872,#6870,#1427,.T.);
#9367=ADVANCED_FACE('',(#9366),#9358,.F.);
#9375=EDGE_CURVE('',#6872,#6063,#1435,.T.);
#9380=ADVANCED_FACE('',(#9379),#9372,.F.);
#9392=ADVANCED_FACE('',(#9391),#9385,.T.);
#9398=EDGE_CURVE('',#6874,#6067,#1439,.T.);
#9401=EDGE_CURVE('',#6066,#6876,#1443,.T.);
#9403=EDGE_CURVE('',#6876,#6874,#1447,.T.);
#9407=ADVANCED_FACE('',(#9406),#9397,.F.);
#9414=EDGE_CURVE('',#6874,#6878,#1451,.T.);
#9416=EDGE_CURVE('',#6069,#6878,#1463,.T.);
#9421=ADVANCED_FACE('',(#9420),#9412,.T.);
#9429=EDGE_CURVE('',#6876,#6880,#1455,.T.);
#9431=EDGE_CURVE('',#6880,#6878,#1459,.T.);
#9435=ADVANCED_FACE('',(#9434),#9426,.F.);
#9443=EDGE_CURVE('',#6880,#6071,#1467,.T.);
#9448=ADVANCED_FACE('',(#9447),#9440,.F.);
#9460=ADVANCED_FACE('',(#9459),#9453,.T.);
#9466=EDGE_CURVE('',#6882,#6075,#1471,.T.);
#9469=EDGE_CURVE('',#6074,#6884,#1475,.T.);
#9471=EDGE_CURVE('',#6884,#6882,#1479,.T.);
#9475=ADVANCED_FACE('',(#9474),#9465,.F.);
#9482=EDGE_CURVE('',#6882,#6886,#1483,.T.);
#9484=EDGE_CURVE('',#6077,#6886,#1495,.T.);
#9489=ADVANCED_FACE('',(#9488),#9480,.T.);
#9497=EDGE_CURVE('',#6884,#6888,#1487,.T.);
#9499=EDGE_CURVE('',#6888,#6886,#1491,.T.);
#9503=ADVANCED_FACE('',(#9502),#9494,.F.);
#9511=EDGE_CURVE('',#6888,#6079,#1499,.T.);
#9516=ADVANCED_FACE('',(#9515),#9508,.F.);
#9528=ADVANCED_FACE('',(#9527),#9521,.T.);
#9534=EDGE_CURVE('',#6890,#6083,#1503,.T.);
#9537=EDGE_CURVE('',#6082,#6892,#1507,.T.);
#9539=EDGE_CURVE('',#6892,#6890,#1511,.T.);
#9543=ADVANCED_FACE('',(#9542),#9533,.F.);
#9549=EDGE_CURVE('',#6085,#6894,#1519,.T.);
#9553=EDGE_CURVE('',#6890,#6894,#1515,.T.);
#9557=ADVANCED_FACE('',(#9556),#9548,.T.);
#9564=EDGE_CURVE('',#6894,#6896,#1523,.T.);
#9566=EDGE_CURVE('',#6896,#6087,#1527,.T.);
#9571=ADVANCED_FACE('',(#9570),#9562,.T.);
#9579=EDGE_CURVE('',#6892,#6896,#1531,.T.);
#9584=ADVANCED_FACE('',(#9583),#9576,.F.);
#9596=ADVANCED_FACE('',(#9595),#9589,.F.);
#9602=EDGE_CURVE('',#6898,#6091,#1535,.T.);
#9605=EDGE_CURVE('',#6090,#6900,#1539,.T.);
#9607=EDGE_CURVE('',#6900,#6898,#1543,.T.);
#9611=ADVANCED_FACE('',(#9610),#9601,.F.);
#9617=EDGE_CURVE('',#6093,#6902,#1551,.T.);
#9621=EDGE_CURVE('',#6898,#6902,#1547,.T.);
#9625=ADVANCED_FACE('',(#9624),#9616,.T.);
#9632=EDGE_CURVE('',#6902,#6904,#1555,.T.);
#9634=EDGE_CURVE('',#6904,#6095,#1559,.T.);
#9639=ADVANCED_FACE('',(#9638),#9630,.T.);
#9647=EDGE_CURVE('',#6900,#6904,#1563,.T.);
#9652=ADVANCED_FACE('',(#9651),#9644,.F.);
#9664=ADVANCED_FACE('',(#9663),#9657,.F.);
#9670=EDGE_CURVE('',#6906,#6099,#1567,.T.);
#9673=EDGE_CURVE('',#6098,#6908,#1571,.T.);
#9675=EDGE_CURVE('',#6908,#6906,#1575,.T.);
#9679=ADVANCED_FACE('',(#9678),#9669,.F.);
#9685=EDGE_CURVE('',#6101,#6910,#1583,.T.);
#9689=EDGE_CURVE('',#6906,#6910,#1579,.T.);
#9693=ADVANCED_FACE('',(#9692),#9684,.T.);
#9700=EDGE_CURVE('',#6910,#6912,#1587,.T.);
#9702=EDGE_CURVE('',#6912,#6103,#1591,.T.);
#9707=ADVANCED_FACE('',(#9706),#9698,.T.);
#9715=EDGE_CURVE('',#6908,#6912,#1595,.T.);
#9720=ADVANCED_FACE('',(#9719),#9712,.F.);
#9732=ADVANCED_FACE('',(#9731),#9725,.F.);
#9738=EDGE_CURVE('',#6914,#6106,#1603,.T.);
#9740=EDGE_CURVE('',#6914,#6916,#1599,.T.);
#9742=EDGE_CURVE('',#6107,#6916,#1619,.T.);
#9747=ADVANCED_FACE('',(#9746),#9737,.T.);
#9755=EDGE_CURVE('',#6111,#6918,#1607,.T.);
#9757=EDGE_CURVE('',#6918,#6914,#1611,.T.);
#9761=ADVANCED_FACE('',(#9760),#9752,.F.);
#9769=EDGE_CURVE('',#6920,#6109,#1627,.T.);
#9771=EDGE_CURVE('',#6920,#6918,#1615,.T.);
#9775=ADVANCED_FACE('',(#9774),#9766,.F.);
#9782=EDGE_CURVE('',#6916,#6920,#1623,.T.);
#9788=ADVANCED_FACE('',(#9787),#9780,.T.);
#9800=ADVANCED_FACE('',(#9799),#9793,.F.);
#9806=EDGE_CURVE('',#6117,#7413,#1631,.T.);
#9808=EDGE_CURVE('',#7462,#7413,#1643,.T.);
#9815=ADVANCED_FACE('',(#9814),#9805,.T.);
#9821=EDGE_CURVE('',#7413,#7414,#1639,.T.);
#9825=EDGE_CURVE('',#7414,#6115,#1655,.T.);
#9829=ADVANCED_FACE('',(#9828),#9820,.F.);
#9836=EDGE_CURVE('',#7464,#7414,#1651,.T.);
#9842=ADVANCED_FACE('',(#9841),#9834,.F.);
#9855=ADVANCED_FACE('',(#9854),#9847,.F.);
#9862=EDGE_CURVE('',#6639,#6175,#1672,.T.);
#9864=EDGE_CURVE('',#6045,#6639,#4746,.T.);
#9869=ADVANCED_FACE('',(#9868),#9860,.F.);
#9875=EDGE_CURVE('',#6323,#6325,#1696,.T.);
#9877=EDGE_CURVE('',#6367,#6323,#4696,.T.);
#9879=EDGE_CURVE('',#6367,#6639,#1668,.T.);
#9883=EDGE_CURVE('',#6325,#6173,#1725,.T.);
#9887=ADVANCED_FACE('',(#9886),#9874,.T.);
#9893=EDGE_CURVE('',#6312,#6313,#1704,.T.);
#9895=EDGE_CURVE('',#6312,#6315,#1680,.T.);
#9897=EDGE_CURVE('',#6315,#6317,#1684,.T.);
#9899=EDGE_CURVE('',#6319,#6317,#4780,.T.);
#9901=EDGE_CURVE('',#6319,#6321,#1688,.T.);
#9903=EDGE_CURVE('',#6321,#6323,#1692,.T.);
#9906=EDGE_CURVE('',#6325,#6313,#1700,.T.);
#9910=ADVANCED_FACE('',(#9909),#9892,.F.);
#9917=EDGE_CURVE('',#6313,#6171,#1708,.T.);
#9920=EDGE_CURVE('',#6169,#6637,#1716,.T.);
#9922=EDGE_CURVE('',#6637,#6397,#1721,.T.);
#9924=EDGE_CURVE('',#6312,#6397,#1829,.T.);
#9928=ADVANCED_FACE('',(#9927),#9915,.F.);
#9940=ADVANCED_FACE('',(#9939),#9933,.F.);
#9947=EDGE_CURVE('',#6641,#6167,#1738,.T.);
#9949=EDGE_CURVE('',#6641,#6633,#1734,.T.);
#9951=EDGE_CURVE('',#6631,#6633,#1797,.T.);
#9953=EDGE_CURVE('',#6635,#6631,#1801,.T.);
#9955=EDGE_CURVE('',#6637,#6635,#4965,.T.);
#9960=ADVANCED_FACE('',(#9959),#9945,.F.);
#9968=EDGE_CURVE('',#6621,#6165,#1751,.T.);
#9970=EDGE_CURVE('',#6641,#6621,#4984,.T.);
#9974=ADVANCED_FACE('',(#9973),#9965,.F.);
#9980=EDGE_CURVE('',#6618,#6619,#1742,.T.);
#9982=EDGE_CURVE('',#6619,#6621,#1747,.T.);
#9986=EDGE_CURVE('',#6163,#6623,#1759,.T.);
#9988=EDGE_CURVE('',#6623,#6608,#1763,.T.);
#9991=EDGE_CURVE('',#6609,#6625,#1771,.T.);
#9993=EDGE_CURVE('',#6625,#6627,#1775,.T.);
#9995=EDGE_CURVE('',#6627,#6403,#1780,.T.);
#9997=EDGE_CURVE('',#6401,#6403,#1833,.T.);
#9999=EDGE_CURVE('',#6401,#6629,#1785,.T.);
#10001=EDGE_CURVE('',#6629,#6618,#1789,.T.);
#10005=ADVANCED_FACE('',(#10004),#9979,.F.);
#10012=EDGE_CURVE('',#6618,#6631,#1793,.T.);
#10015=EDGE_CURVE('',#6619,#6633,#4988,.T.);
#10019=ADVANCED_FACE('',(#10018),#10010,.T.);
#10027=EDGE_CURVE('',#6635,#6629,#1809,.T.);
#10032=ADVANCED_FACE('',(#10031),#10024,.F.);
#10039=EDGE_CURVE('',#6401,#6399,#1805,.T.);
#10041=EDGE_CURVE('',#6635,#6399,#4976,.T.);
#10046=ADVANCED_FACE('',(#10045),#10037,.T.);
#10052=EDGE_CURVE('',#6389,#6305,#1841,.T.);
#10054=EDGE_CURVE('',#6389,#6391,#1813,.T.);
#10056=EDGE_CURVE('',#6391,#6393,#1817,.T.);
#10058=EDGE_CURVE('',#6393,#6395,#1821,.T.);
#10060=EDGE_CURVE('',#6395,#6312,#1825,.T.);
#10063=EDGE_CURVE('',#6399,#6397,#4980,.T.);
#10067=EDGE_CURVE('',#6405,#6403,#4329,.T.);
#10069=EDGE_CURVE('',#6405,#6355,#1837,.T.);
#10071=EDGE_CURVE('',#6305,#6355,#3164,.T.);
#10075=ADVANCED_FACE('',(#10074),#10051,.T.);
#10082=EDGE_CURVE('',#6303,#6305,#1873,.T.);
#10084=EDGE_CURVE('',#6443,#6303,#2422,.T.);
#10086=EDGE_CURVE('',#6441,#6443,#2049,.T.);
#10088=EDGE_CURVE('',#6441,#6389,#1845,.T.);
#10092=ADVANCED_FACE('',(#10091),#10080,.F.);
#10098=EDGE_CURVE('',#7596,#7597,#1849,.T.);
#10100=EDGE_CURVE('',#6290,#7596,#1918,.T.);
#10102=EDGE_CURVE('',#6290,#6291,#1853,.T.);
#10104=EDGE_CURVE('',#6291,#6293,#1857,.T.);
#10106=EDGE_CURVE('',#6295,#6293,#2676,.T.);
#10108=EDGE_CURVE('',#6295,#6297,#1861,.T.);
#10110=EDGE_CURVE('',#6297,#6299,#1865,.T.);
#10112=EDGE_CURVE('',#6299,#6301,#1869,.T.);
#10114=EDGE_CURVE('',#6303,#6301,#2390,.T.);
#10117=EDGE_CURVE('',#6307,#6305,#3160,.T.);
#10119=EDGE_CURVE('',#6309,#6307,#3610,.T.);
#10121=EDGE_CURVE('',#6269,#6309,#3587,.T.);
#10123=EDGE_CURVE('',#6268,#6269,#3553,.T.);
#10125=EDGE_CURVE('',#6271,#6268,#3176,.T.);
#10127=EDGE_CURVE('',#6271,#6273,#1877,.T.);
#10129=EDGE_CURVE('',#6275,#6273,#2398,.T.);
#10131=EDGE_CURVE('',#6275,#6277,#1881,.T.);
#10133=EDGE_CURVE('',#6277,#6279,#1885,.T.);
#10135=EDGE_CURVE('',#6279,#6281,#1889,.T.);
#10137=EDGE_CURVE('',#6283,#6281,#2112,.T.);
#10139=EDGE_CURVE('',#6283,#6285,#1893,.T.);
#10141=EDGE_CURVE('',#6285,#6287,#1897,.T.);
#10143=EDGE_CURVE('',#7597,#6287,#1927,.T.);
#10147=ADVANCED_FACE('',(#10146),#10097,.F.);
#10154=EDGE_CURVE('',#7601,#7597,#1905,.T.);
#10156=EDGE_CURVE('',#7600,#7601,#1961,.T.);
#10158=EDGE_CURVE('',#7600,#7596,#1901,.T.);
#10162=ADVANCED_FACE('',(#10161),#10152,.F.);
#10168=EDGE_CURVE('',#7597,#7608,#1923,.T.);
#10170=EDGE_CURVE('',#7608,#7604,#2778,.T.);
#10172=EDGE_CURVE('',#7601,#7604,#1949,.T.);
#10177=ADVANCED_FACE('',(#10176),#10167,.F.);
#10183=EDGE_CURVE('',#7596,#7609,#1910,.T.);
#10185=EDGE_CURVE('',#7609,#6705,#1914,.T.);
#10187=EDGE_CURVE('',#6290,#6705,#2738,.T.);
#10192=ADVANCED_FACE('',(#10191),#10182,.F.);
#10200=EDGE_CURVE('',#6728,#6287,#2819,.T.);
#10202=EDGE_CURVE('',#6728,#7608,#1931,.T.);
#10206=ADVANCED_FACE('',(#10205),#10197,.F.);
#10214=EDGE_CURVE('',#7600,#7605,#1936,.T.);
#10216=EDGE_CURVE('',#7605,#7609,#2782,.T.);
#10220=ADVANCED_FACE('',(#10219),#10211,.F.);
#10227=EDGE_CURVE('',#7600,#6457,#1940,.T.);
#10229=EDGE_CURVE('',#6706,#6457,#2733,.T.);
#10231=EDGE_CURVE('',#6706,#7605,#1944,.T.);
#10235=ADVANCED_FACE('',(#10234),#10225,.T.);
#10242=EDGE_CURVE('',#7604,#6716,#1953,.T.);
#10244=EDGE_CURVE('',#6460,#6716,#2828,.T.);
#10246=EDGE_CURVE('',#6460,#7601,#1957,.T.);
#10250=ADVANCED_FACE('',(#10249),#10240,.T.);
#10258=EDGE_CURVE('',#6460,#6461,#1965,.T.);
#10260=EDGE_CURVE('',#6461,#6463,#1969,.T.);
#10262=EDGE_CURVE('',#6465,#6463,#2086,.T.);
#10264=EDGE_CURVE('',#6465,#6467,#1973,.T.);
#10266=EDGE_CURVE('',#6467,#6469,#1977,.T.);
#10268=EDGE_CURVE('',#6469,#6471,#1981,.T.);
#10270=EDGE_CURVE('',#6473,#6471,#2426,.T.);
#10272=EDGE_CURVE('',#6473,#6475,#1985,.T.);
#10274=EDGE_CURVE('',#6475,#6477,#1989,.T.);
#10276=EDGE_CURVE('',#6477,#6479,#1993,.T.);
#10278=EDGE_CURVE('',#6479,#6481,#1997,.T.);
#10281=EDGE_CURVE('',#6483,#6485,#2005,.T.);
#10283=EDGE_CURVE('',#6487,#6485,#4524,.T.);
#10285=EDGE_CURVE('',#6487,#6409,#2009,.T.);
#10287=EDGE_CURVE('',#6409,#6407,#2013,.T.);
#10289=EDGE_CURVE('',#6407,#6413,#2017,.T.);
#10291=EDGE_CURVE('',#6413,#6417,#2021,.T.);
#10293=EDGE_CURVE('',#6417,#6431,#2025,.T.);
#10295=EDGE_CURVE('',#6430,#6431,#4798,.T.);
#10297=EDGE_CURVE('',#6430,#6433,#2029,.T.);
#10299=EDGE_CURVE('',#6433,#6435,#2033,.T.);
#10301=EDGE_CURVE('',#6435,#6437,#2037,.T.);
#10303=EDGE_CURVE('',#6437,#6439,#2041,.T.);
#10305=EDGE_CURVE('',#6439,#6441,#2045,.T.);
#10308=EDGE_CURVE('',#6445,#6443,#2434,.T.);
#10310=EDGE_CURVE('',#6445,#6447,#2053,.T.);
#10312=EDGE_CURVE('',#6447,#6449,#2057,.T.);
#10314=EDGE_CURVE('',#6449,#6451,#2061,.T.);
#10316=EDGE_CURVE('',#6453,#6451,#2631,.T.);
#10318=EDGE_CURVE('',#6453,#6455,#2065,.T.);
#10320=EDGE_CURVE('',#6455,#6457,#2069,.T.);
#10325=ADVANCED_FACE('',(#10324),#10255,.T.);
#10331=EDGE_CURVE('',#6772,#6461,#2073,.T.);
#10334=EDGE_CURVE('',#6287,#6460,#2823,.T.);
#10337=EDGE_CURVE('',#6285,#6772,#2077,.T.);
#10341=ADVANCED_FACE('',(#10340),#10330,.F.);
#10349=EDGE_CURVE('',#6772,#6463,#2082,.T.);
#10353=ADVANCED_FACE('',(#10352),#10346,.T.);
#10361=EDGE_CURVE('',#6774,#6772,#2104,.T.);
#10363=EDGE_CURVE('',#6774,#6776,#2090,.T.);
#10365=EDGE_CURVE('',#6778,#6776,#2117,.T.);
#10367=EDGE_CURVE('',#6465,#6778,#4515,.T.);
#10371=ADVANCED_FACE('',(#10370),#10358,.T.);
#10378=EDGE_CURVE('',#6283,#6780,#2095,.T.);
#10380=EDGE_CURVE('',#6780,#6774,#2099,.T.);
#10386=ADVANCED_FACE('',(#10385),#10376,.F.);
#10392=EDGE_CURVE('',#6782,#6281,#2126,.T.);
#10394=EDGE_CURVE('',#6782,#6780,#2108,.T.);
#10400=ADVANCED_FACE('',(#10399),#10391,.F.);
#10407=EDGE_CURVE('',#6776,#6782,#2121,.T.);
#10411=EDGE_CURVE('',#6279,#6778,#2130,.T.);
#10415=ADVANCED_FACE('',(#10414),#10405,.T.);
#10421=EDGE_CURVE('',#6785,#6786,#2134,.T.);
#10423=EDGE_CURVE('',#6782,#6786,#2162,.T.);
#10426=EDGE_CURVE('',#6785,#6776,#2154,.T.);
#10430=ADVANCED_FACE('',(#10429),#10420,.F.);
#10436=EDGE_CURVE('',#6785,#6788,#2138,.T.);
#10438=EDGE_CURVE('',#6788,#6790,#2142,.T.);
#10440=EDGE_CURVE('',#6790,#6786,#2146,.T.);
#10445=ADVANCED_FACE('',(#10444),#10435,.F.);
#10452=EDGE_CURVE('',#6774,#6788,#2150,.T.);
#10458=ADVANCED_FACE('',(#10457),#10450,.F.);
#10465=EDGE_CURVE('',#6790,#6780,#2158,.T.);
#10471=ADVANCED_FACE('',(#10470),#10463,.F.);
#10483=ADVANCED_FACE('',(#10482),#10476,.T.);
#10490=EDGE_CURVE('',#6277,#6469,#2166,.T.);
#10493=EDGE_CURVE('',#6467,#6778,#2170,.T.);
#10498=ADVANCED_FACE('',(#10497),#10488,.F.);
#10504=EDGE_CURVE('',#6471,#6275,#2183,.T.);
#10511=ADVANCED_FACE('',(#10510),#10503,.T.);
#10517=EDGE_CURVE('',#6493,#6489,#2174,.T.);
#10519=EDGE_CURVE('',#6489,#6471,#2179,.T.);
#10522=EDGE_CURVE('',#6275,#6493,#2188,.T.);
#10526=ADVANCED_FACE('',(#10525),#10516,.F.);
#10532=EDGE_CURVE('',#6496,#6497,#2192,.T.);
#10534=EDGE_CURVE('',#6497,#6489,#2197,.T.);
#10537=EDGE_CURVE('',#6493,#6496,#2202,.T.);
#10541=ADVANCED_FACE('',(#10540),#10531,.T.);
#10547=EDGE_CURVE('',#6499,#6496,#2259,.T.);
#10549=EDGE_CURVE('',#6499,#6501,#2206,.T.);
#10551=EDGE_CURVE('',#6497,#6501,#2309,.T.);
#10556=ADVANCED_FACE('',(#10555),#10546,.T.);
#10562=EDGE_CURVE('',#7267,#6964,#2271,.T.);
#10564=EDGE_CURVE('',#7263,#7267,#2284,.T.);
#10566=EDGE_CURVE('',#7260,#7263,#2210,.T.);
#10568=EDGE_CURVE('',#7256,#7260,#4051,.T.);
#10570=EDGE_CURVE('',#7256,#7180,#2214,.T.);
#10572=EDGE_CURVE('',#7183,#7180,#2218,.T.);
#10574=EDGE_CURVE('',#7183,#7250,#2222,.T.);
#10576=EDGE_CURVE('',#7250,#7247,#2233,.T.);
#10578=EDGE_CURVE('',#6967,#7247,#4084,.T.);
#10580=EDGE_CURVE('',#6967,#6968,#2237,.T.);
#10582=EDGE_CURVE('',#6506,#6968,#4486,.T.);
#10584=EDGE_CURVE('',#6506,#6507,#2242,.T.);
#10586=EDGE_CURVE('',#6507,#6509,#2247,.T.);
#10588=EDGE_CURVE('',#6971,#6509,#4510,.T.);
#10590=EDGE_CURVE('',#6971,#6972,#2251,.T.);
#10592=EDGE_CURVE('',#6503,#6972,#4388,.T.);
#10594=EDGE_CURVE('',#6503,#6499,#2255,.T.);
#10597=EDGE_CURVE('',#6963,#6496,#2374,.T.);
#10599=EDGE_CURVE('',#6963,#6964,#2263,.T.);
#10603=ADVANCED_FACE('',(#10602),#10561,.T.);
#10609=EDGE_CURVE('',#7267,#7268,#2267,.T.);
#10612=EDGE_CURVE('',#6980,#6964,#2275,.T.);
#10614=EDGE_CURVE('',#6980,#7268,#2279,.T.);
#10618=ADVANCED_FACE('',(#10617),#10608,.F.);
#10624=EDGE_CURVE('',#7263,#7264,#2293,.T.);
#10628=EDGE_CURVE('',#7268,#7264,#2289,.T.);
#10632=ADVANCED_FACE('',(#10631),#10623,.F.);
#10639=EDGE_CURVE('',#7259,#7264,#2301,.T.);
#10641=EDGE_CURVE('',#7259,#7260,#2297,.T.);
#10646=ADVANCED_FACE('',(#10645),#10637,.F.);
#10655=EDGE_CURVE('',#6979,#6980,#2305,.T.);
#10657=EDGE_CURVE('',#6497,#6979,#4466,.T.);
#10660=EDGE_CURVE('',#6511,#6501,#4396,.T.);
#10662=EDGE_CURVE('',#6988,#6511,#3039,.T.);
#10664=EDGE_CURVE('',#6987,#6988,#2313,.T.);
#10666=EDGE_CURVE('',#6521,#6987,#4506,.T.);
#10668=EDGE_CURVE('',#6521,#6523,#2318,.T.);
#10670=EDGE_CURVE('',#6523,#6525,#2323,.T.);
#10672=EDGE_CURVE('',#6984,#6525,#4490,.T.);
#10674=EDGE_CURVE('',#6983,#6984,#2327,.T.);
#10676=EDGE_CURVE('',#7246,#6983,#4076,.T.);
#10678=EDGE_CURVE('',#7246,#7252,#2337,.T.);
#10680=EDGE_CURVE('',#7253,#7252,#2341,.T.);
#10682=EDGE_CURVE('',#7259,#7253,#4056,.T.);
#10686=ADVANCED_FACE('',(#10685),#10651,.F.);
#10693=EDGE_CURVE('',#6963,#7044,#2370,.T.);
#10695=EDGE_CURVE('',#7042,#7044,#2382,.T.);
#10697=EDGE_CURVE('',#7033,#7042,#2574,.T.);
#10699=EDGE_CURVE('',#7033,#7034,#2530,.T.);
#10701=EDGE_CURVE('',#7034,#6992,#2517,.T.);
#10703=EDGE_CURVE('',#6991,#6992,#2494,.T.);
#10705=EDGE_CURVE('',#6991,#7046,#2447,.T.);
#10707=EDGE_CURVE('',#7046,#7048,#2442,.T.);
#10709=EDGE_CURVE('',#6979,#7048,#4458,.T.);
#10715=ADVANCED_FACE('',(#10714),#10691,.T.);
#10721=EDGE_CURVE('',#6968,#6984,#2345,.T.);
#10724=EDGE_CURVE('',#6967,#6983,#4080,.T.);
#10729=ADVANCED_FACE('',(#10728),#10720,.T.);
#10735=EDGE_CURVE('',#6996,#7038,#2349,.T.);
#10737=EDGE_CURVE('',#6995,#6996,#2468,.T.);
#10739=EDGE_CURVE('',#6995,#7037,#4291,.T.);
#10741=EDGE_CURVE('',#7037,#7038,#2552,.T.);
#10745=ADVANCED_FACE('',(#10744),#10734,.T.);
#10751=EDGE_CURVE('',#7061,#6976,#3086,.T.);
#10753=EDGE_CURVE('',#6975,#6976,#3069,.T.);
#10755=EDGE_CURVE('',#6972,#6975,#4380,.T.);
#10758=EDGE_CURVE('',#6987,#6971,#2353,.T.);
#10761=EDGE_CURVE('',#6988,#7024,#3035,.T.);
#10763=EDGE_CURVE('',#7024,#7022,#3030,.T.);
#10765=EDGE_CURVE('',#7021,#7022,#3018,.T.);
#10767=EDGE_CURVE('',#7021,#7018,#2989,.T.);
#10769=EDGE_CURVE('',#7018,#7016,#4173,.T.);
#10771=EDGE_CURVE('',#7015,#7016,#4165,.T.);
#10773=EDGE_CURVE('',#7070,#7015,#3484,.T.);
#10775=EDGE_CURVE('',#7070,#7061,#2357,.T.);
#10779=ADVANCED_FACE('',(#10778),#10750,.T.);
#10785=EDGE_CURVE('',#7011,#7090,#3643,.T.);
#10787=EDGE_CURVE('',#7011,#7012,#3781,.T.);
#10789=EDGE_CURVE('',#7012,#7028,#3777,.T.);
#10791=EDGE_CURVE('',#7027,#7028,#3753,.T.);
#10793=EDGE_CURVE('',#7004,#7027,#3741,.T.);
#10795=EDGE_CURVE('',#7002,#7004,#3732,.T.);
#10797=EDGE_CURVE('',#7002,#7000,#3720,.T.);
#10799=EDGE_CURVE('',#6999,#7000,#2482,.T.);
#10801=EDGE_CURVE('',#7040,#6999,#2361,.T.);
#10803=EDGE_CURVE('',#7040,#7030,#2538,.T.);
#10805=EDGE_CURVE('',#7007,#7030,#3677,.T.);
#10807=EDGE_CURVE('',#7007,#7008,#3668,.T.);
#10809=EDGE_CURVE('',#7008,#7092,#3652,.T.);
#10811=EDGE_CURVE('',#7090,#7092,#2365,.T.);
#10815=ADVANCED_FACE('',(#10814),#10784,.T.);
#10824=EDGE_CURVE('',#6493,#7044,#2378,.T.);
#10828=ADVANCED_FACE('',(#10827),#10820,.F.);
#10836=EDGE_CURVE('',#6685,#6493,#2394,.T.);
#10838=EDGE_CURVE('',#7042,#6685,#2578,.T.);
#10842=ADVANCED_FACE('',(#10841),#10833,.F.);
#10848=EDGE_CURVE('',#6273,#6303,#2386,.T.);
#10851=EDGE_CURVE('',#6685,#6301,#2601,.T.);
#10858=EDGE_CURVE('',#7569,#7570,#2402,.T.);
#10860=EDGE_CURVE('',#7571,#7570,#2408,.T.);
#10862=EDGE_CURVE('',#7573,#7571,#2412,.T.);
#10864=EDGE_CURVE('',#7569,#7573,#2418,.T.);
#10868=ADVANCED_FACE('',(#10857,#10867),#10847,.F.);
#10874=EDGE_CURVE('',#6443,#6473,#2438,.T.);
#10878=EDGE_CURVE('',#6473,#6273,#4470,.T.);
#10882=ADVANCED_FACE('',(#10881),#10873,.F.);
#10890=EDGE_CURVE('',#6489,#6491,#2430,.T.);
#10892=EDGE_CURVE('',#6445,#6491,#2610,.T.);
#10898=ADVANCED_FACE('',(#10897),#10887,.T.);
#10905=EDGE_CURVE('',#6491,#7046,#2455,.T.);
#10908=EDGE_CURVE('',#7048,#6489,#4462,.T.);
#10912=ADVANCED_FACE('',(#10911),#10903,.T.);
#10919=EDGE_CURVE('',#6991,#6529,#2451,.T.);
#10921=EDGE_CURVE('',#6491,#6529,#2591,.T.);
#10926=ADVANCED_FACE('',(#10925),#10917,.T.);
#10932=EDGE_CURVE('',#7231,#7232,#2459,.T.);
#10934=EDGE_CURVE('',#7231,#7224,#2464,.T.);
#10936=EDGE_CURVE('',#6995,#7224,#4295,.T.);
#10939=EDGE_CURVE('',#6532,#6996,#4449,.T.);
#10941=EDGE_CURVE('',#6532,#6533,#2473,.T.);
#10943=EDGE_CURVE('',#6533,#6535,#2478,.T.);
#10945=EDGE_CURVE('',#6999,#6535,#4433,.T.);
#10948=EDGE_CURVE('',#6537,#7000,#3728,.T.);
#10950=EDGE_CURVE('',#6537,#6528,#2486,.T.);
#10952=EDGE_CURVE('',#6528,#6529,#2490,.T.);
#10956=EDGE_CURVE('',#7219,#6992,#2513,.T.);
#10958=EDGE_CURVE('',#7219,#7232,#2499,.T.);
#10962=ADVANCED_FACE('',(#10961),#10931,.T.);
#10969=EDGE_CURVE('',#7232,#7233,#2505,.T.);
#10971=EDGE_CURVE('',#7233,#7235,#4231,.T.);
#10973=EDGE_CURVE('',#7237,#7235,#4216,.T.);
#10975=EDGE_CURVE('',#7237,#7239,#4200,.T.);
#10977=EDGE_CURVE('',#7239,#7231,#4279,.T.);
#10981=ADVANCED_FACE('',(#10980),#10967,.T.);
#10989=EDGE_CURVE('',#7219,#7220,#2509,.T.);
#10991=EDGE_CURVE('',#7226,#7220,#2526,.T.);
#10993=EDGE_CURVE('',#7226,#7233,#4235,.T.);
#10997=ADVANCED_FACE('',(#10996),#10986,.F.);
#11006=EDGE_CURVE('',#7034,#7220,#2521,.T.);
#11010=ADVANCED_FACE('',(#11009),#11002,.F.);
#11019=EDGE_CURVE('',#6541,#7033,#2582,.T.);
#11021=EDGE_CURVE('',#6541,#6539,#2534,.T.);
#11023=EDGE_CURVE('',#6543,#6539,#3707,.T.);
#11025=EDGE_CURVE('',#7030,#6543,#3681,.T.);
#11028=EDGE_CURVE('',#6679,#7040,#4429,.T.);
#11030=EDGE_CURVE('',#6679,#6681,#2543,.T.);
#11032=EDGE_CURVE('',#6681,#6683,#2548,.T.);
#11034=EDGE_CURVE('',#7038,#6683,#4453,.T.);
#11037=EDGE_CURVE('',#7223,#7037,#4287,.T.);
#11039=EDGE_CURVE('',#7223,#7228,#2557,.T.);
#11041=EDGE_CURVE('',#7228,#7175,#2561,.T.);
#11043=EDGE_CURVE('',#7175,#7172,#2565,.T.);
#11045=EDGE_CURVE('',#7172,#7226,#2569,.T.);
#11049=ADVANCED_FACE('',(#11048),#11015,.F.);
#11057=EDGE_CURVE('',#6541,#6685,#2596,.T.);
#11062=ADVANCED_FACE('',(#11061),#11054,.F.);
#11068=EDGE_CURVE('',#6685,#6491,#2586,.T.);
#11071=EDGE_CURVE('',#6541,#6529,#3715,.T.);
#11076=ADVANCED_FACE('',(#11075),#11067,.T.);
#11083=EDGE_CURVE('',#6301,#6445,#2605,.T.);
#11089=ADVANCED_FACE('',(#11088),#11081,.T.);
#11096=EDGE_CURVE('',#6299,#6447,#2614,.T.);
#11102=ADVANCED_FACE('',(#11101),#11094,.T.);
#11108=EDGE_CURVE('',#6687,#6449,#2618,.T.);
#11113=EDGE_CURVE('',#6297,#6687,#2622,.T.);
#11117=ADVANCED_FACE('',(#11116),#11107,.T.);
#11125=EDGE_CURVE('',#6687,#6451,#2627,.T.);
#11129=ADVANCED_FACE('',(#11128),#11122,.F.);
#11137=EDGE_CURVE('',#6689,#6687,#2652,.T.);
#11139=EDGE_CURVE('',#6689,#6691,#2635,.T.);
#11141=EDGE_CURVE('',#6691,#6692,#2643,.T.);
#11143=EDGE_CURVE('',#6453,#6692,#4425,.T.);
#11147=ADVANCED_FACE('',(#11146),#11134,.T.);
#11154=EDGE_CURVE('',#6693,#6295,#2672,.T.);
#11156=EDGE_CURVE('',#6693,#6689,#2647,.T.);
#11162=ADVANCED_FACE('',(#11161),#11152,.T.);
#11168=EDGE_CURVE('',#6293,#6694,#2660,.T.);
#11170=EDGE_CURVE('',#6694,#6693,#2664,.T.);
#11176=ADVANCED_FACE('',(#11175),#11167,.F.);
#11183=EDGE_CURVE('',#6691,#6694,#2680,.T.);
#11187=EDGE_CURVE('',#6291,#6692,#2684,.T.);
#11191=ADVANCED_FACE('',(#11190),#11181,.F.);
#11197=EDGE_CURVE('',#6697,#6698,#2688,.T.);
#11199=EDGE_CURVE('',#6694,#6698,#2704,.T.);
#11202=EDGE_CURVE('',#6697,#6691,#2712,.T.);
#11206=ADVANCED_FACE('',(#11205),#11196,.F.);
#11212=EDGE_CURVE('',#6700,#6698,#2692,.T.);
#11215=EDGE_CURVE('',#6697,#6702,#2696,.T.);
#11217=EDGE_CURVE('',#6702,#6700,#2700,.T.);
#11221=ADVANCED_FACE('',(#11220),#11211,.F.);
#11230=EDGE_CURVE('',#6700,#6693,#2708,.T.);
#11234=ADVANCED_FACE('',(#11233),#11226,.F.);
#11243=EDGE_CURVE('',#6689,#6702,#2716,.T.);
#11247=ADVANCED_FACE('',(#11246),#11239,.F.);
#11259=ADVANCED_FACE('',(#11258),#11252,.T.);
#11266=EDGE_CURVE('',#6290,#6457,#2720,.T.);
#11269=EDGE_CURVE('',#6455,#6692,#2724,.T.);
#11274=ADVANCED_FACE('',(#11273),#11264,.T.);
#11280=EDGE_CURVE('',#6705,#6706,#2728,.T.);
#11287=ADVANCED_FACE('',(#11286),#11279,.T.);
#11293=EDGE_CURVE('',#6708,#6706,#2742,.T.);
#11296=EDGE_CURVE('',#6705,#6710,#2746,.T.);
#11298=EDGE_CURVE('',#6710,#6712,#2750,.T.);
#11300=EDGE_CURVE('',#6712,#6708,#2754,.T.);
#11304=ADVANCED_FACE('',(#11303),#11292,.T.);
#11310=EDGE_CURVE('',#7604,#7605,#2758,.T.);
#11314=EDGE_CURVE('',#6708,#6718,#2762,.T.);
#11316=EDGE_CURVE('',#6720,#6718,#3929,.T.);
#11318=EDGE_CURVE('',#6720,#6722,#2766,.T.);
#11320=EDGE_CURVE('',#6724,#6722,#2837,.T.);
#11322=EDGE_CURVE('',#6724,#6715,#2770,.T.);
#11324=EDGE_CURVE('',#6715,#6716,#2774,.T.);
#11329=ADVANCED_FACE('',(#11328),#11309,.F.);
#11337=EDGE_CURVE('',#7608,#7609,#2786,.T.);
#11342=ADVANCED_FACE('',(#11341),#11334,.T.);
#11350=EDGE_CURVE('',#6727,#6728,#2802,.T.);
#11352=EDGE_CURVE('',#6727,#6734,#2790,.T.);
#11354=EDGE_CURVE('',#6733,#6734,#2969,.T.);
#11356=EDGE_CURVE('',#6733,#6736,#2794,.T.);
#11358=EDGE_CURVE('',#6738,#6736,#3960,.T.);
#11360=EDGE_CURVE('',#6738,#6710,#2798,.T.);
#11366=ADVANCED_FACE('',(#11365),#11347,.T.);
#11373=EDGE_CURVE('',#6728,#6716,#2806,.T.);
#11376=EDGE_CURVE('',#6715,#6730,#2810,.T.);
#11378=EDGE_CURVE('',#6730,#6727,#2814,.T.);
#11382=ADVANCED_FACE('',(#11381),#11371,.F.);
#11394=ADVANCED_FACE('',(#11393),#11387,.F.);
#11402=EDGE_CURVE('',#6724,#6730,#2833,.T.);
#11406=ADVANCED_FACE('',(#11405),#11399,.F.);
#11413=EDGE_CURVE('',#6746,#6722,#2850,.T.);
#11415=EDGE_CURVE('',#6746,#6744,#2841,.T.);
#11417=EDGE_CURVE('',#6730,#6744,#2952,.T.);
#11422=ADVANCED_FACE('',(#11421),#11411,.T.);
#11428=EDGE_CURVE('',#6742,#6746,#2845,.T.);
#11431=EDGE_CURVE('',#6722,#6733,#2854,.T.);
#11433=EDGE_CURVE('',#6733,#6742,#2859,.T.);
#11437=ADVANCED_FACE('',(#11436),#11427,.F.);
#11443=EDGE_CURVE('',#6742,#6748,#2863,.T.);
#11445=EDGE_CURVE('',#6748,#6750,#2867,.T.);
#11447=EDGE_CURVE('',#6750,#6746,#2871,.T.);
#11452=ADVANCED_FACE('',(#11451),#11442,.F.);
#11458=EDGE_CURVE('',#6752,#6748,#2875,.T.);
#11461=EDGE_CURVE('',#6740,#6742,#2965,.T.);
#11463=EDGE_CURVE('',#6740,#6752,#2879,.T.);
#11467=EDGE_CURVE('',#7104,#7127,#2883,.T.);
#11469=EDGE_CURVE('',#7102,#7104,#2887,.T.);
#11471=EDGE_CURVE('',#7100,#7102,#2891,.T.);
#11473=EDGE_CURVE('',#7099,#7100,#2895,.T.);
#11475=EDGE_CURVE('',#7128,#7099,#2899,.T.);
#11477=EDGE_CURVE('',#7127,#7128,#2903,.T.);
#11481=ADVANCED_FACE('',(#11466,#11480),#11457,.T.);
#11487=EDGE_CURVE('',#6754,#6750,#2907,.T.);
#11491=EDGE_CURVE('',#6752,#6754,#2911,.T.);
#11495=ADVANCED_FACE('',(#11494),#11486,.T.);
#11503=EDGE_CURVE('',#6754,#6744,#2915,.T.);
#11508=EDGE_CURVE('',#7112,#7130,#2919,.T.);
#11510=EDGE_CURVE('',#7116,#7130,#2923,.T.);
#11512=EDGE_CURVE('',#7115,#7116,#2927,.T.);
#11514=EDGE_CURVE('',#7132,#7115,#2931,.T.);
#11516=EDGE_CURVE('',#7132,#7107,#2935,.T.);
#11518=EDGE_CURVE('',#7107,#7108,#2939,.T.);
#11520=EDGE_CURVE('',#7108,#7110,#2943,.T.);
#11522=EDGE_CURVE('',#7110,#7112,#2947,.T.);
#11526=ADVANCED_FACE('',(#11507,#11525),#11500,.F.);
#11534=EDGE_CURVE('',#6744,#6740,#2956,.T.);
#11539=ADVANCED_FACE('',(#11538),#11531,.T.);
#11547=EDGE_CURVE('',#6740,#6734,#2961,.T.);
#11553=ADVANCED_FACE('',(#11552),#11544,.T.);
#11565=ADVANCED_FACE('',(#11564),#11558,.F.);
#11571=EDGE_CURVE('',#7127,#7130,#2973,.T.);
#11574=EDGE_CURVE('',#7112,#7104,#2977,.T.);
#11579=ADVANCED_FACE('',(#11578),#11570,.F.);
#11585=EDGE_CURVE('',#7128,#7132,#2981,.T.);
#11588=EDGE_CURVE('',#7107,#7099,#4420,.T.);
#11593=ADVANCED_FACE('',(#11592),#11584,.F.);
#11599=EDGE_CURVE('',#7119,#7120,#3001,.T.);
#11601=EDGE_CURVE('',#7119,#7116,#2985,.T.);
#11605=EDGE_CURVE('',#7120,#7127,#4400,.T.);
#11609=ADVANCED_FACE('',(#11608),#11598,.T.);
#11616=EDGE_CURVE('',#6583,#7021,#3026,.T.);
#11618=EDGE_CURVE('',#6583,#6581,#2993,.T.);
#11620=EDGE_CURVE('',#6581,#7018,#2997,.T.);
#11625=EDGE_CURVE('',#7120,#7122,#3005,.T.);
#11627=EDGE_CURVE('',#7122,#7124,#3009,.T.);
#11629=EDGE_CURVE('',#7124,#7119,#3013,.T.);
#11633=ADVANCED_FACE('',(#11623,#11632),#11614,.F.);
#11640=EDGE_CURVE('',#7022,#6519,#3022,.T.);
#11642=EDGE_CURVE('',#6583,#6519,#4183,.T.);
#11647=ADVANCED_FACE('',(#11646),#11638,.F.);
#11654=EDGE_CURVE('',#6515,#7024,#3043,.T.);
#11656=EDGE_CURVE('',#6519,#6515,#3065,.T.);
#11661=ADVANCED_FACE('',(#11660),#11652,.F.);
#11669=EDGE_CURVE('',#6515,#6511,#3052,.T.);
#11674=ADVANCED_FACE('',(#11673),#11666,.T.);
#11680=EDGE_CURVE('',#6514,#6515,#3047,.T.);
#11683=EDGE_CURVE('',#6503,#6511,#4392,.T.);
#11685=EDGE_CURVE('',#6503,#6514,#3057,.T.);
#11689=ADVANCED_FACE('',(#11688),#11679,.T.);
#11696=EDGE_CURVE('',#6514,#6517,#3061,.T.);
#11698=EDGE_CURVE('',#6519,#6517,#4187,.T.);
#11703=ADVANCED_FACE('',(#11702),#11694,.T.);
#11710=EDGE_CURVE('',#6517,#6976,#3081,.T.);
#11713=EDGE_CURVE('',#6975,#6514,#4384,.T.);
#11717=ADVANCED_FACE('',(#11716),#11708,.T.);
#11723=EDGE_CURVE('',#7061,#7062,#3073,.T.);
#11725=EDGE_CURVE('',#7062,#6577,#3077,.T.);
#11727=EDGE_CURVE('',#6517,#6577,#4178,.T.);
#11733=ADVANCED_FACE('',(#11732),#11722,.T.);
#11741=EDGE_CURVE('',#7070,#7058,#3090,.T.);
#11743=EDGE_CURVE('',#7058,#7062,#3496,.T.);
#11747=ADVANCED_FACE('',(#11746),#11738,.F.);
#11753=EDGE_CURVE('',#7056,#7343,#3102,.T.);
#11755=EDGE_CURVE('',#7056,#7058,#3500,.T.);
#11758=EDGE_CURVE('',#7070,#6579,#3094,.T.);
#11760=EDGE_CURVE('',#6579,#6675,#3098,.T.);
#11762=EDGE_CURVE('',#7343,#6675,#3463,.T.);
#11766=ADVANCED_FACE('',(#11765),#11752,.T.);
#11774=EDGE_CURVE('',#7055,#7279,#3106,.T.);
#11776=EDGE_CURVE('',#7055,#7056,#3504,.T.);
#11780=ADVANCED_FACE('',(#11779),#11771,.F.);
#11788=EDGE_CURVE('',#7068,#7280,#3128,.T.);
#11790=EDGE_CURVE('',#7068,#7055,#3508,.T.);
#11794=ADVANCED_FACE('',(#11793),#11785,.F.);
#11800=EDGE_CURVE('',#7549,#7550,#3110,.T.);
#11802=EDGE_CURVE('',#7550,#7538,#3116,.T.);
#11804=EDGE_CURVE('',#7536,#7538,#3120,.T.);
#11806=EDGE_CURVE('',#6343,#7536,#3549,.T.);
#11808=EDGE_CURVE('',#7066,#6343,#3540,.T.);
#11810=EDGE_CURVE('',#7068,#7066,#3124,.T.);
#11814=EDGE_CURVE('',#7072,#7282,#4021,.T.);
#11816=EDGE_CURVE('',#7184,#7072,#3132,.T.);
#11818=EDGE_CURVE('',#7184,#7179,#3136,.T.);
#11820=EDGE_CURVE('',#7534,#7179,#3140,.T.);
#11822=EDGE_CURVE('',#7533,#7534,#4005,.T.);
#11824=EDGE_CURVE('',#7533,#7549,#3144,.T.);
#11828=ADVANCED_FACE('',(#11827),#11799,.F.);
#11834=EDGE_CURVE('',#7585,#7593,#3148,.T.);
#11836=EDGE_CURVE('',#7593,#7550,#3227,.T.);
#11839=EDGE_CURVE('',#7549,#7585,#3253,.T.);
#11843=ADVANCED_FACE('',(#11842),#11833,.T.);
#11849=EDGE_CURVE('',#7565,#7566,#3156,.T.);
#11851=EDGE_CURVE('',#7592,#7566,#3583,.T.);
#11853=EDGE_CURVE('',#7592,#7593,#3217,.T.);
#11856=EDGE_CURVE('',#7581,#7585,#3248,.T.);
#11858=EDGE_CURVE('',#7580,#7581,#4025,.T.);
#11861=EDGE_CURVE('',#7576,#7577,#3265,.T.);
#11863=EDGE_CURVE('',#7583,#7577,#3235,.T.);
#11865=EDGE_CURVE('',#7588,#7583,#3231,.T.);
#11867=EDGE_CURVE('',#7588,#7589,#3203,.T.);
#11869=EDGE_CURVE('',#7589,#7565,#3195,.T.);
#11873=ADVANCED_FACE('',(#11872),#11848,.F.);
#11880=EDGE_CURVE('',#7571,#7560,#3152,.T.);
#11882=EDGE_CURVE('',#7560,#7562,#4370,.T.);
#11884=EDGE_CURVE('',#7573,#7562,#4357,.T.);
#11888=ADVANCED_FACE('',(#11887),#11878,.F.);
#11895=EDGE_CURVE('',#6307,#7565,#3191,.T.);
#11899=EDGE_CURVE('',#6357,#6355,#4321,.T.);
#11901=EDGE_CURVE('',#6357,#6359,#3168,.T.);
#11906=EDGE_CURVE('',#7566,#6268,#3574,.T.);
#11910=ADVANCED_FACE('',(#11909),#11893,.T.);
#11916=EDGE_CURVE('',#7565,#7544,#3181,.T.);
#11918=EDGE_CURVE('',#7544,#6307,#3186,.T.);
#11923=ADVANCED_FACE('',(#11922),#11915,.T.);
#11930=EDGE_CURVE('',#7553,#7589,#3213,.T.);
#11932=EDGE_CURVE('',#7546,#7553,#3319,.T.);
#11934=EDGE_CURVE('',#7544,#7546,#3199,.T.);
#11939=ADVANCED_FACE('',(#11938),#11928,.F.);
#11946=EDGE_CURVE('',#7553,#7588,#3208,.T.);
#11951=ADVANCED_FACE('',(#11950),#11944,.F.);
#11958=EDGE_CURVE('',#7592,#7550,#3222,.T.);
#11963=ADVANCED_FACE('',(#11962),#11956,.F.);
#11970=EDGE_CURVE('',#7583,#7554,#3244,.T.);
#11972=EDGE_CURVE('',#7553,#7554,#3285,.T.);
#11977=ADVANCED_FACE('',(#11976),#11968,.T.);
#11984=EDGE_CURVE('',#7390,#7577,#3277,.T.);
#11986=EDGE_CURVE('',#7541,#7390,#3239,.T.);
#11988=EDGE_CURVE('',#7554,#7541,#3289,.T.);
#11993=ADVANCED_FACE('',(#11992),#11982,.F.);
#12002=EDGE_CURVE('',#7394,#7533,#3257,.T.);
#12004=EDGE_CURVE('',#7394,#7581,#3261,.T.);
#12008=ADVANCED_FACE('',(#12007),#11998,.F.);
#12016=EDGE_CURVE('',#7389,#7390,#3273,.T.);
#12021=ADVANCED_FACE('',(#12020),#12013,.T.);
#12027=EDGE_CURVE('',#7541,#7542,#3281,.T.);
#12031=EDGE_CURVE('',#7075,#7389,#4191,.T.);
#12033=EDGE_CURVE('',#7542,#7075,#3339,.T.);
#12037=ADVANCED_FACE('',(#12036),#12026,.T.);
#12046=EDGE_CURVE('',#7171,#7542,#3293,.T.);
#12048=EDGE_CURVE('',#7176,#7171,#3297,.T.);
#12050=EDGE_CURVE('',#7084,#7176,#3301,.T.);
#12052=EDGE_CURVE('',#7084,#7272,#3305,.T.);
#12055=EDGE_CURVE('',#7086,#7274,#3363,.T.);
#12057=EDGE_CURVE('',#7096,#7086,#3309,.T.);
#12059=EDGE_CURVE('',#7096,#6351,#3313,.T.);
#12061=EDGE_CURVE('',#7544,#6351,#3602,.T.);
#12067=ADVANCED_FACE('',(#12066),#12042,.T.);
#12073=EDGE_CURVE('',#7086,#7079,#3323,.T.);
#12075=EDGE_CURVE('',#7079,#7080,#3327,.T.);
#12077=EDGE_CURVE('',#7080,#7082,#3331,.T.);
#12079=EDGE_CURVE('',#7082,#7088,#3335,.T.);
#12081=EDGE_CURVE('',#7094,#7088,#3627,.T.);
#12083=EDGE_CURVE('',#7096,#7094,#3614,.T.);
#12088=ADVANCED_FACE('',(#12087),#12072,.F.);
#12095=EDGE_CURVE('',#7075,#7076,#3343,.T.);
#12097=EDGE_CURVE('',#7076,#7084,#3347,.T.);
#12100=EDGE_CURVE('',#7176,#7196,#3351,.T.);
#12102=EDGE_CURVE('',#7200,#7196,#4273,.T.);
#12104=EDGE_CURVE('',#7200,#7192,#3355,.T.);
#12106=EDGE_CURVE('',#7190,#7192,#4256,.T.);
#12108=EDGE_CURVE('',#7171,#7190,#3359,.T.);
#12113=ADVANCED_FACE('',(#12112),#12093,.F.);
#12121=EDGE_CURVE('',#7079,#7276,#3367,.T.);
#12126=ADVANCED_FACE('',(#12125),#12118,.T.);
#12134=EDGE_CURVE('',#7336,#7080,#3371,.T.);
#12139=ADVANCED_FACE('',(#12138),#12131,.T.);
#12146=EDGE_CURVE('',#7336,#6565,#3375,.T.);
#12148=EDGE_CURVE('',#6565,#6558,#3379,.T.);
#12150=EDGE_CURVE('',#6558,#7090,#3383,.T.);
#12152=EDGE_CURVE('',#7090,#7082,#3664,.T.);
#12157=ADVANCED_FACE('',(#12156),#12144,.T.);
#12164=EDGE_CURVE('',#6567,#7335,#3419,.T.);
#12166=EDGE_CURVE('',#6567,#6565,#3391,.T.);
#12171=ADVANCED_FACE('',(#12170),#12162,.F.);
#12177=EDGE_CURVE('',#6345,#7335,#3423,.T.);
#12179=EDGE_CURVE('',#6345,#6344,#3400,.T.);
#12181=EDGE_CURVE('',#6344,#6353,#3407,.T.);
#12183=EDGE_CURVE('',#6353,#6561,#3411,.T.);
#12185=EDGE_CURVE('',#6561,#7011,#3415,.T.);
#12187=EDGE_CURVE('',#6559,#7011,#3639,.T.);
#12189=EDGE_CURVE('',#6567,#6559,#4001,.T.);
#12194=ADVANCED_FACE('',(#12193),#12176,.T.);
#12202=EDGE_CURVE('',#7344,#6347,#3427,.T.);
#12204=EDGE_CURVE('',#6345,#6347,#3598,.T.);
#12208=ADVANCED_FACE('',(#12207),#12199,.F.);
#12215=EDGE_CURVE('',#7344,#6573,#3431,.T.);
#12217=EDGE_CURVE('',#6572,#6573,#3472,.T.);
#12219=EDGE_CURVE('',#7015,#6572,#3488,.T.);
#12221=EDGE_CURVE('',#7015,#6569,#3435,.T.);
#12223=EDGE_CURVE('',#6569,#6339,#3439,.T.);
#12225=EDGE_CURVE('',#6339,#6338,#3446,.T.);
#12227=EDGE_CURVE('',#6338,#6347,#3455,.T.);
#12231=ADVANCED_FACE('',(#12230),#12213,.T.);
#12239=EDGE_CURVE('',#6675,#6573,#3467,.T.);
#12244=ADVANCED_FACE('',(#12243),#12236,.T.);
#12251=EDGE_CURVE('',#6572,#6579,#3492,.T.);
#12257=ADVANCED_FACE('',(#12256),#12249,.F.);
#12263=EDGE_CURVE('',#7064,#7062,#3476,.T.);
#12265=EDGE_CURVE('',#7064,#6341,#3480,.T.);
#12267=EDGE_CURVE('',#6339,#6341,#3564,.T.);
#12270=EDGE_CURVE('',#6577,#6569,#4149,.T.);
#12275=ADVANCED_FACE('',(#12274),#12262,.F.);
#12287=ADVANCED_FACE('',(#12286),#12280,.F.);
#12299=EDGE_CURVE('',#7066,#7064,#3536,.T.);
#12303=ADVANCED_FACE('',(#12302),#12292,.T.);
#12309=EDGE_CURVE('',#7534,#7051,#3512,.T.);
#12312=EDGE_CURVE('',#7179,#7204,#3516,.T.);
#12314=EDGE_CURVE('',#7208,#7204,#4145,.T.);
#12316=EDGE_CURVE('',#7216,#7208,#3520,.T.);
#12318=EDGE_CURVE('',#7214,#7216,#4114,.T.);
#12320=EDGE_CURVE('',#7184,#7214,#3524,.T.);
#12323=EDGE_CURVE('',#7052,#7072,#3528,.T.);
#12325=EDGE_CURVE('',#7051,#7052,#3532,.T.);
#12329=ADVANCED_FACE('',(#12328),#12308,.T.);
#12337=EDGE_CURVE('',#6343,#6341,#3545,.T.);
#12342=ADVANCED_FACE('',(#12341),#12334,.F.);
#12349=EDGE_CURVE('',#6268,#7536,#3579,.T.);
#12352=EDGE_CURVE('',#6269,#6338,#3560,.T.);
#12359=ADVANCED_FACE('',(#12358),#12347,.T.);
#12365=EDGE_CURVE('',#7536,#7566,#3569,.T.);
#12371=ADVANCED_FACE('',(#12370),#12364,.T.);
#12384=ADVANCED_FACE('',(#12383),#12376,.F.);
#12391=EDGE_CURVE('',#6309,#6344,#3594,.T.);
#12399=ADVANCED_FACE('',(#12398),#12389,.T.);
#12407=EDGE_CURVE('',#6350,#6351,#3623,.T.);
#12409=EDGE_CURVE('',#6350,#6353,#3606,.T.);
#12416=ADVANCED_FACE('',(#12415),#12404,.T.);
#12423=EDGE_CURVE('',#7094,#6350,#3618,.T.);
#12429=ADVANCED_FACE('',(#12428),#12421,.F.);
#12436=EDGE_CURVE('',#6553,#7088,#3660,.T.);
#12438=EDGE_CURVE('',#6553,#6561,#3631,.T.);
#12445=ADVANCED_FACE('',(#12444),#12434,.T.);
#12452=EDGE_CURVE('',#6558,#6559,#3635,.T.);
#12458=ADVANCED_FACE('',(#12457),#12450,.T.);
#12464=EDGE_CURVE('',#7092,#7088,#3647,.T.);
#12467=EDGE_CURVE('',#7008,#6551,#3656,.T.);
#12469=EDGE_CURVE('',#6553,#6551,#3802,.T.);
#12474=ADVANCED_FACE('',(#12473),#12463,.T.);
#12486=ADVANCED_FACE('',(#12485),#12479,.T.);
#12493=EDGE_CURVE('',#6547,#7007,#3685,.T.);
#12495=EDGE_CURVE('',#6547,#6551,#3672,.T.);
#12500=ADVANCED_FACE('',(#12499),#12491,.F.);
#12508=EDGE_CURVE('',#6547,#6543,#3699,.T.);
#12513=ADVANCED_FACE('',(#12512),#12505,.F.);
#12519=EDGE_CURVE('',#6537,#6543,#3703,.T.);
#12521=EDGE_CURVE('',#6537,#6545,#3690,.T.);
#12523=EDGE_CURVE('',#6545,#6547,#3694,.T.);
#12528=ADVANCED_FACE('',(#12527),#12518,.T.);
#12536=EDGE_CURVE('',#6528,#6539,#3711,.T.);
#12541=ADVANCED_FACE('',(#12540),#12533,.T.);
#12553=ADVANCED_FACE('',(#12552),#12546,.T.);
#12560=EDGE_CURVE('',#7002,#6545,#3724,.T.);
#12566=ADVANCED_FACE('',(#12565),#12558,.T.);
#12573=EDGE_CURVE('',#6549,#7004,#3749,.T.);
#12575=EDGE_CURVE('',#6549,#6545,#3736,.T.);
#12580=ADVANCED_FACE('',(#12579),#12571,.T.);
#12587=EDGE_CURVE('',#7027,#6555,#3745,.T.);
#12589=EDGE_CURVE('',#6549,#6555,#3811,.T.);
#12594=ADVANCED_FACE('',(#12593),#12585,.F.);
#12601=EDGE_CURVE('',#7028,#6677,#3757,.T.);
#12603=EDGE_CURVE('',#6555,#6677,#3793,.T.);
#12608=EDGE_CURVE('',#7158,#7161,#3761,.T.);
#12610=EDGE_CURVE('',#7168,#7158,#3765,.T.);
#12612=EDGE_CURVE('',#7165,#7168,#3769,.T.);
#12614=EDGE_CURVE('',#7161,#7165,#3773,.T.);
#12618=ADVANCED_FACE('',(#12607,#12617),#12599,.T.);
#12625=EDGE_CURVE('',#6563,#7012,#3789,.T.);
#12627=EDGE_CURVE('',#6677,#6563,#3797,.T.);
#12632=ADVANCED_FACE('',(#12631),#12623,.F.);
#12640=EDGE_CURVE('',#6561,#6563,#3785,.T.);
#12645=ADVANCED_FACE('',(#12644),#12637,.F.);
#12652=EDGE_CURVE('',#6555,#6553,#3815,.T.);
#12659=ADVANCED_FACE('',(#12658),#12650,.T.);
#12666=EDGE_CURVE('',#6551,#6549,#3806,.T.);
#12672=ADVANCED_FACE('',(#12671),#12664,.T.);
#12684=ADVANCED_FACE('',(#12683),#12677,.T.);
#12690=EDGE_CURVE('',#7152,#7154,#3843,.T.);
#12692=EDGE_CURVE('',#7158,#7152,#3819,.T.);
#12695=EDGE_CURVE('',#7161,#7162,#3992,.T.);
#12697=EDGE_CURVE('',#7162,#7154,#3964,.T.);
#12701=ADVANCED_FACE('',(#12700),#12689,.F.);
#12707=EDGE_CURVE('',#6770,#6768,#3823,.T.);
#12709=EDGE_CURVE('',#6756,#6768,#3903,.T.);
#12711=EDGE_CURVE('',#6760,#6756,#3933,.T.);
#12713=EDGE_CURVE('',#6760,#6770,#3827,.T.);
#12717=EDGE_CURVE('',#7156,#7135,#3831,.T.);
#12719=EDGE_CURVE('',#7156,#7151,#3835,.T.);
#12721=EDGE_CURVE('',#7151,#7152,#3839,.T.);
#12724=EDGE_CURVE('',#7147,#7154,#3847,.T.);
#12726=EDGE_CURVE('',#7143,#7147,#3851,.T.);
#12728=EDGE_CURVE('',#7139,#7143,#3855,.T.);
#12730=EDGE_CURVE('',#7135,#7139,#3859,.T.);
#12734=ADVANCED_FACE('',(#12716,#12733),#12706,.T.);
#12740=EDGE_CURVE('',#6764,#6766,#3871,.T.);
#12742=EDGE_CURVE('',#6768,#6764,#3907,.T.);
#12745=EDGE_CURVE('',#6770,#6766,#3863,.T.);
#12749=ADVANCED_FACE('',(#12748),#12739,.T.);
#12755=EDGE_CURVE('',#6758,#6764,#3867,.T.);
#12758=EDGE_CURVE('',#6766,#6762,#3875,.T.);
#12760=EDGE_CURVE('',#6758,#6762,#3956,.T.);
#12764=EDGE_CURVE('',#7166,#7136,#3879,.T.);
#12766=EDGE_CURVE('',#7136,#7140,#3883,.T.);
#12768=EDGE_CURVE('',#7140,#7144,#3887,.T.);
#12770=EDGE_CURVE('',#7144,#7148,#3891,.T.);
#12772=EDGE_CURVE('',#7148,#7162,#3895,.T.);
#12774=EDGE_CURVE('',#7162,#7166,#3899,.T.);
#12778=ADVANCED_FACE('',(#12763,#12777),#12754,.F.);
#12787=EDGE_CURVE('',#6756,#6758,#3916,.T.);
#12791=ADVANCED_FACE('',(#12790),#12783,.F.);
#12797=EDGE_CURVE('',#6720,#6736,#3925,.T.);
#12799=EDGE_CURVE('',#6720,#6756,#3912,.T.);
#12802=EDGE_CURVE('',#6758,#6736,#3921,.T.);
#12806=ADVANCED_FACE('',(#12805),#12796,.F.);
#12818=ADVANCED_FACE('',(#12817),#12811,.F.);
#12825=EDGE_CURVE('',#6712,#6718,#3938,.T.);
#12827=EDGE_CURVE('',#6760,#6712,#3952,.T.);
#12833=ADVANCED_FACE('',(#12832),#12823,.T.);
#12844=ADVANCED_FACE('',(#12843),#12838,.F.);
#12850=EDGE_CURVE('',#6738,#6762,#3943,.T.);
#12852=EDGE_CURVE('',#6762,#6760,#3947,.T.);
#12859=ADVANCED_FACE('',(#12858),#12849,.T.);
#12871=ADVANCED_FACE('',(#12870),#12864,.F.);
#12883=ADVANCED_FACE('',(#12882),#12876,.T.);
#12891=EDGE_CURVE('',#7147,#7148,#3968,.T.);
#12896=ADVANCED_FACE('',(#12895),#12888,.T.);
#12902=EDGE_CURVE('',#7166,#7156,#3972,.T.);
#12905=EDGE_CURVE('',#7135,#7136,#3984,.T.);
#12910=ADVANCED_FACE('',(#12909),#12901,.T.);
#12916=EDGE_CURVE('',#7143,#7144,#3976,.T.);
#12923=ADVANCED_FACE('',(#12922),#12915,.T.);
#12929=EDGE_CURVE('',#7139,#7140,#3980,.T.);
#12936=ADVANCED_FACE('',(#12935),#12928,.T.);
#12948=ADVANCED_FACE('',(#12947),#12941,.T.);
#12956=EDGE_CURVE('',#7165,#7166,#3988,.T.);
#12959=EDGE_CURVE('',#7168,#7151,#3996,.T.);
#12963=ADVANCED_FACE('',(#12962),#12953,.F.);
#12975=ADVANCED_FACE('',(#12974),#12968,.F.);
#12987=ADVANCED_FACE('',(#12986),#12980,.F.);
#12999=ADVANCED_FACE('',(#12998),#12992,.F.);
#13007=EDGE_CURVE('',#7393,#7051,#4017,.T.);
#13009=EDGE_CURVE('',#7393,#7394,#4009,.T.);
#13014=ADVANCED_FACE('',(#13013),#13004,.F.);
#13020=EDGE_CURVE('',#7052,#7284,#4013,.T.);
#13027=ADVANCED_FACE('',(#13026),#13019,.F.);
#13039=ADVANCED_FACE('',(#13038),#13032,.F.);
#13051=ADVANCED_FACE('',(#13050),#13044,.T.);
#13057=EDGE_CURVE('',#7254,#7256,#4033,.T.);
#13059=EDGE_CURVE('',#7242,#7254,#4038,.T.);
#13061=EDGE_CURVE('',#7203,#7242,#4042,.T.);
#13063=EDGE_CURVE('',#7203,#7204,#4046,.T.);
#13066=EDGE_CURVE('',#7179,#7180,#4105,.T.);
#13071=ADVANCED_FACE('',(#13070),#13056,.T.);
#13077=EDGE_CURVE('',#7253,#7254,#4068,.T.);
#13085=ADVANCED_FACE('',(#13084),#13076,.F.);
#13091=EDGE_CURVE('',#7251,#7252,#4062,.T.);
#13093=EDGE_CURVE('',#7251,#7243,#4097,.T.);
#13095=EDGE_CURVE('',#7242,#7243,#4118,.T.);
#13102=ADVANCED_FACE('',(#13101),#13090,.T.);
#13108=EDGE_CURVE('',#7246,#7247,#4072,.T.);
#13111=EDGE_CURVE('',#7250,#7251,#4101,.T.);
#13117=ADVANCED_FACE('',(#13116),#13107,.F.);
#13129=ADVANCED_FACE('',(#13128),#13122,.T.);
#13136=EDGE_CURVE('',#7183,#7184,#4109,.T.);
#13139=EDGE_CURVE('',#7214,#7212,#4088,.T.);
#13141=EDGE_CURVE('',#7243,#7212,#4092,.T.);
#13147=ADVANCED_FACE('',(#13146),#13134,.F.);
#13159=ADVANCED_FACE('',(#13158),#13152,.F.);
#13165=EDGE_CURVE('',#7211,#7212,#4123,.T.);
#13169=EDGE_CURVE('',#7216,#7211,#4140,.T.);
#13173=ADVANCED_FACE('',(#13172),#13164,.T.);
#13182=EDGE_CURVE('',#7211,#7206,#4136,.T.);
#13184=EDGE_CURVE('',#7203,#7206,#4128,.T.);
#13189=ADVANCED_FACE('',(#13188),#13178,.F.);
#13195=EDGE_CURVE('',#7206,#7208,#4132,.T.);
#13202=ADVANCED_FACE('',(#13201),#13194,.T.);
#13214=ADVANCED_FACE('',(#13213),#13207,.T.);
#13221=EDGE_CURVE('',#6569,#6575,#4153,.T.);
#13223=EDGE_CURVE('',#6575,#6581,#4157,.T.);
#13226=EDGE_CURVE('',#6583,#6577,#4161,.T.);
#13230=ADVANCED_FACE('',(#13229),#13219,.T.);
#13237=EDGE_CURVE('',#7016,#6575,#4169,.T.);
#13243=ADVANCED_FACE('',(#13242),#13235,.T.);
#13255=ADVANCED_FACE('',(#13254),#13248,.F.);
#13267=ADVANCED_FACE('',(#13266),#13260,.T.);
#13275=EDGE_CURVE('',#7076,#7271,#4195,.T.);
#13280=ADVANCED_FACE('',(#13279),#13272,.T.);
#13292=ADVANCED_FACE('',(#13291),#13285,.T.);
#13299=EDGE_CURVE('',#7195,#7237,#4204,.T.);
#13301=EDGE_CURVE('',#7195,#7196,#4208,.T.);
#13304=EDGE_CURVE('',#7175,#7176,#4251,.T.);
#13307=EDGE_CURVE('',#7239,#7228,#4212,.T.);
#13311=ADVANCED_FACE('',(#13310),#13297,.F.);
#13318=EDGE_CURVE('',#7235,#7188,#4243,.T.);
#13320=EDGE_CURVE('',#7187,#7188,#4221,.T.);
#13322=EDGE_CURVE('',#7198,#7187,#4268,.T.);
#13324=EDGE_CURVE('',#7195,#7198,#4226,.T.);
#13329=ADVANCED_FACE('',(#13328),#13316,.T.);
#13338=EDGE_CURVE('',#7171,#7172,#4247,.T.);
#13341=EDGE_CURVE('',#7190,#7188,#4239,.T.);
#13346=ADVANCED_FACE('',(#13345),#13334,.T.);
#13358=ADVANCED_FACE('',(#13357),#13351,.T.);
#13367=EDGE_CURVE('',#7192,#7187,#4260,.T.);
#13371=ADVANCED_FACE('',(#13370),#13363,.T.);
#13379=EDGE_CURVE('',#7198,#7200,#4264,.T.);
#13384=ADVANCED_FACE('',(#13383),#13376,.F.);
#13396=ADVANCED_FACE('',(#13395),#13389,.T.);
#13405=EDGE_CURVE('',#7223,#7224,#4283,.T.);
#13410=ADVANCED_FACE('',(#13409),#13401,.F.);
#13422=ADVANCED_FACE('',(#13421),#13415,.T.);
#13428=EDGE_CURVE('',#6405,#6661,#4300,.T.);
#13430=EDGE_CURVE('',#6661,#6663,#4304,.T.);
#13432=EDGE_CURVE('',#6663,#6601,#4308,.T.);
#13435=EDGE_CURVE('',#6599,#6357,#4316,.T.);
#13441=ADVANCED_FACE('',(#13440),#13427,.F.);
#13448=EDGE_CURVE('',#6627,#6661,#4325,.T.);
#13454=ADVANCED_FACE('',(#13453),#13446,.T.);
#13460=EDGE_CURVE('',#6663,#6625,#4333,.T.);
#13467=ADVANCED_FACE('',(#13466),#13459,.F.);
#13477=EDGE_CURVE('',#6603,#6615,#4345,.T.);
#13482=ADVANCED_FACE('',(#13481),#13472,.F.);
#13494=ADVANCED_FACE('',(#13493),#13487,.F.);
#13506=ADVANCED_FACE('',(#13505),#13499,.F.);
#13513=EDGE_CURVE('',#7570,#7558,#4349,.T.);
#13515=EDGE_CURVE('',#7558,#7560,#4375,.T.);
#13520=ADVANCED_FACE('',(#13519),#13511,.F.);
#13527=EDGE_CURVE('',#7569,#7557,#4353,.T.);
#13529=EDGE_CURVE('',#7557,#7558,#4361,.T.);
#13534=ADVANCED_FACE('',(#13533),#13525,.F.);
#13542=EDGE_CURVE('',#7562,#7557,#4366,.T.);
#13547=ADVANCED_FACE('',(#13546),#13539,.F.);
#13559=ADVANCED_FACE('',(#13558),#13552,.F.);
#13571=ADVANCED_FACE('',(#13570),#13564,.F.);
#13583=ADVANCED_FACE('',(#13582),#13576,.T.);
#13592=EDGE_CURVE('',#7122,#7128,#4404,.T.);
#13596=ADVANCED_FACE('',(#13595),#13588,.T.);
#13606=EDGE_CURVE('',#7124,#7115,#4408,.T.);
#13610=ADVANCED_FACE('',(#13609),#13601,.T.);
#13622=ADVANCED_FACE('',(#13621),#13615,.T.);
#13631=EDGE_CURVE('',#7110,#7102,#4412,.T.);
#13635=ADVANCED_FACE('',(#13634),#13627,.F.);
#13644=EDGE_CURVE('',#7108,#7100,#4416,.T.);
#13648=ADVANCED_FACE('',(#13647),#13640,.F.);
#13660=ADVANCED_FACE('',(#13659),#13653,.F.);
#13671=ADVANCED_FACE('',(#13670),#13665,.T.);
#13680=EDGE_CURVE('',#6679,#6535,#4441,.T.);
#13684=ADVANCED_FACE('',(#13683),#13676,.F.);
#13691=EDGE_CURVE('',#6533,#6681,#4437,.T.);
#13697=ADVANCED_FACE('',(#13696),#13689,.T.);
#13704=EDGE_CURVE('',#6532,#6683,#4445,.T.);
#13710=ADVANCED_FACE('',(#13709),#13702,.T.);
#13722=ADVANCED_FACE('',(#13721),#13715,.T.);
#13734=ADVANCED_FACE('',(#13733),#13727,.T.);
#13741=EDGE_CURVE('',#6475,#6377,#4474,.T.);
#13748=ADVANCED_FACE('',(#13747),#13739,.T.);
#13755=EDGE_CURVE('',#6477,#6375,#4478,.T.);
#13761=ADVANCED_FACE('',(#13760),#13753,.F.);
#13768=EDGE_CURVE('',#6479,#6373,#4482,.T.);
#13774=ADVANCED_FACE('',(#13773),#13766,.T.);
#13786=ADVANCED_FACE('',(#13785),#13779,.F.);
#13795=EDGE_CURVE('',#6506,#6525,#4494,.T.);
#13799=ADVANCED_FACE('',(#13798),#13791,.T.);
#13806=EDGE_CURVE('',#6507,#6523,#4502,.T.);
#13812=ADVANCED_FACE('',(#13811),#13804,.T.);
#13819=EDGE_CURVE('',#6521,#6509,#4498,.T.);
#13825=ADVANCED_FACE('',(#13824),#13817,.T.);
#13837=ADVANCED_FACE('',(#13836),#13830,.F.);
#13848=ADVANCED_FACE('',(#13847),#13842,.F.);
#13856=EDGE_CURVE('',#6792,#6485,#4520,.T.);
#13860=ADVANCED_FACE('',(#13859),#13853,.F.);
#13868=EDGE_CURVE('',#6796,#6792,#4538,.T.);
#13870=EDGE_CURVE('',#6796,#6800,#4528,.T.);
#13872=EDGE_CURVE('',#6411,#6800,#4555,.T.);
#13874=EDGE_CURVE('',#6487,#6411,#4961,.T.);
#13878=ADVANCED_FACE('',(#13877),#13865,.T.);
#13885=EDGE_CURVE('',#6331,#6794,#4533,.T.);
#13887=EDGE_CURVE('',#6796,#6794,#4664,.T.);
#13893=ADVANCED_FACE('',(#13892),#13883,.T.);
#13899=EDGE_CURVE('',#6798,#6329,#4564,.T.);
#13901=EDGE_CURVE('',#6798,#6794,#4546,.T.);
#13907=ADVANCED_FACE('',(#13906),#13898,.F.);
#13914=EDGE_CURVE('',#6800,#6798,#4559,.T.);
#13918=EDGE_CURVE('',#6411,#6327,#4680,.T.);
#13922=ADVANCED_FACE('',(#13921),#13912,.F.);
#13928=EDGE_CURVE('',#6804,#6824,#4568,.T.);
#13930=EDGE_CURVE('',#6824,#6798,#4572,.T.);
#13933=EDGE_CURVE('',#6800,#6804,#4576,.T.);
#13937=ADVANCED_FACE('',(#13936),#13927,.F.);
#13944=EDGE_CURVE('',#6804,#6821,#4581,.T.);
#13946=EDGE_CURVE('',#6821,#6818,#4585,.T.);
#13948=EDGE_CURVE('',#6818,#6824,#4590,.T.);
#13952=ADVANCED_FACE('',(#13951),#13942,.F.);
#13958=EDGE_CURVE('',#6810,#6802,#4607,.T.);
#13960=EDGE_CURVE('',#6810,#6821,#4594,.T.);
#13963=EDGE_CURVE('',#6804,#6802,#4598,.T.);
#13967=ADVANCED_FACE('',(#13966),#13957,.T.);
#13973=EDGE_CURVE('',#6809,#6810,#4602,.T.);
#13976=EDGE_CURVE('',#6802,#6806,#4611,.T.);
#13978=EDGE_CURVE('',#6806,#6809,#4616,.T.);
#13982=ADVANCED_FACE('',(#13981),#13972,.T.);
#13988=EDGE_CURVE('',#6809,#6812,#4620,.T.);
#13990=EDGE_CURVE('',#6812,#6814,#4624,.T.);
#13992=EDGE_CURVE('',#6814,#6810,#4628,.T.);
#13997=ADVANCED_FACE('',(#13996),#13987,.T.);
#14003=EDGE_CURVE('',#6817,#6818,#4644,.T.);
#14005=EDGE_CURVE('',#6817,#6812,#4632,.T.);
#14008=EDGE_CURVE('',#6818,#6809,#4656,.T.);
#14012=ADVANCED_FACE('',(#14011),#14002,.F.);
#14018=EDGE_CURVE('',#6821,#6822,#4636,.T.);
#14020=EDGE_CURVE('',#6822,#6817,#4640,.T.);
#14026=ADVANCED_FACE('',(#14025),#14017,.F.);
#14033=EDGE_CURVE('',#6814,#6822,#4648,.T.);
#14039=ADVANCED_FACE('',(#14038),#14031,.T.);
#14051=ADVANCED_FACE('',(#14050),#14044,.F.);
#14057=EDGE_CURVE('',#6806,#6824,#4652,.T.);
#14064=ADVANCED_FACE('',(#14063),#14056,.F.);
#14071=EDGE_CURVE('',#6794,#6806,#4668,.T.);
#14077=ADVANCED_FACE('',(#14076),#14069,.F.);
#14084=EDGE_CURVE('',#6802,#6796,#4660,.T.);
#14090=ADVANCED_FACE('',(#14089),#14082,.T.);
#14102=ADVANCED_FACE('',(#14101),#14095,.T.);
#14108=EDGE_CURVE('',#6363,#6264,#4688,.T.);
#14110=EDGE_CURVE('',#6363,#6407,#4672,.T.);
#14113=EDGE_CURVE('',#6409,#6411,#4676,.T.);
#14119=ADVANCED_FACE('',(#14118),#14107,.T.);
#14127=EDGE_CURVE('',#6261,#6260,#4723,.T.);
#14129=EDGE_CURVE('',#6365,#6261,#4742,.T.);
#14131=EDGE_CURVE('',#6367,#6365,#4750,.T.);
#14134=EDGE_CURVE('',#6323,#6369,#4700,.T.);
#14136=EDGE_CURVE('',#6369,#6363,#4704,.T.);
#14140=ADVANCED_FACE('',(#14139),#14124,.T.);
#14147=EDGE_CURVE('',#6258,#6047,#4708,.T.);
#14149=EDGE_CURVE('',#6047,#6261,#4719,.T.);
#14154=ADVANCED_FACE('',(#14153),#14145,.T.);
#14166=ADVANCED_FACE('',(#14165),#14159,.T.);
#14174=EDGE_CURVE('',#6045,#6365,#4738,.T.);
#14179=ADVANCED_FACE('',(#14178),#14171,.T.);
#14191=ADVANCED_FACE('',(#14190),#14184,.T.);
#14199=EDGE_CURVE('',#6321,#6415,#4754,.T.);
#14201=EDGE_CURVE('',#6417,#6415,#4806,.T.);
#14204=EDGE_CURVE('',#6413,#6369,#4758,.T.);
#14208=ADVANCED_FACE('',(#14207),#14196,.F.);
#14215=EDGE_CURVE('',#6319,#6419,#4763,.T.);
#14217=EDGE_CURVE('',#6419,#6421,#4767,.T.);
#14219=EDGE_CURVE('',#6421,#6415,#4772,.T.);
#14224=ADVANCED_FACE('',(#14223),#14213,.F.);
#14230=EDGE_CURVE('',#6423,#6317,#4794,.T.);
#14232=EDGE_CURVE('',#6423,#6419,#4776,.T.);
#14238=ADVANCED_FACE('',(#14237),#14229,.F.);
#14244=EDGE_CURVE('',#6426,#6427,#4785,.T.);
#14246=EDGE_CURVE('',#6427,#6423,#4789,.T.);
#14250=EDGE_CURVE('',#6426,#6315,#4944,.T.);
#14254=ADVANCED_FACE('',(#14253),#14243,.T.);
#14261=EDGE_CURVE('',#6415,#6431,#4811,.T.);
#14264=EDGE_CURVE('',#6421,#6427,#4802,.T.);
#14267=EDGE_CURVE('',#6430,#6426,#4936,.T.);
#14271=ADVANCED_FACE('',(#14270),#14259,.T.);
#14282=ADVANCED_FACE('',(#14281),#14276,.T.);
#14288=EDGE_CURVE('',#6827,#6828,#4815,.T.);
#14290=EDGE_CURVE('',#6427,#6827,#4923,.T.);
#14293=EDGE_CURVE('',#6828,#6421,#4927,.T.);
#14297=ADVANCED_FACE('',(#14296),#14287,.F.);
#14304=EDGE_CURVE('',#6830,#6828,#4829,.T.);
#14306=EDGE_CURVE('',#6832,#6830,#4824,.T.);
#14308=EDGE_CURVE('',#6832,#6834,#4819,.T.);
#14310=EDGE_CURVE('',#6836,#6834,#4899,.T.);
#14312=EDGE_CURVE('',#6827,#6836,#4894,.T.);
#14316=ADVANCED_FACE('',(#14315),#14302,.T.);
#14322=EDGE_CURVE('',#6832,#6838,#4859,.T.);
#14326=EDGE_CURVE('',#6828,#6840,#4833,.T.);
#14328=EDGE_CURVE('',#6840,#6842,#4838,.T.);
#14330=EDGE_CURVE('',#6842,#6838,#4843,.T.);
#14334=ADVANCED_FACE('',(#14333),#14321,.F.);
#14340=EDGE_CURVE('',#6838,#6844,#4847,.T.);
#14342=EDGE_CURVE('',#6844,#6846,#4851,.T.);
#14344=EDGE_CURVE('',#6846,#6832,#4855,.T.);
#14349=ADVANCED_FACE('',(#14348),#14339,.F.);
#14355=EDGE_CURVE('',#6849,#6850,#4875,.T.);
#14357=EDGE_CURVE('',#6849,#6844,#4863,.T.);
#14360=EDGE_CURVE('',#6850,#6838,#4907,.T.);
#14364=ADVANCED_FACE('',(#14363),#14354,.T.);
#14370=EDGE_CURVE('',#6834,#6852,#4867,.T.);
#14372=EDGE_CURVE('',#6852,#6849,#4871,.T.);
#14375=EDGE_CURVE('',#6834,#6850,#4903,.T.);
#14379=ADVANCED_FACE('',(#14378),#14369,.T.);
#14386=EDGE_CURVE('',#6846,#6852,#4879,.T.);
#14392=ADVANCED_FACE('',(#14391),#14384,.F.);
#14404=ADVANCED_FACE('',(#14403),#14397,.F.);
#14410=EDGE_CURVE('',#6850,#6854,#4884,.T.);
#14412=EDGE_CURVE('',#6854,#6856,#4889,.T.);
#14414=EDGE_CURVE('',#6827,#6856,#4915,.T.);
#14421=ADVANCED_FACE('',(#14420),#14409,.T.);
#14432=EDGE_CURVE('',#6840,#6856,#4911,.T.);
#14436=ADVANCED_FACE('',(#14435),#14426,.F.);
#14443=EDGE_CURVE('',#6856,#6423,#4919,.T.);
#14446=EDGE_CURVE('',#6419,#6840,#4931,.T.);
#14450=ADVANCED_FACE('',(#14449),#14441,.T.);
#14462=ADVANCED_FACE('',(#14461),#14455,.T.);
#14474=ADVANCED_FACE('',(#14473),#14467,.F.);
#14480=EDGE_CURVE('',#6433,#6426,#4940,.T.);
#14486=ADVANCED_FACE('',(#14485),#14479,.F.);
#14493=EDGE_CURVE('',#6435,#6395,#4948,.T.);
#14501=ADVANCED_FACE('',(#14500),#14491,.F.);
#14508=EDGE_CURVE('',#6437,#6393,#4952,.T.);
#14514=ADVANCED_FACE('',(#14513),#14506,.F.);
#14521=EDGE_CURVE('',#6439,#6391,#4956,.T.);
#14527=ADVANCED_FACE('',(#14526),#14519,.F.);
#14539=ADVANCED_FACE('',(#14538),#14532,.F.);
#14551=ADVANCED_FACE('',(#14550),#14544,.T.);
#14562=ADVANCED_FACE('',(#14561),#14556,.T.);
#14574=ADVANCED_FACE('',(#14573),#14567,.T.);
#14586=ADVANCED_FACE('',(#14585),#14579,.T.);
#14593=EDGE_CURVE('',#6623,#6643,#4992,.T.);
#14599=ADVANCED_FACE('',(#14598),#14591,.T.);
#14611=ADVANCED_FACE('',(#14610),#14604,.T.);
#14617=EDGE_CURVE('',#7386,#7528,#4998,.T.);
#14622=EDGE_CURVE('',#6147,#7445,#5006,.T.);
#14624=EDGE_CURVE('',#7530,#7445,#5089,.T.);
#14627=EDGE_CURVE('',#7323,#7386,#5014,.T.);
#14631=ADVANCED_FACE('',(#14630),#14616,.T.);
#14639=EDGE_CURVE('',#7386,#7324,#5028,.T.);
#14642=EDGE_CURVE('',#7327,#6209,#5044,.T.);
#14644=EDGE_CURVE('',#6209,#6242,#5049,.T.);
#14646=EDGE_CURVE('',#6242,#6221,#5054,.T.);
#14648=EDGE_CURVE('',#6221,#7332,#5065,.T.);
#14652=ADVANCED_FACE('',(#14651),#14636,.F.);
#14663=ADVANCED_FACE('',(#14662),#14657,.F.);
#14671=EDGE_CURVE('',#7446,#6145,#5085,.T.);
#14673=EDGE_CURVE('',#7445,#7446,#5073,.T.);
#14677=ADVANCED_FACE('',(#14676),#14668,.F.);
#14685=EDGE_CURVE('',#7523,#7446,#5081,.T.);
#14691=ADVANCED_FACE('',(#14690),#14682,.F.);
#14703=ADVANCED_FACE('',(#14702),#14696,.F.);
#14710=EDGE_CURVE('',#6187,#7328,#5170,.T.);
#14712=EDGE_CURVE('',#6186,#6187,#5396,.T.);
#14714=EDGE_CURVE('',#6186,#6188,#5100,.T.);
#14716=EDGE_CURVE('',#6190,#6188,#5366,.T.);
#14718=EDGE_CURVE('',#6191,#6190,#5348,.T.);
#14720=EDGE_CURVE('',#6191,#6193,#5104,.T.);
#14722=EDGE_CURVE('',#6193,#6195,#5108,.T.);
#14724=EDGE_CURVE('',#6195,#6197,#5113,.T.);
#14726=EDGE_CURVE('',#6197,#6199,#5118,.T.);
#14728=EDGE_CURVE('',#6199,#6201,#5122,.T.);
#14730=EDGE_CURVE('',#6201,#6203,#5126,.T.);
#14732=EDGE_CURVE('',#6203,#6204,#5137,.T.);
#14734=EDGE_CURVE('',#6206,#6204,#5268,.T.);
#14736=EDGE_CURVE('',#6206,#6207,#5144,.T.);
#14738=EDGE_CURVE('',#6209,#6207,#5240,.T.);
#14743=ADVANCED_FACE('',(#14742),#14708,.T.);
#14750=EDGE_CURVE('',#6215,#7330,#5236,.T.);
#14752=EDGE_CURVE('',#6215,#6212,#5154,.T.);
#14754=EDGE_CURVE('',#6212,#6187,#5159,.T.);
#14759=ADVANCED_FACE('',(#14758),#14748,.F.);
#14767=EDGE_CURVE('',#6220,#6221,#5244,.T.);
#14769=EDGE_CURVE('',#6220,#6222,#5181,.T.);
#14771=EDGE_CURVE('',#6224,#6222,#5272,.T.);
#14773=EDGE_CURVE('',#6225,#6224,#5292,.T.);
#14775=EDGE_CURVE('',#6225,#6227,#5185,.T.);
#14777=EDGE_CURVE('',#6227,#6229,#5189,.T.);
#14779=EDGE_CURVE('',#6229,#6231,#5194,.T.);
#14781=EDGE_CURVE('',#6231,#6233,#5199,.T.);
#14783=EDGE_CURVE('',#6233,#6235,#5203,.T.);
#14785=EDGE_CURVE('',#6235,#6237,#5207,.T.);
#14787=EDGE_CURVE('',#6237,#6238,#5218,.T.);
#14789=EDGE_CURVE('',#6240,#6238,#5370,.T.);
#14791=EDGE_CURVE('',#6240,#6217,#5225,.T.);
#14793=EDGE_CURVE('',#6215,#6217,#5388,.T.);
#14798=ADVANCED_FACE('',(#14797),#14764,.F.);
#14805=EDGE_CURVE('',#6244,#6207,#5264,.T.);
#14807=EDGE_CURVE('',#6220,#6244,#5259,.T.);
#14814=ADVANCED_FACE('',(#14813),#14803,.T.);
#14821=EDGE_CURVE('',#6206,#6246,#5249,.T.);
#14823=EDGE_CURVE('',#6246,#6222,#5254,.T.);
#14830=ADVANCED_FACE('',(#14829),#14819,.T.);
#14837=EDGE_CURVE('',#6248,#6204,#5281,.T.);
#14839=EDGE_CURVE('',#6224,#6248,#5297,.T.);
#14846=ADVANCED_FACE('',(#14845),#14835,.T.);
#14852=EDGE_CURVE('',#6250,#6248,#5276,.T.);
#14856=EDGE_CURVE('',#6250,#6203,#5311,.T.);
#14860=ADVANCED_FACE('',(#14859),#14851,.T.);
#14866=EDGE_CURVE('',#6225,#6250,#5306,.T.);
#14873=ADVANCED_FACE('',(#14872),#14865,.T.);
#14879=EDGE_CURVE('',#6201,#6227,#5301,.T.);
#14887=ADVANCED_FACE('',(#14886),#14878,.F.);
#14893=EDGE_CURVE('',#6229,#6199,#5315,.T.);
#14900=ADVANCED_FACE('',(#14899),#14892,.T.);
#14909=EDGE_CURVE('',#6197,#6231,#5319,.T.);
#14913=ADVANCED_FACE('',(#14912),#14905,.F.);
#14922=EDGE_CURVE('',#6195,#6233,#5323,.T.);
#14926=ADVANCED_FACE('',(#14925),#14918,.F.);
#14932=EDGE_CURVE('',#6193,#6235,#5327,.T.);
#14939=ADVANCED_FACE('',(#14938),#14931,.F.);
#14945=EDGE_CURVE('',#6191,#6252,#5332,.T.);
#14947=EDGE_CURVE('',#6252,#6237,#5337,.T.);
#14954=ADVANCED_FACE('',(#14953),#14944,.F.);
#14961=EDGE_CURVE('',#6190,#6254,#5353,.T.);
#14963=EDGE_CURVE('',#6254,#6238,#5358,.T.);
#14970=ADVANCED_FACE('',(#14969),#14959,.T.);
#14976=EDGE_CURVE('',#6256,#6254,#5362,.T.);
#14980=EDGE_CURVE('',#6256,#6188,#5401,.T.);
#14984=ADVANCED_FACE('',(#14983),#14975,.T.);
#14990=EDGE_CURVE('',#6240,#6256,#5380,.T.);
#14997=ADVANCED_FACE('',(#14996),#14989,.T.);
#15003=EDGE_CURVE('',#6213,#6217,#5375,.T.);
#15007=EDGE_CURVE('',#6256,#6213,#5384,.T.);
#15011=ADVANCED_FACE('',(#15010),#15002,.T.);
#15020=EDGE_CURVE('',#6212,#6213,#5392,.T.);
#15024=ADVANCED_FACE('',(#15023),#15016,.T.);
#15031=EDGE_CURVE('',#6186,#6213,#5406,.T.);
#15037=ADVANCED_FACE('',(#15036),#15029,.T.);
#15049=ADVANCED_FACE('',(#15048),#15042,.T.);
#15055=EDGE_CURVE('',#6143,#7441,#5410,.T.);
#15057=EDGE_CURVE('',#7515,#7441,#5422,.T.);
#15064=ADVANCED_FACE('',(#15063),#15054,.T.);
#15070=EDGE_CURVE('',#7441,#7442,#5418,.T.);
#15074=EDGE_CURVE('',#7442,#6141,#5434,.T.);
#15078=ADVANCED_FACE('',(#15077),#15069,.F.);
#15085=EDGE_CURVE('',#7516,#7442,#5430,.T.);
#15091=ADVANCED_FACE('',(#15090),#15083,.F.);
#15104=ADVANCED_FACE('',(#15103),#15096,.F.);
#15110=EDGE_CURVE('',#6139,#7437,#5438,.T.);
#15112=EDGE_CURVE('',#7507,#7437,#5450,.T.);
#15119=ADVANCED_FACE('',(#15118),#15109,.T.);
#15125=EDGE_CURVE('',#7437,#7438,#5446,.T.);
#15129=EDGE_CURVE('',#7438,#6137,#5462,.T.);
#15133=ADVANCED_FACE('',(#15132),#15124,.F.);
#15140=EDGE_CURVE('',#7508,#7438,#5458,.T.);
#15146=ADVANCED_FACE('',(#15145),#15138,.F.);
#15159=ADVANCED_FACE('',(#15158),#15151,.F.);
#15165=EDGE_CURVE('',#6135,#7433,#5466,.T.);
#15167=EDGE_CURVE('',#7499,#7433,#5478,.T.);
#15174=ADVANCED_FACE('',(#15173),#15164,.T.);
#15180=EDGE_CURVE('',#7433,#7434,#5474,.T.);
#15184=EDGE_CURVE('',#7434,#6133,#5490,.T.);
#15188=ADVANCED_FACE('',(#15187),#15179,.F.);
#15195=EDGE_CURVE('',#7500,#7434,#5486,.T.);
#15201=ADVANCED_FACE('',(#15200),#15193,.F.);
#15214=ADVANCED_FACE('',(#15213),#15206,.F.);
#15220=EDGE_CURVE('',#6131,#7429,#5494,.T.);
#15222=EDGE_CURVE('',#7491,#7429,#5506,.T.);
#15229=ADVANCED_FACE('',(#15228),#15219,.T.);
#15235=EDGE_CURVE('',#7429,#7430,#5502,.T.);
#15239=EDGE_CURVE('',#7430,#6129,#5518,.T.);
#15243=ADVANCED_FACE('',(#15242),#15234,.F.);
#15250=EDGE_CURVE('',#7492,#7430,#5514,.T.);
#15256=ADVANCED_FACE('',(#15255),#15248,.F.);
#15269=ADVANCED_FACE('',(#15268),#15261,.F.);
#15275=EDGE_CURVE('',#6127,#7425,#5522,.T.);
#15277=EDGE_CURVE('',#7483,#7425,#5534,.T.);
#15284=ADVANCED_FACE('',(#15283),#15274,.T.);
#15290=EDGE_CURVE('',#7425,#7426,#5530,.T.);
#15294=EDGE_CURVE('',#7426,#6001,#5546,.T.);
#15298=ADVANCED_FACE('',(#15297),#15289,.F.);
#15305=EDGE_CURVE('',#7484,#7426,#5542,.T.);
#15311=ADVANCED_FACE('',(#15310),#15303,.F.);
#15324=ADVANCED_FACE('',(#15323),#15316,.F.);
#15330=EDGE_CURVE('',#6125,#7421,#5550,.T.);
#15332=EDGE_CURVE('',#7475,#7421,#5562,.T.);
#15339=ADVANCED_FACE('',(#15338),#15329,.T.);
#15345=EDGE_CURVE('',#7421,#7422,#5558,.T.);
#15349=EDGE_CURVE('',#7422,#6123,#5574,.T.);
#15353=ADVANCED_FACE('',(#15352),#15344,.F.);
#15360=EDGE_CURVE('',#7476,#7422,#5570,.T.);
#15366=ADVANCED_FACE('',(#15365),#15358,.F.);
#15379=ADVANCED_FACE('',(#15378),#15371,.F.);
#15385=EDGE_CURVE('',#6121,#7417,#5578,.T.);
#15387=EDGE_CURVE('',#7467,#7417,#5590,.T.);
#15394=ADVANCED_FACE('',(#15393),#15384,.T.);
#15400=EDGE_CURVE('',#7417,#7418,#5586,.T.);
#15404=EDGE_CURVE('',#7418,#6119,#5602,.T.);
#15408=ADVANCED_FACE('',(#15407),#15399,.F.);
#15415=EDGE_CURVE('',#7468,#7418,#5598,.T.);
#15421=ADVANCED_FACE('',(#15420),#15413,.F.);
#15434=ADVANCED_FACE('',(#15433),#15426,.F.);
#15441=EDGE_CURVE('',#5945,#7290,#5683,.T.);
#15443=EDGE_CURVE('',#5945,#6179,#5612,.T.);
#15445=EDGE_CURVE('',#6179,#5972,#5617,.T.);
#15447=EDGE_CURVE('',#7292,#5972,#5777,.T.);
#15454=ADVANCED_FACE('',(#15453),#15439,.F.);
#15462=EDGE_CURVE('',#5924,#5922,#5687,.T.);
#15464=EDGE_CURVE('',#5926,#5924,#5699,.T.);
#15466=EDGE_CURVE('',#5928,#5926,#5708,.T.);
#15468=EDGE_CURVE('',#5934,#5928,#5719,.T.);
#15470=EDGE_CURVE('',#5936,#5934,#5744,.T.);
#15472=EDGE_CURVE('',#5936,#5947,#5636,.T.);
#15474=EDGE_CURVE('',#5947,#5949,#5641,.T.);
#15476=EDGE_CURVE('',#5949,#5951,#5646,.T.);
#15478=EDGE_CURVE('',#5951,#5953,#5650,.T.);
#15480=EDGE_CURVE('',#5953,#5939,#5654,.T.);
#15482=EDGE_CURVE('',#5939,#5940,#5665,.T.);
#15484=EDGE_CURVE('',#5942,#5940,#5837,.T.);
#15486=EDGE_CURVE('',#5942,#5943,#5672,.T.);
#15488=EDGE_CURVE('',#5945,#5943,#5809,.T.);
#15493=ADVANCED_FACE('',(#15492),#15459,.T.);
#15500=EDGE_CURVE('',#5924,#5915,#5704,.T.);
#15506=ADVANCED_FACE('',(#15505),#15498,.T.);
#15513=EDGE_CURVE('',#5908,#5926,#5692,.T.);
#15519=ADVANCED_FACE('',(#15518),#15511,.T.);
#15526=EDGE_CURVE('',#5928,#5912,#5724,.T.);
#15532=ADVANCED_FACE('',(#15531),#15524,.T.);
#15538=EDGE_CURVE('',#5931,#5932,#5754,.T.);
#15540=EDGE_CURVE('',#5934,#5931,#5749,.T.);
#15545=EDGE_CURVE('',#5910,#5932,#5740,.T.);
#15549=ADVANCED_FACE('',(#15548),#15537,.T.);
#15558=EDGE_CURVE('',#5932,#5938,#5758,.T.);
#15560=EDGE_CURVE('',#5938,#5936,#5762,.T.);
#15564=ADVANCED_FACE('',(#15563),#15554,.F.);
#15572=EDGE_CURVE('',#5971,#5972,#5813,.T.);
#15574=EDGE_CURVE('',#5971,#5973,#5784,.T.);
#15576=EDGE_CURVE('',#5960,#5973,#5841,.T.);
#15578=EDGE_CURVE('',#5959,#5960,#5861,.T.);
#15580=EDGE_CURVE('',#5962,#5959,#5874,.T.);
#15582=EDGE_CURVE('',#5964,#5962,#5888,.T.);
#15584=EDGE_CURVE('',#5964,#5966,#5789,.T.);
#15586=EDGE_CURVE('',#5966,#5968,#5794,.T.);
#15588=EDGE_CURVE('',#5938,#5968,#5904,.T.);
#15598=ADVANCED_FACE('',(#15597),#15569,.F.);
#15605=EDGE_CURVE('',#6181,#5943,#5823,.T.);
#15607=EDGE_CURVE('',#5971,#6181,#5818,.T.);
#15614=ADVANCED_FACE('',(#15613),#15603,.T.);
#15623=EDGE_CURVE('',#5942,#6183,#5828,.T.);
#15625=EDGE_CURVE('',#6183,#5973,#5833,.T.);
#15630=ADVANCED_FACE('',(#15629),#15619,.T.);
#15639=EDGE_CURVE('',#5957,#5940,#5850,.T.);
#15641=EDGE_CURVE('',#5960,#5957,#5866,.T.);
#15646=ADVANCED_FACE('',(#15645),#15635,.T.);
#15652=EDGE_CURVE('',#5956,#5957,#5845,.T.);
#15656=EDGE_CURVE('',#5956,#5939,#5884,.T.);
#15660=ADVANCED_FACE('',(#15659),#15651,.T.);
#15666=EDGE_CURVE('',#5959,#5956,#5879,.T.);
#15673=ADVANCED_FACE('',(#15672),#15665,.T.);
#15680=EDGE_CURVE('',#5953,#5962,#5870,.T.);
#15687=ADVANCED_FACE('',(#15686),#15678,.F.);
#15694=EDGE_CURVE('',#5964,#5951,#5896,.T.);
#15700=ADVANCED_FACE('',(#15699),#15692,.T.);
#15707=EDGE_CURVE('',#5949,#5966,#5892,.T.);
#15713=ADVANCED_FACE('',(#15712),#15705,.F.);
#15720=EDGE_CURVE('',#5947,#5968,#5900,.T.);
#15726=ADVANCED_FACE('',(#15725),#15718,.F.);
#15738=ADVANCED_FACE('',(#15737),#15731,.F.);
#15741=(LENGTH_UNIT()NAMED_UNIT(*)SI_UNIT(.MILLI.,.METRE.));
#15743=(NAMED_UNIT(*)PLANE_ANGLE_UNIT()SI_UNIT($,.RADIAN.));
#15746=(NAMED_UNIT(*)SI_UNIT($,.STERADIAN.)SOLID_ANGLE_UNIT());
#15748=(GEOMETRIC_REPRESENTATION_CONTEXT(3)GLOBAL_UNCERTAINTY_ASSIGNED_CONTEXT((
#15747))GLOBAL_UNIT_ASSIGNED_CONTEXT((#15741,#15745,#15746))REPRESENTATION_CONTEXT('ID1','3'));
#15749=ADVANCED_BREP_SHAPE_REPRESENTATION('',(#15740),#15748);
#15756=PRODUCT_DEFINITION('design','',#15755,#15752);
#15757=PRODUCT_DEFINITION_SHAPE('','SHAPE FOR PRT0008.',#15756);
#15758=SHAPE_DEFINITION_REPRESENTATION(#15757,#15749);
ENDSEC;
END-ISO-10303-21;
